{
    "batch_size": 128,
    "learning_rate": 0.0005,
    "number_of_epochs": 280,
    "number_of_hidden_layers": 2,
    "number_of_neurons_in_layers": [
        144,
        192,
        112,
        176,
        256,
        176
    ],
    "dropout_layers": [
        0.5,
        0.05,
        0.13238583789330144,
        0.4499666036757085,
        0.3243735728519425,
        0.11965972901022609
    ],
    "prune_amount": 0.29,
    "prune_epoch_interval": 5,
    "weight_decay": 0.0089,
    "weight_perturbation_amount": 0.0001,
    "weight_perturbation_interval": 30
}