{
    "batch_size": 32,
    "learning_rate": 0.0005,
    "number_of_epochs": 300,
    "number_of_hidden_layers": 5,
    "number_of_neurons_in_layers": [
        16,
        208,
        64,
        192,
        96,
        192
    ],
    "dropout_layers": [
        0.05,
        0.22257044781519875,
        0.26531272737646366,
        0.2245958578169344,
        0.4448431359030432,
        0.265152057828318
    ],
    "prune_amount": 0.06,
    "prune_epoch_interval": 7,
    "weight_decay": 1e-05,
    "weight_perturbation_amount": 0.0001,
    "weight_perturbation_interval": 18
}