{
    "batch_size": 16,
    "learning_rate": 0.0005,
    "number_of_epochs": 200,
    "number_of_hidden_layers": 2,
    "number_of_neurons_in_layers": [
        48,
        16,
        256,
        64,
        192,
        64
    ],
    "dropout_layers": [
        0.25372728479643897,
        0.21378909149601616,
        0.22350524090696597,
        0.23677931877052283,
        0.12709271227387675,
        0.05
    ],
    "prune_amount": 0.05,
    "prune_epoch_interval": 12,
    "weight_decay": 0.0016,
    "weight_perturbation_amount": 0.0001,
    "weight_perturbation_interval": 8
}