{
    "batch_size": 256,
    "learning_rate": 0.0029,
    "number_of_epochs": 220,
    "number_of_hidden_layers": 3,
    "number_of_neurons_in_layers": [
        128,
        160,
        16,
        80,
        64,
        256
    ],
    "dropout_layers": [
        0.05,
        0.05,
        0.06247002768817085,
        0.06719294140734174,
        0.42374402498271496,
        0.44473587320486085
    ],
    "prune_amount": 0.05,
    "prune_epoch_interval": 6,
    "weight_decay": 1e-05,
    "weight_perturbation_amount": 0.0001,
    "weight_perturbation_interval": 12
}