{
    "batch_size": 128,
    "learning_rate": 0.0005,
    "number_of_epochs": 100,
    "number_of_hidden_layers": 5,
    "number_of_neurons_in_layers": [
        208,
        80,
        256,
        128,
        48,
        80
    ],
    "dropout_layers": [
        0.05,
        0.4424188878327348,
        0.1639924939316571,
        0.12571596955615083,
        0.08220670084343479,
        0.11527529686299391
    ],
    "prune_amount": 0.07,
    "prune_epoch_interval": 5,
    "weight_decay": 1e-05,
    "weight_perturbation_amount": 0.0001,
    "weight_perturbation_interval": 12
}