{
    "batch_size": 256,
    "learning_rate": 0.0005,
    "number_of_epochs": 200,
    "number_of_hidden_layers": 3,
    "number_of_neurons_in_layers": [
        16,
        96,
        144,
        208,
        176,
        80
    ],
    "dropout_layers": [
        0.15036989890031105,
        0.05,
        0.07391798549745277,
        0.3885674781178497,
        0.24270631375370125,
        0.4152356783514094
    ],
    "prune_amount": 0.05,
    "prune_epoch_interval": 13,
    "weight_decay": 1e-05,
    "weight_perturbation_amount": 0.0001,
    "weight_perturbation_interval": 5
}