{
    "batch_size": 128,
    "learning_rate": 0.0097,
    "number_of_epochs": 240,
    "number_of_hidden_layers": 2,
    "number_of_neurons_in_layers": [
        160,
        144,
        192,
        224,
        112,
        64
    ],
    "dropout_layers": [
        0.05,
        0.09850686734608186,
        0.37502574435020325,
        0.21929541122544238,
        0.2195080740856339,
        0.05331533686192552
    ],
    "prune_amount": 0.06,
    "prune_epoch_interval": 10,
    "weight_decay": 1e-05,
    "weight_perturbation_amount": 0.0001,
    "weight_perturbation_interval": 22
}