{
    "batch_size": 32,
    "learning_rate": 0.0005,
    "number_of_epochs": 100,
    "number_of_hidden_layers": 5,
    "number_of_neurons_in_layers": [
        80,
        256,
        32,
        160,
        224,
        112
    ],
    "dropout_layers": [
        0.5,
        0.1700357964414343,
        0.37936069811635204,
        0.05,
        0.3586660988610821,
        0.2340565151004724
    ],
    "prune_amount": 0.07,
    "prune_epoch_interval": 9,
    "weight_decay": 1e-05,
    "weight_perturbation_amount": 0.0001,
    "weight_perturbation_interval": 19
}