technique,average_rank,best_count,best_count_percent,worst_count,worst_count_percent,can_not_be_used_count,can_not_be_used_percent
baseline_testing_loss,2.4980392156862745,113,22.15686274509804,53,10.392156862745098,0,0.0
batch_normalisation_testing_loss,2.727450980392157,124,24.313725490196077,95,18.627450980392158,0,0.0
dropout_testing_loss,2.7333333333333334,91,17.84313725490196,44,8.627450980392156,0,0.0
layer_normalisation_testing_loss,2.6431372549019607,156,30.58823529411765,57,11.176470588235295,0,0.0
prune_testing_loss,2.131372549019608,178,34.90196078431372,15,2.941176470588235,0,0.0
weight_normalisation_testing_loss,2.2,174,34.11764705882353,17,3.3333333333333335,0,0.0
SMOTE_testing_loss,1.3901960784313725,3,1.3888888888888888,191,88.42592592592592,294,57.647058823529406
weight_decay_testing_loss,2.207843137254902,170,33.33333333333333,30,5.88235294117647,0,0.0
weight_perturbation_testing_loss,2.4235294117647057,117,22.941176470588236,8,1.5686274509803921,0,0.0
