cgpa,backlogs,study_hours_per_day,attendance_percentage,projects_completed,internships_completed,communication_skill_rating,sleep_hours,stress_level,part_time_job,city_tier,extracurricular_involvement,target
0.45650921051946936,-0.5595970097177485,-0.1280526076225638,-0.11624012323787426,0.7234686179803247,0.7627087085758464,-0.7341050407640285,-0.40551370993824737,0.6899626985074089,1,1,2,2
-0.4771044336766307,-0.5595970097177485,1.1351417088280373,-0.32208751101687594,-0.2555365184633201,-0.9790057465710549,0.6885128790863014,0.11745101640768663,0.6899626985074089,1,2,1,2
-1.3213295374709757,-0.5595970097177485,-1.2901913787571169,-1.2226698325500116,1.212971186202147,-0.10814851899760423,-1.4454140006891936,-0.7541568608355372,-1.4147045758092343,0,1,0,2
-0.8147944751943688,1.0658796861460242,0.3266973462996528,-0.9524951360900715,0.2339660497585023,-0.10814851899760423,-1.4454140006891936,0.29177259185633153,0.3391848194546351,0,0,1,2
-1.41071807787273,2.691356382009797,0.579336209589773,0.5013020400991345,-1.2345416549069648,0.7627087085758464,1.3998218390114665,-0.8413176485598592,0.3391848194546351,0,0,2,2
-0.8147944751943688,4.31683307787357,-0.22910815293861175,1.2474988207980178,-0.2555365184633201,0.7627087085758464,1.3998218390114665,1.599184407721168,1.3915184566129566,1,0,2,2
-0.020229671623220265,-0.5595970097177485,-1.1386080607830447,-1.5957682228994532,-0.7450390866851424,-0.9790057465710549,-1.4454140006891936,-1.1028000117328263,0.6899626985074089,0,0,0,2
-1.26173717720314,-0.5595970097177485,-0.8354414248349004,-0.9396296743538828,0.7234686179803247,-0.9790057465710549,-1.4454140006891936,-2.410211827597662,1.3915184566129566,0,1,1,2
-0.30825941291776165,1.0658796861460242,1.79200275338235,0.4498401931543831,0.7234686179803247,-0.10814851899760423,1.3998218390114665,-1.3642823749057933,1.3915184566129566,0,1,2,2
0.506169510742665,-0.5595970097177485,0.9330306181959415,0.6685530426695735,0.7234686179803247,1.6335659361492971,-1.4454140006891936,0.46609416730497644,1.3915184566129566,1,0,1,2
-1.5001066182744849,-0.5595970097177485,0.579336209589773,0.6042257339886353,-0.7450390866851424,-1.8498629741445056,-1.4454140006891936,-0.05687055904095752,-1.0639266967564602,0,0,1,2
1.3305304944477319,-0.5595970097177485,2.145697161988519,0.39837834620963175,1.212971186202147,0.7627087085758464,0.6885128790863014,0.8147373182022662,0.6899626985074089,0,0,0,2
-0.10961821202497435,-0.5595970097177485,-0.8354414248349004,-0.16770197018262376,0.7234686179803247,-0.9790057465710549,-1.4454140006891936,0.5532549550292986,-0.7131488177036864,0,2,0,2
0.6551504114122558,-0.5595970097177485,-0.026997062306515603,-0.15483650844643684,-1.7240442231287871,0.7627087085758464,-0.022796080838863534,-0.6669960731112143,-1.4147045758092343,1,1,2,2
-0.14934645220353093,-0.5595970097177485,0.023530710351508263,-0.0905091997654986,1.212971186202147,-0.9790057465710549,-0.022796080838863534,-0.49267449766256943,0.6899626985074089,1,2,1,2
0.2876641897606003,1.0658796861460242,1.2361972541440855,0.282589190583944,0.7234686179803247,0.7627087085758464,0.6885128790863014,-0.40551370993824737,-1.0639266967564602,0,2,0,2
0.7743351319479291,-0.5595970097177485,-0.026997062306515603,0.5270329635715083,1.212971186202147,-0.10814851899760423,-1.4454140006891936,1.7735059831698121,-0.011593059598138786,0,0,2,2
1.1517534136442238,-0.5595970097177485,0.781447300221869,1.1703060503808909,0.7234686179803247,0.7627087085758464,-1.4454140006891936,0.9018981059265884,1.3915184566129566,0,1,1,2
-1.0531639162657136,1.0658796861460242,-0.481747016228732,-1.184073447341449,-1.2345416549069648,-0.9790057465710549,-1.4454140006891936,-0.05687055904095752,-1.4147045758092343,1,0,0,1
-0.5267647338998273,2.691356382009797,1.1856694814860618,2.4697176857358447,-1.2345416549069648,-0.10814851899760423,-0.022796080838863534,-1.0156392240085041,1.3915184566129566,0,2,1,1
-0.675745634569418,-0.5595970097177485,0.3772251189576767,-0.00045096761218466834,1.212971186202147,-0.10814851899760423,-0.022796080838863534,0.20461180413200947,0.3391848194546351,0,0,1,2
-0.7154738747479755,-0.5595970097177485,-0.8354414248349004,-0.2191638171273751,0.7234686179803247,0.7627087085758464,-0.7341050407640285,-0.05687055904095752,1.3915184566129566,0,2,2,2
0.3075283098498786,-0.5595970097177485,0.579336209589773,0.5527638870438839,-0.2555365184633201,0.7627087085758464,0.6885128790863014,-0.05687055904095752,0.6899626985074089,0,0,2,2
-0.7055418147033354,2.691356382009797,-0.1280526076225638,0.025279955860190998,0.2339660497585023,-0.9790057465710549,1.3998218390114665,-0.23119213448960244,-1.0639266967564602,0,2,1,1
-0.9041830155961228,-0.5595970097177485,0.4782806642737249,0.9515932008657022,-0.7450390866851424,-1.8498629741445056,0.6885128790863014,-2.148729464424695,1.3915184566129566,0,1,1,2
-0.3678517731855974,-0.5595970097177485,-1.2396636060990927,-0.232029278863562,-1.7240442231287871,-0.9790057465710549,0.6885128790863014,1.3377020445482002,-1.4147045758092343,0,1,2,2
0.6948786515908142,-0.5595970097177485,-0.27963592559663586,-1.2098043708138237,0.7234686179803247,0.7627087085758464,-0.022796080838863534,-0.05687055904095752,1.3915184566129566,1,1,1,2
0.45650921051946936,-0.5595970097177485,1.3877805721181578,1.0030550478104516,-1.7240442231287871,-0.9790057465710549,0.6885128790863014,0.5532549550292986,1.0407405775601828,0,1,2,2
-0.07982203189105691,-0.5595970097177485,-0.27963592559663586,-0.15483650844643684,-1.2345416549069648,-0.9790057465710549,0.6885128790863014,0.6404157427536213,-0.011593059598138786,0,0,0,2
-0.506900613810549,-0.5595970097177485,-0.5828025615447802,-1.0296879065071967,1.212971186202147,-0.10814851899760423,-0.7341050407640285,0.9890588936509105,-1.4147045758092343,0,2,2,2
-2.453584382559863,-0.5595970097177485,-0.7343858795188523,-0.013316429348371588,-1.2345416549069648,-1.8498629741445056,-0.022796080838863534,1.0762196813752325,-0.36237093865091263,0,1,0,2
-0.7849982950604504,-0.5595970097177485,-0.7343858795188523,0.4498401931543831,-1.2345416549069648,-0.10814851899760423,-0.022796080838863534,-0.14403134676528037,-0.011593059598138786,0,2,1,2
0.06915886877853382,-0.5595970097177485,-0.8859691974929245,-0.7466477483110681,-0.2555365184633201,0.7627087085758464,-0.7341050407640285,-0.40551370993824737,-0.36237093865091263,0,1,0,2
0.7743351319479291,-0.5595970097177485,0.3266973462996528,0.6942839661419492,0.7234686179803247,0.7627087085758464,-0.022796080838863534,-0.23119213448960244,-1.765482454862008,0,1,1,2
-0.5962891542123031,1.0658796861460242,0.5288084369317487,-0.0905091997654986,1.212971186202147,-0.10814851899760423,-0.022796080838863534,-1.189960799457149,-0.011593059598138786,0,0,2,2
1.0325686931085523,-0.5595970097177485,0.8319750728798933,0.4498401931543831,-0.2555365184633201,0.7627087085758464,-1.4454140006891936,-0.05687055904095752,-1.4147045758092343,1,1,1,2
0.3969168502516327,-0.5595970097177485,-0.8354414248349004,-0.06477827629312292,0.7234686179803247,0.7627087085758464,0.6885128790863014,-0.40551370993824737,1.3915184566129566,1,2,1,2
1.3901228547155684,-0.5595970097177485,0.4782806642737249,0.1925309584306301,-0.2555365184633201,0.7627087085758464,1.3998218390114665,-1.189960799457149,-0.7131488177036864,1,1,2,2
-0.6161532743015814,-0.5595970097177485,-1.9975801959694535,-1.248400756022387,-0.7450390866851424,-0.9790057465710549,-0.022796080838863534,1.7735059831698121,0.6899626985074089,0,1,2,2
-1.5001066182744849,1.0658796861460242,-0.0775248349645397,-0.07764373802930984,1.212971186202147,-0.10814851899760423,1.3998218390114665,1.0762196813752325,1.0407405775601828,0,1,2,2
0.416780970340911,-0.5595970097177485,-1.0375525154669965,-0.11624012323787426,0.7234686179803247,-0.10814851899760423,-1.4454140006891936,-0.7541568608355372,1.0407405775601828,0,1,0,2
-0.2585991126945651,-0.5595970097177485,-1.542830242047237,-1.5057099907461402,-1.2345416549069648,-0.10814851899760423,-1.4454140006891936,-0.05687055904095752,0.6899626985074089,0,2,1,2
-0.844590655328287,-0.5595970097177485,-0.3301636982546599,0.025279955860190998,0.2339660497585023,-0.9790057465710549,0.6885128790863014,1.599184407721168,-0.011593059598138786,0,2,0,2
-0.07982203189105691,-0.5595970097177485,-0.6838581068608282,-1.2998626029671376,0.2339660497585023,0.7627087085758464,-0.7341050407640285,-1.189960799457149,0.6899626985074089,0,0,2,2
-1.7086798792119113,1.0658796861460242,-0.7849136521768764,-0.48933851358731506,0.2339660497585023,-0.9790057465710549,0.6885128790863014,0.8147373182022662,1.0407405775601828,0,2,0,1
0.009566508510697175,-0.5595970097177485,1.79200275338235,-0.013316429348371588,1.212971186202147,-0.10814851899760423,-0.7341050407640285,1.7735059831698121,-0.7131488177036864,1,2,2,2
-1.42065013791737,-0.5595970097177485,-1.2901913787571169,-0.6823204396301298,1.212971186202147,-0.9790057465710549,-0.7341050407640285,-0.40551370993824737,-0.011593059598138786,0,0,0,2
-1.3809218977388125,-0.5595970097177485,0.6803917549058213,0.5141675018353213,0.7234686179803247,1.6335659361492971,-0.022796080838863534,1.7735059831698121,0.3391848194546351,0,0,2,2
0.1883435893142071,-0.5595970097177485,0.9835583908539653,0.539898425307697,-1.2345416549069648,-0.10814851899760423,0.6885128790863014,-0.05687055904095752,1.0407405775601828,1,1,0,2
-0.16921057229281097,-0.5595970097177485,-1.1386080607830447,-0.8238405187281951,0.7234686179803247,1.6335659361492971,1.3998218390114665,-0.7541568608355372,-0.011593059598138786,1,0,2,2
-0.17914263233745012,-0.5595970097177485,0.5288084369317487,-0.45074212837875244,0.2339660497585023,-0.10814851899760423,0.6885128790863014,-0.14403134676528037,-0.011593059598138786,0,0,2,2
-0.6360173943908606,-0.5595970097177485,0.3772251189576767,1.3375570529513316,-0.2555365184633201,0.7627087085758464,-0.022796080838863534,-1.712925525803083,-0.7131488177036864,0,0,0,2
-0.5168326738551882,-0.5595970097177485,-0.17858038028058765,-0.24489474059975078,-0.2555365184633201,-0.10814851899760423,-0.7341050407640285,0.6404157427536213,-0.36237093865091263,0,1,1,2
-1.1127562765335492,1.0658796861460242,-0.3301636982546599,-0.06477827629312292,0.2339660497585023,-1.8498629741445056,0.6885128790863014,1.0762196813752325,-0.36237093865091263,0,0,2,2
0.6154221712336992,1.0658796861460242,0.12458625566755645,-0.37354935796162725,1.212971186202147,-0.10814851899760423,1.3998218390114665,0.8147373182022662,-1.765482454862008,0,2,0,2
0.247935949582042,-0.5595970097177485,-1.2396636060990927,0.1539345732220675,0.7234686179803247,1.6335659361492971,-0.022796080838863534,0.20461180413200947,1.3915184566129566,0,1,1,2
-1.351125717604894,-0.5595970097177485,0.22564180098360465,0.810073121767637,-0.7450390866851424,-0.10814851899760423,1.3998218390114665,0.9018981059265884,1.0407405775601828,0,0,0,2
-0.586357094167663,-0.5595970097177485,-0.8354414248349004,-0.013316429348371588,-0.7450390866851424,-0.10814851899760423,-0.7341050407640285,-0.5798352853868923,0.6899626985074089,0,2,1,2
-0.9339791957300412,1.0658796861460242,-0.27963592559663586,0.5656293487800726,-1.2345416549069648,0.7627087085758464,0.6885128790863014,0.11745101640768663,0.6899626985074089,0,1,1,1
-2.294671421845633,1.0658796861460242,-1.4923024693892128,-1.106880676924323,-1.7240442231287871,-1.8498629741445056,-0.7341050407640285,-0.14403134676528037,-1.0639266967564602,0,0,2,1
-1.182280696846025,-0.5595970097177485,-0.17858038028058765,-1.0296879065071967,-1.2345416549069648,-1.8498629741445056,-0.022796080838863534,1.7735059831698121,1.0407405775601828,0,1,1,1
-0.5366967939444665,2.691356382009797,0.6298639822477969,1.1317096651723282,-2.2135467913506095,0.7627087085758464,-1.4454140006891936,0.9018981059265884,1.0407405775601828,0,0,1,1
0.516101570787306,-0.5595970097177485,1.2361972541440855,0.012414494124002251,1.212971186202147,0.7627087085758464,1.3998218390114665,0.6404157427536213,1.3915184566129566,0,1,1,2
1.1517534136442238,-0.5595970097177485,-0.1280526076225638,-0.4378766666425655,-0.2555365184633201,0.7627087085758464,-1.4454140006891936,-1.8000863135274052,1.0407405775601828,0,1,0,2
-0.2983273528731217,-0.5595970097177485,-1.2396636060990927,-0.5793967457406289,-2.2135467913506095,-0.10814851899760423,1.3998218390114665,0.20461180413200947,-0.011593059598138786,0,1,0,2
0.2578680096266811,-0.5595970097177485,0.781447300221869,0.06387634106875359,-0.2555365184633201,0.7627087085758464,-1.4454140006891936,-0.14403134676528037,1.0407405775601828,0,1,2,2
0.9133839725728788,-0.5595970097177485,0.3266973462996528,1.5176735172579578,1.212971186202147,-0.9790057465710549,-0.7341050407640285,-0.14403134676528037,-0.011593059598138786,0,0,1,2
0.3969168502516327,1.0658796861460242,-0.17858038028058765,-0.3864148196978142,1.212971186202147,0.7627087085758464,-0.7341050407640285,-1.625764738078761,-0.36237093865091263,0,0,2,2
-0.3380555930516791,1.0658796861460242,-0.1280526076225638,0.11533818801350493,1.212971186202147,1.6335659361492971,-0.7341050407640285,-0.05687055904095752,-1.4147045758092343,0,2,2,1
0.9133839725728788,-0.5595970097177485,0.023530710351508263,-0.4378766666425655,1.212971186202147,-1.8498629741445056,-0.7341050407640285,1.1633804690995562,-1.4147045758092343,0,0,2,2
0.7147427716800925,-0.5595970097177485,0.781447300221869,0.34691649926488227,-2.2135467913506095,-0.10814851899760423,-1.4454140006891936,-0.5798352853868923,0.3391848194546351,0,1,0,1
-0.10961821202497435,-0.5595970097177485,-0.8859691974929245,-0.309222049280689,0.2339660497585023,-0.9790057465710549,1.3998218390114665,-0.40551370993824737,0.6899626985074089,0,1,1,2
-0.7154738747479755,1.0658796861460242,-0.7343858795188523,-0.039047352820747255,0.7234686179803247,-0.10814851899760423,-0.7341050407640285,1.7735059831698121,0.3391848194546351,0,0,2,2
1.6384243558315525,-0.5595970097177485,-0.27963592559663586,0.16680003495825443,0.7234686179803247,0.7627087085758464,-0.7341050407640285,-0.3183529222139253,-0.36237093865091263,0,1,2,2
-1.0432318562210734,-0.5595970097177485,-1.391246924073165,-1.106880676924323,1.212971186202147,-0.9790057465710549,-0.022796080838863534,-0.14403134676528037,-0.7131488177036864,0,1,1,2
0.06915886877853382,-0.5595970097177485,0.6803917549058213,-0.3478184344892516,-0.7450390866851424,0.7627087085758464,-1.4454140006891936,-0.05687055904095752,0.6899626985074089,0,1,2,2
1.3702587346262902,-0.5595970097177485,0.579336209589773,0.79720766003145,0.7234686179803247,1.6335659361492971,-0.7341050407640285,-1.3642823749057933,1.3915184566129566,0,1,0,2
0.267800069671322,2.691356382009797,0.27616957364162853,0.29545465232013096,1.212971186202147,-0.10814851899760423,-0.7341050407640285,0.6404157427536213,0.3391848194546351,0,1,0,1
0.9332480926621589,-0.5595970097177485,2.398336025278639,1.929368292815963,-0.2555365184633201,-0.9790057465710549,0.6885128790863014,-0.6669960731112143,-1.765482454862008,0,1,2,2
-0.4373761934980732,1.0658796861460242,1.3372527994601338,1.1960369738532666,-1.7240442231287871,-0.9790057465710549,1.3998218390114665,0.46609416730497644,-0.7131488177036864,0,1,0,2
-0.10961821202497435,1.0658796861460242,0.023530710351508263,-0.33495297275306285,-0.2555365184633201,-1.8498629741445056,-1.4454140006891936,1.7735059831698121,1.3915184566129566,0,0,2,1
0.1585474091802879,1.0658796861460242,-0.5828025615447802,-0.25776020233593766,-1.2345416549069648,0.7627087085758464,1.3998218390114665,-1.3642823749057933,-0.011593059598138786,1,1,1,2
1.7079487761440282,-0.5595970097177485,0.9330306181959415,0.47557111662675877,1.212971186202147,1.6335659361492971,-1.4454140006891936,0.6404157427536213,-1.4147045758092343,0,2,2,2
0.5657618710105017,-0.5595970097177485,-0.5322747888867561,-0.6179931309491915,0.2339660497585023,0.7627087085758464,-0.022796080838863534,1.7735059831698121,0.3391848194546351,0,2,1,2
-1.678883699077993,-0.5595970097177485,-1.3407191514151409,-1.6472300698442037,-0.2555365184633201,-0.9790057465710549,-0.022796080838863534,0.29177259185633153,0.3391848194546351,0,1,1,2
-0.37778383323023657,-0.5595970097177485,0.07405848300953258,-0.2963565875445003,0.2339660497585023,0.7627087085758464,1.3998218390114665,0.46609416730497644,-1.765482454862008,0,1,1,2
0.1386832890910096,1.0658796861460242,0.5288084369317487,0.5656293487800726,-0.2555365184633201,-0.10814851899760423,-0.7341050407640285,0.5532549550292986,-1.765482454862008,0,2,2,2
-0.0996861519803352,-0.5595970097177485,1.2361972541440855,1.6463281346198342,1.212971186202147,0.7627087085758464,0.6885128790863014,0.20461180413200947,0.3391848194546351,1,0,2,2
-0.37778383323023657,-0.5595970097177485,1.589891662750254,0.6428221191971979,-2.703049359572432,-0.10814851899760423,0.6885128790863014,-0.49267449766256943,-0.011593059598138786,0,2,1,2
0.9332480926621589,-0.5595970097177485,0.579336209589773,0.9387277391295135,-1.7240442231287871,0.7627087085758464,-0.022796080838863534,-1.2771215871814712,-0.7131488177036864,0,1,1,2
0.43664509043019106,2.691356382009797,-0.4312192435707079,-1.9045393045679566,0.7234686179803247,-0.10814851899760423,1.3998218390114665,-0.9284784362841814,1.3915184566129566,0,0,1,2
0.1883435893142071,-0.5595970097177485,-0.026997062306515603,0.16680003495825443,1.212971186202147,1.6335659361492971,1.3998218390114665,0.8147373182022662,0.6899626985074089,0,1,2,2
-0.7353379948372538,-0.5595970097177485,-0.22910815293861175,-0.6179931309491915,-0.7450390866851424,0.7627087085758464,-0.7341050407640285,0.9890588936509105,-0.011593059598138786,0,0,0,2
-2.2350790615777965,-0.5595970097177485,-0.0775248349645397,-0.2963565875445003,-1.2345416549069648,1.6335659361492971,-0.7341050407640285,1.4248628322725223,0.6899626985074089,0,0,0,1
-0.46717237363199154,-0.5595970097177485,0.3772251189576767,-0.32208751101687594,-1.7240442231287871,0.7627087085758464,0.6885128790863014,0.5532549550292986,-1.4147045758092343,0,1,2,1
-1.7980684196136654,-0.5595970097177485,-0.6333303342028043,-1.261266217758574,0.7234686179803247,-1.8498629741445056,0.6885128790863014,-0.40551370993824737,-1.4147045758092343,0,1,1,2
-0.9041830155961228,2.691356382009797,-0.026997062306515603,-0.33495297275306285,-1.2345416549069648,-0.9790057465710549,1.3998218390114665,0.11745101640768663,-1.765482454862008,0,2,0,2
1.7079487761440282,-0.5595970097177485,0.12458625566755645,-0.46360759011493935,0.2339660497585023,0.7627087085758464,1.3998218390114665,0.5532549550292986,-1.4147045758092343,0,2,0,2
0.04929474868925553,1.0658796861460242,-1.0880802881250207,-2.058924845402209,-0.7450390866851424,0.7627087085758464,-0.7341050407640285,0.8147373182022662,0.3391848194546351,0,0,1,2
-1.4603783780959274,-0.5595970097177485,-1.4417746967311889,-1.196938909077636,-0.2555365184633201,-0.10814851899760423,0.6885128790863014,0.030290228683364548,-0.7131488177036864,1,2,0,2
-0.586357094167663,-0.5595970097177485,-1.4417746967311889,-0.4764730518511281,0.2339660497585023,-0.10814851899760423,-1.4454140006891936,1.2505412568238783,-1.4147045758092343,1,0,1,2
-0.22880293256064585,2.691356382009797,-1.0880802881250207,-0.5536658222682533,-0.2555365184633201,1.6335659361492971,0.6885128790863014,1.0762196813752325,-1.765482454862008,0,0,0,2
-0.16921057229281097,-0.5595970097177485,1.0340861635119891,0.47557111662675877,-0.7450390866851424,-0.9790057465710549,-0.7341050407640285,0.3789333795806544,1.0407405775601828,0,0,0,2
-0.675745634569418,-0.5595970097177485,1.5393638900922297,1.5305389789941466,0.2339660497585023,-1.8498629741445056,-0.7341050407640285,-0.3183529222139253,-1.0639266967564602,0,0,0,2
0.9531122127514372,-0.5595970097177485,-0.380691470912684,-0.5279348987958776,1.212971186202147,-0.9790057465710549,0.6885128790863014,-1.5386039503544382,1.3915184566129566,0,2,1,2
-2.0662340408189275,-0.5595970097177485,-1.542830242047237,-2.0203284601936464,0.7234686179803247,-1.8498629741445056,0.6885128790863014,0.8147373182022662,1.3915184566129566,1,2,0,2
-0.586357094167663,-0.5595970097177485,-0.3301636982546599,-1.621499146371829,1.212971186202147,-0.10814851899760423,-0.7341050407640285,0.29177259185633153,0.3391848194546351,0,2,0,2
0.7743351319479291,-0.5595970097177485,1.3877805721181578,0.9387277391295135,0.2339660497585023,1.6335659361492971,-0.022796080838863534,-0.7541568608355372,-1.4147045758092343,0,2,1,2
0.34725655002843697,-0.5595970097177485,0.22564180098360465,1.6849245198283969,-1.2345416549069648,-0.10814851899760423,0.6885128790863014,-1.189960799457149,-0.7131488177036864,0,1,1,1
-0.675745634569418,2.691356382009797,-1.4923024693892128,-1.8788083810955818,0.2339660497585023,-0.9790057465710549,1.3998218390114665,0.7275765304779435,-0.36237093865091263,1,1,2,2
0.8637236723496832,-0.5595970097177485,1.79200275338235,0.9001313539209509,1.212971186202147,-0.10814851899760423,0.6885128790863014,-1.625764738078761,-0.36237093865091263,1,2,1,2
-1.42065013791737,-0.5595970097177485,-0.380691470912684,0.3083201140563197,-0.7450390866851424,-0.10814851899760423,-1.4454140006891936,0.3789333795806544,-0.36237093865091263,0,2,2,1
-0.9439112557746803,-0.5595970097177485,1.1351417088280373,0.9901895860742648,1.212971186202147,-0.9790057465710549,-1.4454140006891936,0.6404157427536213,0.6899626985074089,1,2,2,2
1.1517534136442238,-0.5595970097177485,1.2867250268021095,0.025279955860190998,0.7234686179803247,-0.9790057465710549,-0.022796080838863534,-1.2771215871814712,1.3915184566129566,0,2,1,2
0.07909092882317297,-0.5595970097177485,-0.17858038028058765,-0.9138987508815072,0.7234686179803247,-0.9790057465710549,0.6885128790863014,0.6404157427536213,-1.765482454862008,0,2,1,2
0.1386832890910096,-0.5595970097177485,-0.0775248349645397,-0.026181891084560337,-1.2345416549069648,-0.10814851899760423,1.3998218390114665,1.2505412568238783,-1.4147045758092343,0,2,0,2
-0.4771044336766307,-0.5595970097177485,0.12458625566755645,0.012414494124002251,1.212971186202147,1.6335659361492971,-0.7341050407640285,0.5532549550292986,-0.36237093865091263,0,1,0,2
0.416780970340911,-0.5595970097177485,-0.0775248349645397,0.539898425307697,-1.2345416549069648,0.7627087085758464,0.6885128790863014,1.6863451954454902,-1.765482454862008,0,1,2,1
1.7079487761440282,-0.5595970097177485,-0.7343858795188523,-1.0811497534519472,-0.7450390866851424,-0.10814851899760423,-0.022796080838863534,0.3789333795806544,-0.7131488177036864,0,0,1,2
-1.9669134403725343,-0.5595970097177485,-1.7449413326793333,-1.3255935264395124,-1.7240442231287871,-0.10814851899760423,1.3998218390114665,-0.40551370993824737,0.6899626985074089,0,1,1,2
-0.6459494544354997,1.0658796861460242,0.4782806642737249,-0.4764730518511281,-0.2555365184633201,-0.10814851899760423,-0.7341050407640285,1.0762196813752325,-0.36237093865091263,0,0,1,2
-0.6260853343462205,2.691356382009797,0.27616957364162853,0.0767418028049405,0.7234686179803247,-0.9790057465710549,-0.7341050407640285,-0.7541568608355372,-1.4147045758092343,0,1,1,2
0.12875122904637046,1.0658796861460242,0.9330306181959415,1.4919425937855821,-0.7450390866851424,1.6335659361492971,-0.7341050407640285,0.9018981059265884,-1.765482454862008,0,1,2,2
0.11881916900173131,-0.5595970097177485,0.12458625566755645,-0.06477827629312292,-0.7450390866851424,0.7627087085758464,-0.022796080838863534,-0.40551370993824737,-1.765482454862008,0,1,0,2
0.7246748317247316,-0.5595970097177485,-0.026997062306515603,0.7714767365590743,-0.7450390866851424,-0.10814851899760423,0.6885128790863014,-0.6669960731112143,-0.36237093865091263,0,0,2,2
-1.0432318562210734,-0.5595970097177485,-1.6438857873632853,-0.8109750569920063,-0.7450390866851424,-0.9790057465710549,1.3998218390114665,-0.49267449766256943,1.0407405775601828,0,0,0,2
0.36712067011771526,-0.5595970097177485,1.2867250268021095,1.4533462085770195,1.212971186202147,0.7627087085758464,1.3998218390114665,1.5120236199968444,-0.011593059598138786,0,0,0,2
0.49623745069802594,-0.5595970097177485,0.3772251189576767,-0.6179931309491915,-0.7450390866851424,-0.9790057465710549,-0.7341050407640285,1.7735059831698121,-0.36237093865091263,0,0,0,2
-0.5962891542123031,-0.5595970097177485,-1.391246924073165,-0.2191638171273751,-1.2345416549069648,-0.10814851899760423,1.3998218390114665,1.7735059831698121,-0.011593059598138786,0,1,0,2
1.6384243558315525,-0.5595970097177485,-0.481747016228732,0.5913602722524466,1.212971186202147,0.7627087085758464,0.6885128790863014,1.1633804690995562,0.3391848194546351,1,2,1,2
-0.675745634569418,-0.5595970097177485,0.5288084369317487,1.06738235649139,-0.2555365184633201,-0.10814851899760423,1.3998218390114665,0.5532549550292986,1.0407405775601828,0,0,0,2
0.8835877924389615,-0.5595970097177485,1.4888361174342057,1.5948662876750848,-0.7450390866851424,0.7627087085758464,-1.4454140006891936,-1.451443162630116,1.3915184566129566,0,0,0,2
0.07909092882317297,-0.5595970097177485,0.27616957364162853,0.5141675018353213,1.212971186202147,-0.10814851899760423,-0.7341050407640285,-0.14403134676528037,-0.011593059598138786,1,2,1,2
0.4664412705641085,-0.5595970097177485,0.7309195275638452,1.5562699024665203,0.7234686179803247,0.7627087085758464,-0.022796080838863534,1.7735059831698121,-0.7131488177036864,0,1,1,2
1.6483564158761916,-0.5595970097177485,1.640419435408278,1.2860952060065804,-0.2555365184633201,-0.10814851899760423,1.3998218390114665,-0.40551370993824737,-1.765482454862008,0,2,1,2
0.3273924299391569,-0.5595970097177485,1.589891662750254,1.8779064458712116,-0.7450390866851424,0.7627087085758464,1.3998218390114665,1.599184407721168,-0.011593059598138786,0,2,1,2
0.04929474868925553,-0.5595970097177485,0.22564180098360465,0.6814185044057605,-0.7450390866851424,0.7627087085758464,-0.7341050407640285,0.11745101640768663,0.3391848194546351,0,1,1,2
0.2082077094034854,1.0658796861460242,0.6298639822477969,0.7714767365590743,-0.7450390866851424,-0.9790057465710549,-1.4454140006891936,-2.584533403046307,1.0407405775601828,0,0,2,2
-0.5267647338998273,-0.5595970097177485,-1.0375525154669965,-0.0905091997654986,-1.7240442231287871,-0.9790057465710549,-0.7341050407640285,0.7275765304779435,-1.765482454862008,0,1,2,2
0.6154221712336992,-0.5595970097177485,-0.0775248349645397,0.03814541759637792,1.212971186202147,-0.9790057465710549,-0.022796080838863534,1.3377020445482002,-0.011593059598138786,0,0,1,2
-0.675745634569418,1.0658796861460242,-0.4312192435707079,0.21826188190300577,1.212971186202147,0.7627087085758464,-0.7341050407640285,1.3377020445482002,-1.0639266967564602,0,0,2,2
1.4497152149834052,-0.5595970097177485,-1.7954691053373573,-2.3548304653345244,1.212971186202147,0.7627087085758464,0.6885128790863014,0.20461180413200947,-0.7131488177036864,0,0,2,2
1.1914816538227821,-0.5595970097177485,1.4888361174342057,1.569135364202709,0.7234686179803247,1.6335659361492971,-1.4454140006891936,0.5532549550292986,-0.36237093865091263,0,1,1,2
-1.1127562765335492,-0.5595970097177485,1.0340861635119891,1.659193596356023,-1.7240442231287871,-0.10814851899760423,0.6885128790863014,0.7275765304779435,0.3391848194546351,0,1,1,1
0.506169510742665,1.0658796861460242,-0.9364969701509483,-1.621499146371829,1.212971186202147,0.7627087085758464,1.3998218390114665,-1.189960799457149,-1.0639266967564602,0,0,2,2
1.7079487761440282,-0.5595970097177485,-0.5322747888867561,-0.5279348987958776,1.212971186202147,0.7627087085758464,-0.022796080838863534,0.29177259185633153,-0.7131488177036864,0,1,2,2
0.11881916900173131,-0.5595970097177485,0.579336209589773,1.2474988207980178,-0.7450390866851424,0.7627087085758464,-0.022796080838863534,0.6404157427536213,0.6899626985074089,0,2,1,2
-1.5596989785423205,-0.5595970097177485,0.17511402832558076,-0.232029278863562,-0.7450390866851424,-0.9790057465710549,1.3998218390114665,-0.05687055904095752,0.3391848194546351,0,0,2,2
-0.6558815144801389,1.0658796861460242,-0.8859691974929245,-0.8881678274091334,-1.2345416549069648,-0.10814851899760423,-1.4454140006891936,-0.3183529222139253,0.6899626985074089,1,0,0,2
-1.0630959763103527,-0.5595970097177485,0.8319750728798933,1.2089024355894553,-0.7450390866851424,-0.9790057465710549,0.6885128790863014,-0.6669960731112143,-0.36237093865091263,0,0,2,2
-0.665813574524778,-0.5595970097177485,-1.0880802881250207,-1.3384589881757,-1.2345416549069648,-0.10814851899760423,-0.7341050407640285,0.5532549550292986,1.3915184566129566,0,1,0,2
0.9034519125282398,1.0658796861460242,1.2867250268021095,1.1059787416999525,0.2339660497585023,1.6335659361492971,1.3998218390114665,-1.189960799457149,-0.011593059598138786,1,2,2,2
0.47637333060874765,1.0658796861460242,1.0340861635119891,0.41124380794582055,0.2339660497585023,-0.10814851899760423,-0.022796080838863534,0.46609416730497644,1.3915184566129566,0,2,2,2
0.267800069671322,1.0658796861460242,-0.7849136521768764,-0.25776020233593766,1.212971186202147,-0.10814851899760423,1.3998218390114665,0.6404157427536213,0.3391848194546351,0,0,0,2
-0.1394143921588918,-0.5595970097177485,-0.1280526076225638,0.25685826711156834,1.212971186202147,-0.10814851899760423,1.3998218390114665,1.1633804690995562,0.6899626985074089,0,1,2,2
0.4267130303855519,-0.5595970097177485,-0.5322747888867561,-0.6308585926853802,-0.2555365184633201,-0.10814851899760423,-0.022796080838863534,-1.1028000117328263,1.0407405775601828,0,1,0,2
-0.24866705264992592,1.0658796861460242,0.3772251189576767,-0.2706256640721246,1.212971186202147,-0.10814851899760423,-0.022796080838863534,-1.5386039503544382,0.6899626985074089,0,1,1,2
0.16847946922492704,-0.5595970097177485,0.427752891615701,-0.013316429348371588,0.7234686179803247,-0.9790057465710549,-0.022796080838863534,0.29177259185633153,1.0407405775601828,0,1,0,2
0.8438595522604049,-0.5595970097177485,-1.7449413326793333,-2.1361176158193347,0.7234686179803247,-0.10814851899760423,1.3998218390114665,-0.23119213448960244,-0.011593059598138786,0,0,2,2
1.1517534136442238,-0.5595970097177485,0.4782806642737249,-0.5150694370596907,-0.2555365184633201,-0.10814851899760423,-0.7341050407640285,1.7735059831698121,-0.36237093865091263,0,1,0,2
-1.2816012972924182,-0.5595970097177485,-1.2396636060990927,-0.6694549778939429,1.212971186202147,-0.9790057465710549,-1.4454140006891936,0.11745101640768663,1.3915184566129566,0,2,2,2
-0.9339791957300412,-0.5595970097177485,0.579336209589773,0.025279955860190998,0.7234686179803247,-0.9790057465710549,-1.4454140006891936,-0.14403134676528037,-0.7131488177036864,0,2,0,2
-3.029643865148945,1.0658796861460242,0.07405848300953258,0.46270565489057003,-0.2555365184633201,-1.8498629741445056,-0.7341050407640285,0.6404157427536213,-0.7131488177036864,0,0,2,1
1.1219572335103063,-0.5595970097177485,1.3877805721181578,1.3890188998960813,0.2339660497585023,1.6335659361492971,1.3998218390114665,-0.05687055904095752,-0.36237093865091263,0,2,0,2
-0.6856776946140571,-0.5595970097177485,0.781447300221869,1.3118261294789562,1.212971186202147,-0.10814851899760423,-1.4454140006891936,-0.05687055904095752,0.3391848194546351,1,1,1,2
-1.2021448169353033,-0.5595970097177485,0.8319750728798933,1.2732297442703935,1.212971186202147,-0.10814851899760423,-0.7341050407640285,0.11745101640768663,-1.765482454862008,0,2,1,2
1.7079487761440282,-0.5595970097177485,0.427752891615701,0.7843421982952613,0.2339660497585023,-0.10814851899760423,0.6885128790863014,0.29177259185633153,-0.011593059598138786,0,0,2,2
-0.9637753758639594,4.31683307787357,-0.22910815293861175,-0.20629835539118635,-1.7240442231287871,-0.9790057465710549,-1.4454140006891936,-1.8000863135274052,1.0407405775601828,1,1,2,1
-3.089236225416782,-0.5595970097177485,0.12458625566755645,0.4884365783629457,0.2339660497585023,-1.8498629741445056,0.6885128790863014,1.3377020445482002,-0.36237093865091263,0,0,1,1
0.9829083928853547,1.0658796861460242,1.0846139361700136,0.810073121767637,-0.2555365184633201,1.6335659361492971,-0.022796080838863534,1.7735059831698121,0.6899626985074089,0,1,1,2
-2.4039240823366654,1.0658796861460242,-1.9470524233114292,-2.7922561643649053,-0.2555365184633201,-1.8498629741445056,0.6885128790863014,-1.712925525803083,0.3391848194546351,0,2,2,2
0.516101570787306,-0.5595970097177485,0.579336209589773,-0.9010332891453202,-0.7450390866851424,0.7627087085758464,-1.4454140006891936,0.030290228683364548,1.3915184566129566,0,2,2,2
-0.5764250341230239,-0.5595970097177485,1.3372527994601338,-0.3864148196978142,0.2339660497585023,0.7627087085758464,-0.022796080838863534,0.29177259185633153,-0.36237093865091263,0,2,2,2
-0.1195502720696135,-0.5595970097177485,0.5288084369317487,0.5270329635715083,-2.703049359572432,-1.8498629741445056,-0.7341050407640285,0.9018981059265884,-0.7131488177036864,0,0,1,2
0.1883435893142071,-0.5595970097177485,-1.0375525154669965,-0.7595132100472568,0.7234686179803247,-0.10814851899760423,-0.7341050407640285,0.11745101640768663,-0.7131488177036864,0,0,1,2
0.7147427716800925,-0.5595970097177485,0.8825028455379171,0.6942839661419492,1.212971186202147,0.7627087085758464,1.3998218390114665,0.20461180413200947,1.3915184566129566,0,0,0,2
-0.010297611578581117,-0.5595970097177485,-1.1386080607830447,-1.0682842917157593,0.2339660497585023,-0.9790057465710549,-1.4454140006891936,-0.9284784362841814,1.3915184566129566,0,1,2,2
-0.28839529282848253,-0.5595970097177485,1.4888361174342057,0.6299566574610109,1.212971186202147,-0.9790057465710549,-0.022796080838863534,0.46609416730497644,0.6899626985074089,0,2,0,2
1.1318892935549454,-0.5595970097177485,-0.4312192435707079,-0.4250112049063768,-1.2345416549069648,0.7627087085758464,-0.022796080838863534,0.20461180413200947,-1.765482454862008,0,0,2,2
0.07909092882317297,-0.5595970097177485,1.0846139361700136,1.2860952060065804,-1.2345416549069648,0.7627087085758464,-0.7341050407640285,-0.49267449766256943,0.3391848194546351,0,1,2,1
-0.03016173166785941,-0.5595970097177485,-0.17858038028058765,0.3726474227372579,-0.7450390866851424,-0.9790057465710549,0.6885128790863014,-0.40551370993824737,1.3915184566129566,1,2,0,2
-1.0134356760871561,1.0658796861460242,0.07405848300953258,0.12820364974969184,-2.2135467913506095,-0.10814851899760423,-0.7341050407640285,0.29177259185633153,-0.011593059598138786,0,1,2,2
0.7644030719032899,-0.5595970097177485,0.6803917549058213,-0.6437240544215672,-0.7450390866851424,0.7627087085758464,-0.022796080838863534,0.11745101640768663,-1.4147045758092343,0,0,2,2
0.019498568555338085,-0.5595970097177485,-0.22910815293861175,-0.026181891084560337,-1.7240442231287871,-0.10814851899760423,-0.022796080838863534,-0.49267449766256943,-1.765482454862008,0,1,2,1
-0.30825941291776165,-0.5595970097177485,-0.6838581068608282,-1.0425533682433845,0.2339660497585023,0.7627087085758464,-0.022796080838863534,-1.2771215871814712,0.6899626985074089,0,1,1,2
1.7079487761440282,-0.5595970097177485,1.0340861635119891,0.5656293487800726,1.212971186202147,1.6335659361492971,1.3998218390114665,0.8147373182022662,-1.765482454862008,0,2,0,2
-0.8048624151497296,1.0658796861460242,-0.5828025615447802,-0.6179931309491915,0.2339660497585023,-0.10814851899760423,0.6885128790863014,0.030290228683364548,-1.765482454862008,0,1,1,2
-2.354263782113469,-0.5595970097177485,-0.9870247428089725,-1.5700372994270784,-0.7450390866851424,-1.8498629741445056,-1.4454140006891936,0.7275765304779435,1.3915184566129566,1,1,0,1
-0.9737074359085985,-0.5595970097177485,1.0846139361700136,-0.28349112580831337,-0.2555365184633201,-0.10814851899760423,0.6885128790863014,-1.0156392240085041,0.3391848194546351,0,2,0,2
-1.351125717604894,4.31683307787357,-1.0880802881250207,-1.171207985605261,0.2339660497585023,-0.9790057465710549,-0.022796080838863534,0.20461180413200947,0.6899626985074089,1,0,0,1
-0.03016173166785941,-0.5595970097177485,-0.5828025615447802,-2.3548304653345244,-2.703049359572432,0.7627087085758464,-0.7341050407640285,-0.6669960731112143,-0.7131488177036864,0,0,0,2
1.7079487761440282,-0.5595970097177485,0.579336209589773,0.5656293487800726,1.212971186202147,0.7627087085758464,-0.022796080838863534,-1.2771215871814712,-1.0639266967564602,0,2,0,2
1.1815495937781428,1.0658796861460242,1.79200275338235,1.0931132799637657,0.2339660497585023,1.6335659361492971,1.3998218390114665,-0.8413176485598592,-1.765482454862008,0,0,1,2
-0.7254059347926146,-0.5595970097177485,-1.0880802881250207,-0.5408003605320664,0.2339660497585023,-0.10814851899760423,1.3998218390114665,1.3377020445482002,-1.0639266967564602,0,0,2,2
0.9630442727960764,-0.5595970097177485,-0.9364969701509483,-1.171207985605261,0.2339660497585023,0.7627087085758464,1.3998218390114665,-0.5798352853868923,-0.36237093865091263,0,0,1,2
-1.4603783780959274,-0.5595970097177485,0.6298639822477969,-0.6437240544215672,0.2339660497585023,0.7627087085758464,1.3998218390114665,0.20461180413200947,1.0407405775601828,0,0,2,2
-1.251805117158501,-0.5595970097177485,-0.9870247428089725,-1.698691916788955,0.2339660497585023,-0.10814851899760423,-1.4454140006891936,0.030290228683364548,1.0407405775601828,0,2,2,2
-0.924047135685402,1.0658796861460242,-0.9364969701509483,-0.07764373802930984,1.212971186202147,-0.9790057465710549,-0.022796080838863534,-0.49267449766256943,1.0407405775601828,0,1,0,2
0.516101570787306,1.0658796861460242,-0.0775248349645397,-0.5022039753235038,1.212971186202147,0.7627087085758464,-0.7341050407640285,-0.14403134676528037,0.6899626985074089,0,2,2,2
0.9729763328407155,-0.5595970097177485,0.6803917549058213,0.4369747314181962,1.212971186202147,1.6335659361492971,-0.022796080838863534,1.0762196813752325,1.0407405775601828,0,2,2,2
-0.2585991126945651,-0.5595970097177485,-1.3407191514151409,-1.351324449911888,-2.2135467913506095,-0.9790057465710549,1.3998218390114665,0.7275765304779435,0.6899626985074089,0,0,1,1
-2.870730904434716,-0.5595970097177485,-2.0481079686274777,-1.1454770621328854,-1.7240442231287871,-1.8498629741445056,-0.7341050407640285,0.6404157427536213,1.0407405775601828,1,2,1,1
-0.22880293256064585,1.0658796861460242,-0.1280526076225638,-0.6437240544215672,1.212971186202147,0.7627087085758464,-0.022796080838863534,-1.189960799457149,1.3915184566129566,0,1,0,2
0.43664509043019106,-0.5595970097177485,-0.481747016228732,-1.4027862968566385,0.7234686179803247,-0.10814851899760423,-1.4454140006891936,1.1633804690995562,-0.36237093865091263,0,2,1,2
-1.26173717720314,-0.5595970097177485,1.1856694814860618,1.054516894755203,-1.7240442231287871,-1.8498629741445056,1.3998218390114665,0.5532549550292986,1.3915184566129566,0,1,2,2
-1.0730280363549918,1.0658796861460242,-1.0375525154669965,-0.2963565875445003,-0.7450390866851424,-0.9790057465710549,-1.4454140006891936,-1.189960799457149,-0.36237093865091263,0,1,1,2
-0.20893881247136756,-0.5595970097177485,0.07405848300953258,0.42410926968200746,0.7234686179803247,-0.10814851899760423,0.6885128790863014,0.9890588936509105,-0.7131488177036864,0,1,1,2
1.0425007531531914,-0.5595970097177485,1.0846139361700136,1.4533462085770195,-0.2555365184633201,0.7627087085758464,1.3998218390114665,-0.49267449766256943,1.3915184566129566,1,0,1,2
-0.020229671623220265,-0.5595970097177485,-0.17858038028058765,-0.06477827629312292,-0.2555365184633201,-0.10814851899760423,1.3998218390114665,-0.14403134676528037,0.3391848194546351,0,0,1,2
-1.2816012972924182,-0.5595970097177485,-1.2396636060990927,-0.5922622074768159,0.7234686179803247,-1.8498629741445056,-1.4454140006891936,-1.712925525803083,1.3915184566129566,1,1,1,1
-2.016573740595731,-0.5595970097177485,0.023530710351508263,0.5656293487800726,0.2339660497585023,-0.9790057465710549,-1.4454140006891936,-1.2771215871814712,1.3915184566129566,1,0,0,1
-1.1326203966228285,-0.5595970097177485,0.781447300221869,-0.06477827629312292,0.7234686179803247,1.6335659361492971,-0.022796080838863534,0.46609416730497644,0.6899626985074089,0,0,2,2
1.4099869748048468,-0.5595970097177485,1.9435860713564224,2.251004836220654,-0.7450390866851424,0.7627087085758464,-1.4454140006891936,1.0762196813752325,-1.0639266967564602,0,0,1,2
-2.612497343274092,-0.5595970097177485,-1.391246924073165,-0.7723786717834438,1.212971186202147,-1.8498629741445056,-0.7341050407640285,0.7275765304779435,0.6899626985074089,0,1,1,2
0.1585474091802879,-0.5595970097177485,-0.8859691974929245,-0.1805674319188125,0.2339660497585023,-0.10814851899760423,-0.7341050407640285,-0.05687055904095752,-0.011593059598138786,0,2,0,2
0.9531122127514372,-0.5595970097177485,0.12458625566755645,-0.9138987508815072,-0.7450390866851424,1.6335659361492971,0.6885128790863014,-0.40551370993824737,-1.765482454862008,0,1,1,2
-1.341193657560255,-0.5595970097177485,-0.8859691974929245,-0.1805674319188125,0.2339660497585023,-0.9790057465710549,0.6885128790863014,0.29177259185633153,-1.4147045758092343,0,1,0,2
-0.41751207340879404,-0.5595970097177485,-0.6838581068608282,-0.3478184344892516,0.7234686179803247,-0.10814851899760423,-0.7341050407640285,0.9018981059265884,0.3391848194546351,0,1,1,2
1.7079487761440282,-0.5595970097177485,1.589891662750254,0.9387277391295135,0.7234686179803247,1.6335659361492971,0.6885128790863014,0.030290228683364548,-0.011593059598138786,0,1,0,2
-0.020229671623220265,1.0658796861460242,0.023530710351508263,0.3597819610010692,-0.2555365184633201,0.7627087085758464,1.3998218390114665,1.3377020445482002,1.3915184566129566,0,1,1,2
1.7079487761440282,-0.5595970097177485,0.6298639822477969,1.6205972111474587,-1.2345416549069648,1.6335659361492971,-0.022796080838863534,0.030290228683364548,-1.4147045758092343,0,2,2,2
-0.05995791180177685,1.0658796861460242,0.17511402832558076,0.4884365783629457,1.212971186202147,-0.9790057465710549,-1.4454140006891936,0.11745101640768663,1.3915184566129566,0,2,1,2
1.698016716099389,-0.5595970097177485,0.427752891615701,0.6428221191971979,1.212971186202147,1.6335659361492971,-1.4454140006891936,-0.05687055904095752,-0.7131488177036864,0,1,1,2
1.5688999355190767,-0.5595970097177485,1.8930582986983981,1.916502831079776,-1.2345416549069648,1.6335659361492971,0.6885128790863014,1.3377020445482002,-0.011593059598138786,1,1,0,2
-0.18907469238208927,-0.5595970097177485,0.9330306181959415,0.38551288447344484,-2.2135467913506095,-0.10814851899760423,-0.022796080838863534,0.9018981059265884,0.6899626985074089,0,2,1,1
0.6650824714568949,1.0658796861460242,1.3877805721181578,1.6977899815645856,-0.2555365184633201,-0.10814851899760423,-1.4454140006891936,-1.451443162630116,0.6899626985074089,0,1,1,2
-1.519970738363763,1.0658796861460242,0.3772251189576767,-0.06477827629312292,1.212971186202147,-0.9790057465710549,-0.022796080838863534,1.599184407721168,-0.011593059598138786,0,2,0,2
0.6948786515908142,-0.5595970097177485,0.8825028455379171,0.5656293487800726,0.7234686179803247,0.7627087085758464,0.6885128790863014,-2.584533403046307,0.3391848194546351,0,2,1,2
-0.7849982950604504,-0.5595970097177485,-0.7343858795188523,-0.9010332891453202,-1.7240442231287871,1.6335659361492971,0.6885128790863014,1.7735059831698121,1.3915184566129566,0,2,0,2
-0.5466288539891055,-0.5595970097177485,0.7309195275638452,0.08960726454112926,0.2339660497585023,-0.10814851899760423,0.6885128790863014,-0.23119213448960244,-0.011593059598138786,1,1,1,2
1.7079487761440282,-0.5595970097177485,1.5393638900922297,1.8135791371902734,1.212971186202147,0.7627087085758464,-0.022796080838863534,-0.14403134676528037,-1.765482454862008,0,2,1,2
-0.22880293256064585,-0.5595970097177485,-0.4312192435707079,-0.013316429348371588,-0.2555365184633201,-0.9790057465710549,0.6885128790863014,0.46609416730497644,1.0407405775601828,0,1,0,2
1.5688999355190767,-0.5595970097177485,1.3372527994601338,1.3504225146875186,-1.2345416549069648,1.6335659361492971,-1.4454140006891936,0.030290228683364548,-1.4147045758092343,0,1,0,2
-0.6558815144801389,-0.5595970097177485,-0.8354414248349004,-1.2998626029671376,1.212971186202147,-0.9790057465710549,-0.022796080838863534,-0.14403134676528037,-0.011593059598138786,0,2,0,2
1.1815495937781428,-0.5595970097177485,2.2972804799625903,0.9387277391295135,0.7234686179803247,0.7627087085758464,-0.7341050407640285,1.4248628322725223,-1.4147045758092343,0,2,1,2
-0.7254059347926146,1.0658796861460242,0.3266973462996528,1.3890188998960813,-1.2345416549069648,-0.10814851899760423,-1.4454140006891936,0.6404157427536213,1.0407405775601828,0,0,0,1
-1.4603783780959274,-0.5595970097177485,-1.6438857873632853,-1.7244228402613297,-2.2135467913506095,-0.10814851899760423,-0.7341050407640285,-1.0156392240085041,0.3391848194546351,0,1,1,2
-0.14934645220353093,1.0658796861460242,0.427752891615701,0.5527638870438839,1.212971186202147,-0.10814851899760423,-0.7341050407640285,0.8147373182022662,1.0407405775601828,0,1,1,2
1.7079487761440282,-0.5595970097177485,1.3877805721181578,0.9644586626018892,0.2339660497585023,0.7627087085758464,0.6885128790863014,0.5532549550292986,1.3915184566129566,0,2,0,2
-0.5565609140337456,-0.5595970097177485,0.023530710351508263,0.46270565489057003,0.2339660497585023,-0.10814851899760423,-1.4454140006891936,0.9018981059265884,1.0407405775601828,0,0,1,2
0.14861534913564875,1.0658796861460242,0.12458625566755645,-0.48933851358731506,-0.7450390866851424,1.6335659361492971,0.6885128790863014,-0.14403134676528037,-1.4147045758092343,0,1,1,2
-0.0996861519803352,-0.5595970097177485,1.0846139361700136,0.6042257339886353,0.2339660497585023,0.7627087085758464,-0.022796080838863534,-0.23119213448960244,0.3391848194546351,0,1,2,2
-1.9867775604618128,-0.5595970097177485,-1.9975801959694535,-0.6951859013663185,-1.2345416549069648,-0.10814851899760423,-1.4454140006891936,-0.23119213448960244,1.0407405775601828,1,0,1,2
-0.9439112557746803,-0.5595970097177485,-0.5828025615447802,-0.45074212837875244,-2.2135467913506095,1.6335659361492971,-0.7341050407640285,-2.497372615321985,-0.36237093865091263,0,1,1,2
-0.41751207340879404,-0.5595970097177485,-0.7343858795188523,0.3211855757925066,0.7234686179803247,0.7627087085758464,1.3998218390114665,-0.49267449766256943,-1.765482454862008,0,2,0,2
-1.9073210801046978,1.0658796861460242,0.8319750728798933,1.06738235649139,0.7234686179803247,-1.8498629741445056,1.3998218390114665,0.8147373182022662,-1.4147045758092343,0,2,1,2
-0.7154738747479755,1.0658796861460242,-0.9364969701509483,-0.2191638171273751,0.2339660497585023,-1.8498629741445056,-0.7341050407640285,0.030290228683364548,1.3915184566129566,0,0,1,2
0.43664509043019106,-0.5595970097177485,-0.7343858795188523,-0.32208751101687594,1.212971186202147,1.6335659361492971,-0.7341050407640285,-1.2771215871814712,0.3391848194546351,0,2,2,2
1.7079487761440282,-0.5595970097177485,-0.481747016228732,1.4919425937855821,0.7234686179803247,1.6335659361492971,-1.4454140006891936,1.0762196813752325,1.3915184566129566,1,1,0,2
-0.844590655328287,1.0658796861460242,1.0340861635119891,-0.24489474059975078,1.212971186202147,-0.9790057465710549,-0.022796080838863534,-1.2771215871814712,-1.0639266967564602,0,0,2,1
0.12875122904637046,1.0658796861460242,0.5288084369317487,0.26972372884775525,-0.2555365184633201,0.7627087085758464,0.6885128790863014,-1.1028000117328263,-0.36237093865091263,1,2,2,2
0.2082077094034854,-0.5595970097177485,-0.5322747888867561,1.2603642825342047,0.7234686179803247,-0.10814851899760423,1.3998218390114665,0.9890588936509105,-1.4147045758092343,1,0,1,2
-0.1990067524267284,-0.5595970097177485,-0.026997062306515603,0.4884365783629457,-1.7240442231287871,-0.9790057465710549,-0.7341050407640285,-0.7541568608355372,0.6899626985074089,0,0,1,2
1.3205984344030928,-0.5595970097177485,-0.22910815293861175,0.5656293487800726,1.212971186202147,0.7627087085758464,-0.022796080838863534,0.20461180413200947,-1.0639266967564602,1,2,1,2
-0.7055418147033354,-0.5595970097177485,-1.8965246506534055,-2.81798708783728,-1.2345416549069648,-0.9790057465710549,0.6885128790863014,-0.9284784362841814,1.3915184566129566,0,1,0,2
0.009566508510697175,-0.5595970097177485,-1.2396636060990927,-1.2098043708138237,1.212971186202147,0.7627087085758464,1.3998218390114665,-1.2771215871814712,0.6899626985074089,1,2,2,2
0.3075283098498786,-0.5595970097177485,-1.2901913787571169,-0.5408003605320664,1.212971186202147,-0.10814851899760423,-0.7341050407640285,0.5532549550292986,-1.765482454862008,0,2,0,2
-0.15927851224817183,2.691356382009797,1.0846139361700136,0.9644586626018892,-1.2345416549069648,-0.10814851899760423,-1.4454140006891936,0.46609416730497644,-0.7131488177036864,0,0,2,1
-0.20893881247136756,1.0658796861460242,-0.5322747888867561,-0.1419710467102481,0.2339660497585023,0.7627087085758464,-0.7341050407640285,0.030290228683364548,-0.011593059598138786,0,0,1,2
-0.2983273528731217,-0.5595970097177485,0.427752891615701,-0.1291055849740612,1.212971186202147,-0.10814851899760423,-1.4454140006891936,1.7735059831698121,-0.36237093865091263,0,1,0,1
0.3075283098498786,-0.5595970097177485,-0.7343858795188523,-0.32208751101687594,-0.2555365184633201,0.7627087085758464,-0.7341050407640285,0.29177259185633153,1.3915184566129566,1,1,2,2
-0.28839529282848253,-0.5595970097177485,0.27616957364162853,-0.6179931309491915,1.212971186202147,-0.10814851899760423,-1.4454140006891936,0.6404157427536213,-0.7131488177036864,1,0,0,2
0.3273924299391569,-0.5595970097177485,-0.5322747888867561,0.4498401931543831,1.212971186202147,0.7627087085758464,1.3998218390114665,-0.5798352853868923,1.3915184566129566,0,1,1,2
1.7079487761440282,-0.5595970097177485,0.579336209589773,0.21826188190300577,0.2339660497585023,1.6335659361492971,0.6885128790863014,0.5532549550292986,0.6899626985074089,1,0,1,2
1.5688999355190767,-0.5595970097177485,0.27616957364162853,1.1317096651723282,-0.7450390866851424,1.6335659361492971,-0.022796080838863534,-0.05687055904095752,1.0407405775601828,0,2,1,2
0.7346068917693708,-0.5595970097177485,-0.7849136521768764,-1.3384589881757,1.212971186202147,-0.10814851899760423,1.3998218390114665,0.20461180413200947,-1.0639266967564602,0,1,1,2
-0.5168326738551882,2.691356382009797,1.6909472080663022,1.0416514330190143,-0.2555365184633201,-0.9790057465710549,-0.022796080838863534,-0.8413176485598592,-0.7131488177036864,0,1,1,1
0.43664509043019106,-0.5595970097177485,1.8425305260403742,1.7235209050369613,1.212971186202147,-0.10814851899760423,1.3998218390114665,0.11745101640768663,-1.765482454862008,0,1,2,2
-0.39764795331951575,-0.5595970097177485,0.07405848300953258,-0.3478184344892516,1.212971186202147,-1.8498629741445056,-1.4454140006891936,0.11745101640768663,-1.4147045758092343,0,2,1,2
1.0623648732424695,-0.5595970097177485,2.3478082526206143,1.054516894755203,0.2339660497585023,-0.10814851899760423,-1.4454140006891936,0.7275765304779435,1.3915184566129566,0,0,2,2
-0.30825941291776165,1.0658796861460242,0.579336209589773,-0.6179931309491915,0.7234686179803247,-0.10814851899760423,0.6885128790863014,-1.712925525803083,1.0407405775601828,0,1,1,2
-0.17914263233745012,-0.5595970097177485,-1.391246924073165,-0.8367059804643819,-0.2555365184633201,-0.9790057465710549,-0.7341050407640285,0.20461180413200947,0.3391848194546351,0,0,2,2
-0.6161532743015814,-0.5595970097177485,0.023530710351508263,-0.1805674319188125,-0.7450390866851424,-0.9790057465710549,-1.4454140006891936,1.7735059831698121,-1.765482454862008,0,2,1,2
-2.423788202425945,1.0658796861460242,-0.380691470912684,0.47557111662675877,-0.2555365184633201,-1.8498629741445056,-0.022796080838863534,0.7275765304779435,1.0407405775601828,0,1,0,2
0.33732448998379605,-0.5595970097177485,-0.481747016228732,-1.0811497534519472,0.7234686179803247,0.7627087085758464,-1.4454140006891936,0.7275765304779435,-1.0639266967564602,0,0,2,2
-0.07982203189105691,-0.5595970097177485,0.427752891615701,0.06387634106875359,-0.2555365184633201,-0.9790057465710549,-1.4454140006891936,-0.9284784362841814,-0.36237093865091263,0,0,0,2
0.34725655002843697,1.0658796861460242,-0.5322747888867561,-0.8495714422005689,-0.2555365184633201,-0.10814851899760423,-0.022796080838863534,1.7735059831698121,-1.4147045758092343,0,2,2,2
1.3305304944477319,-0.5595970097177485,0.8319750728798933,0.03814541759637792,0.2339660497585023,0.7627087085758464,-1.4454140006891936,1.5120236199968444,-1.0639266967564602,0,2,1,2
-0.4075800133641549,1.0658796861460242,-0.6838581068608282,0.34691649926488227,0.7234686179803247,-0.10814851899760423,-1.4454140006891936,-0.8413176485598592,-0.011593059598138786,0,1,1,2
-1.6987478191672714,-0.5595970097177485,-1.1386080607830447,-1.4928445290099523,-0.7450390866851424,-0.10814851899760423,-0.022796080838863534,-0.49267449766256943,1.3915184566129566,0,1,2,2
-0.3678517731855974,1.0658796861460242,1.2361972541440855,0.9644586626018892,-2.2135467913506095,-1.8498629741445056,-0.7341050407640285,1.3377020445482002,-0.7131488177036864,0,0,2,1
1.698016716099389,-0.5595970097177485,-0.27963592559663586,-0.07764373802930984,0.2339660497585023,1.6335659361492971,0.6885128790863014,1.7735059831698121,-1.4147045758092343,0,1,2,2
0.4664412705641085,1.0658796861460242,0.781447300221869,-0.039047352820747255,1.212971186202147,-0.10814851899760423,-1.4454140006891936,-1.2771215871814712,1.3915184566129566,0,0,1,1
1.0325686931085523,-0.5595970097177485,-0.9870247428089725,-0.20629835539118635,-0.7450390866851424,1.6335659361492971,-1.4454140006891936,-1.0156392240085041,-1.0639266967564602,0,1,2,2
-0.675745634569418,-0.5595970097177485,-0.22910815293861175,-0.8881678274091334,1.212971186202147,-0.10814851899760423,-0.7341050407640285,-0.14403134676528037,1.3915184566129566,0,1,2,2
0.6650824714568949,-0.5595970097177485,0.6298639822477969,1.221767897325642,1.212971186202147,-0.9790057465710549,-0.7341050407640285,-2.235890252149017,1.3915184566129566,0,2,2,2
0.60549011118906,-0.5595970097177485,-0.7849136521768764,-1.01682244477101,1.212971186202147,0.7627087085758464,0.6885128790863014,0.030290228683364548,-1.4147045758092343,0,1,1,2
-1.4504463180512872,-0.5595970097177485,0.427752891615701,0.6170911957248222,-1.2345416549069648,-0.10814851899760423,-1.4454140006891936,1.2505412568238783,1.3915184566129566,1,2,0,1
0.58562599109978,-0.5595970097177485,1.1856694814860618,2.3024666831654055,0.2339660497585023,0.7627087085758464,0.6885128790863014,-1.451443162630116,0.3391848194546351,1,1,1,2
-1.341193657560255,4.31683307787357,-0.5828025615447802,-1.248400756022387,0.7234686179803247,-1.8498629741445056,-0.7341050407640285,-0.5798352853868923,0.3391848194546351,0,1,0,2
-1.0134356760871561,-0.5595970097177485,-0.6333303342028043,-2.123252154083147,-0.7450390866851424,-0.9790057465710549,-1.4454140006891936,1.7735059831698121,-1.0639266967564602,0,1,1,1
1.2411419540459778,-0.5595970097177485,-0.7849136521768764,0.3211855757925066,-0.7450390866851424,-0.10814851899760423,-0.022796080838863534,-0.5798352853868923,1.3915184566129566,0,2,2,2
0.19827564935884626,1.0658796861460242,-0.3301636982546599,-0.24489474059975078,0.2339660497585023,-1.8498629741445056,-0.022796080838863534,0.29177259185633153,-1.0639266967564602,0,2,1,2
-0.2585991126945651,1.0658796861460242,-0.7343858795188523,0.5656293487800726,-1.2345416549069648,-1.8498629741445056,0.6885128790863014,0.3789333795806544,1.0407405775601828,0,1,2,1
0.6154221712336992,-0.5595970097177485,1.1856694814860618,0.6299566574610109,1.212971186202147,-0.9790057465710549,-0.022796080838863534,-0.40551370993824737,-0.36237093865091263,0,0,2,2
0.267800069671322,1.0658796861460242,-0.6333303342028043,-0.7337822865748811,0.7234686179803247,1.6335659361492971,1.3998218390114665,-0.6669960731112143,-1.0639266967564602,0,1,0,2
0.516101570787306,1.0658796861460242,0.17511402832558076,0.5270329635715083,-0.7450390866851424,0.7627087085758464,-0.022796080838863534,1.599184407721168,0.3391848194546351,0,0,0,1
0.6452183513676166,1.0658796861460242,-0.5322747888867561,-0.5922622074768159,1.212971186202147,-0.9790057465710549,-0.022796080838863534,0.6404157427536213,-1.0639266967564602,0,1,1,2
-0.9737074359085985,-0.5595970097177485,-0.6333303342028043,0.025279955860190998,0.2339660497585023,0.7627087085758464,-0.7341050407640285,0.7275765304779435,-0.011593059598138786,0,1,0,2
0.43664509043019106,1.0658796861460242,-1.391246924073165,-1.196938909077636,1.212971186202147,-0.10814851899760423,-1.4454140006891936,-0.40551370993824737,-0.7131488177036864,0,1,2,2
0.684946591546175,-0.5595970097177485,-0.026997062306515603,0.29545465232013096,1.212971186202147,0.7627087085758464,-0.022796080838863534,-0.14403134676528037,0.6899626985074089,1,0,1,2
-0.12948233211425264,-0.5595970097177485,-1.3407191514151409,-0.1805674319188125,1.212971186202147,0.7627087085758464,0.6885128790863014,-0.23119213448960244,-0.011593059598138786,0,1,2,2
0.7246748317247316,-0.5595970097177485,0.27616957364162853,0.3083201140563197,-0.7450390866851424,0.7627087085758464,-0.7341050407640285,0.3789333795806544,0.3391848194546351,0,2,1,2
1.5490358154297983,-0.5595970097177485,-0.3301636982546599,-0.37354935796162725,-1.2345416549069648,-0.10814851899760423,0.6885128790863014,0.7275765304779435,-0.7131488177036864,0,2,2,2
0.6253542312783383,1.0658796861460242,-0.9870247428089725,-0.8753023656729446,1.212971186202147,-0.9790057465710549,-1.4454140006891936,0.030290228683364548,-0.011593059598138786,0,2,1,2
-0.8147944751943688,-0.5595970097177485,-0.0775248349645397,0.38551288447344484,1.212971186202147,-0.9790057465710549,-0.7341050407640285,-1.451443162630116,1.3915184566129566,0,0,0,2
-1.589495158676239,1.0658796861460242,0.12458625566755645,-0.5536658222682533,-1.7240442231287871,-1.8498629741445056,-1.4454140006891936,-2.235890252149017,1.3915184566129566,0,2,0,1
1.022636633063913,-0.5595970097177485,0.4782806642737249,0.0767418028049405,-2.2135467913506095,-0.10814851899760423,0.6885128790863014,0.3789333795806544,1.0407405775601828,0,2,1,2
-0.1394143921588918,-0.5595970097177485,1.589891662750254,1.2603642825342047,-0.2555365184633201,0.7627087085758464,-0.022796080838863534,-0.8413176485598592,-1.0639266967564602,0,1,1,2
0.684946591546175,1.0658796861460242,-0.9870247428089725,-0.7466477483110681,1.212971186202147,-0.10814851899760423,-0.7341050407640285,0.46609416730497644,-0.36237093865091263,0,0,1,2
-1.9569813803278953,-0.5595970097177485,-0.6333303342028043,-0.5536658222682533,0.2339660497585023,-1.8498629741445056,-0.022796080838863534,-0.7541568608355372,1.3915184566129566,0,0,0,2
0.7644030719032899,-0.5595970097177485,0.5288084369317487,0.6170911957248222,0.7234686179803247,0.7627087085758464,-0.7341050407640285,0.20461180413200947,-1.0639266967564602,0,1,1,2
1.1716175337335037,-0.5595970097177485,0.7309195275638452,0.21826188190300577,-0.2555365184633201,-0.10814851899760423,-0.7341050407640285,-0.40551370993824737,-0.36237093865091263,0,2,0,2
0.5657618710105017,-0.5595970097177485,0.023530710351508263,0.38551288447344484,0.2339660497585023,-0.10814851899760423,1.3998218390114665,1.7735059831698121,-1.0639266967564602,1,0,2,2
-0.5764250341230239,-0.5595970097177485,-2.0481079686274777,-1.6600955315803914,0.2339660497585023,-0.9790057465710549,-0.7341050407640285,0.9890588936509105,-1.0639266967564602,0,2,0,2
-0.506900613810549,-0.5595970097177485,-2.0481079686274777,-1.3255935264395124,-1.2345416549069648,-0.9790057465710549,-1.4454140006891936,1.4248628322725223,0.3391848194546351,0,0,2,2
-0.04009379171249856,1.0658796861460242,-0.1280526076225638,-0.37354935796162725,-0.2555365184633201,1.6335659361492971,-1.4454140006891936,0.030290228683364548,0.6899626985074089,0,2,2,2
0.9531122127514372,-0.5595970097177485,1.0846139361700136,0.29545465232013096,1.212971186202147,0.7627087085758464,-1.4454140006891936,0.9018981059265884,-0.36237093865091263,0,2,2,2
0.47637333060874765,-0.5595970097177485,1.438308344776182,0.4498401931543831,1.212971186202147,-0.10814851899760423,-0.022796080838863534,0.11745101640768663,-1.0639266967564602,0,1,0,2
-0.2784632327838434,-0.5595970097177485,-1.7449413326793333,-1.5443063759547029,-0.7450390866851424,-0.10814851899760423,1.3998218390114665,1.599184407721168,-0.7131488177036864,0,1,0,2
0.684946591546175,-0.5595970097177485,0.427752891615701,-0.309222049280689,1.212971186202147,-0.10814851899760423,-1.4454140006891936,-0.05687055904095752,-1.0639266967564602,0,2,2,2
0.19827564935884626,-0.5595970097177485,0.427752891615701,0.9515932008657022,-0.7450390866851424,-0.9790057465710549,0.6885128790863014,-1.451443162630116,-0.36237093865091263,0,1,2,2
-1.2915333573370575,1.0658796861460242,-0.5828025615447802,-0.1291055849740612,0.2339660497585023,-0.9790057465710549,-0.022796080838863534,-2.061568676700373,1.3915184566129566,0,1,0,2
-0.46717237363199154,2.691356382009797,0.12458625566755645,-0.6308585926853802,0.7234686179803247,-0.10814851899760423,1.3998218390114665,1.7735059831698121,-0.7131488177036864,0,1,0,2
-0.0500258517571377,-0.5595970097177485,-0.27963592559663586,-1.3127280647033255,-0.7450390866851424,0.7627087085758464,-0.022796080838863534,0.5532549550292986,-0.011593059598138786,0,0,2,2
0.7346068917693708,-0.5595970097177485,1.9941138440144464,0.7071494278781362,1.212971186202147,-0.10814851899760423,-0.022796080838863534,-1.712925525803083,-0.011593059598138786,0,2,0,2
-0.0500258517571377,-0.5595970097177485,-1.2396636060990927,-0.5022039753235038,0.7234686179803247,-0.10814851899760423,-1.4454140006891936,-0.23119213448960244,-1.4147045758092343,0,2,1,2
-0.15927851224817183,-0.5595970097177485,-1.1386080607830447,-2.4320232357516507,0.2339660497585023,-0.9790057465710549,-1.4454140006891936,0.8147373182022662,1.0407405775601828,0,0,1,2
1.5391037553851592,-0.5595970097177485,1.5393638900922297,0.5270329635715083,0.7234686179803247,0.7627087085758464,0.6885128790863014,-0.6669960731112143,-1.4147045758092343,0,1,2,2
0.05922680873389467,-0.5595970097177485,-0.5322747888867561,-0.7723786717834438,0.2339660497585023,-0.9790057465710549,-0.7341050407640285,-1.189960799457149,-0.36237093865091263,0,1,2,2
1.7079487761440282,-0.5595970097177485,-0.380691470912684,0.23112734363919268,-1.2345416549069648,-0.10814851899760423,-0.7341050407640285,-1.2771215871814712,-0.011593059598138786,1,2,1,2
0.45650921051946936,-0.5595970097177485,0.781447300221869,0.42410926968200746,1.212971186202147,-0.9790057465710549,1.3998218390114665,1.2505412568238783,-0.36237093865091263,0,1,1,2
0.8239954321711248,-0.5595970097177485,-0.380691470912684,0.23112734363919268,1.212971186202147,-0.10814851899760423,0.6885128790863014,-0.7541568608355372,-1.0639266967564602,0,2,2,2
-0.41751207340879404,-0.5595970097177485,-0.5828025615447802,-0.9010332891453202,1.212971186202147,0.7627087085758464,1.3998218390114665,-0.5798352853868923,0.6899626985074089,0,1,0,2
-0.1195502720696135,-0.5595970097177485,-0.481747016228732,-0.8881678274091334,1.212971186202147,-0.9790057465710549,0.6885128790863014,-1.712925525803083,-1.0639266967564602,0,0,2,2
-0.8644547754175653,-0.5595970097177485,1.589891662750254,0.9387277391295135,-1.2345416549069648,-1.8498629741445056,0.6885128790863014,-1.625764738078761,0.6899626985074089,0,1,0,2
1.1616854736888629,-0.5595970097177485,-0.8354414248349004,-0.3864148196978142,0.7234686179803247,-0.10814851899760423,-0.7341050407640285,-0.05687055904095752,-1.4147045758092343,0,1,2,2
0.10888710895709217,1.0658796861460242,-0.27963592559663586,-0.19343289365499944,0.7234686179803247,-0.9790057465710549,1.3998218390114665,0.5532549550292986,0.6899626985074089,0,1,2,2
1.0722969332871088,-0.5595970097177485,2.145697161988519,1.929368292815963,1.212971186202147,-0.10814851899760423,-0.7341050407640285,-0.14403134676528037,1.3915184566129566,0,1,0,2
-2.334399662024191,1.0658796861460242,-2.0481079686274777,-1.01682244477101,0.2339660497585023,0.7627087085758464,0.6885128790863014,0.46609416730497644,0.6899626985074089,0,1,1,2
-0.37778383323023657,-0.5595970097177485,0.5288084369317487,-1.3384589881757,-1.7240442231287871,-0.9790057465710549,-0.022796080838863534,-1.625764738078761,1.3915184566129566,1,2,2,1
-1.26173717720314,-0.5595970097177485,0.427752891615701,-0.41214574317018987,0.2339660497585023,-0.9790057465710549,-0.022796080838863534,1.7735059831698121,-1.765482454862008,0,2,0,2
-2.672089703541929,-0.5595970097177485,0.427752891615701,-0.6437240544215672,1.212971186202147,-1.8498629741445056,-0.7341050407640285,1.3377020445482002,1.0407405775601828,1,1,2,2
0.9729763328407155,-0.5595970097177485,-0.481747016228732,-1.2998626029671376,-0.7450390866851424,0.7627087085758464,-0.022796080838863534,0.8147373182022662,-1.4147045758092343,1,1,0,2
0.14861534913564875,-0.5595970097177485,-1.0375525154669965,-0.8753023656729446,-0.2555365184633201,0.7627087085758464,-0.022796080838863534,-0.6669960731112143,-0.7131488177036864,1,0,2,2
-0.6558815144801389,1.0658796861460242,-0.0775248349645397,0.23112734363919268,-0.7450390866851424,0.7627087085758464,-0.022796080838863534,-0.23119213448960244,-0.7131488177036864,0,2,2,2
-0.8147944751943688,1.0658796861460242,-0.3301636982546599,0.282589190583944,1.212971186202147,-0.9790057465710549,1.3998218390114665,0.46609416730497644,-0.7131488177036864,1,2,2,2
-0.8743868354622045,-0.5595970097177485,-1.4923024693892128,-0.45074212837875244,0.7234686179803247,0.7627087085758464,0.6885128790863014,0.9018981059265884,-0.36237093865091263,0,1,0,2
-1.510038678319124,1.0658796861460242,-1.7449413326793333,-1.196938909077636,-1.2345416549069648,-0.9790057465710549,-0.022796080838863534,0.3789333795806544,-1.0639266967564602,0,0,0,1
-0.16921057229281097,1.0658796861460242,-0.8354414248349004,-1.2226698325500116,-0.7450390866851424,-0.10814851899760423,0.6885128790863014,0.11745101640768663,1.0407405775601828,0,2,1,2
0.3770527301623544,1.0658796861460242,-1.391246924073165,-1.2226698325500116,-0.7450390866851424,-0.9790057465710549,1.3998218390114665,-0.7541568608355372,0.3391848194546351,0,0,2,1
-0.3579197131409583,1.0658796861460242,-0.6838581068608282,-0.6179931309491915,-0.2555365184633201,0.7627087085758464,-0.7341050407640285,-1.1028000117328263,-0.36237093865091263,0,0,1,2
-0.22880293256064585,1.0658796861460242,0.4782806642737249,0.5141675018353213,-1.2345416549069648,0.7627087085758464,-0.7341050407640285,0.030290228683364548,-1.4147045758092343,0,2,2,2
1.7079487761440282,-0.5595970097177485,-0.17858038028058765,0.4369747314181962,1.212971186202147,1.6335659361492971,-0.7341050407640285,0.11745101640768663,-1.4147045758092343,0,0,2,2
-0.7949303551050896,-0.5595970097177485,-0.481747016228732,-0.5022039753235038,0.7234686179803247,-0.10814851899760423,-0.022796080838863534,-0.23119213448960244,1.0407405775601828,0,1,1,2
-1.9172531401493378,1.0658796861460242,-1.593358014705261,-1.608633684635641,0.7234686179803247,-1.8498629741445056,-0.022796080838863534,-1.189960799457149,-0.7131488177036864,0,1,1,2
1.7079487761440282,-0.5595970097177485,-0.7343858795188523,0.7714767365590743,-0.7450390866851424,1.6335659361492971,-0.7341050407640285,0.5532549550292986,-1.4147045758092343,0,1,0,2
-2.264875241711715,-0.5595970097177485,-2.0481079686274777,-1.3127280647033255,-1.2345416549069648,-0.9790057465710549,1.3998218390114665,0.7275765304779435,0.6899626985074089,0,1,2,2
0.6948786515908142,-0.5595970097177485,-1.542830242047237,-1.8788083810955818,1.212971186202147,-0.10814851899760423,1.3998218390114665,-0.40551370993824737,-1.0639266967564602,0,1,1,2
-0.7154738747479755,-0.5595970097177485,0.17511402832558076,0.14106911148587875,-1.7240442231287871,-0.10814851899760423,-1.4454140006891936,0.6404157427536213,-0.011593059598138786,0,1,2,1
0.11881916900173131,-0.5595970097177485,-0.5828025615447802,-0.026181891084560337,0.7234686179803247,0.7627087085758464,0.6885128790863014,-0.23119213448960244,-0.011593059598138786,0,1,2,2
0.17841152926956796,-0.5595970097177485,-0.17858038028058765,-0.20629835539118635,1.212971186202147,0.7627087085758464,-1.4454140006891936,1.599184407721168,-0.011593059598138786,0,0,0,2
1.7079487761440282,-0.5595970097177485,-1.6438857873632853,-2.213310386236461,0.2339660497585023,1.6335659361492971,0.6885128790863014,-0.7541568608355372,-0.36237093865091263,0,2,1,2
1.7079487761440282,-0.5595970097177485,0.6803917549058213,-0.6823204396301298,-0.7450390866851424,0.7627087085758464,1.3998218390114665,1.599184407721168,-0.7131488177036864,0,1,0,2
0.5756939310551409,-0.5595970097177485,-0.22910815293861175,-1.2998626029671376,1.212971186202147,-0.9790057465710549,0.6885128790863014,-0.23119213448960244,1.0407405775601828,0,0,1,2
0.4863053906533868,-0.5595970097177485,0.5288084369317487,0.7457458130866987,1.212971186202147,-0.9790057465710549,0.6885128790863014,-0.8413176485598592,-0.36237093865091263,1,1,1,2
1.0921610533763888,-0.5595970097177485,0.427752891615701,0.4498401931543831,-1.7240442231287871,0.7627087085758464,-0.022796080838863534,-0.3183529222139253,-1.765482454862008,0,2,1,2
0.12875122904637046,-0.5595970097177485,0.27616957364162853,-0.2191638171273751,-2.2135467913506095,-0.9790057465710549,0.6885128790863014,-1.1028000117328263,1.3915184566129566,0,0,2,1
0.03936268864461638,-0.5595970097177485,-0.9870247428089725,0.5527638870438839,-0.7450390866851424,-0.10814851899760423,-0.022796080838863534,0.8147373182022662,1.0407405775601828,1,1,0,2
-0.5366967939444665,-0.5595970097177485,0.27616957364162853,0.1925309584306301,-1.2345416549069648,-0.10814851899760423,1.3998218390114665,-1.625764738078761,-0.36237093865091263,0,1,2,2
0.06915886877853382,-0.5595970097177485,0.427752891615701,-0.7080513631025055,-0.2555365184633201,1.6335659361492971,-1.4454140006891936,1.5120236199968444,1.0407405775601828,0,0,2,2
0.17841152926956796,2.691356382009797,-1.4923024693892128,-1.4542481438013888,-2.2135467913506095,0.7627087085758464,-0.022796080838863534,0.030290228683364548,-0.36237093865091263,0,0,2,1
-0.5168326738551882,1.0658796861460242,0.5288084369317487,0.3083201140563197,-1.7240442231287871,-0.9790057465710549,-0.7341050407640285,0.29177259185633153,-1.0639266967564602,0,2,2,1
-0.1195502720696135,-0.5595970097177485,0.27616957364162853,0.6170911957248222,-2.2135467913506095,-1.8498629741445056,-1.4454140006891936,-0.5798352853868923,1.3915184566129566,0,1,2,1
-0.6956097546586963,1.0658796861460242,1.4888361174342057,1.2860952060065804,-1.2345416549069648,0.7627087085758464,-0.022796080838863534,0.3789333795806544,-0.011593059598138786,1,2,1,1
-1.7881363595690254,-0.5595970097177485,-0.27963592559663586,0.25685826711156834,1.212971186202147,-1.8498629741445056,-0.7341050407640285,-1.451443162630116,-0.36237093865091263,0,2,1,2
0.7842671919925682,1.0658796861460242,0.4782806642737249,-0.6179931309491915,0.7234686179803247,-0.10814851899760423,-0.022796080838863534,-1.0156392240085041,-1.0639266967564602,0,2,0,2
-1.1624165767567458,1.0658796861460242,0.3266973462996528,0.6299566574610109,-1.7240442231287871,-0.10814851899760423,-0.022796080838863534,-0.49267449766256943,-0.36237093865091263,1,0,2,1
-1.1425524566674676,1.0658796861460242,-0.27963592559663586,0.205396420166817,0.7234686179803247,-1.8498629741445056,1.3998218390114665,-0.7541568608355372,1.0407405775601828,0,2,1,1
-1.3709898376941725,2.691356382009797,-1.8459968779953813,-1.2355352942861992,0.7234686179803247,-0.10814851899760423,-0.022796080838863534,1.3377020445482002,-0.011593059598138786,0,1,1,1
-1.341193657560255,1.0658796861460242,-0.5828025615447802,-1.0039569830348212,-0.2555365184633201,-0.9790057465710549,-1.4454140006891936,-0.7541568608355372,-0.011593059598138786,0,1,1,1
-0.020229671623220265,-0.5595970097177485,0.22564180098360465,1.1703060503808909,0.7234686179803247,0.7627087085758464,1.3998218390114665,-0.49267449766256943,-0.36237093865091263,0,0,2,2
0.1883435893142071,1.0658796861460242,1.3877805721181578,1.4533462085770195,0.7234686179803247,0.7627087085758464,0.6885128790863014,-0.49267449766256943,-1.0639266967564602,1,2,0,2
-0.17914263233745012,-0.5595970097177485,-0.1280526076225638,0.3597819610010692,-0.2555365184633201,-0.10814851899760423,-1.4454140006891936,-0.23119213448960244,-0.36237093865091263,0,1,2,2
0.4267130303855519,-0.5595970097177485,1.438308344776182,1.659193596356023,1.212971186202147,0.7627087085758464,0.6885128790863014,-0.8413176485598592,-0.7131488177036864,1,0,2,2
-0.3877158932748766,1.0658796861460242,-0.5828025615447802,0.14106911148587875,-0.2555365184633201,-0.9790057465710549,-0.7341050407640285,0.8147373182022662,1.3915184566129566,0,1,2,1
-0.8247265352390079,-0.5595970097177485,0.023530710351508263,-1.8016156106784558,-2.2135467913506095,-0.10814851899760423,-0.7341050407640285,-0.14403134676528037,-0.36237093865091263,1,1,0,1
-1.9271852001939769,1.0658796861460242,-1.391246924073165,-1.1454770621328854,0.2339660497585023,-0.10814851899760423,-1.4454140006891936,0.030290228683364548,1.3915184566129566,0,2,0,2
0.09895504891245302,-0.5595970097177485,1.79200275338235,1.5562699024665203,-0.7450390866851424,1.6335659361492971,-1.4454140006891936,-0.05687055904095752,1.0407405775601828,0,2,1,2
1.7079487761440282,-0.5595970097177485,1.1351417088280373,1.1059787416999525,0.7234686179803247,0.7627087085758464,1.3998218390114665,-0.23119213448960244,0.3391848194546351,0,2,2,2
0.49623745069802594,-0.5595970097177485,1.3877805721181578,1.2603642825342047,0.7234686179803247,-0.9790057465710549,1.3998218390114665,0.5532549550292986,1.3915184566129566,0,2,2,2
-0.5168326738551882,-0.5595970097177485,-1.7954691053373573,-1.171207985605261,-0.7450390866851424,-0.10814851899760423,-0.022796080838863534,0.46609416730497644,1.0407405775601828,0,0,2,2
-0.8743868354622045,-0.5595970097177485,-0.380691470912684,-0.3606838962254385,-2.703049359572432,0.7627087085758464,1.3998218390114665,0.7275765304779435,0.3391848194546351,1,0,2,2
-1.6490875189440746,1.0658796861460242,-2.0481079686274777,-1.956001151512708,-0.2555365184633201,0.7627087085758464,-1.4454140006891936,0.8147373182022662,1.3915184566129566,0,1,1,2
1.698016716099389,-0.5595970097177485,0.427752891615701,0.0767418028049405,1.212971186202147,1.6335659361492971,1.3998218390114665,-0.5798352853868923,-0.7131488177036864,0,1,2,2
1.022636633063913,-0.5595970097177485,1.7414749807243262,0.26972372884775525,0.7234686179803247,1.6335659361492971,1.3998218390114665,-0.05687055904095752,-0.36237093865091263,1,1,2,2
1.6483564158761916,-0.5595970097177485,1.9941138440144464,1.4276152851046437,0.7234686179803247,0.7627087085758464,1.3998218390114665,-2.148729464424695,1.3915184566129566,0,2,1,2
1.022636633063913,-0.5595970097177485,-0.27963592559663586,-0.039047352820747255,0.7234686179803247,-0.10814851899760423,-1.4454140006891936,1.0762196813752325,1.3915184566129566,0,1,2,2
-1.768272239479747,-0.5595970097177485,0.07405848300953258,-0.8495714422005689,-0.2555365184633201,-0.10814851899760423,-1.4454140006891936,0.8147373182022662,-0.011593059598138786,0,0,1,2
1.3702587346262902,-0.5595970097177485,-1.0375525154669965,-0.5022039753235038,0.7234686179803247,0.7627087085758464,-1.4454140006891936,1.2505412568238783,0.3391848194546351,0,0,1,2
0.11881916900173131,-0.5595970097177485,0.07405848300953258,-0.7981095952558194,-0.2555365184633201,-1.8498629741445056,-1.4454140006891936,1.599184407721168,1.3915184566129566,0,2,1,2
-0.16921057229281097,-0.5595970097177485,-0.481747016228732,-0.039047352820747255,0.7234686179803247,-0.9790057465710549,-0.022796080838863534,-1.2771215871814712,0.3391848194546351,0,2,0,2
-0.08975409193569606,-0.5595970097177485,-0.5322747888867561,-0.9010332891453202,0.7234686179803247,0.7627087085758464,-0.022796080838863534,0.9890588936509105,0.6899626985074089,0,1,2,2
-0.924047135685402,-0.5595970097177485,1.5393638900922297,0.6942839661419492,-0.7450390866851424,-0.9790057465710549,-0.022796080838863534,-1.5386039503544382,-1.0639266967564602,0,2,0,2
1.608628175697635,-0.5595970097177485,-0.27963592559663586,-0.8753023656729446,-1.2345416549069648,0.7627087085758464,-1.4454140006891936,-0.14403134676528037,-1.765482454862008,0,1,2,2
0.11881916900173131,-0.5595970097177485,-0.6333303342028043,0.14106911148587875,-0.2555365184633201,0.7627087085758464,1.3998218390114665,-2.497372615321985,1.3915184566129566,1,1,1,2
1.2610060741352578,-0.5595970097177485,-2.0481079686274777,-1.171207985605261,-1.2345416549069648,1.6335659361492971,0.6885128790863014,1.7735059831698121,0.3391848194546351,1,1,2,2
0.416780970340911,-0.5595970097177485,1.2867250268021095,0.3597819610010692,1.212971186202147,-1.8498629741445056,1.3998218390114665,-0.05687055904095752,-0.36237093865091263,0,0,2,2
0.1386832890910096,-0.5595970097177485,0.023530710351508263,0.1925309584306301,0.7234686179803247,0.7627087085758464,-0.7341050407640285,0.9890588936509105,1.3915184566129566,0,0,1,2
1.4993755152066008,-0.5595970097177485,0.781447300221869,-0.16770197018262376,1.212971186202147,0.7627087085758464,-0.022796080838863534,-0.05687055904095752,1.3915184566129566,0,2,1,2
0.5260336308319451,-0.5595970097177485,0.17511402832558076,0.7843421982952613,-0.7450390866851424,1.6335659361492971,0.6885128790863014,0.5532549550292986,-1.4147045758092343,0,2,1,2
-2.572769103095535,1.0658796861460242,0.6803917549058213,0.6042257339886353,0.7234686179803247,-1.8498629741445056,0.6885128790863014,-0.40551370993824737,-0.36237093865091263,0,1,2,2
-0.6260853343462205,1.0658796861460242,-2.0481079686274777,-1.7501537637337055,-0.7450390866851424,0.7627087085758464,-0.7341050407640285,0.9018981059265884,-1.0639266967564602,1,0,1,2
0.2876641897606003,-0.5595970097177485,0.427752891615701,1.3504225146875186,-1.2345416549069648,0.7627087085758464,1.3998218390114665,0.29177259185633153,0.6899626985074089,0,0,2,2
-0.7353379948372538,-0.5595970097177485,-0.9364969701509483,0.16680003495825443,-1.7240442231287871,0.7627087085758464,0.6885128790863014,-1.712925525803083,1.3915184566129566,0,1,0,1
1.0524328131978304,1.0658796861460242,-0.17858038028058765,-1.1197461386605108,-1.2345416549069648,-0.10814851899760423,-0.7341050407640285,-1.5386039503544382,-1.0639266967564602,0,2,1,2
1.3106663743584535,-0.5595970097177485,-0.4312192435707079,0.6814185044057605,0.7234686179803247,1.6335659361492971,0.6885128790863014,0.6404157427536213,-1.765482454862008,0,1,2,2
-1.2120768769799435,-0.5595970097177485,-0.7849136521768764,-1.184073447341449,-1.7240442231287871,-1.8498629741445056,-0.022796080838863534,1.1633804690995562,0.6899626985074089,0,2,2,1
0.9332480926621589,1.0658796861460242,2.3478082526206143,2.3667939918463436,0.7234686179803247,0.7627087085758464,-0.7341050407640285,1.7735059831698121,1.3915184566129566,0,1,1,2
0.08902298886781211,-0.5595970097177485,0.9835583908539653,0.33405103752869353,0.7234686179803247,-0.10814851899760423,-0.022796080838863534,-1.5386039503544382,-0.36237093865091263,1,0,1,2
-1.6192913388101564,-0.5595970097177485,-2.0481079686274777,-2.3805613888069,0.7234686179803247,-0.10814851899760423,-0.7341050407640285,0.8147373182022662,0.6899626985074089,0,2,1,2
-1.0630959763103527,-0.5595970097177485,1.3372527994601338,1.06738235649139,0.2339660497585023,-0.9790057465710549,-0.7341050407640285,0.9018981059265884,-0.011593059598138786,0,2,1,2
-1.519970738363763,-0.5595970097177485,-0.9364969701509483,-1.77588468720608,0.7234686179803247,-0.9790057465710549,-0.7341050407640285,-0.5798352853868923,-0.011593059598138786,1,1,2,2
1.4099869748048468,-0.5595970097177485,-0.481747016228732,0.03814541759637792,0.2339660497585023,0.7627087085758464,-0.7341050407640285,-1.1028000117328263,-0.011593059598138786,0,0,2,2
0.1585474091802879,-0.5595970097177485,-1.7954691053373573,-1.7630192254698933,-1.2345416549069648,-0.10814851899760423,-0.022796080838863534,-0.49267449766256943,-1.0639266967564602,0,1,2,2
0.3075283098498786,-0.5595970097177485,-0.5322747888867561,-0.5022039753235038,1.212971186202147,-0.9790057465710549,1.3998218390114665,0.20461180413200947,-0.7131488177036864,0,2,1,2
-1.0829600963996309,2.691356382009797,0.22564180098360465,-0.4378766666425655,0.7234686179803247,-1.8498629741445056,0.6885128790863014,1.4248628322725223,1.3915184566129566,1,0,2,2
1.4199190348494877,-0.5595970097177485,0.22564180098360465,0.34691649926488227,1.212971186202147,0.7627087085758464,-0.022796080838863534,1.1633804690995562,0.6899626985074089,0,0,0,2
0.3770527301623544,-0.5595970097177485,0.12458625566755645,0.23112734363919268,-0.2555365184633201,-0.9790057465710549,0.6885128790863014,1.4248628322725223,-0.36237093865091263,0,1,1,2
0.4267130303855519,-0.5595970097177485,0.8825028455379171,1.6849245198283969,-1.2345416549069648,-0.9790057465710549,0.6885128790863014,-0.7541568608355372,-0.011593059598138786,0,1,2,2
1.0425007531531914,-0.5595970097177485,1.2867250268021095,0.39837834620963175,-0.7450390866851424,1.6335659361492971,1.3998218390114665,-0.05687055904095752,1.0407405775601828,0,1,1,2
-1.678883699077993,4.31683307787357,-0.026997062306515603,-0.5022039753235038,1.212971186202147,-0.9790057465710549,0.6885128790863014,-1.712925525803083,1.3915184566129566,0,1,0,1
-1.5001066182744849,2.691356382009797,-1.3407191514151409,-1.3127280647033255,0.7234686179803247,0.7627087085758464,0.6885128790863014,1.2505412568238783,1.3915184566129566,0,0,2,2
-1.1425524566674676,-0.5595970097177485,0.6298639822477969,0.10247272627731617,-2.2135467913506095,-1.8498629741445056,-1.4454140006891936,-1.9744078889760501,0.6899626985074089,0,0,0,2
-0.1394143921588918,1.0658796861460242,0.6803917549058213,0.3083201140563197,-0.7450390866851424,0.7627087085758464,-1.4454140006891936,-1.712925525803083,-1.0639266967564602,0,2,1,2
0.9034519125282398,-0.5595970097177485,0.8825028455379171,0.9258622773933266,-0.7450390866851424,0.7627087085758464,-1.4454140006891936,1.1633804690995562,-1.4147045758092343,1,2,0,2
0.8438595522604049,-0.5595970097177485,-0.9870247428089725,-0.9524951360900715,0.7234686179803247,1.6335659361492971,-1.4454140006891936,1.7735059831698121,0.3391848194546351,0,1,1,2
1.3702587346262902,1.0658796861460242,0.781447300221869,-0.5150694370596907,0.7234686179803247,-0.10814851899760423,-0.022796080838863534,-0.23119213448960244,-1.0639266967564602,0,1,1,2
-1.4603783780959274,4.31683307787357,0.27616957364162853,-0.039047352820747255,1.212971186202147,-0.10814851899760423,-1.4454140006891936,-0.05687055904095752,0.3391848194546351,0,0,0,1
1.7079487761440282,-0.5595970097177485,-0.7849136521768764,-1.1326116003966975,0.7234686179803247,1.6335659361492971,-1.4454140006891936,0.29177259185633153,-1.765482454862008,0,2,0,2
1.0127045730192739,-0.5595970097177485,-1.9470524233114292,-1.184073447341449,-0.2555365184633201,-0.10814851899760423,-0.7341050407640285,-0.3183529222139253,0.6899626985074089,0,1,1,2
-1.2418730571138608,1.0658796861460242,-1.391246924073165,-0.46360759011493935,-1.7240442231287871,-0.9790057465710549,0.6885128790863014,-0.49267449766256943,1.3915184566129566,1,1,0,1
-0.3479876530963191,-0.5595970097177485,0.8825028455379171,0.8486695069761996,0.7234686179803247,-1.8498629741445056,-0.022796080838863534,-1.625764738078761,0.6899626985074089,0,0,2,2
-0.7750662350158113,2.691356382009797,1.6909472080663022,0.7457458130866987,0.7234686179803247,-0.10814851899760423,-1.4454140006891936,0.29177259185633153,-1.4147045758092343,0,0,2,2
0.1386832890910096,1.0658796861460242,-1.2901913787571169,-0.309222049280689,1.212971186202147,0.7627087085758464,-1.4454140006891936,-0.40551370993824737,-1.4147045758092343,0,2,1,1
-0.46717237363199154,1.0658796861460242,-0.0775248349645397,0.08960726454112926,-1.7240442231287871,-0.9790057465710549,-0.7341050407640285,-1.0156392240085041,0.6899626985074089,0,2,2,1
-1.0035036160425168,2.691356382009797,0.27616957364162853,-0.039047352820747255,-2.2135467913506095,-0.9790057465710549,-1.4454140006891936,-0.9284784362841814,1.3915184566129566,0,2,2,1
-0.000365551533941971,-0.5595970097177485,0.12458625566755645,0.29545465232013096,0.2339660497585023,-0.10814851899760423,0.6885128790863014,0.9890588936509105,-0.011593059598138786,0,2,1,2
0.21813976944812455,-0.5595970097177485,-1.0880802881250207,-0.19343289365499944,-0.7450390866851424,-0.9790057465710549,-0.7341050407640285,-0.3183529222139253,-0.7131488177036864,0,1,1,2
0.2876641897606003,1.0658796861460242,-1.0375525154669965,-1.0554188299795724,0.2339660497585023,-0.9790057465710549,1.3998218390114665,-0.8413176485598592,0.6899626985074089,0,2,1,2
0.03936268864461638,-0.5595970097177485,-1.2901913787571169,-2.058924845402209,-1.2345416549069648,-0.9790057465710549,0.6885128790863014,0.9890588936509105,-0.36237093865091263,0,0,0,2
0.5458977509212234,-0.5595970097177485,0.07405848300953258,1.0802478182275788,1.212971186202147,-0.10814851899760423,-0.022796080838863534,0.030290228683364548,-1.765482454862008,0,0,1,2
-0.9637753758639594,4.31683307787357,0.22564180098360465,1.0159205095466406,1.212971186202147,-0.10814851899760423,-0.7341050407640285,0.3789333795806544,0.6899626985074089,0,0,1,1
-0.22880293256064585,1.0658796861460242,-1.4417746967311889,-1.4928445290099523,-1.7240442231287871,-0.10814851899760423,0.6885128790863014,0.3789333795806544,-1.0639266967564602,0,1,0,1
1.2709381341798969,1.0658796861460242,1.8425305260403742,1.8521755223988379,0.2339660497585023,0.7627087085758464,1.3998218390114665,-1.189960799457149,1.3915184566129566,0,0,2,2
0.7743351319479291,1.0658796861460242,0.12458625566755645,0.5141675018353213,-0.2555365184633201,0.7627087085758464,-0.022796080838863534,-1.0156392240085041,-0.36237093865091263,0,1,2,2
-0.1990067524267284,1.0658796861460242,-0.481747016228732,-0.16770197018262376,1.212971186202147,-0.10814851899760423,-0.022796080838863534,1.2505412568238783,-0.36237093865091263,0,2,2,2
1.5391037553851592,-0.5595970097177485,0.8319750728798933,0.34691649926488227,-0.2555365184633201,0.7627087085758464,-0.7341050407640285,-0.7541568608355372,0.6899626985074089,0,1,2,2
-1.172348636801386,1.0658796861460242,2.398336025278639,1.6463281346198342,-1.2345416549069648,-0.9790057465710549,0.6885128790863014,-0.40551370993824737,-0.011593059598138786,0,2,2,2
-1.7285439993011895,1.0658796861460242,-0.6333303342028043,-0.7080513631025055,0.2339660497585023,-1.8498629741445056,-1.4454140006891936,-1.2771215871814712,1.3915184566129566,1,0,2,1
1.5788319955637158,-0.5595970097177485,0.07405848300953258,1.2860952060065804,0.7234686179803247,1.6335659361492971,0.6885128790863014,-0.7541568608355372,-0.011593059598138786,1,1,2,2
-1.0432318562210734,1.0658796861460242,0.023530710351508263,-0.1805674319188125,1.212971186202147,-0.9790057465710549,-0.7341050407640285,-0.49267449766256943,0.6899626985074089,0,2,0,2
-1.0730280363549918,1.0658796861460242,1.3877805721181578,0.34691649926488227,0.2339660497585023,-0.10814851899760423,0.6885128790863014,1.1633804690995562,-0.7131488177036864,0,2,2,2
0.6452183513676166,1.0658796861460242,0.07405848300953258,0.6042257339886353,0.7234686179803247,-0.10814851899760423,-1.4454140006891936,-0.14403134676528037,1.3915184566129566,1,2,1,2
1.1517534136442238,-0.5595970097177485,1.6909472080663022,0.205396420166817,0.2339660497585023,0.7627087085758464,-0.022796080838863534,1.4248628322725223,-0.36237093865091263,0,1,0,2
0.853791612305044,-0.5595970097177485,-1.4417746967311889,-0.8624369039367576,1.212971186202147,0.7627087085758464,-0.022796080838863534,1.7735059831698121,-1.4147045758092343,1,0,2,2
-2.533040862916977,-0.5595970097177485,0.427752891615701,-0.5022039753235038,-0.7450390866851424,-0.9790057465710549,0.6885128790863014,1.0762196813752325,1.0407405775601828,0,1,0,1
-0.2585991126945651,-0.5595970097177485,1.9435860713564224,1.7878482137178995,-2.2135467913506095,0.7627087085758464,-1.4454140006891936,0.11745101640768663,0.6899626985074089,0,0,0,2
1.6185602357422741,1.0658796861460242,2.4488637979366628,2.5726413796253453,0.2339660497585023,0.7627087085758464,0.6885128790863014,0.7275765304779435,-0.36237093865091263,0,0,1,2
1.3205984344030928,-0.5595970097177485,-0.4312192435707079,0.08960726454112926,-0.2555365184633201,0.7627087085758464,0.6885128790863014,0.030290228683364548,-0.7131488177036864,1,0,2,2
-0.6558815144801389,-0.5595970097177485,-0.27963592559663586,-0.6823204396301298,-2.703049359572432,-0.9790057465710549,0.6885128790863014,-1.887247101251728,1.3915184566129566,0,1,2,2
0.7941992520372074,-0.5595970097177485,1.9435860713564224,0.8615349687123883,0.2339660497585023,1.6335659361492971,0.6885128790863014,-0.6669960731112143,0.6899626985074089,1,0,0,2
0.4863053906533868,1.0658796861460242,-0.380691470912684,-0.33495297275306285,1.212971186202147,1.6335659361492971,1.3998218390114665,-0.9284784362841814,1.3915184566129566,0,0,2,2
-1.5299027984084022,1.0658796861460242,-0.5322747888867561,-0.8753023656729446,-0.2555365184633201,-0.9790057465710549,-1.4454140006891936,1.7735059831698121,-0.011593059598138786,0,1,1,2
-0.24866705264992592,1.0658796861460242,-0.9364969701509483,-0.9782260595624453,-0.2555365184633201,-0.9790057465710549,0.6885128790863014,1.1633804690995562,-0.7131488177036864,0,2,1,2
-1.579563098631599,1.0658796861460242,-1.0880802881250207,-0.45074212837875244,1.212971186202147,-0.10814851899760423,-0.7341050407640285,0.46609416730497644,-1.0639266967564602,0,1,0,2
0.6154221712336992,-0.5595970097177485,-0.22910815293861175,1.2474988207980178,1.212971186202147,0.7627087085758464,1.3998218390114665,0.9018981059265884,-0.7131488177036864,0,0,0,2
-1.8775248999707803,1.0658796861460242,-1.694413560021309,-1.171207985605261,0.2339660497585023,-0.9790057465710549,-0.7341050407640285,-1.9744078889760501,-0.7131488177036864,0,0,1,2
-0.06988997184641599,-0.5595970097177485,-0.6333303342028043,-0.8624369039367576,-1.2345416549069648,0.7627087085758464,1.3998218390114665,0.8147373182022662,-0.011593059598138786,1,0,2,2
0.6154221712336992,-0.5595970097177485,1.589891662750254,1.9679646780245255,0.2339660497585023,-0.10814851899760423,0.6885128790863014,0.9890588936509105,0.6899626985074089,0,2,0,1
-1.0432318562210734,-0.5595970097177485,0.8825028455379171,1.3504225146875186,-1.2345416549069648,0.7627087085758464,1.3998218390114665,-2.32305103987334,0.3391848194546351,0,2,1,2
0.08902298886781211,2.691356382009797,0.22564180098360465,0.8615349687123883,-1.2345416549069648,0.7627087085758464,0.6885128790863014,-1.451443162630116,1.3915184566129566,1,1,1,1
-0.22880293256064585,-0.5595970097177485,-0.1280526076225638,1.1059787416999525,-0.2555365184633201,-1.8498629741445056,1.3998218390114665,-2.061568676700373,1.3915184566129566,0,2,0,1
-1.0630959763103527,-0.5595970097177485,-0.7849136521768764,-2.1747140010278976,-0.7450390866851424,-0.10814851899760423,0.6885128790863014,1.4248628322725223,-0.7131488177036864,0,1,2,2
-0.7353379948372538,-0.5595970097177485,-2.0481079686274777,-1.621499146371829,0.7234686179803247,-0.10814851899760423,1.3998218390114665,-1.0156392240085041,-0.36237093865091263,0,2,1,2
-0.46717237363199154,1.0658796861460242,-0.3301636982546599,0.10247272627731617,-2.703049359572432,-0.10814851899760423,-1.4454140006891936,1.0762196813752325,1.3915184566129566,0,0,2,1
1.002772512974633,-0.5595970097177485,2.4993915705946868,2.16094660406734,0.7234686179803247,-0.10814851899760423,-0.022796080838863534,-0.3183529222139253,-1.4147045758092343,0,2,0,2
1.7079487761440282,-0.5595970097177485,0.6298639822477969,0.7457458130866987,0.2339660497585023,1.6335659361492971,0.6885128790863014,-0.14403134676528037,0.3391848194546351,0,1,2,2
-0.24866705264992592,-0.5595970097177485,-0.1280526076225638,-0.3864148196978142,-0.2555365184633201,-0.9790057465710549,-0.7341050407640285,-0.14403134676528037,1.3915184566129566,0,1,1,2
-1.1028242164889102,-0.5595970097177485,0.22564180098360465,0.5013020400991345,1.212971186202147,-0.9790057465710549,-0.022796080838863534,-0.23119213448960244,-0.36237093865091263,0,1,0,2
0.4465771504748302,-0.5595970097177485,-0.7343858795188523,-0.8109750569920063,-0.7450390866851424,-0.10814851899760423,-1.4454140006891936,0.11745101640768663,0.3391848194546351,0,2,1,2
-1.5596989785423205,1.0658796861460242,-0.0775248349645397,-0.7337822865748811,-1.2345416549069648,-0.9790057465710549,0.6885128790863014,-0.49267449766256943,1.0407405775601828,0,0,1,1
0.21813976944812455,-0.5595970097177485,-0.380691470912684,0.6942839661419492,-1.2345416549069648,0.7627087085758464,1.3998218390114665,0.3789333795806544,1.0407405775601828,1,1,0,2
1.0623648732424695,-0.5595970097177485,-1.542830242047237,-0.6308585926853802,0.7234686179803247,0.7627087085758464,-0.022796080838863534,0.3789333795806544,-0.36237093865091263,0,2,0,2
0.853791612305044,-0.5595970097177485,-0.5828025615447802,-2.8308525495734678,0.2339660497585023,0.7627087085758464,-0.022796080838863534,1.7735059831698121,-0.7131488177036864,0,1,2,2
-0.8147944751943688,-0.5595970097177485,-0.1280526076225638,-0.8109750569920063,-0.7450390866851424,-0.9790057465710549,-1.4454140006891936,-0.40551370993824737,-0.7131488177036864,1,1,2,2
-0.020229671623220265,-0.5595970097177485,0.427752891615701,0.06387634106875359,-0.2555365184633201,-0.10814851899760423,1.3998218390114665,-0.14403134676528037,0.3391848194546351,1,2,1,2
-0.4075800133641549,-0.5595970097177485,-0.22910815293861175,-0.9782260595624453,0.7234686179803247,-0.10814851899760423,1.3998218390114665,-1.1028000117328263,1.0407405775601828,0,1,2,2
0.4267130303855519,-0.5595970097177485,0.17511402832558076,0.25685826711156834,1.212971186202147,0.7627087085758464,-0.7341050407640285,-2.584533403046307,0.3391848194546351,0,2,0,2
0.8935198524836006,-0.5595970097177485,0.27616957364162853,0.42410926968200746,1.212971186202147,1.6335659361492971,-0.022796080838863534,1.1633804690995562,-0.011593059598138786,1,1,2,2
0.12875122904637046,2.691356382009797,-0.481747016228732,-0.6951859013663185,-0.2555365184633201,-0.10814851899760423,-1.4454140006891936,-0.7541568608355372,0.3391848194546351,1,1,2,2
-0.3380555930516791,-0.5595970097177485,0.6298639822477969,-0.4764730518511281,-0.7450390866851424,-0.10814851899760423,0.6885128790863014,0.20461180413200947,-1.765482454862008,0,1,2,2
-0.18907469238208927,-0.5595970097177485,-0.6333303342028043,-0.2706256640721246,-1.2345416549069648,-0.10814851899760423,0.6885128790863014,-0.49267449766256943,-1.0639266967564602,0,2,1,2
-0.914115075640762,-0.5595970097177485,-0.9870247428089725,-0.309222049280689,1.212971186202147,-0.9790057465710549,-1.4454140006891936,-0.8413176485598592,-0.011593059598138786,0,2,0,2
0.9133839725728788,-0.5595970097177485,0.27616957364162853,0.8486695069761996,0.7234686179803247,1.6335659361492971,-1.4454140006891936,1.0762196813752325,0.3391848194546351,0,0,1,2
-0.4771044336766307,-0.5595970097177485,-0.0775248349645397,-0.8495714422005689,-2.2135467913506095,-0.10814851899760423,0.6885128790863014,-1.1028000117328263,1.3915184566129566,1,1,2,2
-0.44730825354271236,-0.5595970097177485,-0.7849136521768764,-0.2191638171273751,-0.2555365184633201,0.7627087085758464,0.6885128790863014,0.3789333795806544,0.3391848194546351,0,1,2,2
0.19827564935884626,-0.5595970097177485,0.6803917549058213,1.7106554433007726,-1.7240442231287871,0.7627087085758464,-0.7341050407640285,-0.8413176485598592,-1.4147045758092343,0,1,2,2
0.267800069671322,-0.5595970097177485,-0.22910815293861175,-0.8238405187281951,0.2339660497585023,0.7627087085758464,-1.4454140006891936,0.20461180413200947,-1.0639266967564602,0,1,2,2
-0.000365551533941971,1.0658796861460242,1.589891662750254,1.2989606677427674,1.212971186202147,-0.10814851899760423,-0.7341050407640285,-0.9284784362841814,1.0407405775601828,0,0,0,2
-0.7353379948372538,-0.5595970097177485,1.1351417088280373,0.8615349687123883,-0.2555365184633201,-0.9790057465710549,1.3998218390114665,0.5532549550292986,-0.011593059598138786,0,1,0,2
1.7079487761440282,-0.5595970097177485,-0.1280526076225638,-0.6565895161577542,0.7234686179803247,1.6335659361492971,-1.4454140006891936,-0.23119213448960244,0.6899626985074089,1,2,1,2
0.1386832890910096,-0.5595970097177485,0.427752891615701,-0.19343289365499944,0.2339660497585023,-0.9790057465710549,1.3998218390114665,1.1633804690995562,-1.0639266967564602,1,1,0,2
0.4267130303855519,1.0658796861460242,-1.7449413326793333,-1.8402119958870184,-0.2555365184633201,0.7627087085758464,-0.022796080838863534,0.9890588936509105,0.3391848194546351,0,2,2,2
0.6352862913229775,-0.5595970097177485,-1.2901913787571169,-0.5922622074768159,0.2339660497585023,1.6335659361492971,1.3998218390114665,0.6404157427536213,-0.7131488177036864,0,0,2,2
-0.4572403135873515,-0.5595970097177485,1.1351417088280373,0.8872658921847639,-1.2345416549069648,-0.9790057465710549,1.3998218390114665,0.6404157427536213,-0.011593059598138786,0,0,2,2
0.5458977509212234,-0.5595970097177485,1.3877805721181578,-0.20629835539118635,0.2339660497585023,0.7627087085758464,-0.022796080838863534,-0.3183529222139253,1.0407405775601828,0,2,1,2
-0.39764795331951575,-0.5595970097177485,-1.0880802881250207,-1.9688666132488948,-1.7240442231287871,-0.10814851899760423,-1.4454140006891936,1.0762196813752325,-0.36237093865091263,0,2,1,2
0.019498568555338085,2.691356382009797,-1.4417746967311889,-0.7723786717834438,-1.2345416549069648,0.7627087085758464,1.3998218390114665,-0.3183529222139253,-0.7131488177036864,1,2,1,1
0.2280718294927637,1.0658796861460242,-1.0375525154669965,-1.4928445290099523,1.212971186202147,0.7627087085758464,-1.4454140006891936,-1.625764738078761,-0.7131488177036864,0,0,2,2
-1.599427218720878,1.0658796861460242,-0.6838581068608282,-1.3384589881757,-0.7450390866851424,-0.9790057465710549,0.6885128790863014,-0.9284784362841814,1.3915184566129566,1,2,1,2
0.8041313120818465,-0.5595970097177485,-0.481747016228732,0.051010879332566664,0.2339660497585023,-0.9790057465710549,1.3998218390114665,-1.2771215871814712,0.3391848194546351,0,0,1,2
1.0425007531531914,-0.5595970097177485,0.27616957364162853,-0.026181891084560337,0.7234686179803247,1.6335659361492971,-0.7341050407640285,0.8147373182022662,1.0407405775601828,0,2,1,2
0.5657618710105017,-0.5595970097177485,-2.0481079686274777,-0.7723786717834438,1.212971186202147,-0.10814851899760423,-1.4454140006891936,1.7735059831698121,1.3915184566129566,0,0,1,2
-0.9637753758639594,-0.5595970097177485,1.8930582986983981,1.8650409841350246,-1.7240442231287871,-0.10814851899760423,0.6885128790863014,-0.23119213448960244,0.3391848194546351,0,1,1,1
1.0921610533763888,-0.5595970097177485,0.3266973462996528,0.4884365783629457,0.2339660497585023,1.6335659361492971,1.3998218390114665,0.5532549550292986,-0.36237093865091263,0,2,1,2
-0.8644547754175653,1.0658796861460242,0.07405848300953258,1.3118261294789562,-1.2345416549069648,-0.10814851899760423,0.6885128790863014,0.5532549550292986,1.0407405775601828,1,0,2,1
-0.6360173943908606,-0.5595970097177485,-0.8859691974929245,-0.9653605978262585,-1.7240442231287871,0.7627087085758464,0.6885128790863014,-0.6669960731112143,-0.7131488177036864,0,1,0,2
-0.6558815144801389,1.0658796861460242,-0.5322747888867561,-0.41214574317018987,0.7234686179803247,-0.10814851899760423,-0.7341050407640285,-0.3183529222139253,0.3391848194546351,0,1,0,2
1.2709381341798969,-0.5595970097177485,0.3772251189576767,-0.15483650844643684,-0.7450390866851424,-0.10814851899760423,1.3998218390114665,0.11745101640768663,0.6899626985074089,0,1,0,2
-0.8147944751943688,1.0658796861460242,1.1351417088280373,0.46270565489057003,-2.2135467913506095,0.7627087085758464,-0.022796080838863534,1.7735059831698121,-0.7131488177036864,0,1,2,1
0.4664412705641085,-0.5595970097177485,-1.4417746967311889,-1.9302702280403323,-1.2345416549069648,-0.9790057465710549,1.3998218390114665,0.030290228683364548,1.0407405775601828,0,2,0,2
-0.2188708725160067,-0.5595970097177485,0.17511402832558076,0.10247272627731617,1.212971186202147,-0.10814851899760423,-1.4454140006891936,1.3377020445482002,1.0407405775601828,0,1,1,2
-1.0134356760871561,-0.5595970097177485,-0.6333303342028043,0.03814541759637792,1.212971186202147,0.7627087085758464,-0.7341050407640285,-0.8413176485598592,0.3391848194546351,0,0,1,2
-0.7750662350158113,-0.5595970097177485,-0.380691470912684,-0.309222049280689,1.212971186202147,0.7627087085758464,1.3998218390114665,0.7275765304779435,-0.36237093865091263,0,1,1,2
-1.251805117158501,-0.5595970097177485,-0.27963592559663586,-0.3864148196978142,0.7234686179803247,-0.9790057465710549,-1.4454140006891936,-0.6669960731112143,-0.7131488177036864,1,1,2,2
-0.39764795331951575,-0.5595970097177485,-0.9870247428089725,-0.8881678274091334,0.2339660497585023,-0.10814851899760423,-0.7341050407640285,0.6404157427536213,0.3391848194546351,0,2,1,2
0.9729763328407155,-0.5595970097177485,-1.9470524233114292,-1.5057099907461402,-0.2555365184633201,0.7627087085758464,-1.4454140006891936,-0.6669960731112143,-1.0639266967564602,0,2,1,2
-0.6360173943908606,2.691356382009797,1.0846139361700136,0.7843421982952613,-0.7450390866851424,-1.8498629741445056,-0.7341050407640285,0.46609416730497644,-0.36237093865091263,0,2,2,1
0.58562599109978,1.0658796861460242,0.5288084369317487,-0.4250112049063768,0.2339660497585023,-0.10814851899760423,-1.4454140006891936,0.5532549550292986,-1.0639266967564602,0,1,0,2
-0.3479876530963191,-0.5595970097177485,-1.391246924073165,-0.8624369039367576,1.212971186202147,-0.10814851899760423,-0.7341050407640285,0.6404157427536213,-0.7131488177036864,1,1,2,2
0.9630442727960764,-0.5595970097177485,-1.1386080607830447,-1.5829027611632653,1.212971186202147,1.6335659361492971,0.6885128790863014,-0.23119213448960244,0.3391848194546351,0,2,1,2
0.02943062859997723,1.0658796861460242,-1.391246924073165,-1.2869971412309498,0.7234686179803247,-0.9790057465710549,1.3998218390114665,0.7275765304779435,1.0407405775601828,0,1,1,2
-0.9637753758639594,-0.5595970097177485,-0.9870247428089725,0.6042257339886353,-0.2555365184633201,-0.10814851899760423,-0.7341050407640285,-0.9284784362841814,0.3391848194546351,0,2,2,2
-0.9041830155961228,-0.5595970097177485,2.8530859792008547,1.7363863667731483,-0.2555365184633201,-1.8498629741445056,0.6885128790863014,0.7275765304779435,-0.36237093865091263,1,0,0,2
-0.665813574524778,1.0658796861460242,-0.481747016228732,-0.9653605978262585,0.7234686179803247,-0.9790057465710549,1.3998218390114665,0.20461180413200947,-1.0639266967564602,0,2,1,2
1.7079487761440282,-0.5595970097177485,0.427752891615701,0.10247272627731617,0.7234686179803247,0.7627087085758464,-0.022796080838863534,-0.5798352853868923,0.6899626985074089,0,2,1,2
-0.834658595283647,-0.5595970097177485,-0.1280526076225638,0.06387634106875359,0.2339660497585023,-0.9790057465710549,-0.7341050407640285,-1.5386039503544382,1.3915184566129566,0,2,0,2
-1.6987478191672714,1.0658796861460242,0.22564180098360465,-0.9653605978262585,-2.2135467913506095,-0.9790057465710549,1.3998218390114665,-2.061568676700373,-1.0639266967564602,0,2,0,1
-1.5001066182744849,1.0658796861460242,-0.3301636982546599,-0.48933851358731506,1.212971186202147,-0.9790057465710549,-1.4454140006891936,0.11745101640768663,-1.0639266967564602,0,0,2,2
-0.2585991126945651,-0.5595970097177485,0.579336209589773,0.26972372884775525,1.212971186202147,-0.9790057465710549,-0.7341050407640285,-0.14403134676528037,0.3391848194546351,0,2,2,2
0.4465771504748302,-0.5595970097177485,-0.026997062306515603,-0.6308585926853802,1.212971186202147,-0.10814851899760423,0.6885128790863014,-0.3183529222139253,-0.011593059598138786,0,0,1,2
0.4267130303855519,-0.5595970097177485,0.6298639822477969,-0.28349112580831337,0.2339660497585023,-0.9790057465710549,-0.022796080838863534,0.030290228683364548,-1.765482454862008,0,1,1,2
-0.8644547754175653,2.691356382009797,-0.7343858795188523,0.282589190583944,-1.2345416549069648,-0.10814851899760423,0.6885128790863014,0.8147373182022662,-0.7131488177036864,0,0,2,1
-0.9836394959532377,-0.5595970097177485,0.427752891615701,0.4884365783629457,-0.2555365184633201,0.7627087085758464,-0.7341050407640285,-0.9284784362841814,1.3915184566129566,0,0,2,1
-1.589495158676239,-0.5595970097177485,0.8319750728798933,0.6170911957248222,0.2339660497585023,-0.10814851899760423,0.6885128790863014,0.030290228683364548,0.6899626985074089,1,1,1,2
1.3901228547155684,-0.5595970097177485,0.427752891615701,0.8872658921847639,0.7234686179803247,1.6335659361492971,-1.4454140006891936,0.3789333795806544,-1.0639266967564602,0,2,0,2
0.3571886100730761,-0.5595970097177485,0.5288084369317487,0.7586112748228875,1.212971186202147,-0.10814851899760423,-1.4454140006891936,-0.8413176485598592,-0.7131488177036864,0,1,2,2
1.2212778339566994,-0.5595970097177485,1.5393638900922297,0.38551288447344484,0.2339660497585023,1.6335659361492971,0.6885128790863014,-1.5386039503544382,1.3915184566129566,0,0,0,2
-2.542972922961617,-0.5595970097177485,-1.0375525154669965,-0.8367059804643819,-0.2555365184633201,-0.9790057465710549,-0.7341050407640285,0.11745101640768663,0.3391848194546351,1,0,0,1
0.7743351319479291,-0.5595970097177485,-0.026997062306515603,-0.07764373802930984,1.212971186202147,-0.10814851899760423,-0.022796080838863534,-0.05687055904095752,-1.4147045758092343,0,1,2,2
1.6284922957869132,-0.5595970097177485,-0.6333303342028043,-0.7209168248386923,1.212971186202147,0.7627087085758464,-0.022796080838863534,-0.7541568608355372,0.6899626985074089,0,0,0,2
0.853791612305044,-0.5595970097177485,0.4782806642737249,1.659193596356023,1.212971186202147,-0.9790057465710549,-1.4454140006891936,-0.6669960731112143,-1.0639266967564602,0,1,0,2
-0.39764795331951575,1.0658796861460242,-1.1386080607830447,-0.9138987508815072,-0.2555365184633201,0.7627087085758464,-1.4454140006891936,0.46609416730497644,-0.36237093865091263,1,0,2,2
0.43664509043019106,1.0658796861460242,1.1856694814860618,0.21826188190300577,-1.2345416549069648,-0.10814851899760423,-0.7341050407640285,-0.9284784362841814,-0.36237093865091263,0,1,2,2
-1.847728719836862,1.0658796861460242,-1.391246924073165,0.0767418028049405,0.2339660497585023,-0.9790057465710549,-1.4454140006891936,-1.9744078889760501,1.3915184566129566,0,1,1,1
-0.2585991126945651,-0.5595970097177485,1.438308344776182,1.7621172902455238,1.212971186202147,-0.9790057465710549,-0.022796080838863534,-0.9284784362841814,0.6899626985074089,0,0,0,2
0.3969168502516327,-0.5595970097177485,-0.0775248349645397,-0.309222049280689,-0.7450390866851424,-0.10814851899760423,-0.022796080838863534,-0.6669960731112143,0.3391848194546351,1,0,2,2
0.43664509043019106,-0.5595970097177485,-0.7343858795188523,-1.9817320749850826,0.2339660497585023,-0.10814851899760423,0.6885128790863014,-0.7541568608355372,-0.7131488177036864,1,2,1,2
-1.589495158676239,-0.5595970097177485,-0.380691470912684,0.5913602722524466,-0.7450390866851424,-0.9790057465710549,-0.022796080838863534,-0.5798352853868923,-0.011593059598138786,0,0,2,1
0.7346068917693708,-0.5595970097177485,0.22564180098360465,1.0802478182275788,1.212971186202147,0.7627087085758464,-0.022796080838863534,-0.05687055904095752,-0.7131488177036864,0,2,2,2
1.6185602357422741,-0.5595970097177485,-0.22910815293861175,-0.16770197018262376,0.7234686179803247,1.6335659361492971,-1.4454140006891936,0.8147373182022662,-1.4147045758092343,0,0,1,2
0.3969168502516327,-0.5595970097177485,-0.9364969701509483,-1.5443063759547029,-1.2345416549069648,-0.10814851899760423,1.3998218390114665,0.030290228683364548,-1.0639266967564602,0,2,1,2
-0.5962891542123031,-0.5595970097177485,0.579336209589773,0.6942839661419492,-1.2345416549069648,-0.9790057465710549,0.6885128790863014,0.11745101640768663,-0.7131488177036864,0,1,0,2
0.6352862913229775,-0.5595970097177485,1.2361972541440855,0.8229385835038258,0.2339660497585023,0.7627087085758464,1.3998218390114665,-0.23119213448960244,-1.765482454862008,0,2,2,2
0.8736557323943223,-0.5595970097177485,-1.6438857873632853,-0.2191638171273751,1.212971186202147,-0.10814851899760423,-1.4454140006891936,-0.49267449766256943,0.6899626985074089,1,1,2,2
1.0921610533763888,-0.5595970097177485,2.196224934646543,1.6849245198283969,-0.2555365184633201,1.6335659361492971,-0.022796080838863534,0.9890588936509105,-0.011593059598138786,1,0,1,2
0.9233160326175198,-0.5595970097177485,0.27616957364162853,0.1539345732220675,-1.2345416549069648,1.6335659361492971,-0.022796080838863534,0.8147373182022662,1.0407405775601828,0,2,1,2
1.7079487761440282,-0.5595970097177485,0.4782806642737249,0.0767418028049405,0.7234686179803247,1.6335659361492971,1.3998218390114665,1.7735059831698121,-0.011593059598138786,0,0,2,2
0.267800069671322,-0.5595970097177485,1.4888361174342057,0.9387277391295135,0.2339660497585023,-0.9790057465710549,-0.022796080838863534,0.6404157427536213,0.6899626985074089,0,2,0,2
-1.8080004796583045,2.691356382009797,-2.0481079686274777,-2.2519067714450234,-1.2345416549069648,-1.8498629741445056,-0.022796080838863534,-0.49267449766256943,1.3915184566129566,1,0,1,1
-1.0531639162657136,2.691356382009797,-1.6438857873632853,-0.5665312840044421,1.212971186202147,-1.8498629741445056,0.6885128790863014,-0.9284784362841814,0.6899626985074089,0,1,2,1
0.5458977509212234,-0.5595970097177485,0.579336209589773,0.6814185044057605,1.212971186202147,0.7627087085758464,1.3998218390114665,0.9018981059265884,-0.011593059598138786,0,0,2,2
0.5359656908765843,-0.5595970097177485,-1.2901913787571169,-2.0074629984574583,-0.7450390866851424,0.7627087085758464,-1.4454140006891936,-0.7541568608355372,-1.4147045758092343,0,2,1,2
-0.6360173943908606,-0.5595970097177485,-0.7849136521768764,-0.46360759011493935,1.212971186202147,-0.10814851899760423,0.6885128790863014,-1.1028000117328263,0.6899626985074089,0,2,2,2
-0.8247265352390079,-0.5595970097177485,-0.17858038028058765,-0.15483650844643684,-1.2345416549069648,-0.9790057465710549,-1.4454140006891936,0.8147373182022662,1.3915184566129566,0,1,1,2
1.7079487761440282,-0.5595970097177485,-0.22910815293861175,-0.16770197018262376,0.2339660497585023,0.7627087085758464,0.6885128790863014,-1.2771215871814712,0.3391848194546351,0,1,2,2
0.1386832890910096,-0.5595970097177485,-0.8354414248349004,-1.5185754524823272,1.212971186202147,-0.9790057465710549,1.3998218390114665,0.29177259185633153,-0.7131488177036864,0,1,2,2
-0.3479876530963191,1.0658796861460242,-1.0880802881250207,-1.608633684635641,-0.7450390866851424,-0.10814851899760423,-1.4454140006891936,-0.14403134676528037,-0.011593059598138786,0,0,2,2
0.1585474091802879,1.0658796861460242,-0.3301636982546599,0.16680003495825443,-0.7450390866851424,-0.10814851899760423,-0.7341050407640285,0.11745101640768663,0.3391848194546351,1,2,1,2
-0.1394143921588918,-0.5595970097177485,-0.026997062306515603,0.6299566574610109,-0.7450390866851424,-0.10814851899760423,0.6885128790863014,-0.40551370993824737,0.6899626985074089,0,1,1,2
-0.4771044336766307,-0.5595970097177485,1.3877805721181578,1.8264445989264622,-1.2345416549069648,-0.10814851899760423,-0.7341050407640285,-0.40551370993824737,0.6899626985074089,0,1,2,1
0.6650824714568949,-0.5595970097177485,-1.0375525154669965,-0.8109750569920063,1.212971186202147,1.6335659361492971,0.6885128790863014,0.20461180413200947,1.3915184566129566,1,1,1,2
-1.5497669184976814,1.0658796861460242,-0.17858038028058765,0.26972372884775525,0.7234686179803247,0.7627087085758464,-1.4454140006891936,-1.0156392240085041,-1.0639266967564602,0,2,0,2
-0.3181914729624008,5.9423097737373425,-2.0481079686274777,-2.5478123913773394,1.212971186202147,-0.9790057465710549,0.6885128790863014,-1.0156392240085041,-0.36237093865091263,1,2,2,2
0.8637236723496832,-0.5595970097177485,1.0846139361700136,0.025279955860190998,-0.2555365184633201,-0.10814851899760423,1.3998218390114665,-0.3183529222139253,-1.765482454862008,0,1,1,2
-1.7086798792119113,-0.5595970097177485,-0.17858038028058765,-0.3478184344892516,0.2339660497585023,-1.8498629741445056,0.6885128790863014,-0.40551370993824737,1.3915184566129566,0,1,2,2
0.16847946922492704,-0.5595970097177485,0.781447300221869,0.5527638870438839,-2.703049359572432,-0.10814851899760423,-0.022796080838863534,-1.0156392240085041,1.0407405775601828,0,2,0,2
0.416780970340911,-0.5595970097177485,0.07405848300953258,-0.7209168248386923,0.7234686179803247,0.7627087085758464,-1.4454140006891936,-0.23119213448960244,-1.0639266967564602,0,0,0,2
-0.5168326738551882,-0.5595970097177485,-1.0375525154669965,-0.039047352820747255,0.2339660497585023,-0.10814851899760423,-0.022796080838863534,1.7735059831698121,-0.011593059598138786,0,2,1,2
0.08902298886781211,-0.5595970097177485,-1.1386080607830447,-1.531440914218515,0.7234686179803247,-0.9790057465710549,-0.022796080838863534,-0.7541568608355372,0.6899626985074089,0,1,1,2
0.6352862913229775,-0.5595970097177485,-1.9975801959694535,-1.0682842917157593,0.7234686179803247,-0.9790057465710549,-0.022796080838863534,1.3377020445482002,-1.0639266967564602,1,1,2,2
0.07909092882317297,-0.5595970097177485,-0.27963592559663586,-0.232029278863562,1.212971186202147,0.7627087085758464,-1.4454140006891936,-0.05687055904095752,0.3391848194546351,0,2,2,2
0.6253542312783383,-0.5595970097177485,-0.9364969701509483,-0.3606838962254385,0.7234686179803247,-0.9790057465710549,0.6885128790863014,1.6863451954454902,-0.011593059598138786,1,2,0,2
-0.5764250341230239,-0.5595970097177485,-0.8354414248349004,-0.5793967457406289,-0.7450390866851424,1.6335659361492971,-0.7341050407640285,0.3789333795806544,-0.011593059598138786,0,1,2,2
-0.8644547754175653,-0.5595970097177485,-1.0880802881250207,-1.1197461386605108,-2.703049359572432,-0.9790057465710549,-0.022796080838863534,0.11745101640768663,0.3391848194546351,0,0,0,1
-1.1425524566674676,-0.5595970097177485,1.2867250268021095,0.7328803513505118,-0.2555365184633201,0.7627087085758464,1.3998218390114665,-2.584533403046307,1.3915184566129566,0,0,1,2
-1.4504463180512872,-0.5595970097177485,-0.481747016228732,-0.8367059804643819,-0.2555365184633201,-0.9790057465710549,-0.022796080838863534,0.030290228683364548,-1.765482454862008,0,0,0,2
0.7941992520372074,-0.5595970097177485,-0.27963592559663586,0.8872658921847639,1.212971186202147,-0.10814851899760423,1.3998218390114665,-1.2771215871814712,-0.011593059598138786,0,1,2,2
0.38698479020699356,-0.5595970097177485,-2.0481079686274777,-1.531440914218515,1.212971186202147,0.7627087085758464,0.6885128790863014,0.6404157427536213,0.3391848194546351,0,0,2,2
-0.10961821202497435,-0.5595970097177485,0.17511402832558076,-0.9524951360900715,1.212971186202147,-0.10814851899760423,1.3998218390114665,-1.451443162630116,-0.011593059598138786,0,0,0,2
-0.1195502720696135,-0.5595970097177485,0.8319750728798933,0.4884365783629457,0.7234686179803247,-0.10814851899760423,-0.7341050407640285,0.20461180413200947,-0.7131488177036864,1,1,1,2
-0.5168326738551882,-0.5595970097177485,0.22564180098360465,0.11533818801350493,-0.2555365184633201,-1.8498629741445056,0.6885128790863014,1.3377020445482002,-0.011593059598138786,0,1,1,2
0.60549011118906,-0.5595970097177485,2.145697161988519,1.4790771320493952,0.7234686179803247,-0.9790057465710549,-1.4454140006891936,0.46609416730497644,0.6899626985074089,0,1,1,2
1.7079487761440282,-0.5595970097177485,1.2867250268021095,1.2860952060065804,-0.2555365184633201,1.6335659361492971,-0.7341050407640285,0.3789333795806544,-1.0639266967564602,0,0,1,2
-0.586357094167663,-0.5595970097177485,-0.22910815293861175,-0.6308585926853802,1.212971186202147,-0.10814851899760423,0.6885128790863014,-0.8413176485598592,1.3915184566129566,0,0,2,2
1.4199190348494877,-0.5595970097177485,0.7309195275638452,0.26972372884775525,0.7234686179803247,0.7627087085758464,-1.4454140006891936,1.7735059831698121,-1.765482454862008,0,0,1,2
-1.3610577776495332,1.0658796861460242,-0.17858038028058765,0.16680003495825443,1.212971186202147,-0.10814851899760423,1.3998218390114665,-0.5798352853868923,1.3915184566129566,0,2,1,2
-1.3213295374709757,-0.5595970097177485,-0.1280526076225638,-0.9138987508815072,1.212971186202147,-0.10814851899760423,-1.4454140006891936,1.3377020445482002,1.3915184566129566,0,2,1,2
0.03936268864461638,-0.5595970097177485,1.9941138440144464,1.3761534381598943,-1.7240442231287871,-0.10814851899760423,-0.7341050407640285,-0.5798352853868923,1.0407405775601828,1,1,2,1
0.5260336308319451,1.0658796861460242,2.0446416166724704,2.443986762263469,0.7234686179803247,-0.10814851899760423,-0.022796080838863534,0.5532549550292986,0.6899626985074089,0,1,2,2
-0.03016173166785941,-0.5595970097177485,-0.1280526076225638,0.9129968156571379,-0.2555365184633201,0.7627087085758464,1.3998218390114665,0.11745101640768663,-1.4147045758092343,0,0,0,2
-0.3380555930516791,-0.5595970097177485,0.12458625566755645,0.42410926968200746,-1.7240442231287871,-0.10814851899760423,-0.7341050407640285,0.46609416730497644,0.3391848194546351,0,2,1,1
-0.3380555930516791,1.0658796861460242,0.6803917549058213,1.3118261294789562,1.212971186202147,0.7627087085758464,-0.7341050407640285,-1.189960799457149,-0.7131488177036864,0,1,2,2
-0.7949303551050896,-0.5595970097177485,-0.8354414248349004,-0.0905091997654986,-1.2345416549069648,-0.10814851899760423,-0.022796080838863534,-0.23119213448960244,0.6899626985074089,1,1,2,2
0.2578680096266811,-0.5595970097177485,-0.1280526076225638,-0.32208751101687594,1.212971186202147,1.6335659361492971,0.6885128790863014,1.0762196813752325,-0.7131488177036864,0,1,1,2
-1.1127562765335492,1.0658796861460242,0.3266973462996528,0.810073121767637,0.7234686179803247,-0.10814851899760423,-1.4454140006891936,0.5532549550292986,-0.7131488177036864,0,1,0,2
1.7079487761440282,-0.5595970097177485,-2.0481079686274777,-1.711557378525142,-0.7450390866851424,0.7627087085758464,-0.022796080838863534,0.20461180413200947,-1.0639266967564602,0,1,1,2
-0.17914263233745012,-0.5595970097177485,-1.593358014705261,-1.171207985605261,-0.7450390866851424,-0.10814851899760423,-1.4454140006891936,-1.1028000117328263,-1.0639266967564602,0,2,0,2
-1.182280696846025,-0.5595970097177485,0.07405848300953258,0.6814185044057605,0.2339660497585023,-0.9790057465710549,-1.4454140006891936,0.20461180413200947,1.0407405775601828,0,1,0,2
-0.9935715559978768,-0.5595970097177485,0.3772251189576767,-0.11624012323787426,-0.7450390866851424,-0.9790057465710549,-0.7341050407640285,0.8147373182022662,-1.765482454862008,0,0,2,2
-0.5466288539891055,-0.5595970097177485,1.9435860713564224,1.659193596356023,-1.2345416549069648,-0.9790057465710549,-1.4454140006891936,-2.061568676700373,-0.7131488177036864,0,0,2,1
0.31746036989451776,1.0658796861460242,1.1856694814860618,1.6977899815645856,-1.2345416549069648,-0.10814851899760423,-1.4454140006891936,0.20461180413200947,-0.7131488177036864,0,0,0,1
-0.755202114926533,1.0658796861460242,-0.5828025615447802,-0.309222049280689,-2.2135467913506095,-0.9790057465710549,-1.4454140006891936,-0.14403134676528037,-0.36237093865091263,0,2,2,2
1.7079487761440282,-0.5595970097177485,-0.1280526076225638,0.10247272627731617,1.212971186202147,0.7627087085758464,-0.022796080838863534,0.030290228683364548,-1.765482454862008,0,0,1,2
0.49623745069802594,-0.5595970097177485,-1.4923024693892128,0.03814541759637792,0.2339660497585023,-0.10814851899760423,-1.4454140006891936,0.9890588936509105,-1.0639266967564602,0,0,2,2
1.7079487761440282,-0.5595970097177485,0.9330306181959415,1.06738235649139,1.212971186202147,0.7627087085758464,0.6885128790863014,-0.49267449766256943,1.3915184566129566,0,1,2,2
-1.0134356760871561,4.31683307787357,-0.5828025615447802,-0.33495297275306285,-0.7450390866851424,-1.8498629741445056,1.3998218390114665,-1.2771215871814712,1.3915184566129566,0,1,1,1
0.21813976944812455,-0.5595970097177485,0.427752891615701,0.5656293487800726,-1.2345416549069648,-0.10814851899760423,-0.022796080838863534,-0.14403134676528037,-0.7131488177036864,0,1,0,2
0.7346068917693708,-0.5595970097177485,-0.22910815293861175,-1.2355352942861992,1.212971186202147,1.6335659361492971,-0.022796080838863534,-0.05687055904095752,-0.36237093865091263,0,0,1,2
-2.1456905211760424,-0.5595970097177485,-0.7343858795188523,-1.2998626029671376,0.7234686179803247,-0.9790057465710549,1.3998218390114665,1.7735059831698121,1.3915184566129566,0,0,2,2
-0.586357094167663,-0.5595970097177485,-0.4312192435707079,0.8744004304485752,-1.2345416549069648,-0.9790057465710549,-1.4454140006891936,0.20461180413200947,-1.0639266967564602,0,2,2,2
1.7079487761440282,-0.5595970097177485,0.3772251189576767,0.33405103752869353,-0.7450390866851424,1.6335659361492971,-0.7341050407640285,0.9890588936509105,-1.765482454862008,0,0,2,2
0.29759624980523947,-0.5595970097177485,-0.27963592559663586,-0.7852441335196306,1.212971186202147,0.7627087085758464,-1.4454140006891936,-0.8413176485598592,-0.011593059598138786,0,0,2,2
0.9034519125282398,-0.5595970097177485,-2.0481079686274777,-1.3770553733842636,1.212971186202147,-0.9790057465710549,1.3998218390114665,1.5120236199968444,-0.7131488177036864,0,0,0,2
0.40684891029627185,-0.5595970097177485,-0.7343858795188523,-0.25776020233593766,0.2339660497585023,-0.10814851899760423,-1.4454140006891936,0.030290228683364548,-0.011593059598138786,0,2,1,2
-0.08975409193569606,-0.5595970097177485,0.6298639822477969,-0.20629835539118635,-0.7450390866851424,0.7627087085758464,-0.022796080838863534,-0.49267449766256943,-1.0639266967564602,0,1,0,2
0.29759624980523947,-0.5595970097177485,-0.7343858795188523,-0.8109750569920063,-0.7450390866851424,0.7627087085758464,-0.022796080838863534,0.9018981059265884,-1.0639266967564602,0,2,2,2
1.2014137138674212,-0.5595970097177485,-0.6838581068608282,-0.9653605978262585,0.2339660497585023,0.7627087085758464,0.6885128790863014,0.11745101640768663,1.3915184566129566,1,2,2,2
1.0325686931085523,-0.5595970097177485,0.12458625566755645,0.9258622773933266,1.212971186202147,0.7627087085758464,-0.022796080838863534,1.5120236199968444,0.6899626985074089,0,0,2,2
0.7544710118586491,1.0658796861460242,-0.0775248349645397,0.8358040452400126,-0.2555365184633201,1.6335659361492971,-0.022796080838863534,1.4248628322725223,-1.0639266967564602,0,0,1,2
-0.05995791180177685,1.0658796861460242,-0.380691470912684,-0.1033746615016855,0.7234686179803247,-1.8498629741445056,1.3998218390114665,-0.3183529222139253,-1.4147045758092343,0,0,1,2
0.2777321297159612,-0.5595970097177485,-0.1280526076225638,-0.4250112049063768,-1.7240442231287871,-0.10814851899760423,1.3998218390114665,0.29177259185633153,-1.0639266967564602,0,2,2,2
-1.4504463180512872,1.0658796861460242,-1.694413560021309,-3.512722021591413,1.212971186202147,-0.10814851899760423,0.6885128790863014,0.030290228683364548,-0.7131488177036864,1,1,2,2
-0.6956097546586963,-0.5595970097177485,1.3877805721181578,2.0451574484416524,-0.7450390866851424,-0.9790057465710549,-0.7341050407640285,-1.451443162630116,1.3915184566129566,0,0,1,2
1.3305304944477319,1.0658796861460242,-0.481747016228732,0.6685530426695735,0.7234686179803247,0.7627087085758464,-0.7341050407640285,-0.9284784362841814,1.3915184566129566,0,0,1,2
-0.496968553765909,-0.5595970097177485,1.1351417088280373,1.8779064458712116,-0.2555365184633201,-0.9790057465710549,1.3998218390114665,-1.3642823749057933,-0.7131488177036864,0,0,1,2
0.16847946922492704,1.0658796861460242,2.0446416166724704,1.0416514330190143,0.7234686179803247,-0.9790057465710549,-1.4454140006891936,0.5532549550292986,0.6899626985074089,0,1,0,2
0.6253542312783383,-0.5595970097177485,0.5288084369317487,0.41124380794582055,0.7234686179803247,1.6335659361492971,0.6885128790863014,-1.189960799457149,1.0407405775601828,0,0,2,2
-1.5497669184976814,4.31683307787357,-1.9470524233114292,-0.6437240544215672,-2.2135467913506095,-1.8498629741445056,0.6885128790863014,0.20461180413200947,-1.765482454862008,0,0,2,1
1.2312098940013387,-0.5595970097177485,-1.1891358334410687,-1.8144810724146436,0.7234686179803247,-0.10814851899760423,1.3998218390114665,1.7735059831698121,-0.011593059598138786,0,2,0,2
-2.264875241711715,-0.5595970097177485,0.3772251189576767,0.4498401931543831,-0.2555365184633201,-0.9790057465710549,1.3998218390114665,1.5120236199968444,-0.011593059598138786,0,0,2,2
0.3969168502516327,-0.5595970097177485,-0.6838581068608282,-0.7981095952558194,-0.2555365184633201,0.7627087085758464,1.3998218390114665,-1.887247101251728,1.3915184566129566,0,1,0,2
0.03936268864461638,1.0658796861460242,-0.7849136521768764,-0.232029278863562,0.7234686179803247,1.6335659361492971,0.6885128790863014,-0.7541568608355372,0.6899626985074089,0,2,0,2
-0.7254059347926146,-0.5595970097177485,0.5288084369317487,0.5527638870438839,-2.2135467913506095,-0.9790057465710549,1.3998218390114665,-1.189960799457149,1.3915184566129566,1,1,1,2
0.7346068917693708,-0.5595970097177485,-0.1280526076225638,-0.026181891084560337,-0.2555365184633201,-0.10814851899760423,-0.022796080838863534,-1.712925525803083,1.0407405775601828,0,2,0,2
-0.6062212142569422,1.0658796861460242,0.023530710351508263,-0.6823204396301298,-0.7450390866851424,-0.9790057465710549,-1.4454140006891936,0.030290228683364548,-0.36237093865091263,0,1,0,2
1.7079487761440282,-0.5595970097177485,0.6298639822477969,1.2474988207980178,0.7234686179803247,-0.9790057465710549,1.3998218390114665,0.7275765304779435,-1.4147045758092343,0,2,1,2
-0.10961821202497435,-0.5595970097177485,-2.0481079686274777,-1.2869971412309498,-1.7240442231287871,-0.9790057465710549,0.6885128790863014,0.9890588936509105,1.3915184566129566,0,2,1,1
-0.834658595283647,-0.5595970097177485,-0.0775248349645397,0.24399280537538143,-0.7450390866851424,-1.8498629741445056,0.6885128790863014,-0.49267449766256943,-0.36237093865091263,0,1,2,2
-1.4901745582298447,-0.5595970097177485,-1.2396636060990927,-0.5536658222682533,-0.2555365184633201,-0.9790057465710549,1.3998218390114665,0.3789333795806544,1.3915184566129566,0,1,2,2
0.6154221712336992,-0.5595970097177485,-0.27963592559663586,0.12820364974969184,1.212971186202147,0.7627087085758464,-0.7341050407640285,0.9018981059265884,-1.4147045758092343,0,0,0,2
-0.9439112557746803,1.0658796861460242,-0.6838581068608282,-0.45074212837875244,0.7234686179803247,0.7627087085758464,0.6885128790863014,0.46609416730497644,-1.765482454862008,0,1,1,2
0.33732448998379605,1.0658796861460242,-0.27963592559663586,-0.15483650844643684,-0.7450390866851424,-0.10814851899760423,-0.022796080838863534,-0.40551370993824737,-1.765482454862008,0,2,2,2
-0.3678517731855974,-0.5595970097177485,0.12458625566755645,-0.5408003605320664,-1.2345416549069648,-0.10814851899760423,-0.7341050407640285,1.599184407721168,-0.7131488177036864,0,0,1,2
-0.834658595283647,-0.5595970097177485,-1.2901913787571169,-2.5992742383220904,1.212971186202147,-0.9790057465710549,-1.4454140006891936,-0.6669960731112143,-0.36237093865091263,0,1,1,2
1.7079487761440282,-0.5595970097177485,0.27616957364162853,0.012414494124002251,1.212971186202147,1.6335659361492971,-1.4454140006891936,0.3789333795806544,-0.36237093865091263,0,0,1,2
0.3969168502516327,1.0658796861460242,1.1351417088280373,0.6428221191971979,1.212971186202147,-0.10814851899760423,-0.022796080838863534,0.030290228683364548,-0.011593059598138786,0,0,0,2
-1.092892156444271,2.691356382009797,1.0340861635119891,0.8615349687123883,-1.2345416549069648,-1.8498629741445056,-0.7341050407640285,0.20461180413200947,-0.7131488177036864,0,0,2,1
0.7048107116354533,1.0658796861460242,0.023530710351508263,-0.039047352820747255,0.7234686179803247,1.6335659361492971,-1.4454140006891936,1.7735059831698121,-0.36237093865091263,0,0,1,2
0.3571886100730761,-0.5595970097177485,0.3772251189576767,0.25685826711156834,1.212971186202147,-0.10814851899760423,1.3998218390114665,-0.6669960731112143,-0.7131488177036864,0,2,2,2
0.9034519125282398,-0.5595970097177485,-0.7849136521768764,-0.2191638171273751,1.212971186202147,-1.8498629741445056,-0.7341050407640285,0.9018981059265884,-0.7131488177036864,0,1,1,2
-2.016573740595731,1.0658796861460242,0.5288084369317487,1.144575126908517,-0.7450390866851424,-0.10814851899760423,1.3998218390114665,0.5532549550292986,1.3915184566129566,0,0,2,2
0.6750145315015359,-0.5595970097177485,1.9941138440144464,1.157440588644704,0.7234686179803247,0.7627087085758464,0.6885128790863014,-0.6669960731112143,-1.765482454862008,0,1,2,2
0.21813976944812455,-0.5595970097177485,-1.1386080607830447,-0.7080513631025055,-1.7240442231287871,-0.10814851899760423,-0.022796080838863534,-0.14403134676528037,-1.0639266967564602,1,2,1,2
-1.6391554588994355,-0.5595970097177485,-0.8859691974929245,-1.1454770621328854,-0.7450390866851424,-0.9790057465710549,-0.7341050407640285,-0.23119213448960244,1.3915184566129566,1,0,1,2
-0.834658595283647,-0.5595970097177485,2.095169389330494,1.414749823368457,-1.7240442231287871,-1.8498629741445056,-0.7341050407640285,1.1633804690995562,1.0407405775601828,1,2,2,2
1.2312098940013387,-0.5595970097177485,3.004669297174927,1.6334626728836474,1.212971186202147,-0.10814851899760423,-0.7341050407640285,1.5120236199968444,-1.765482454862008,0,2,1,2
1.7079487761440282,-0.5595970097177485,-1.8459968779953813,-1.9302702280403323,-0.2555365184633201,0.7627087085758464,0.6885128790863014,-0.9284784362841814,1.3915184566129566,0,2,1,2
1.7079487761440282,-0.5595970097177485,-1.3407191514151409,-1.77588468720608,1.212971186202147,0.7627087085758464,-0.022796080838863534,0.7275765304779435,1.3915184566129566,0,1,2,2
0.6452183513676166,-0.5595970097177485,-0.8859691974929245,-0.06477827629312292,0.7234686179803247,1.6335659361492971,1.3998218390114665,-0.14403134676528037,-1.0639266967564602,0,0,1,2
-0.9041830155961228,1.0658796861460242,1.0846139361700136,0.23112734363919268,-1.2345416549069648,-1.8498629741445056,-1.4454140006891936,-0.9284784362841814,1.3915184566129566,0,1,2,1
-0.0500258517571377,1.0658796861460242,0.22564180098360465,0.6942839661419492,-1.2345416549069648,-0.10814851899760423,1.3998218390114665,0.5532549550292986,0.6899626985074089,0,1,2,2
1.7079487761440282,-0.5595970097177485,0.8319750728798933,0.9258622773933266,1.212971186202147,1.6335659361492971,0.6885128790863014,0.7275765304779435,-1.4147045758092343,0,1,2,2
1.2610060741352578,-0.5595970097177485,1.2867250268021095,0.3211855757925066,0.7234686179803247,1.6335659361492971,-1.4454140006891936,-0.3183529222139253,-0.36237093865091263,1,2,1,2
0.4267130303855519,1.0658796861460242,0.3266973462996528,-0.3478184344892516,1.212971186202147,0.7627087085758464,-0.022796080838863534,0.11745101640768663,0.6899626985074089,0,0,2,2
-1.0829600963996309,-0.5595970097177485,-0.9870247428089725,-0.37354935796162725,-2.2135467913506095,-0.9790057465710549,-0.7341050407640285,-0.5798352853868923,1.0407405775601828,0,0,1,2
-0.3877158932748766,-0.5595970097177485,0.4782806642737249,1.054516894755203,1.212971186202147,-0.10814851899760423,-0.022796080838863534,-1.1028000117328263,1.0407405775601828,0,0,0,2
-0.8048624151497296,-0.5595970097177485,-0.1280526076225638,-0.051912814556936006,0.7234686179803247,-0.10814851899760423,-0.022796080838863534,-0.49267449766256943,-1.765482454862008,0,0,2,2
-0.506900613810549,1.0658796861460242,-0.17858038028058765,0.6170911957248222,-0.2555365184633201,-1.8498629741445056,-0.022796080838863534,0.11745101640768663,0.6899626985074089,0,0,1,2
0.02943062859997723,-0.5595970097177485,-0.8859691974929245,0.10247272627731617,-1.7240442231287871,0.7627087085758464,-0.7341050407640285,-1.5386039503544382,-1.0639266967564602,0,1,0,1
-0.4373761934980732,1.0658796861460242,0.9330306181959415,0.16680003495825443,-0.7450390866851424,-0.9790057465710549,-0.022796080838863534,-0.40551370993824737,1.0407405775601828,0,1,2,2
1.022636633063913,-0.5595970097177485,0.4782806642737249,1.221767897325642,0.2339660497585023,-0.10814851899760423,0.6885128790863014,0.11745101640768663,1.0407405775601828,1,0,1,2
-0.10961821202497435,-0.5595970097177485,-0.9870247428089725,-1.274131679494762,-0.2555365184633201,-0.9790057465710549,-0.022796080838863534,-0.3183529222139253,1.3915184566129566,0,0,2,2
0.8935198524836006,-0.5595970097177485,1.0340861635119891,0.4369747314181962,-1.2345416549069648,-0.10814851899760423,0.6885128790863014,-1.2771215871814712,-0.011593059598138786,0,1,0,1
1.7079487761440282,-0.5595970097177485,0.3266973462996528,1.0030550478104516,1.212971186202147,1.6335659361492971,-1.4454140006891936,-0.23119213448960244,-0.7131488177036864,0,1,0,2
0.6352862913229775,-0.5595970097177485,0.9330306181959415,1.6977899815645856,0.2339660497585023,-0.10814851899760423,0.6885128790863014,-0.5798352853868923,0.3391848194546351,1,1,2,2
-0.9538433158193195,-0.5595970097177485,-0.8354414248349004,-0.7337822865748811,-1.7240442231287871,-0.10814851899760423,1.3998218390114665,0.6404157427536213,-1.4147045758092343,0,2,1,2
0.17841152926956796,-0.5595970097177485,0.12458625566755645,1.6334626728836474,1.212971186202147,-0.9790057465710549,-0.7341050407640285,-0.3183529222139253,-0.7131488177036864,0,0,2,2
1.7079487761440282,-0.5595970097177485,1.1351417088280373,1.8907719076074003,0.7234686179803247,1.6335659361492971,0.6885128790863014,-2.584533403046307,-0.011593059598138786,0,1,2,2
1.1914816538227821,-0.5595970097177485,0.579336209589773,0.9129968156571379,-1.2345416549069648,0.7627087085758464,-0.7341050407640285,1.7735059831698121,0.6899626985074089,0,2,1,2
0.03936268864461638,-0.5595970097177485,-0.1280526076225638,0.3083201140563197,1.212971186202147,0.7627087085758464,0.6885128790863014,0.20461180413200947,-1.4147045758092343,0,1,1,2
0.6551504114122558,-0.5595970097177485,0.5288084369317487,0.810073121767637,1.212971186202147,-0.9790057465710549,-0.022796080838863534,0.11745101640768663,1.0407405775601828,1,0,2,2
-0.22880293256064585,-0.5595970097177485,-0.9870247428089725,-1.7244228402613297,0.7234686179803247,-0.10814851899760423,-0.022796080838863534,-1.5386039503544382,1.3915184566129566,0,1,0,2
-0.9836394959532377,1.0658796861460242,0.6803917549058213,0.16680003495825443,1.212971186202147,-0.9790057465710549,1.3998218390114665,-1.5386039503544382,-0.7131488177036864,0,1,2,2
-0.5168326738551882,1.0658796861460242,-0.1280526076225638,0.34691649926488227,-0.2555365184633201,1.6335659361492971,1.3998218390114665,0.7275765304779435,0.3391848194546351,1,0,0,2
-0.28839529282848253,1.0658796861460242,0.3266973462996528,0.38551288447344484,-0.7450390866851424,-1.8498629741445056,0.6885128790863014,0.29177259185633153,1.3915184566129566,0,1,0,1
-2.1258264010867642,-0.5595970097177485,-0.0775248349645397,0.34691649926488227,-2.2135467913506095,-1.8498629741445056,-0.7341050407640285,-1.189960799457149,0.3391848194546351,0,0,1,1
-0.4373761934980732,1.0658796861460242,-0.17858038028058765,-0.232029278863562,1.212971186202147,-0.9790057465710549,1.3998218390114665,-2.584533403046307,1.0407405775601828,0,0,2,2
-1.5299027984084022,-0.5595970097177485,0.7309195275638452,1.4404807468408325,-0.7450390866851424,-0.9790057465710549,-1.4454140006891936,-0.05687055904095752,1.0407405775601828,1,0,0,1
1.251074014090617,-0.5595970097177485,1.589891662750254,1.3890188998960813,1.212971186202147,0.7627087085758464,0.6885128790863014,-0.49267449766256943,0.6899626985074089,0,0,0,2
-2.3840599622473873,-0.5595970097177485,0.17511402832558076,0.025279955860190998,-0.7450390866851424,-1.8498629741445056,-0.7341050407640285,-1.2771215871814712,-0.011593059598138786,1,0,2,2
-1.6192913388101564,-0.5595970097177485,-0.5828025615447802,0.025279955860190998,-0.2555365184633201,-0.10814851899760423,-0.7341050407640285,0.9018981059265884,-1.0639266967564602,0,2,1,2
-2.2251470015331574,1.0658796861460242,-0.9870247428089725,-0.232029278863562,-0.2555365184633201,-0.10814851899760423,1.3998218390114665,-1.625764738078761,0.3391848194546351,0,0,2,2
0.7346068917693708,-0.5595970097177485,2.196224934646543,0.7457458130866987,0.7234686179803247,-0.10814851899760423,1.3998218390114665,-1.451443162630116,-0.7131488177036864,0,0,0,2
0.6352862913229775,-0.5595970097177485,0.9330306181959415,-0.28349112580831337,1.212971186202147,-0.9790057465710549,-0.7341050407640285,0.9890588936509105,-1.4147045758092343,1,2,2,2
-1.41071807787273,2.691356382009797,1.2867250268021095,0.16680003495825443,-0.7450390866851424,-0.9790057465710549,-1.4454140006891936,-0.3183529222139253,0.6899626985074089,1,2,2,1
-0.8843188955068445,-0.5595970097177485,-0.5828025615447802,-0.33495297275306285,-0.7450390866851424,-1.8498629741445056,1.3998218390114665,1.7735059831698121,0.3391848194546351,0,0,2,1
0.9233160326175198,-0.5595970097177485,1.0340861635119891,0.5527638870438839,-1.7240442231287871,-0.10814851899760423,-0.022796080838863534,1.7735059831698121,-1.765482454862008,0,2,2,1
-1.8080004796583045,1.0658796861460242,-0.1280526076225638,0.8872658921847639,-0.7450390866851424,-0.9790057465710549,-0.022796080838863534,0.5532549550292986,0.6899626985074089,0,0,2,1
0.5260336308319451,-0.5595970097177485,-1.2396636060990927,-0.6308585926853802,-0.2555365184633201,-0.9790057465710549,-0.7341050407640285,1.1633804690995562,1.0407405775601828,0,1,1,2
-1.0432318562210734,-0.5595970097177485,-1.4923024693892128,-1.5829027611632653,-0.2555365184633201,-0.10814851899760423,-0.7341050407640285,0.6404157427536213,-1.0639266967564602,0,2,1,2
-0.6260853343462205,-0.5595970097177485,0.3772251189576767,0.8872658921847639,1.212971186202147,-0.9790057465710549,1.3998218390114665,0.46609416730497644,-0.011593059598138786,0,2,0,2
0.5558298109658626,-0.5595970097177485,-0.5322747888867561,-1.261266217758574,-0.7450390866851424,0.7627087085758464,-0.7341050407640285,-0.49267449766256943,-0.011593059598138786,0,2,2,2
-0.010297611578581117,-0.5595970097177485,0.3266973462996528,-0.1033746615016855,-0.7450390866851424,-0.9790057465710549,-1.4454140006891936,-1.712925525803083,0.6899626985074089,0,2,2,2
0.19827564935884626,-0.5595970097177485,-0.27963592559663586,-0.19343289365499944,0.2339660497585023,-0.9790057465710549,-0.022796080838863534,-1.451443162630116,0.3391848194546351,0,0,2,2
0.31746036989451776,-0.5595970097177485,-1.1386080607830447,-1.196938909077636,-0.2555365184633201,-0.10814851899760423,0.6885128790863014,1.7735059831698121,0.3391848194546351,1,1,2,2
-1.331261597515615,-0.5595970097177485,1.7414749807243262,1.8135791371902734,-0.2555365184633201,-1.8498629741445056,-0.7341050407640285,0.3789333795806544,-0.011593059598138786,0,0,2,2
-0.20893881247136756,1.0658796861460242,-1.0880802881250207,-0.7595132100472568,-0.2555365184633201,-0.9790057465710549,1.3998218390114665,-0.23119213448960244,1.3915184566129566,1,2,2,1
1.7079487761440282,-0.5595970097177485,-0.6838581068608282,-0.28349112580831337,0.2339660497585023,0.7627087085758464,0.6885128790863014,1.3377020445482002,-0.011593059598138786,0,0,0,2
-0.2784632327838434,-0.5595970097177485,-0.026997062306515603,0.10247272627731617,-1.2345416549069648,-0.9790057465710549,-1.4454140006891936,-0.7541568608355372,0.6899626985074089,0,2,1,1
0.5260336308319451,1.0658796861460242,0.12458625566755645,0.7457458130866987,0.2339660497585023,-0.10814851899760423,-0.022796080838863534,0.6404157427536213,-0.011593059598138786,0,1,2,2
1.7079487761440282,-0.5595970097177485,-1.593358014705261,-1.8144810724146436,0.7234686179803247,0.7627087085758464,-1.4454140006891936,0.11745101640768663,-1.0639266967564602,0,1,2,2
1.7079487761440282,-0.5595970097177485,0.781447300221869,-0.41214574317018987,1.212971186202147,0.7627087085758464,1.3998218390114665,0.5532549550292986,0.3391848194546351,0,0,1,2
-0.18907469238208927,-0.5595970097177485,0.6298639822477969,1.0030550478104516,-2.2135467913506095,1.6335659361492971,0.6885128790863014,-0.3183529222139253,-0.011593059598138786,0,1,1,2
0.9531122127514372,-0.5595970097177485,2.196224934646543,1.2603642825342047,-0.2555365184633201,-0.10814851899760423,-1.4454140006891936,-1.0156392240085041,1.3915184566129566,1,2,0,2
1.7079487761440282,-0.5595970097177485,-0.1280526076225638,0.03814541759637792,0.7234686179803247,0.7627087085758464,0.6885128790863014,-0.7541568608355372,-1.765482454862008,0,1,1,2
-1.1028242164889102,2.691356382009797,-0.9364969701509483,-0.5279348987958776,-0.2555365184633201,-0.10814851899760423,-0.022796080838863534,0.030290228683364548,-0.011593059598138786,0,0,1,2
0.019498568555338085,1.0658796861460242,-0.22910815293861175,-0.06477827629312292,1.212971186202147,-0.10814851899760423,1.3998218390114665,-1.2771215871814712,1.3915184566129566,0,0,0,2
-0.41751207340879404,-0.5595970097177485,-1.3407191514151409,-0.9653605978262585,0.7234686179803247,0.7627087085758464,-0.022796080838863534,0.20461180413200947,-1.4147045758092343,0,0,1,2
1.0127045730192739,-0.5595970097177485,0.781447300221869,0.205396420166817,0.2339660497585023,-0.10814851899760423,1.3998218390114665,-0.14403134676528037,-0.7131488177036864,1,2,1,2
-0.5168326738551882,-0.5595970097177485,-0.481747016228732,0.6428221191971979,-0.7450390866851424,-0.10814851899760423,1.3998218390114665,0.20461180413200947,0.6899626985074089,0,1,0,2
-0.04009379171249856,-0.5595970097177485,1.2361972541440855,1.7106554433007726,-1.2345416549069648,-0.10814851899760423,-0.022796080838863534,-0.05687055904095752,1.0407405775601828,0,0,1,1
-0.4075800133641549,-0.5595970097177485,0.27616957364162853,-0.8753023656729446,-0.7450390866851424,-0.10814851899760423,1.3998218390114665,1.7735059831698121,0.6899626985074089,0,1,2,2
-0.5565609140337456,-0.5595970097177485,0.3266973462996528,1.1960369738532666,1.212971186202147,-0.9790057465710549,-0.022796080838863534,0.20461180413200947,1.3915184566129566,0,0,0,2
-1.678883699077993,2.691356382009797,-1.0375525154669965,-1.1326116003966975,-0.7450390866851424,-0.10814851899760423,1.3998218390114665,-0.40551370993824737,-1.765482454862008,0,0,2,1
-1.2021448169353033,-0.5595970097177485,0.6298639822477969,1.2089024355894553,-0.2555365184633201,-0.10814851899760423,-1.4454140006891936,0.11745101640768663,-1.0639266967564602,0,1,2,2
-0.3181914729624008,1.0658796861460242,1.2867250268021095,1.5948662876750848,-2.2135467913506095,-0.10814851899760423,0.6885128790863014,0.7275765304779435,0.6899626985074089,1,1,1,1
-0.000365551533941971,2.691356382009797,-0.8354414248349004,-0.15483650844643684,0.2339660497585023,-0.10814851899760423,-1.4454140006891936,-0.23119213448960244,0.3391848194546351,0,2,2,1
-0.6062212142569422,-0.5595970097177485,0.9330306181959415,0.205396420166817,-0.7450390866851424,-0.9790057465710549,1.3998218390114665,0.11745101640768663,-0.7131488177036864,0,0,1,2
1.68808465605475,1.0658796861460242,-0.4312192435707079,1.7235209050369613,0.7234686179803247,0.7627087085758464,-0.022796080838863534,1.6863451954454902,1.0407405775601828,1,1,2,2
-0.32812353300703995,1.0658796861460242,-0.6838581068608282,-0.9524951360900715,-0.2555365184633201,-0.10814851899760423,-0.022796080838863534,0.29177259185633153,-0.011593059598138786,0,1,1,2
-0.30825941291776165,-0.5595970097177485,0.3266973462996528,0.539898425307697,0.2339660497585023,-1.8498629741445056,1.3998218390114665,-1.0156392240085041,1.3915184566129566,0,0,1,2
0.38698479020699356,1.0658796861460242,0.9835583908539653,0.8358040452400126,1.212971186202147,-0.10814851899760423,-0.7341050407640285,-0.3183529222139253,1.3915184566129566,0,2,1,2
0.5458977509212234,-0.5595970097177485,1.7414749807243262,0.6814185044057605,-0.2555365184633201,-0.10814851899760423,0.6885128790863014,0.20461180413200947,-1.765482454862008,0,1,2,2
0.1883435893142071,-0.5595970097177485,-1.6438857873632853,-1.2226698325500116,1.212971186202147,0.7627087085758464,0.6885128790863014,1.4248628322725223,1.0407405775601828,0,1,2,2
-1.8675928399261403,-0.5595970097177485,-1.7954691053373573,-1.865942919359394,-0.7450390866851424,-0.10814851899760423,-0.7341050407640285,-1.3642823749057933,1.3915184566129566,0,0,0,2
-0.15927851224817183,-0.5595970097177485,-0.481747016228732,-1.4156517585928263,-1.2345416549069648,0.7627087085758464,-1.4454140006891936,0.20461180413200947,-0.011593059598138786,0,1,0,2
-1.2220089370245826,1.0658796861460242,-0.9364969701509483,-0.9653605978262585,-1.2345416549069648,-0.10814851899760423,-1.4454140006891936,1.0762196813752325,1.0407405775601828,0,2,2,2
0.8140633721264857,-0.5595970097177485,2.4488637979366628,3.048663463864289,-0.7450390866851424,0.7627087085758464,-0.022796080838863534,1.1633804690995562,-0.011593059598138786,0,1,2,2
-0.506900613810549,1.0658796861460242,-0.5828025615447802,-0.0905091997654986,-0.7450390866851424,0.7627087085758464,-0.7341050407640285,0.5532549550292986,-1.0639266967564602,0,1,0,2
-0.28839529282848253,-0.5595970097177485,0.17511402832558076,0.7328803513505118,-0.2555365184633201,-0.10814851899760423,-1.4454140006891936,-1.5386039503544382,-0.011593059598138786,1,1,1,2
-0.5962891542123031,-0.5595970097177485,-2.0481079686274777,-1.4156517585928263,-0.2555365184633201,-0.10814851899760423,0.6885128790863014,-1.0156392240085041,-0.7131488177036864,0,1,1,2
0.2578680096266811,-0.5595970097177485,-1.7449413326793333,-0.28349112580831337,-1.2345416549069648,-0.9790057465710549,-0.022796080838863534,0.8147373182022662,0.3391848194546351,0,2,2,2
-0.07982203189105691,-0.5595970097177485,0.579336209589773,-0.06477827629312292,-1.2345416549069648,-0.10814851899760423,-1.4454140006891936,-0.9284784362841814,-0.36237093865091263,0,0,1,1
-0.22880293256064585,2.691356382009797,0.427752891615701,0.977324124338076,-0.7450390866851424,0.7627087085758464,1.3998218390114665,1.599184407721168,0.6899626985074089,0,2,1,2
1.102093113421028,-0.5595970097177485,0.4782806642737249,0.06387634106875359,1.212971186202147,-0.10814851899760423,-0.7341050407640285,0.9890588936509105,-1.765482454862008,0,2,2,2
-0.04009379171249856,-0.5595970097177485,-1.0880802881250207,-0.8238405187281951,-1.7240442231287871,-1.8498629741445056,-1.4454140006891936,-1.1028000117328263,-1.0639266967564602,0,2,2,1
1.1517534136442238,-0.5595970097177485,-0.17858038028058765,1.0287859712828273,0.7234686179803247,1.6335659361492971,0.6885128790863014,1.2505412568238783,1.0407405775601828,0,1,1,2
0.5657618710105017,1.0658796861460242,0.8319750728798933,0.6170911957248222,-1.7240442231287871,-0.10814851899760423,-1.4454140006891936,-0.3183529222139253,1.0407405775601828,0,2,2,2
1.2411419540459778,-0.5595970097177485,-1.7449413326793333,-0.7080513631025055,0.2339660497585023,1.6335659361492971,-1.4454140006891936,-0.5798352853868923,0.3391848194546351,0,0,1,2
-0.010297611578581117,-0.5595970097177485,0.07405848300953258,0.25685826711156834,1.212971186202147,-0.10814851899760423,-0.022796080838863534,0.7275765304779435,-1.0639266967564602,0,0,2,2
-1.1624165767567458,-0.5595970097177485,0.5288084369317487,1.3118261294789562,-1.2345416549069648,-0.10814851899760423,0.6885128790863014,0.6404157427536213,-0.7131488177036864,0,1,2,2
1.251074014090617,-0.5595970097177485,-0.380691470912684,-0.3478184344892516,0.7234686179803247,0.7627087085758464,1.3998218390114665,-0.8413176485598592,0.3391848194546351,0,2,0,2
-1.6490875189440746,1.0658796861460242,0.427752891615701,1.0287859712828273,0.2339660497585023,-1.8498629741445056,-1.4454140006891936,1.7735059831698121,1.3915184566129566,1,2,1,1
-1.430582197962009,1.0658796861460242,-0.22910815293861175,0.012414494124002251,1.212971186202147,-0.9790057465710549,1.3998218390114665,0.6404157427536213,0.6899626985074089,0,1,1,2
1.0524328131978304,-0.5595970097177485,-0.1280526076225638,-0.051912814556936006,0.7234686179803247,0.7627087085758464,-0.7341050407640285,-1.625764738078761,0.6899626985074089,0,1,1,2
-0.05995791180177685,-0.5595970097177485,-0.8859691974929245,-0.7209168248386923,0.2339660497585023,-0.9790057465710549,-0.7341050407640285,0.11745101640768663,-0.36237093865091263,0,2,1,2
-0.665813574524778,-0.5595970097177485,-1.2901913787571169,-1.9945975367212705,0.7234686179803247,-0.9790057465710549,-1.4454140006891936,0.11745101640768663,-1.4147045758092343,1,1,0,2
-1.2120768769799435,1.0658796861460242,-1.4923024693892128,-1.0039569830348212,1.212971186202147,-0.9790057465710549,-0.7341050407640285,-0.3183529222139253,-0.7131488177036864,0,1,0,2
0.247935949582042,4.31683307787357,-0.481747016228732,-0.9267642126176959,-0.7450390866851424,-0.9790057465710549,-1.4454140006891936,-2.497372615321985,1.3915184566129566,0,2,0,1
1.2908022542691753,-0.5595970097177485,-0.17858038028058765,0.539898425307697,0.7234686179803247,1.6335659361492971,0.6885128790863014,-1.1028000117328263,1.0407405775601828,0,1,0,2
0.23800388953740284,1.0658796861460242,-0.3301636982546599,-0.19343289365499944,1.212971186202147,-0.10814851899760423,-1.4454140006891936,0.9890588936509105,-0.011593059598138786,1,2,0,2
0.09895504891245302,-0.5595970097177485,-0.8859691974929245,-1.274131679494762,-1.7240442231287871,-0.10814851899760423,-1.4454140006891936,1.7735059831698121,-1.4147045758092343,0,0,2,2
0.36712067011771526,-0.5595970097177485,-0.5828025615447802,0.0767418028049405,-0.7450390866851424,-0.9790057465710549,1.3998218390114665,-0.9284784362841814,-0.36237093865091263,0,1,2,2
0.06915886877853382,-0.5595970097177485,0.6298639822477969,-0.7466477483110681,1.212971186202147,-0.10814851899760423,1.3998218390114665,0.20461180413200947,-1.765482454862008,0,2,1,2
0.3075283098498786,-0.5595970097177485,1.0340861635119891,-0.24489474059975078,-1.2345416549069648,-0.10814851899760423,-0.022796080838863534,1.1633804690995562,-0.011593059598138786,0,2,2,2
0.2777321297159612,-0.5595970097177485,1.6909472080663022,0.42410926968200746,0.2339660497585023,-0.10814851899760423,-0.7341050407640285,-0.49267449766256943,0.6899626985074089,0,2,0,2
0.8736557323943223,-0.5595970097177485,0.023530710351508263,0.205396420166817,0.2339660497585023,1.6335659361492971,-0.022796080838863534,0.7275765304779435,-0.36237093865091263,1,0,1,2
-1.8179325397029438,-0.5595970097177485,0.12458625566755645,-0.4250112049063768,-1.2345416549069648,-1.8498629741445056,-1.4454140006891936,1.2505412568238783,-0.7131488177036864,0,1,2,1
-0.8942509555514837,-0.5595970097177485,1.438308344776182,1.3632879764237056,-2.703049359572432,-0.10814851899760423,1.3998218390114665,-1.2771215871814712,1.3915184566129566,0,0,2,2
1.7079487761440282,-0.5595970097177485,0.579336209589773,1.3504225146875186,1.212971186202147,1.6335659361492971,-1.4454140006891936,-1.1028000117328263,-0.011593059598138786,0,2,0,2
-0.3181914729624008,-0.5595970097177485,-2.0481079686274777,-2.4320232357516507,-0.2555365184633201,-0.9790057465710549,-0.022796080838863534,0.11745101640768663,-0.7131488177036864,1,1,2,2
-0.20893881247136756,-0.5595970097177485,-0.17858038028058765,1.3890188998960813,-0.7450390866851424,-0.9790057465710549,-0.022796080838863534,-0.05687055904095752,1.0407405775601828,0,0,1,2
-0.30825941291776165,1.0658796861460242,-0.8354414248349004,-0.4764730518511281,0.7234686179803247,1.6335659361492971,-0.022796080838863534,0.6404157427536213,0.6899626985074089,1,1,0,2
1.7079487761440282,-0.5595970097177485,1.2361972541440855,0.6299566574610109,-0.2555365184633201,0.7627087085758464,-1.4454140006891936,-1.3642823749057933,1.0407405775601828,0,0,0,2
0.6452183513676166,-0.5595970097177485,0.5288084369317487,0.5141675018353213,0.7234686179803247,0.7627087085758464,-0.022796080838863534,-0.23119213448960244,-0.36237093865091263,0,2,1,2
0.9729763328407155,-0.5595970097177485,-0.9870247428089725,-0.5536658222682533,0.2339660497585023,1.6335659361492971,-1.4454140006891936,1.3377020445482002,0.3391848194546351,0,0,1,2
0.4267130303855519,1.0658796861460242,1.9435860713564224,0.39837834620963175,0.2339660497585023,-0.9790057465710549,-1.4454140006891936,0.8147373182022662,-0.011593059598138786,0,1,2,1
-1.2816012972924182,-0.5595970097177485,1.0340861635119891,0.5527638870438839,1.212971186202147,-0.10814851899760423,-0.7341050407640285,0.29177259185633153,-1.0639266967564602,0,2,1,2
1.7079487761440282,-0.5595970097177485,1.640419435408278,1.4919425937855821,0.2339660497585023,0.7627087085758464,0.6885128790863014,-0.40551370993824737,0.6899626985074089,0,2,1,2
-0.9041830155961228,1.0658796861460242,-1.391246924073165,-0.1291055849740612,0.2339660497585023,-0.10814851899760423,-0.7341050407640285,-0.8413176485598592,1.3915184566129566,1,2,0,2
0.3273924299391569,-0.5595970097177485,0.6803917549058213,0.539898425307697,1.212971186202147,1.6335659361492971,1.3998218390114665,-0.6669960731112143,1.0407405775601828,0,1,1,2
-0.675745634569418,-0.5595970097177485,-0.3301636982546599,-0.46360759011493935,-0.2555365184633201,-0.10814851899760423,0.6885128790863014,-0.05687055904095752,-1.4147045758092343,1,0,2,2
1.102093113421028,-0.5595970097177485,2.752030433884807,1.5305389789941466,-0.2555365184633201,0.7627087085758464,-0.022796080838863534,-1.189960799457149,0.6899626985074089,1,1,0,2
0.4664412705641085,-0.5595970097177485,0.22564180098360465,-0.6694549778939429,1.212971186202147,-0.10814851899760423,-0.022796080838863534,0.20461180413200947,-0.36237093865091263,1,2,0,2
0.7346068917693708,1.0658796861460242,0.579336209589773,-0.0905091997654986,1.212971186202147,-0.10814851899760423,-0.7341050407640285,-0.14403134676528037,-0.011593059598138786,1,1,0,2
-0.506900613810549,-0.5595970097177485,-1.4417746967311889,-1.248400756022387,-0.2555365184633201,-0.10814851899760423,-0.7341050407640285,1.2505412568238783,-1.765482454862008,0,2,0,2
0.7246748317247316,-0.5595970097177485,-0.481747016228732,-1.441382682065202,-0.7450390866851424,-0.10814851899760423,-1.4454140006891936,-2.584533403046307,1.3915184566129566,0,0,2,1
-0.14934645220353093,1.0658796861460242,-0.9870247428089725,-1.1197461386605108,0.2339660497585023,0.7627087085758464,-0.7341050407640285,-0.40551370993824737,-1.0639266967564602,0,2,0,2
0.14861534913564875,-0.5595970097177485,0.427752891615701,1.1188442034361412,-0.2555365184633201,-0.10814851899760423,-0.7341050407640285,-2.410211827597662,1.0407405775601828,0,1,1,2
-0.44730825354271236,-0.5595970097177485,1.640419435408278,1.054516894755203,0.7234686179803247,-0.10814851899760423,-1.4454140006891936,0.29177259185633153,0.3391848194546351,0,0,0,2
-1.42065013791737,-0.5595970097177485,-1.0880802881250207,-1.7372883019975176,1.212971186202147,-0.9790057465710549,-1.4454140006891936,0.8147373182022662,1.0407405775601828,0,2,1,2
-1.430582197962009,-0.5595970097177485,-1.4417746967311889,-0.8753023656729446,-0.7450390866851424,-1.8498629741445056,-0.7341050407640285,-1.3642823749057933,1.3915184566129566,1,1,2,2
-1.2220089370245826,-0.5595970097177485,0.17511402832558076,0.25685826711156834,-1.7240442231287871,-0.10814851899760423,1.3998218390114665,-1.2771215871814712,1.3915184566129566,0,2,1,2
-1.768272239479747,-0.5595970097177485,1.3372527994601338,0.6042257339886353,1.212971186202147,-0.10814851899760423,-1.4454140006891936,-1.712925525803083,-0.011593059598138786,0,1,1,2
-0.9836394959532377,1.0658796861460242,-0.8354414248349004,-0.41214574317018987,-1.2345416549069648,-0.10814851899760423,0.6885128790863014,0.11745101640768663,1.3915184566129566,1,1,2,1
1.3106663743584535,-0.5595970097177485,-1.0375525154669965,-0.5922622074768159,0.2339660497585023,-0.9790057465710549,-1.4454140006891936,-0.3183529222139253,-0.36237093865091263,1,2,1,2
-0.08975409193569606,1.0658796861460242,1.589891662750254,1.2732297442703935,-1.7240442231287871,0.7627087085758464,-0.022796080838863534,-0.23119213448960244,1.3915184566129566,0,1,2,2
-1.3610577776495332,1.0658796861460242,-0.22910815293861175,0.6942839661419492,-1.2345416549069648,-1.8498629741445056,-1.4454140006891936,-0.3183529222139253,0.6899626985074089,0,1,2,1
0.9034519125282398,-0.5595970097177485,0.6298639822477969,0.6685530426695735,1.212971186202147,1.6335659361492971,-1.4454140006891936,-1.0156392240085041,-0.011593059598138786,0,0,2,2
0.4863053906533868,-0.5595970097177485,1.3877805721181578,1.0416514330190143,-1.2345416549069648,0.7627087085758464,0.6885128790863014,1.2505412568238783,-0.36237093865091263,1,2,1,2
-0.7353379948372538,-0.5595970097177485,0.4782806642737249,0.47557111662675877,-0.7450390866851424,-1.8498629741445056,1.3998218390114665,0.29177259185633153,1.3915184566129566,0,0,0,2
-1.5299027984084022,2.691356382009797,0.023530710351508263,0.17966549669444318,1.212971186202147,-0.10814851899760423,-0.7341050407640285,-1.189960799457149,-0.36237093865091263,0,2,2,1
-0.010297611578581117,1.0658796861460242,-0.5828025615447802,-0.46360759011493935,0.7234686179803247,1.6335659361492971,0.6885128790863014,-0.8413176485598592,-0.7131488177036864,0,1,2,2
-0.42744413345343407,2.691356382009797,-0.5322747888867561,0.1539345732220675,1.212971186202147,-0.10814851899760423,-0.7341050407640285,-0.14403134676528037,-1.4147045758092343,0,1,2,1
-0.010297611578581117,-0.5595970097177485,-0.6333303342028043,-0.7981095952558194,-0.2555365184633201,-0.9790057465710549,-1.4454140006891936,1.7735059831698121,-0.011593059598138786,0,2,2,2
-1.4405142580066481,2.691356382009797,-0.7849136521768764,0.1539345732220675,1.212971186202147,-0.10814851899760423,0.6885128790863014,-0.23119213448960244,-1.4147045758092343,0,1,1,1
1.7079487761440282,-0.5595970097177485,0.427752891615701,0.7457458130866987,-1.7240442231287871,0.7627087085758464,-0.7341050407640285,-0.40551370993824737,1.0407405775601828,0,1,0,2
0.247935949582042,-0.5595970097177485,-0.8859691974929245,-0.6051276692130046,1.212971186202147,-0.10814851899760423,1.3998218390114665,-0.3183529222139253,1.0407405775601828,1,2,1,2
-0.2983273528731217,-0.5595970097177485,-0.3301636982546599,-0.9653605978262585,0.2339660497585023,-0.10814851899760423,-0.7341050407640285,1.7735059831698121,1.0407405775601828,0,2,0,2
-0.6260853343462205,-0.5595970097177485,0.07405848300953258,0.9387277391295135,0.2339660497585023,0.7627087085758464,0.6885128790863014,-1.0156392240085041,0.6899626985074089,1,1,1,2
0.6948786515908142,1.0658796861460242,0.781447300221869,0.6942839661419492,0.2339660497585023,-0.10814851899760423,-0.022796080838863534,0.9018981059265884,-0.36237093865091263,0,2,2,2
1.5688999355190767,-0.5595970097177485,-0.1280526076225638,0.24399280537538143,0.2339660497585023,1.6335659361492971,1.3998218390114665,0.7275765304779435,-0.7131488177036864,0,1,1,2
-0.3678517731855974,1.0658796861460242,0.3772251189576767,1.1831715121170796,1.212971186202147,0.7627087085758464,-1.4454140006891936,-0.3183529222139253,-1.0639266967564602,0,0,2,2
0.02943062859997723,-0.5595970097177485,-0.7343858795188523,-0.7337822865748811,0.7234686179803247,-0.10814851899760423,1.3998218390114665,1.7735059831698121,1.3915184566129566,0,1,1,2
-1.9967096205064527,-0.5595970097177485,-0.5828025615447802,-1.1454770621328854,-1.2345416549069648,-1.8498629741445056,-0.022796080838863534,-1.625764738078761,1.3915184566129566,0,0,0,2
0.6452183513676166,-0.5595970097177485,-1.1386080607830447,-1.2998626029671376,-1.2345416549069648,0.7627087085758464,-0.7341050407640285,-0.05687055904095752,-0.7131488177036864,0,0,1,2
0.31746036989451776,-0.5595970097177485,-0.0775248349645397,-0.7723786717834438,0.2339660497585023,-0.10814851899760423,-0.7341050407640285,-0.49267449766256943,0.3391848194546351,0,0,2,2
0.16847946922492704,-0.5595970097177485,0.27616957364162853,1.324691591215143,1.212971186202147,0.7627087085758464,0.6885128790863014,1.0762196813752325,-0.36237093865091263,0,0,0,2
-1.9867775604618128,-0.5595970097177485,0.3772251189576767,0.012414494124002251,-1.7240442231287871,-0.9790057465710549,1.3998218390114665,0.3789333795806544,0.3391848194546351,0,1,0,2
-0.7353379948372538,1.0658796861460242,0.4782806642737249,-0.5150694370596907,-0.2555365184633201,-0.10814851899760423,0.6885128790863014,1.3377020445482002,0.6899626985074089,0,0,0,2
-1.1425524566674676,1.0658796861460242,-0.481747016228732,0.9901895860742648,0.2339660497585023,-0.9790057465710549,-0.7341050407640285,0.5532549550292986,1.3915184566129566,0,0,1,1
-1.2319409970692217,2.691356382009797,2.3478082526206143,1.9936956014969012,1.212971186202147,-0.9790057465710549,-0.022796080838863534,-1.0156392240085041,0.6899626985074089,0,0,2,2
-0.506900613810549,1.0658796861460242,-0.8354414248349004,-0.039047352820747255,-1.2345416549069648,0.7627087085758464,-0.022796080838863534,-0.3183529222139253,-0.36237093865091263,0,0,1,1
1.7079487761440282,-0.5595970097177485,0.17511402832558076,-0.6694549778939429,1.212971186202147,0.7627087085758464,-1.4454140006891936,-1.3642823749057933,-0.7131488177036864,0,1,1,2
0.34725655002843697,1.0658796861460242,0.5288084369317487,-0.3992802814340011,0.2339660497585023,0.7627087085758464,-1.4454140006891936,0.20461180413200947,-0.36237093865091263,0,2,2,2
-0.0996861519803352,-0.5595970097177485,-2.0481079686274777,-1.698691916788955,-0.2555365184633201,-0.9790057465710549,-1.4454140006891936,-0.3183529222139253,0.6899626985074089,0,2,2,2
-1.3809218977388125,-0.5595970097177485,-0.5828025615447802,-0.41214574317018987,0.7234686179803247,-1.8498629741445056,-0.022796080838863534,-1.625764738078761,1.3915184566129566,0,0,2,2
-0.7154738747479755,-0.5595970097177485,-0.7849136521768764,-0.45074212837875244,-1.2345416549069648,1.6335659361492971,1.3998218390114665,0.3789333795806544,-1.4147045758092343,1,0,0,2
-1.2319409970692217,-0.5595970097177485,-1.7449413326793333,-1.8144810724146436,-1.2345416549069648,-0.10814851899760423,-1.4454140006891936,-1.9744078889760501,1.3915184566129566,0,2,2,2
-1.4405142580066481,-0.5595970097177485,0.12458625566755645,-0.026181891084560337,-1.2345416549069648,-0.9790057465710549,1.3998218390114665,0.030290228683364548,1.0407405775601828,0,0,1,2
-0.1990067524267284,-0.5595970097177485,-0.481747016228732,-1.0425533682433845,-2.2135467913506095,-0.10814851899760423,-1.4454140006891936,-1.887247101251728,-0.36237093865091263,0,1,0,1
-0.12948233211425264,1.0658796861460242,0.3266973462996528,1.1703060503808909,0.2339660497585023,-0.9790057465710549,-1.4454140006891936,0.11745101640768663,-0.011593059598138786,1,0,2,1
1.3205984344030928,-0.5595970097177485,3.004669297174927,1.6334626728836474,-0.7450390866851424,1.6335659361492971,0.6885128790863014,0.46609416730497644,0.6899626985074089,0,2,2,2
1.2908022542691753,-0.5595970097177485,1.1351417088280373,0.5784948105162596,0.2339660497585023,0.7627087085758464,-0.022796080838863534,1.1633804690995562,-0.7131488177036864,1,2,2,2
-0.6558815144801389,1.0658796861460242,1.1351417088280373,1.3761534381598943,-0.2555365184633201,-0.9790057465710549,-0.022796080838863534,-1.625764738078761,1.3915184566129566,1,1,0,2
0.08902298886781211,-0.5595970097177485,0.9330306181959415,0.39837834620963175,0.7234686179803247,1.6335659361492971,1.3998218390114665,-0.05687055904095752,-1.765482454862008,0,2,1,2
-1.0134356760871561,-0.5595970097177485,-0.8859691974929245,-0.6051276692130046,-0.2555365184633201,-0.9790057465710549,-0.7341050407640285,1.7735059831698121,-0.36237093865091263,0,1,1,1
0.4863053906533868,1.0658796861460242,1.8930582986983981,1.9036373693435873,0.7234686179803247,-0.9790057465710549,-0.022796080838863534,0.11745101640768663,1.3915184566129566,1,2,1,2
0.6650824714568949,-0.5595970097177485,0.27616957364162853,0.08960726454112926,-0.2555365184633201,-0.9790057465710549,1.3998218390114665,-0.8413176485598592,-1.4147045758092343,0,0,1,2
-1.1524845167121067,-0.5595970097177485,0.3772251189576767,0.6428221191971979,0.7234686179803247,-0.10814851899760423,0.6885128790863014,-0.05687055904095752,-1.0639266967564602,0,1,2,2
1.0127045730192739,-0.5595970097177485,-0.1280526076225638,0.6556875809333848,0.2339660497585023,1.6335659361492971,-1.4454140006891936,-0.40551370993824737,1.0407405775601828,0,1,2,2
-0.7353379948372538,-0.5595970097177485,0.023530710351508263,-1.0554188299795724,0.7234686179803247,-0.10814851899760423,0.6885128790863014,0.9018981059265884,0.6899626985074089,0,2,0,2
1.3106663743584535,1.0658796861460242,0.22564180098360465,0.7714767365590743,0.7234686179803247,0.7627087085758464,-0.7341050407640285,-1.3642823749057933,1.0407405775601828,0,1,0,2
0.853791612305044,-0.5595970097177485,0.781447300221869,0.282589190583944,1.212971186202147,0.7627087085758464,-0.022796080838863534,-0.05687055904095752,-0.36237093865091263,0,1,1,2
0.5260336308319451,1.0658796861460242,-0.5828025615447802,0.3211855757925066,-1.2345416549069648,0.7627087085758464,0.6885128790863014,-0.5798352853868923,1.3915184566129566,0,1,2,2
0.8835877924389615,-0.5595970097177485,-1.7449413326793333,-0.8881678274091334,1.212971186202147,0.7627087085758464,0.6885128790863014,-1.451443162630116,1.3915184566129566,0,1,1,2
0.9431801527067981,-0.5595970097177485,1.0846139361700136,0.7714767365590743,1.212971186202147,-0.10814851899760423,-0.7341050407640285,-1.2771215871814712,1.3915184566129566,0,0,0,2
1.7079487761440282,-0.5595970097177485,1.5393638900922297,0.7843421982952613,0.2339660497585023,0.7627087085758464,0.6885128790863014,-0.05687055904095752,-1.0639266967564602,0,1,1,2
1.3106663743584535,-0.5595970097177485,0.17511402832558076,0.025279955860190998,0.7234686179803247,-0.10814851899760423,-0.7341050407640285,-0.40551370993824737,-0.36237093865091263,0,0,0,2
-0.6062212142569422,-0.5595970097177485,0.3266973462996528,0.282589190583944,-1.2345416549069648,0.7627087085758464,0.6885128790863014,-1.0156392240085041,0.6899626985074089,0,2,2,2
0.1386832890910096,-0.5595970097177485,0.27616957364162853,0.23112734363919268,-0.2555365184633201,-0.10814851899760423,-0.7341050407640285,-0.40551370993824737,1.3915184566129566,1,1,0,2
1.7079487761440282,-0.5595970097177485,0.7309195275638452,0.6428221191971979,0.7234686179803247,-0.10814851899760423,0.6885128790863014,0.8147373182022662,-0.36237093865091263,1,1,0,2
0.5458977509212234,-0.5595970097177485,0.22564180098360465,-0.013316429348371588,0.7234686179803247,0.7627087085758464,0.6885128790863014,0.3789333795806544,0.6899626985074089,0,2,1,2
-0.6558815144801389,1.0658796861460242,0.9835583908539653,0.5270329635715083,-1.7240442231287871,-0.10814851899760423,0.6885128790863014,1.0762196813752325,0.6899626985074089,0,0,2,1
0.14861534913564875,-0.5595970097177485,0.6803917549058213,1.2603642825342047,-0.7450390866851424,0.7627087085758464,-0.7341050407640285,-0.23119213448960244,1.3915184566129566,0,0,0,1
0.8041313120818465,-0.5595970097177485,0.7309195275638452,-0.013316429348371588,0.7234686179803247,1.6335659361492971,-0.7341050407640285,1.6863451954454902,-0.011593059598138786,0,1,1,2
-1.341193657560255,5.9423097737373425,0.3772251189576767,0.17966549669444318,-0.7450390866851424,-0.10814851899760423,-0.7341050407640285,0.3789333795806544,0.6899626985074089,0,0,0,1
-0.665813574524778,-0.5595970097177485,0.6803917549058213,1.5176735172579578,1.212971186202147,-0.10814851899760423,-1.4454140006891936,-0.49267449766256943,-0.36237093865091263,0,1,2,2
-1.3113974774263366,2.691356382009797,-0.7849136521768764,-0.6694549778939429,-1.2345416549069648,-1.8498629741445056,0.6885128790863014,0.11745101640768663,-1.765482454862008,0,2,2,1
1.519239635295881,-0.5595970097177485,-0.1280526076225638,-0.4250112049063768,0.7234686179803247,1.6335659361492971,-0.022796080838863534,-0.3183529222139253,0.3391848194546351,1,2,2,2
-1.5696310385869596,1.0658796861460242,1.8425305260403742,0.7714767365590743,1.212971186202147,-0.9790057465710549,-0.022796080838863534,0.46609416730497644,1.3915184566129566,1,2,1,1
0.60549011118906,-0.5595970097177485,0.6298639822477969,1.659193596356023,1.212971186202147,-0.10814851899760423,-1.4454140006891936,0.6404157427536213,-0.7131488177036864,0,1,0,2
-0.3678517731855974,2.691356382009797,0.7309195275638452,-0.06477827629312292,-0.2555365184633201,-0.10814851899760423,0.6885128790863014,-0.40551370993824737,-0.011593059598138786,0,0,2,2
1.3702587346262902,-0.5595970097177485,-1.0375525154669965,-0.7595132100472568,0.2339660497585023,-0.10814851899760423,0.6885128790863014,1.7735059831698121,1.3915184566129566,0,0,1,2
0.45650921051946936,-0.5595970097177485,0.427752891615701,1.3375570529513316,-0.2555365184633201,0.7627087085758464,1.3998218390114665,-0.14403134676528037,-0.36237093865091263,0,2,0,2
0.29759624980523947,-0.5595970097177485,-1.1386080607830447,-1.5829027611632653,-0.2555365184633201,-0.9790057465710549,-0.022796080838863534,-1.712925525803083,1.3915184566129566,0,1,2,2
1.3305304944477319,-0.5595970097177485,-0.026997062306515603,0.41124380794582055,-0.7450390866851424,0.7627087085758464,-0.022796080838863534,1.3377020445482002,1.3915184566129566,0,0,0,2
0.2082077094034854,-0.5595970097177485,-0.27963592559663586,0.14106911148587875,-0.7450390866851424,0.7627087085758464,0.6885128790863014,0.6404157427536213,-0.011593059598138786,0,1,1,2
-1.4703104381405665,-0.5595970097177485,0.427752891615701,0.34691649926488227,-1.2345416549069648,-0.9790057465710549,-0.7341050407640285,0.29177259185633153,-0.7131488177036864,1,1,2,2
0.08902298886781211,-0.5595970097177485,0.023530710351508263,1.1831715121170796,0.2339660497585023,0.7627087085758464,1.3998218390114665,-0.49267449766256943,-1.0639266967564602,1,1,2,2
0.7246748317247316,-0.5595970097177485,0.8825028455379171,0.8744004304485752,0.2339660497585023,1.6335659361492971,-0.7341050407640285,0.46609416730497644,-1.0639266967564602,0,2,2,2
-1.6192913388101564,1.0658796861460242,1.2361972541440855,0.42410926968200746,0.7234686179803247,-0.9790057465710549,0.6885128790863014,0.20461180413200947,1.3915184566129566,0,2,1,2
-0.6956097546586963,-0.5595970097177485,3.004669297174927,2.2767357596930298,-1.2345416549069648,-0.9790057465710549,-1.4454140006891936,-1.5386039503544382,1.3915184566129566,0,1,0,2
0.4267130303855519,1.0658796861460242,-0.7849136521768764,-0.1805674319188125,-1.2345416549069648,0.7627087085758464,0.6885128790863014,-2.584533403046307,1.3915184566129566,0,2,1,1
-1.1326203966228285,1.0658796861460242,-0.4312192435707079,0.24399280537538143,-0.2555365184633201,-1.8498629741445056,-0.7341050407640285,0.46609416730497644,-0.36237093865091263,0,2,0,1
1.7079487761440282,-0.5595970097177485,-0.4312192435707079,0.1539345732220675,-1.2345416549069648,0.7627087085758464,0.6885128790863014,-1.0156392240085041,-1.0639266967564602,0,2,1,2
1.1517534136442238,-0.5595970097177485,-1.9975801959694535,-2.5735433148497147,1.212971186202147,-0.10814851899760423,0.6885128790863014,-0.05687055904095752,-1.765482454862008,0,0,0,2
0.9233160326175198,-0.5595970097177485,0.27616957364162853,0.205396420166817,-1.2345416549069648,0.7627087085758464,-1.4454140006891936,-0.8413176485598592,0.6899626985074089,1,0,2,2
-1.4504463180512872,1.0658796861460242,-0.1280526076225638,-0.5793967457406289,-0.2555365184633201,-0.9790057465710549,1.3998218390114665,-0.9284784362841814,-0.7131488177036864,0,1,2,2
1.4695793350726833,-0.5595970097177485,1.1351417088280373,-0.051912814556936006,0.7234686179803247,0.7627087085758464,1.3998218390114665,-0.7541568608355372,-0.7131488177036864,0,1,1,2
-0.39764795331951575,-0.5595970097177485,0.8825028455379171,0.3083201140563197,0.7234686179803247,-0.9790057465710549,-0.7341050407640285,-0.6669960731112143,1.3915184566129566,0,1,0,2
-1.519970738363763,1.0658796861460242,0.427752891615701,0.06387634106875359,0.7234686179803247,-0.9790057465710549,1.3998218390114665,0.8147373182022662,-0.36237093865091263,0,2,2,1
0.2876641897606003,-0.5595970097177485,0.22564180098360465,-0.4250112049063768,1.212971186202147,-0.10814851899760423,-0.7341050407640285,0.6404157427536213,1.0407405775601828,1,0,2,2
-0.924047135685402,-0.5595970097177485,0.17511402832558076,0.6299566574610109,-1.7240442231287871,-0.10814851899760423,-1.4454140006891936,-1.1028000117328263,1.3915184566129566,0,0,2,1
-0.1394143921588918,-0.5595970097177485,0.3772251189576767,0.6170911957248222,1.212971186202147,-0.9790057465710549,1.3998218390114665,0.46609416730497644,-1.765482454862008,0,2,0,2
-0.020229671623220265,1.0658796861460242,-0.026997062306515603,0.539898425307697,-1.2345416549069648,0.7627087085758464,-1.4454140006891936,1.0762196813752325,-0.36237093865091263,0,1,2,2
-0.2784632327838434,-0.5595970097177485,0.17511402832558076,1.1703060503808909,-1.2345416549069648,-0.10814851899760423,-1.4454140006891936,1.0762196813752325,1.3915184566129566,0,2,0,2
1.7079487761440282,-0.5595970097177485,0.8825028455379171,0.8229385835038258,-0.2555365184633201,0.7627087085758464,0.6885128790863014,-1.8000863135274052,0.6899626985074089,1,1,0,2
-0.7651341749711721,-0.5595970097177485,-2.0481079686274777,-0.9910915212986342,-1.7240442231287871,-0.9790057465710549,-0.022796080838863534,-0.14403134676528037,1.0407405775601828,0,1,1,1
0.9630442727960764,-0.5595970097177485,0.22564180098360465,0.03814541759637792,-1.2345416549069648,-0.10814851899760423,1.3998218390114665,-2.148729464424695,1.3915184566129566,0,2,2,2
1.0524328131978304,1.0658796861460242,-0.1280526076225638,-0.15483650844643684,1.212971186202147,-1.8498629741445056,-1.4454140006891936,1.4248628322725223,1.3915184566129566,0,1,1,2
-0.14934645220353093,1.0658796861460242,-2.0481079686274777,-1.788750148942268,0.2339660497585023,0.7627087085758464,-0.7341050407640285,0.7275765304779435,-0.011593059598138786,1,0,1,2
-1.2418730571138608,2.691356382009797,-1.8459968779953813,-2.2390413097088357,1.212971186202147,0.7627087085758464,0.6885128790863014,-1.0156392240085041,-0.7131488177036864,1,1,1,2
1.0425007531531914,-0.5595970097177485,1.2867250268021095,1.1317096651723282,1.212971186202147,0.7627087085758464,0.6885128790863014,-0.14403134676528037,-0.36237093865091263,0,0,2,2
0.247935949582042,-0.5595970097177485,-0.380691470912684,-0.7595132100472568,0.7234686179803247,0.7627087085758464,1.3998218390114665,0.9890588936509105,1.3915184566129566,0,0,2,2
-0.03016173166785941,-0.5595970097177485,-0.22910815293861175,0.6299566574610109,-1.2345416549069648,0.7627087085758464,0.6885128790863014,-1.5386039503544382,-0.36237093865091263,0,1,1,2
0.7147427716800925,-0.5595970097177485,1.7414749807243262,0.8872658921847639,1.212971186202147,-0.9790057465710549,0.6885128790863014,0.3789333795806544,-0.011593059598138786,0,1,2,2
-0.2784632327838434,-0.5595970097177485,0.27616957364162853,-0.33495297275306285,-1.2345416549069648,-0.9790057465710549,-0.7341050407640285,-1.8000863135274052,1.0407405775601828,0,1,0,2
0.1386832890910096,1.0658796861460242,-1.391246924073165,-0.37354935796162725,-0.2555365184633201,-0.10814851899760423,0.6885128790863014,-0.9284784362841814,-0.011593059598138786,0,1,1,2
0.58562599109978,-0.5595970097177485,0.07405848300953258,0.4498401931543831,0.2339660497585023,-1.8498629741445056,-0.7341050407640285,-0.49267449766256943,-0.7131488177036864,0,1,0,2
0.833927492215764,-0.5595970097177485,0.9330306181959415,1.3632879764237056,0.7234686179803247,0.7627087085758464,-0.7341050407640285,0.5532549550292986,-1.4147045758092343,0,2,2,2
0.9431801527067981,-0.5595970097177485,1.79200275338235,0.34691649926488227,-1.2345416549069648,-0.10814851899760423,-0.022796080838863534,0.20461180413200947,0.3391848194546351,0,2,1,2
0.9332480926621589,-0.5595970097177485,-1.2901913787571169,-0.5665312840044421,0.7234686179803247,-0.10814851899760423,-1.4454140006891936,-0.6669960731112143,-0.36237093865091263,0,1,2,2
-1.1524845167121067,1.0658796861460242,-2.0481079686274777,-0.9653605978262585,0.2339660497585023,-0.9790057465710549,0.6885128790863014,-0.49267449766256943,-0.36237093865091263,0,1,2,2
0.4267130303855519,-0.5595970097177485,1.7414749807243262,1.157440588644704,1.212971186202147,-0.10814851899760423,-1.4454140006891936,1.3377020445482002,-1.0639266967564602,1,0,1,2
-2.582701163140175,2.691356382009797,-0.8859691974929245,0.3726474227372579,-1.2345416549069648,-1.8498629741445056,-0.7341050407640285,-1.189960799457149,1.3915184566129566,1,1,0,1
0.06915886877853382,-0.5595970097177485,-0.9870247428089725,-0.3864148196978142,-0.7450390866851424,-0.10814851899760423,-1.4454140006891936,0.8147373182022662,-1.0639266967564602,1,2,2,2
-0.6360173943908606,1.0658796861460242,-0.5322747888867561,-0.37354935796162725,0.7234686179803247,0.7627087085758464,-0.022796080838863534,0.030290228683364548,-0.36237093865091263,0,2,1,2
-0.4373761934980732,2.691356382009797,-0.481747016228732,-0.2706256640721246,-2.2135467913506095,-1.8498629741445056,-0.7341050407640285,-1.189960799457149,-0.7131488177036864,0,1,1,1
-1.768272239479747,-0.5595970097177485,-1.2396636060990927,-1.788750148942268,-0.2555365184633201,-0.10814851899760423,1.3998218390114665,-0.7541568608355372,-0.7131488177036864,1,1,1,2
-0.16921057229281097,1.0658796861460242,-0.27963592559663586,-0.07764373802930984,-0.7450390866851424,0.7627087085758464,-1.4454140006891936,-0.14403134676528037,-0.36237093865091263,0,1,2,2
1.7079487761440282,-0.5595970097177485,-0.9364969701509483,-0.5793967457406289,1.212971186202147,-0.10814851899760423,0.6885128790863014,0.6404157427536213,-0.011593059598138786,0,0,2,2
0.5558298109658626,1.0658796861460242,-0.0775248349645397,0.08960726454112926,-0.2555365184633201,1.6335659361492971,-0.022796080838863534,-0.3183529222139253,-0.7131488177036864,0,2,1,2
-0.000365551533941971,-0.5595970097177485,-0.9870247428089725,-0.8367059804643819,0.2339660497585023,-0.9790057465710549,0.6885128790863014,-0.23119213448960244,0.3391848194546351,0,2,2,2
-1.2319409970692217,1.0658796861460242,-0.17858038028058765,1.1960369738532666,0.2339660497585023,0.7627087085758464,1.3998218390114665,0.5532549550292986,0.3391848194546351,1,0,1,2
-0.41751207340879404,-0.5595970097177485,1.8425305260403742,0.810073121767637,-1.2345416549069648,-0.10814851899760423,-0.7341050407640285,0.7275765304779435,1.0407405775601828,0,0,2,2
0.4267130303855519,-0.5595970097177485,1.1856694814860618,0.1925309584306301,0.2339660497585023,0.7627087085758464,1.3998218390114665,-1.451443162630116,1.3915184566129566,0,1,1,2
-1.0630959763103527,1.0658796861460242,0.12458625566755645,0.051010879332566664,-1.2345416549069648,-1.8498629741445056,-0.022796080838863534,-0.23119213448960244,-0.36237093865091263,0,1,0,1
1.5688999355190767,-0.5595970097177485,-0.3301636982546599,-0.309222049280689,1.212971186202147,0.7627087085758464,0.6885128790863014,1.3377020445482002,-0.7131488177036864,0,2,0,2
-1.4504463180512872,1.0658796861460242,-0.3301636982546599,-0.1033746615016855,0.2339660497585023,-0.10814851899760423,-0.022796080838863534,-1.3642823749057933,1.3915184566129566,0,1,2,2
0.16847946922492704,-0.5595970097177485,-0.8859691974929245,-1.2869971412309498,-0.7450390866851424,-0.9790057465710549,-1.4454140006891936,-0.14403134676528037,-0.7131488177036864,0,1,1,2
-1.1425524566674676,-0.5595970097177485,-0.27963592559663586,-0.3992802814340011,1.212971186202147,-1.8498629741445056,-1.4454140006891936,1.6863451954454902,1.0407405775601828,0,2,2,2
1.7079487761440282,-0.5595970097177485,-0.026997062306515603,-1.0039569830348212,0.2339660497585023,0.7627087085758464,-0.022796080838863534,0.030290228683364548,1.3915184566129566,0,1,0,2
0.4863053906533868,-0.5595970097177485,0.12458625566755645,0.41124380794582055,0.7234686179803247,0.7627087085758464,1.3998218390114665,1.599184407721168,-0.7131488177036864,1,2,2,2
1.4795113951173227,-0.5595970097177485,0.7309195275638452,0.47557111662675877,0.7234686179803247,1.6335659361492971,-0.7341050407640285,0.030290228683364548,-0.011593059598138786,0,1,2,2
1.002772512974633,1.0658796861460242,0.8825028455379171,0.79720766003145,0.2339660497585023,-0.10814851899760423,-0.7341050407640285,0.5532549550292986,-1.765482454862008,0,2,2,2
-0.8545227153729262,1.0658796861460242,0.5288084369317487,0.977324124338076,0.2339660497585023,-0.10814851899760423,0.6885128790863014,-0.5798352853868923,-0.011593059598138786,0,0,0,2
-0.05995791180177685,-0.5595970097177485,1.7414749807243262,2.16094660406734,1.212971186202147,-0.9790057465710549,-0.7341050407640285,-0.5798352853868923,-1.0639266967564602,0,1,1,2
0.4664412705641085,-0.5595970097177485,0.6298639822477969,-0.07764373802930984,1.212971186202147,-0.10814851899760423,-0.022796080838863534,0.46609416730497644,-1.0639266967564602,0,2,0,2
-0.7353379948372538,2.691356382009797,-0.0775248349645397,-1.531440914218515,0.2339660497585023,-1.8498629741445056,0.6885128790863014,0.46609416730497644,0.3391848194546351,0,2,2,1
0.06915886877853382,-0.5595970097177485,-0.1280526076225638,-0.309222049280689,-0.2555365184633201,-1.8498629741445056,0.6885128790863014,0.6404157427536213,1.0407405775601828,0,2,1,1
1.2411419540459778,-0.5595970097177485,0.8825028455379171,0.3083201140563197,1.212971186202147,0.7627087085758464,-0.022796080838863534,0.46609416730497644,-0.011593059598138786,0,0,0,2
1.3404625544923727,1.0658796861460242,-0.27963592559663586,-0.3478184344892516,0.2339660497585023,0.7627087085758464,-0.022796080838863534,-1.3642823749057933,-1.0639266967564602,0,2,0,1
1.6483564158761916,-0.5595970097177485,0.3772251189576767,-0.6951859013663185,0.7234686179803247,0.7627087085758464,-0.7341050407640285,-0.8413176485598592,1.0407405775601828,0,2,2,2
0.267800069671322,-0.5595970097177485,0.4782806642737249,0.12820364974969184,1.212971186202147,0.7627087085758464,-0.7341050407640285,0.9018981059265884,-0.36237093865091263,0,0,0,2
-0.9637753758639594,-0.5595970097177485,-2.0481079686274777,-2.033193921929833,0.2339660497585023,-0.10814851899760423,1.3998218390114665,-2.061568676700373,-0.7131488177036864,0,2,1,2
-1.9271852001939769,1.0658796861460242,-1.542830242047237,-1.8273465341508315,-1.7240442231287871,-1.8498629741445056,0.6885128790863014,0.3789333795806544,-1.0639266967564602,0,0,1,2
0.3571886100730761,-0.5595970097177485,0.427752891615701,0.06387634106875359,1.212971186202147,-0.9790057465710549,0.6885128790863014,0.9018981059265884,-1.4147045758092343,0,1,2,2
0.8935198524836006,-0.5595970097177485,-2.0481079686274777,-0.7981095952558194,0.7234686179803247,-0.9790057465710549,0.6885128790863014,0.46609416730497644,-1.0639266967564602,0,2,1,2
-0.5466288539891055,1.0658796861460242,-2.0481079686274777,-1.77588468720608,-0.2555365184633201,-0.9790057465710549,-1.4454140006891936,-0.6669960731112143,0.6899626985074089,0,0,1,2
0.8736557323943223,-0.5595970097177485,1.438308344776182,-0.0905091997654986,-0.2555365184633201,-0.10814851899760423,1.3998218390114665,-0.7541568608355372,-0.011593059598138786,0,1,2,2
0.9531122127514372,1.0658796861460242,-0.9870247428089725,-0.8109750569920063,1.212971186202147,-0.10814851899760423,-1.4454140006891936,-2.410211827597662,-1.0639266967564602,0,1,1,2
0.2876641897606003,1.0658796861460242,-0.6333303342028043,-0.8753023656729446,0.2339660497585023,0.7627087085758464,-1.4454140006891936,0.20461180413200947,0.3391848194546351,0,0,1,2
-0.4075800133641549,-0.5595970097177485,1.79200275338235,0.977324124338076,-2.2135467913506095,-0.9790057465710549,0.6885128790863014,-0.9284784362841814,0.6899626985074089,0,2,1,1
0.4664412705641085,-0.5595970097177485,0.3772251189576767,-0.051912814556936006,0.2339660497585023,1.6335659361492971,0.6885128790863014,0.20461180413200947,-0.011593059598138786,0,2,1,2
0.2876641897606003,1.0658796861460242,0.07405848300953258,0.4369747314181962,0.2339660497585023,0.7627087085758464,-1.4454140006891936,0.3789333795806544,-0.36237093865091263,0,2,1,2
-0.07982203189105691,-0.5595970097177485,-1.7954691053373573,-0.7981095952558194,0.7234686179803247,-0.9790057465710549,-1.4454140006891936,-0.23119213448960244,0.6899626985074089,0,1,1,2
0.247935949582042,-0.5595970097177485,1.1351417088280373,2.379659453582531,1.212971186202147,-0.9790057465710549,1.3998218390114665,0.20461180413200947,-1.0639266967564602,0,1,0,2
-0.6956097546586963,-0.5595970097177485,-2.0481079686274777,-1.094015215188135,-0.7450390866851424,-0.9790057465710549,-0.022796080838863534,0.11745101640768663,-0.36237093865091263,0,1,1,2
-1.2021448169353033,-0.5595970097177485,0.6298639822477969,0.9129968156571379,0.2339660497585023,-1.8498629741445056,-0.022796080838863534,-0.05687055904095752,0.6899626985074089,0,0,2,2
-0.39764795331951575,-0.5595970097177485,0.27616957364162853,0.7714767365590743,-0.2555365184633201,-0.9790057465710549,1.3998218390114665,-1.1028000117328263,0.3391848194546351,0,0,1,2
1.0524328131978304,-0.5595970097177485,-0.6333303342028043,-0.32208751101687594,1.212971186202147,0.7627087085758464,1.3998218390114665,-1.451443162630116,0.6899626985074089,0,2,1,2
1.2113457739120603,-0.5595970097177485,1.438308344776182,0.7586112748228875,0.7234686179803247,-0.10814851899760423,-0.7341050407640285,0.6404157427536213,-1.765482454862008,0,0,0,2
-0.2585991126945651,-0.5595970097177485,-0.6333303342028043,-0.46360759011493935,-1.7240442231287871,-0.9790057465710549,-1.4454140006891936,-0.05687055904095752,-1.0639266967564602,1,2,1,1
0.6750145315015359,-0.5595970097177485,-0.026997062306515603,-0.309222049280689,-0.7450390866851424,1.6335659361492971,-0.7341050407640285,-0.05687055904095752,0.3391848194546351,0,0,2,2
0.8835877924389615,1.0658796861460242,-0.026997062306515603,0.4498401931543831,0.7234686179803247,1.6335659361492971,1.3998218390114665,-1.712925525803083,1.3915184566129566,0,0,2,2
-0.26853117273920424,-0.5595970097177485,0.3772251189576767,0.25685826711156834,0.7234686179803247,0.7627087085758464,0.6885128790863014,0.7275765304779435,-0.7131488177036864,0,0,0,2
1.7079487761440282,-0.5595970097177485,0.6803917549058213,1.054516894755203,1.212971186202147,-0.10814851899760423,0.6885128790863014,-1.887247101251728,0.3391848194546351,0,2,1,2
-0.37778383323023657,-0.5595970097177485,0.6298639822477969,0.33405103752869353,1.212971186202147,-0.10814851899760423,-1.4454140006891936,-1.625764738078761,-0.011593059598138786,1,0,1,2
-0.3181914729624008,-0.5595970097177485,0.6298639822477969,0.977324124338076,-0.7450390866851424,-0.9790057465710549,-0.022796080838863534,-0.40551370993824737,1.3915184566129566,0,2,1,1
-1.2220089370245826,-0.5595970097177485,1.4888361174342057,1.054516894755203,1.212971186202147,-0.10814851899760423,-1.4454140006891936,0.46609416730497644,-1.0639266967564602,0,2,2,2
0.8438595522604049,-0.5595970097177485,1.589891662750254,2.1352156805949645,0.7234686179803247,-0.10814851899760423,0.6885128790863014,0.20461180413200947,-1.4147045758092343,0,1,1,2
-0.6956097546586963,-0.5595970097177485,-0.4312192435707079,-0.5408003605320664,-0.2555365184633201,0.7627087085758464,-1.4454140006891936,1.3377020445482002,0.6899626985074089,0,1,2,2
-0.48703649372126984,1.0658796861460242,0.6803917549058213,0.051010879332566664,-0.7450390866851424,-0.9790057465710549,-0.7341050407640285,0.3789333795806544,-0.36237093865091263,0,0,0,1
-0.4075800133641549,-0.5595970097177485,0.27616957364162853,0.7328803513505118,-2.2135467913506095,-0.10814851899760423,1.3998218390114665,-1.1028000117328263,0.3391848194546351,0,1,2,2
-1.3113974774263366,4.31683307787357,-1.1891358334410687,-1.77588468720608,0.2339660497585023,-1.8498629741445056,-1.4454140006891936,0.9018981059265884,-1.0639266967564602,0,1,2,2
-0.9637753758639594,-0.5595970097177485,-1.694413560021309,-0.9782260595624453,0.2339660497585023,-0.10814851899760423,-1.4454140006891936,-1.0156392240085041,-0.7131488177036864,1,1,1,2
1.519239635295881,-0.5595970097177485,-1.593358014705261,-1.184073447341449,1.212971186202147,-0.10814851899760423,0.6885128790863014,0.6404157427536213,-1.0639266967564602,0,0,2,2
-1.2120768769799435,-0.5595970097177485,1.5393638900922297,0.539898425307697,-1.2345416549069648,-0.9790057465710549,-0.022796080838863534,1.7735059831698121,0.3391848194546351,0,0,1,1
1.7079487761440282,-0.5595970097177485,1.1351417088280373,0.12820364974969184,0.7234686179803247,1.6335659361492971,0.6885128790863014,-1.189960799457149,1.3915184566129566,0,0,2,2
0.04929474868925553,-0.5595970097177485,0.427752891615701,0.6942839661419492,1.212971186202147,0.7627087085758464,-0.7341050407640285,0.6404157427536213,-1.4147045758092343,0,2,0,2
0.853791612305044,-0.5595970097177485,-0.4312192435707079,0.11533818801350493,1.212971186202147,0.7627087085758464,0.6885128790863014,1.4248628322725223,0.3391848194546351,0,0,1,2
-1.2915333573370575,2.691356382009797,0.3266973462996528,-0.16770197018262376,0.2339660497585023,-0.10814851899760423,0.6885128790863014,-0.05687055904095752,-0.36237093865091263,0,2,2,1
-2.1456905211760424,1.0658796861460242,-0.6838581068608282,0.0767418028049405,-1.2345416549069648,-1.8498629741445056,-1.4454140006891936,-0.9284784362841814,-1.0639266967564602,0,2,2,1
1.1815495937781428,-0.5595970097177485,-0.5322747888867561,-0.8109750569920063,-0.2555365184633201,0.7627087085758464,-1.4454140006891936,-0.49267449766256943,-1.765482454862008,0,1,2,2
1.7079487761440282,-0.5595970097177485,1.9941138440144464,1.5562699024665203,0.2339660497585023,1.6335659361492971,-1.4454140006891936,0.7275765304779435,-1.4147045758092343,0,0,2,2
1.3801907946709293,1.0658796861460242,0.27616957364162853,-1.0296879065071967,0.7234686179803247,1.6335659361492971,1.3998218390114665,1.0762196813752325,0.3391848194546351,0,2,0,2
0.6253542312783383,-0.5595970097177485,-1.1891358334410687,0.0767418028049405,0.2339660497585023,-0.10814851899760423,-1.4454140006891936,0.29177259185633153,-1.0639266967564602,0,2,2,2
1.3106663743584535,-0.5595970097177485,0.8319750728798933,0.3726474227372579,0.7234686179803247,-0.9790057465710549,-0.022796080838863534,-0.7541568608355372,1.0407405775601828,0,1,1,2
-1.6292233988547964,2.691356382009797,-0.3301636982546599,-1.441382682065202,-1.2345416549069648,-0.10814851899760423,1.3998218390114665,0.46609416730497644,-0.7131488177036864,1,1,1,2
0.6650824714568949,-0.5595970097177485,2.4488637979366628,1.8650409841350246,0.7234686179803247,-0.10814851899760423,0.6885128790863014,-2.061568676700373,0.3391848194546351,1,1,2,2
-0.15927851224817183,-0.5595970097177485,0.023530710351508263,0.012414494124002251,1.212971186202147,0.7627087085758464,-0.7341050407640285,0.11745101640768663,1.0407405775601828,1,2,1,2
0.4465771504748302,-0.5595970097177485,-0.8354414248349004,0.4498401931543831,-0.2555365184633201,0.7627087085758464,-0.022796080838863534,-0.14403134676528037,-0.7131488177036864,0,2,2,2
-0.17914263233745012,-0.5595970097177485,-0.6333303342028043,-0.7466477483110681,-0.2555365184633201,1.6335659361492971,1.3998218390114665,0.9890588936509105,0.6899626985074089,1,1,1,2
-0.24866705264992592,-0.5595970097177485,0.12458625566755645,1.0287859712828273,0.7234686179803247,-0.10814851899760423,-0.022796080838863534,0.46609416730497644,-0.36237093865091263,0,2,0,2
-1.0035036160425168,1.0658796861460242,0.12458625566755645,-0.7080513631025055,0.7234686179803247,0.7627087085758464,1.3998218390114665,0.5532549550292986,-0.011593059598138786,0,0,0,2
-0.06988997184641599,1.0658796861460242,0.427752891615701,0.6299566574610109,-1.2345416549069648,-0.10814851899760423,1.3998218390114665,-0.49267449766256943,0.6899626985074089,0,0,1,2
-1.6292233988547964,-0.5595970097177485,-1.7449413326793333,-1.1197461386605108,0.7234686179803247,-0.9790057465710549,0.6885128790863014,0.030290228683364548,-0.7131488177036864,0,1,0,2
-0.2983273528731217,1.0658796861460242,-1.1386080607830447,-0.37354935796162725,-1.2345416549069648,0.7627087085758464,-0.022796080838863534,0.9890588936509105,-0.011593059598138786,0,0,0,2
0.12875122904637046,-0.5595970097177485,-0.22910815293861175,-0.7852441335196306,1.212971186202147,-0.9790057465710549,0.6885128790863014,-0.05687055904095752,1.3915184566129566,1,1,0,2
-0.5466288539891055,1.0658796861460242,-0.5828025615447802,-1.4542481438013888,-0.7450390866851424,0.7627087085758464,-1.4454140006891936,0.20461180413200947,-1.4147045758092343,0,0,1,2
0.19827564935884626,-0.5595970097177485,-1.1386080607830447,0.6170911957248222,-0.2555365184633201,-0.10814851899760423,0.6885128790863014,-1.5386039503544382,1.3915184566129566,0,2,2,2
1.0425007531531914,-0.5595970097177485,0.3266973462996528,0.9258622773933266,1.212971186202147,0.7627087085758464,-0.7341050407640285,-0.05687055904095752,1.0407405775601828,0,2,1,2
-0.6161532743015814,1.0658796861460242,0.427752891615701,0.205396420166817,-2.2135467913506095,-0.9790057465710549,0.6885128790863014,-2.061568676700373,1.3915184566129566,0,1,2,1
-0.03016173166785941,-0.5595970097177485,1.6909472080663022,1.6463281346198342,1.212971186202147,-0.10814851899760423,-0.022796080838863534,-0.49267449766256943,1.3915184566129566,0,0,2,2
0.6154221712336992,-0.5595970097177485,0.6803917549058213,0.14106911148587875,-0.2555365184633201,-0.9790057465710549,-0.022796080838863534,0.11745101640768663,-0.011593059598138786,0,1,2,2
-0.7353379948372538,-0.5595970097177485,0.4782806642737249,0.4369747314181962,0.2339660497585023,0.7627087085758464,0.6885128790863014,0.8147373182022662,-0.011593059598138786,0,2,1,2
-1.331261597515615,-0.5595970097177485,-0.17858038028058765,-0.6308585926853802,-1.2345416549069648,-0.9790057465710549,-0.022796080838863534,-1.0156392240085041,1.3915184566129566,0,1,0,2
0.49623745069802594,-0.5595970097177485,2.701502661226783,1.9936956014969012,0.7234686179803247,0.7627087085758464,-0.7341050407640285,0.3789333795806544,0.3391848194546351,0,0,1,2
0.1386832890910096,-0.5595970097177485,-0.380691470912684,-1.0554188299795724,-1.7240442231287871,0.7627087085758464,-1.4454140006891936,1.599184407721168,-0.7131488177036864,0,0,1,1
-1.0630959763103527,1.0658796861460242,-0.380691470912684,0.8486695069761996,-1.2345416549069648,-0.10814851899760423,-1.4454140006891936,-0.6669960731112143,0.3391848194546351,0,1,2,1
0.6253542312783383,-0.5595970097177485,0.9330306181959415,0.6428221191971979,-1.2345416549069648,0.7627087085758464,-0.022796080838863534,-1.625764738078761,1.3915184566129566,0,0,0,2
-1.5001066182744849,1.0658796861460242,-1.6438857873632853,-1.6729609933165792,0.2339660497585023,-0.10814851899760423,-0.022796080838863534,0.29177259185633153,-1.765482454862008,0,2,0,2
0.267800069671322,-0.5595970097177485,-0.1280526076225638,-0.6951859013663185,-0.7450390866851424,-0.10814851899760423,-1.4454140006891936,-1.189960799457149,1.0407405775601828,0,2,2,2
0.31746036989451776,-0.5595970097177485,0.27616957364162853,0.6299566574610109,1.212971186202147,-0.10814851899760423,-1.4454140006891936,-0.7541568608355372,-1.765482454862008,0,1,1,2
-0.20893881247136756,1.0658796861460242,0.023530710351508263,0.1925309584306301,-2.703049359572432,0.7627087085758464,-0.022796080838863534,-0.40551370993824737,-1.765482454862008,0,1,1,2
-0.3678517731855974,1.0658796861460242,-2.0481079686274777,-0.6951859013663185,-0.2555365184633201,1.6335659361492971,1.3998218390114665,1.7735059831698121,0.3391848194546351,0,1,0,2
1.3305304944477319,-0.5595970097177485,0.5288084369317487,0.6170911957248222,-1.7240442231287871,1.6335659361492971,-1.4454140006891936,-0.49267449766256943,-0.011593059598138786,1,1,2,2
-0.5565609140337456,-0.5595970097177485,0.9330306181959415,0.3597819610010692,0.7234686179803247,-0.10814851899760423,-0.022796080838863534,-0.40551370993824737,-0.36237093865091263,0,1,2,2
-0.8048624151497296,-0.5595970097177485,-0.026997062306515603,-0.00045096761218466834,1.212971186202147,-0.10814851899760423,-1.4454140006891936,1.6863451954454902,1.0407405775601828,1,1,1,2
-0.08975409193569606,-0.5595970097177485,-1.542830242047237,-0.9138987508815072,1.212971186202147,0.7627087085758464,0.6885128790863014,0.6404157427536213,-1.0639266967564602,1,1,1,2
-1.182280696846025,1.0658796861460242,-0.5322747888867561,-0.6437240544215672,0.2339660497585023,0.7627087085758464,-0.022796080838863534,1.0762196813752325,-0.7131488177036864,0,0,1,2
-0.8644547754175653,-0.5595970097177485,-0.5322747888867561,-0.9138987508815072,0.7234686179803247,0.7627087085758464,-1.4454140006891936,-0.9284784362841814,-0.011593059598138786,0,0,1,2
-1.0332997961764343,1.0658796861460242,-0.481747016228732,-1.01682244477101,-1.7240442231287871,-0.9790057465710549,-0.022796080838863534,-0.49267449766256943,0.6899626985074089,0,1,2,1
0.17841152926956796,-0.5595970097177485,0.4782806642737249,0.21826188190300577,-0.2555365184633201,0.7627087085758464,-0.7341050407640285,-1.0156392240085041,0.6899626985074089,0,1,1,2
1.5788319955637158,-0.5595970097177485,-1.3407191514151409,-0.309222049280689,0.7234686179803247,1.6335659361492971,-0.7341050407640285,0.9018981059265884,1.3915184566129566,1,1,0,2
-0.10961821202497435,-0.5595970097177485,-0.22910815293861175,-0.5408003605320664,-0.2555365184633201,0.7627087085758464,0.6885128790863014,1.3377020445482002,1.0407405775601828,0,2,0,2
-0.22880293256064585,-0.5595970097177485,-0.17858038028058765,-0.4764730518511281,0.2339660497585023,-0.9790057465710549,1.3998218390114665,-0.5798352853868923,1.3915184566129566,0,0,1,2
0.267800069671322,-0.5595970097177485,1.4888361174342057,0.9644586626018892,1.212971186202147,-0.9790057465710549,0.6885128790863014,-0.3183529222139253,1.0407405775601828,0,0,1,2
0.5657618710105017,-0.5595970097177485,0.3772251189576767,0.0767418028049405,-0.7450390866851424,-0.10814851899760423,-1.4454140006891936,-0.3183529222139253,-0.7131488177036864,0,0,0,2
-0.20893881247136756,1.0658796861460242,-0.481747016228732,-0.1805674319188125,0.7234686179803247,-0.9790057465710549,-0.7341050407640285,-1.625764738078761,1.3915184566129566,0,1,2,1
1.3603266745816511,-0.5595970097177485,1.3877805721181578,1.0030550478104516,0.2339660497585023,-0.10814851899760423,-0.022796080838863534,-0.6669960731112143,0.3391848194546351,0,1,2,2
1.5788319955637158,-0.5595970097177485,-1.2396636060990927,-1.274131679494762,0.7234686179803247,1.6335659361492971,-1.4454140006891936,0.8147373182022662,-1.0639266967564602,0,2,2,2
0.3770527301623544,-0.5595970097177485,-0.22910815293861175,0.23112734363919268,0.2339660497585023,-0.9790057465710549,1.3998218390114665,-0.5798352853868923,-0.36237093865091263,0,2,1,2
1.6582884759208307,-0.5595970097177485,-0.6333303342028043,-0.7723786717834438,-0.7450390866851424,1.6335659361492971,-0.022796080838863534,0.8147373182022662,-0.7131488177036864,0,2,0,2
-0.17914263233745012,1.0658796861460242,-0.481747016228732,-1.5057099907461402,-0.7450390866851424,-0.10814851899760423,1.3998218390114665,0.9018981059265884,-0.36237093865091263,0,0,2,2
0.9133839725728788,-0.5595970097177485,1.0846139361700136,1.0416514330190143,1.212971186202147,-0.10814851899760423,0.6885128790863014,-1.0156392240085041,-0.011593059598138786,0,0,1,2
0.33732448998379605,-0.5595970097177485,-0.5322747888867561,0.12820364974969184,1.212971186202147,0.7627087085758464,-0.022796080838863534,0.11745101640768663,-1.4147045758092343,0,2,2,2
1.7079487761440282,-0.5595970097177485,0.3266973462996528,-0.24489474059975078,0.7234686179803247,-0.10814851899760423,0.6885128790863014,-1.451443162630116,-0.011593059598138786,0,0,2,2
0.9332480926621589,-0.5595970097177485,0.7309195275638452,-0.2706256640721246,-0.2555365184633201,1.6335659361492971,1.3998218390114665,1.3377020445482002,-0.011593059598138786,0,1,0,2
0.684946591546175,2.691356382009797,-0.22910815293861175,-0.8753023656729446,-0.2555365184633201,1.6335659361492971,0.6885128790863014,-1.1028000117328263,1.3915184566129566,0,2,2,2
1.4298510948941268,-0.5595970097177485,0.3266973462996528,0.051010879332566664,0.7234686179803247,0.7627087085758464,-1.4454140006891936,-1.3642823749057933,-0.011593059598138786,0,1,2,2
1.0325686931085523,1.0658796861460242,0.17511402832558076,0.24399280537538143,1.212971186202147,1.6335659361492971,-1.4454140006891936,0.7275765304779435,-1.765482454862008,0,2,1,2
0.2280718294927637,-0.5595970097177485,0.17511402832558076,0.03814541759637792,-1.7240442231287871,0.7627087085758464,-0.7341050407640285,-0.3183529222139253,1.0407405775601828,0,1,1,2
-0.3181914729624008,-0.5595970097177485,-0.7849136521768764,0.012414494124002251,1.212971186202147,-0.10814851899760423,-0.7341050407640285,-0.14403134676528037,-1.0639266967564602,0,1,1,2
0.29759624980523947,-0.5595970097177485,-1.9470524233114292,-1.4542481438013888,-1.2345416549069648,-0.10814851899760423,-1.4454140006891936,1.7735059831698121,-0.011593059598138786,0,1,0,2
-0.5565609140337456,-0.5595970097177485,-0.0775248349645397,-0.7466477483110681,-1.2345416549069648,-0.9790057465710549,-0.7341050407640285,-1.2771215871814712,1.3915184566129566,0,1,1,2
-0.1394143921588918,-0.5595970097177485,-0.9870247428089725,-1.248400756022387,-0.2555365184633201,-0.9790057465710549,0.6885128790863014,0.6404157427536213,0.6899626985074089,0,0,0,2
-1.6987478191672714,2.691356382009797,-1.593358014705261,-0.7981095952558194,0.2339660497585023,-0.9790057465710549,-0.7341050407640285,-1.1028000117328263,1.3915184566129566,0,2,2,1
0.09895504891245302,-0.5595970097177485,1.6909472080663022,1.8650409841350246,0.7234686179803247,-0.9790057465710549,-0.7341050407640285,0.9018981059265884,-1.4147045758092343,1,1,1,2
0.4267130303855519,-0.5595970097177485,0.17511402832558076,-0.32208751101687594,0.7234686179803247,0.7627087085758464,0.6885128790863014,-0.49267449766256943,-1.4147045758092343,0,0,1,2
1.7079487761440282,-0.5595970097177485,0.8825028455379171,1.4276152851046437,0.7234686179803247,0.7627087085758464,1.3998218390114665,0.9890588936509105,-1.765482454862008,0,1,1,2
-0.5466288539891055,-0.5595970097177485,0.17511402832558076,-0.4764730518511281,0.7234686179803247,-0.9790057465710549,-0.7341050407640285,-0.23119213448960244,-0.36237093865091263,1,0,2,2
0.8835877924389615,-0.5595970097177485,1.0846139361700136,1.40188436163227,1.212971186202147,0.7627087085758464,1.3998218390114665,-0.9284784362841814,0.6899626985074089,0,0,2,2
1.7079487761440282,-0.5595970097177485,0.9330306181959415,0.4369747314181962,0.7234686179803247,1.6335659361492971,0.6885128790863014,0.8147373182022662,0.6899626985074089,0,2,0,2
1.7079487761440282,-0.5595970097177485,1.3372527994601338,-0.3478184344892516,0.2339660497585023,0.7627087085758464,1.3998218390114665,0.46609416730497644,-1.765482454862008,0,0,2,2
0.11881916900173131,1.0658796861460242,0.12458625566755645,1.4276152851046437,-1.7240442231287871,-0.10814851899760423,-0.022796080838863534,-0.3183529222139253,-1.765482454862008,0,2,2,1
-0.24866705264992592,-0.5595970097177485,-0.4312192435707079,-0.37354935796162725,-1.2345416549069648,-0.9790057465710549,-0.7341050407640285,-0.3183529222139253,1.3915184566129566,0,1,2,2
-0.1394143921588918,-0.5595970097177485,-1.3407191514151409,-0.5279348987958776,-0.2555365184633201,-0.10814851899760423,-0.7341050407640285,-0.9284784362841814,-0.36237093865091263,1,2,0,2
0.8239954321711248,-0.5595970097177485,0.3772251189576767,0.1539345732220675,0.7234686179803247,1.6335659361492971,0.6885128790863014,0.8147373182022662,1.3915184566129566,1,0,1,2
0.36712067011771526,-0.5595970097177485,1.2361972541440855,1.5176735172579578,-0.7450390866851424,1.6335659361492971,-0.7341050407640285,-0.3183529222139253,-0.36237093865091263,1,1,1,2
0.4664412705641085,1.0658796861460242,-0.7849136521768764,-1.0554188299795724,0.7234686179803247,0.7627087085758464,-1.4454140006891936,-0.7541568608355372,0.3391848194546351,0,1,2,2
-0.1394143921588918,-0.5595970097177485,-0.6838581068608282,-0.7981095952558194,-0.2555365184633201,1.6335659361492971,-0.022796080838863534,-1.2771215871814712,-0.36237093865091263,0,2,1,2
-0.44730825354271236,-0.5595970097177485,-0.380691470912684,0.11533818801350493,-0.2555365184633201,1.6335659361492971,-0.7341050407640285,0.46609416730497644,-1.765482454862008,0,1,0,2
0.5359656908765843,1.0658796861460242,-0.9364969701509483,-0.7595132100472568,-0.2555365184633201,-0.10814851899760423,-0.022796080838863534,-0.49267449766256943,-1.765482454862008,0,0,2,2
-0.7055418147033354,-0.5595970097177485,0.12458625566755645,-0.5022039753235038,0.7234686179803247,-0.10814851899760423,-0.022796080838863534,-2.061568676700373,1.3915184566129566,0,2,1,2
-1.0630959763103527,-0.5595970097177485,-0.5322747888867561,-0.1033746615016855,-1.2345416549069648,0.7627087085758464,0.6885128790863014,-1.189960799457149,-0.011593059598138786,0,1,2,2
-0.07982203189105691,2.691356382009797,-1.2396636060990927,-0.6951859013663185,0.2339660497585023,0.7627087085758464,-1.4454140006891936,-0.23119213448960244,-1.0639266967564602,0,0,1,1
-0.8843188955068445,-0.5595970097177485,-0.8859691974929245,-0.7595132100472568,-2.2135467913506095,-1.8498629741445056,1.3998218390114665,-0.14403134676528037,-0.36237093865091263,0,1,0,2
0.4465771504748302,-0.5595970097177485,1.438308344776182,0.7071494278781362,0.7234686179803247,-0.10814851899760423,0.6885128790863014,-0.23119213448960244,-1.765482454862008,0,1,0,2
1.2610060741352578,1.0658796861460242,0.07405848300953258,0.012414494124002251,1.212971186202147,0.7627087085758464,1.3998218390114665,-0.40551370993824737,-1.0639266967564602,0,0,2,2
-1.2716692372477791,1.0658796861460242,-0.5828025615447802,-0.6565895161577542,0.2339660497585023,-0.9790057465710549,-0.7341050407640285,-0.8413176485598592,-0.011593059598138786,0,0,1,2
0.1585474091802879,-0.5595970097177485,-1.4923024693892128,-2.1618485392917095,-0.2555365184633201,-0.10814851899760423,0.6885128790863014,1.2505412568238783,1.3915184566129566,1,1,2,1
1.3603266745816511,-0.5595970097177485,-0.27963592559663586,-0.309222049280689,-0.7450390866851424,0.7627087085758464,-0.022796080838863534,1.0762196813752325,-1.0639266967564602,0,2,0,2
1.2113457739120603,-0.5595970097177485,-0.3301636982546599,0.17966549669444318,1.212971186202147,-0.10814851899760423,0.6885128790863014,-1.1028000117328263,1.3915184566129566,0,0,2,2
-0.3479876530963191,-0.5595970097177485,1.0340861635119891,0.7328803513505118,0.2339660497585023,-0.10814851899760423,0.6885128790863014,0.030290228683364548,-1.0639266967564602,0,0,0,2
0.4863053906533868,1.0658796861460242,0.12458625566755645,0.282589190583944,1.212971186202147,0.7627087085758464,1.3998218390114665,-1.1028000117328263,1.0407405775601828,0,1,1,2
-0.46717237363199154,1.0658796861460242,-0.0775248349645397,-1.1326116003966975,0.7234686179803247,-1.8498629741445056,-0.022796080838863534,0.3789333795806544,1.3915184566129566,1,2,2,2
1.022636633063913,-0.5595970097177485,1.1856694814860618,0.6556875809333848,1.212971186202147,-0.9790057465710549,1.3998218390114665,0.9890588936509105,-1.765482454862008,0,0,0,2
1.4695793350726833,-0.5595970097177485,2.2972804799625903,1.5048080555217709,-1.2345416549069648,1.6335659361492971,-0.022796080838863534,-0.14403134676528037,-1.765482454862008,0,1,0,2
1.7079487761440282,-0.5595970097177485,-0.8354414248349004,-0.7595132100472568,0.7234686179803247,1.6335659361492971,-0.7341050407640285,1.7735059831698121,-1.4147045758092343,0,1,2,2
1.7079487761440282,-0.5595970097177485,-0.0775248349645397,0.025279955860190998,-0.7450390866851424,1.6335659361492971,-1.4454140006891936,-0.7541568608355372,-1.0639266967564602,0,2,1,2
-0.8843188955068445,1.0658796861460242,-0.8354414248349004,-0.7981095952558194,0.7234686179803247,-0.9790057465710549,0.6885128790863014,-1.1028000117328263,1.3915184566129566,0,0,0,2
1.2312098940013387,-0.5595970097177485,1.7414749807243262,0.41124380794582055,-1.2345416549069648,-0.10814851899760423,0.6885128790863014,1.0762196813752325,-0.36237093865091263,0,0,0,2
0.2876641897606003,-0.5595970097177485,-1.1386080607830447,-1.2098043708138237,0.7234686179803247,0.7627087085758464,-1.4454140006891936,0.20461180413200947,-0.7131488177036864,1,1,2,2
-0.3579197131409583,-0.5595970097177485,1.2361972541440855,1.0030550478104516,0.7234686179803247,-0.10814851899760423,0.6885128790863014,0.7275765304779435,0.6899626985074089,0,1,2,2
0.07909092882317297,-0.5595970097177485,-0.481747016228732,0.3597819610010692,0.2339660497585023,1.6335659361492971,-0.022796080838863534,-2.584533403046307,1.3915184566129566,1,0,0,2
-0.675745634569418,-0.5595970097177485,-0.0775248349645397,0.9387277391295135,1.212971186202147,0.7627087085758464,0.6885128790863014,0.29177259185633153,-1.4147045758092343,0,0,1,2
0.8835877924389615,-0.5595970097177485,-0.5322747888867561,0.34691649926488227,-0.2555365184633201,0.7627087085758464,-0.7341050407640285,-1.451443162630116,-0.36237093865091263,0,1,2,2
1.3106663743584535,-0.5595970097177485,0.781447300221869,1.2603642825342047,-0.7450390866851424,0.7627087085758464,-1.4454140006891936,-0.05687055904095752,0.3391848194546351,0,0,0,2
-0.9339791957300412,1.0658796861460242,0.427752891615701,0.6942839661419492,0.2339660497585023,-0.9790057465710549,-0.7341050407640285,1.1633804690995562,-1.4147045758092343,0,1,2,2
0.247935949582042,-0.5595970097177485,1.5393638900922297,0.6428221191971979,-1.2345416549069648,-0.10814851899760423,0.6885128790863014,1.7735059831698121,1.0407405775601828,0,1,0,2
-0.6062212142569422,1.0658796861460242,0.6298639822477969,0.9001313539209509,0.2339660497585023,0.7627087085758464,-0.7341050407640285,0.29177259185633153,-1.4147045758092343,0,1,1,2
-0.0996861519803352,1.0658796861460242,1.589891662750254,1.1059787416999525,1.212971186202147,0.7627087085758464,1.3998218390114665,1.0762196813752325,-1.0639266967564602,0,2,0,2
-2.264875241711715,1.0658796861460242,-0.5828025615447802,-0.5150694370596907,-1.7240442231287871,-1.8498629741445056,-0.022796080838863534,-1.0156392240085041,-0.36237093865091263,0,1,1,1
1.102093113421028,-0.5595970097177485,0.6803917549058213,1.569135364202709,0.2339660497585023,-0.10814851899760423,-0.7341050407640285,0.3789333795806544,-1.4147045758092343,0,1,0,2
-0.48703649372126984,-0.5595970097177485,0.781447300221869,0.9129968156571379,-0.2555365184633201,-0.9790057465710549,0.6885128790863014,0.20461180413200947,-0.36237093865091263,0,1,1,2
-1.1624165767567458,-0.5595970097177485,-2.0481079686274777,-0.3478184344892516,0.7234686179803247,-0.9790057465710549,-0.7341050407640285,-1.625764738078761,0.3391848194546351,0,2,0,2
-1.0432318562210734,-0.5595970097177485,0.3772251189576767,-0.24489474059975078,1.212971186202147,-0.10814851899760423,0.6885128790863014,-0.3183529222139253,0.3391848194546351,0,2,2,2
0.516101570787306,-0.5595970097177485,-0.8859691974929245,-0.7981095952558194,0.7234686179803247,-0.9790057465710549,-1.4454140006891936,-0.5798352853868923,0.6899626985074089,0,0,2,2
0.7644030719032899,-0.5595970097177485,1.589891662750254,0.9001313539209509,0.7234686179803247,-1.8498629741445056,-0.022796080838863534,0.9890588936509105,-1.0639266967564602,0,1,0,2
-1.768272239479747,-0.5595970097177485,-0.8354414248349004,-0.9782260595624453,0.2339660497585023,-1.8498629741445056,1.3998218390114665,0.29177259185633153,-0.36237093865091263,0,1,0,2
-0.5565609140337456,-0.5595970097177485,-0.3301636982546599,-0.5922622074768159,-1.2345416549069648,-0.9790057465710549,-1.4454140006891936,-0.5798352853868923,-0.36237093865091263,1,1,1,2
0.6352862913229775,-0.5595970097177485,-1.7449413326793333,-2.213310386236461,0.7234686179803247,-0.9790057465710549,-1.4454140006891936,1.6863451954454902,1.3915184566129566,0,2,1,2
-1.1922127568906642,-0.5595970097177485,0.023530710351508263,0.03814541759637792,-0.7450390866851424,0.7627087085758464,1.3998218390114665,-0.5798352853868923,0.3391848194546351,1,2,1,2
-0.7055418147033354,2.691356382009797,0.3772251189576767,1.0287859712828273,1.212971186202147,-1.8498629741445056,-0.7341050407640285,-1.189960799457149,-0.011593059598138786,0,1,0,1
1.2908022542691753,-0.5595970097177485,2.3478082526206143,2.186677527539716,-0.2555365184633201,0.7627087085758464,-0.7341050407640285,0.7275765304779435,1.0407405775601828,1,1,2,2
-1.7980684196136654,2.691356382009797,0.3772251189576767,1.6205972111474587,-2.2135467913506095,-0.9790057465710549,-0.7341050407640285,0.46609416730497644,1.3915184566129566,1,2,1,1
-0.675745634569418,1.0658796861460242,1.438308344776182,1.8264445989264622,-0.2555365184633201,-0.9790057465710549,-0.7341050407640285,-0.5798352853868923,-1.765482454862008,0,1,0,2
0.34725655002843697,-0.5595970097177485,-0.8859691974929245,-1.4156517585928263,-0.7450390866851424,0.7627087085758464,1.3998218390114665,0.5532549550292986,0.6899626985074089,0,0,2,2
-0.8743868354622045,-0.5595970097177485,-0.22910815293861175,0.24399280537538143,1.212971186202147,-0.10814851899760423,0.6885128790863014,-0.49267449766256943,-1.765482454862008,0,0,2,2
1.3801907946709293,-0.5595970097177485,0.9330306181959415,1.06738235649139,1.212971186202147,-0.10814851899760423,1.3998218390114665,0.5532549550292986,-1.0639266967564602,0,2,0,2
1.1716175337335037,-0.5595970097177485,2.4488637979366628,1.7749827519817107,0.7234686179803247,0.7627087085758464,-1.4454140006891936,0.030290228683364548,-0.7131488177036864,0,1,1,2
-0.17914263233745012,-0.5595970097177485,0.781447300221869,0.14106911148587875,0.2339660497585023,-0.9790057465710549,-0.7341050407640285,-0.49267449766256943,1.3915184566129566,0,1,1,2
-1.8377966597922228,1.0658796861460242,-0.7343858795188523,-0.11624012323787426,-0.7450390866851424,-0.9790057465710549,0.6885128790863014,-0.23119213448960244,-1.4147045758092343,0,0,0,2
-0.07982203189105691,1.0658796861460242,-0.0775248349645397,-0.16770197018262376,-1.7240442231287871,0.7627087085758464,-0.7341050407640285,-0.05687055904095752,1.0407405775601828,0,1,1,2
-1.8874569600154194,-0.5595970097177485,-1.0880802881250207,-1.0425533682433845,-2.2135467913506095,-1.8498629741445056,-0.022796080838863534,-1.451443162630116,-0.011593059598138786,1,1,0,1
-1.510038678319124,-0.5595970097177485,0.22564180098360465,1.5434044407303333,0.2339660497585023,-0.9790057465710549,-1.4454140006891936,-0.6669960731112143,-0.7131488177036864,0,1,1,2
0.45650921051946936,-0.5595970097177485,0.27616957364162853,-0.6951859013663185,-0.2555365184633201,-0.10814851899760423,0.6885128790863014,-1.3642823749057933,-0.7131488177036864,1,2,1,2
0.6253542312783383,1.0658796861460242,0.17511402832558076,0.6556875809333848,-0.7450390866851424,0.7627087085758464,-0.7341050407640285,-1.189960799457149,-0.7131488177036864,0,1,1,2
1.0425007531531914,-0.5595970097177485,1.640419435408278,1.94223375455215,-0.7450390866851424,0.7627087085758464,-0.022796080838863534,-0.40551370993824737,-1.765482454862008,0,1,1,2
-0.4572403135873515,-0.5595970097177485,-1.0880802881250207,-0.20629835539118635,1.212971186202147,-0.10814851899760423,-1.4454140006891936,-0.05687055904095752,-0.36237093865091263,0,2,1,2
0.853791612305044,-0.5595970097177485,-0.6333303342028043,-0.8881678274091334,-0.2555365184633201,-0.9790057465710549,1.3998218390114665,-0.8413176485598592,0.3391848194546351,0,1,1,2
0.3770527301623544,-0.5595970097177485,1.1856694814860618,1.3375570529513316,-1.7240442231287871,-0.10814851899760423,0.6885128790863014,-0.23119213448960244,1.3915184566129566,0,1,1,2
-0.22880293256064585,-0.5595970097177485,-1.8965246506534055,-0.6179931309491915,1.212971186202147,-0.9790057465710549,-0.022796080838863534,1.1633804690995562,-1.0639266967564602,1,0,2,2
-0.844590655328287,1.0658796861460242,1.0340861635119891,0.1539345732220675,-2.2135467913506095,-0.10814851899760423,-0.7341050407640285,0.11745101640768663,0.6899626985074089,0,0,2,1
0.009566508510697175,1.0658796861460242,-0.4312192435707079,0.21826188190300577,0.2339660497585023,-0.10814851899760423,1.3998218390114665,-1.0156392240085041,0.3391848194546351,0,1,2,2
-1.3709898376941725,2.691356382009797,-0.7343858795188523,0.06387634106875359,-0.7450390866851424,-0.9790057465710549,-1.4454140006891936,0.9018981059265884,-0.36237093865091263,0,0,1,1
1.7079487761440282,-0.5595970097177485,0.9835583908539653,1.2089024355894553,0.2339660497585023,1.6335659361492971,1.3998218390114665,-1.625764738078761,-0.7131488177036864,0,2,1,2
-0.0996861519803352,2.691356382009797,-0.1280526076225638,-0.20629835539118635,-0.2555365184633201,0.7627087085758464,-0.7341050407640285,0.030290228683364548,1.3915184566129566,1,2,0,2
0.3571886100730761,1.0658796861460242,0.427752891615701,-0.026181891084560337,0.2339660497585023,-0.9790057465710549,-1.4454140006891936,1.7735059831698121,-1.0639266967564602,1,2,1,1
1.7079487761440282,-0.5595970097177485,-0.380691470912684,0.24399280537538143,-0.7450390866851424,0.7627087085758464,1.3998218390114665,0.8147373182022662,-0.011593059598138786,1,0,0,2
-0.06988997184641599,-0.5595970097177485,-0.380691470912684,-1.8016156106784558,-1.7240442231287871,-1.8498629741445056,0.6885128790863014,-0.6669960731112143,-0.36237093865091263,0,0,2,2
0.08902298886781211,1.0658796861460242,-0.6333303342028043,-1.2226698325500116,0.7234686179803247,1.6335659361492971,-1.4454140006891936,0.6404157427536213,1.0407405775601828,1,2,1,2
1.3205984344030928,-0.5595970097177485,0.8825028455379171,0.38551288447344484,0.2339660497585023,1.6335659361492971,-0.022796080838863534,-0.8413176485598592,-0.011593059598138786,0,0,1,2
-1.341193657560255,1.0658796861460242,0.07405848300953258,0.8486695069761996,-1.2345416549069648,-0.9790057465710549,0.6885128790863014,0.20461180413200947,-0.011593059598138786,0,2,0,1
-0.675745634569418,1.0658796861460242,-0.6838581068608282,0.3211855757925066,1.212971186202147,-0.10814851899760423,-1.4454140006891936,-1.189960799457149,0.3391848194546351,0,2,2,1
-0.675745634569418,1.0658796861460242,-1.2396636060990927,-1.196938909077636,-0.2555365184633201,-0.9790057465710549,0.6885128790863014,1.0762196813752325,1.0407405775601828,1,0,2,2
1.0921610533763888,-0.5595970097177485,-0.1280526076225638,-1.0682842917157593,0.7234686179803247,0.7627087085758464,0.6885128790863014,0.7275765304779435,-1.765482454862008,0,1,1,2
-0.08975409193569606,-0.5595970097177485,0.27616957364162853,-0.1291055849740612,-0.2555365184633201,-0.9790057465710549,-1.4454140006891936,0.6404157427536213,0.3391848194546351,1,2,1,2
-0.1990067524267284,1.0658796861460242,0.07405848300953258,-0.9653605978262585,-0.2555365184633201,0.7627087085758464,-1.4454140006891936,0.11745101640768663,1.0407405775601828,0,0,0,2
-0.2585991126945651,-0.5595970097177485,-1.542830242047237,-1.094015215188135,0.7234686179803247,-0.10814851899760423,-0.7341050407640285,0.11745101640768663,-1.4147045758092343,0,1,2,2
-0.0500258517571377,4.31683307787357,1.3372527994601338,2.2638702979568412,0.7234686179803247,-0.9790057465710549,1.3998218390114665,0.3789333795806544,-1.0639266967564602,0,0,0,2
0.4664412705641085,-0.5595970097177485,0.023530710351508263,-0.8238405187281951,1.212971186202147,-1.8498629741445056,1.3998218390114665,-0.3183529222139253,-1.765482454862008,0,0,2,2
-1.0730280363549918,-0.5595970097177485,0.07405848300953258,0.5913602722524466,-0.2555365184633201,-0.10814851899760423,-0.022796080838863534,0.11745101640768663,-0.011593059598138786,1,1,0,2
-1.9271852001939769,-0.5595970097177485,-1.1891358334410687,0.051010879332566664,-0.7450390866851424,-1.8498629741445056,-1.4454140006891936,0.29177259185633153,-1.4147045758092343,0,0,0,1
0.03936268864461638,-0.5595970097177485,-0.1280526076225638,-0.33495297275306285,0.2339660497585023,0.7627087085758464,0.6885128790863014,0.8147373182022662,-1.765482454862008,0,2,1,2
0.03936268864461638,4.31683307787357,-0.9364969701509483,-0.8753023656729446,-1.2345416549069648,-0.10814851899760423,-1.4454140006891936,-1.5386039503544382,1.3915184566129566,0,0,1,1
0.34725655002843697,-0.5595970097177485,-0.7343858795188523,-1.3641899116480758,1.212971186202147,0.7627087085758464,0.6885128790863014,1.3377020445482002,1.0407405775601828,0,1,2,2
-0.2983273528731217,-0.5595970097177485,-1.7449413326793333,-2.187579462764085,0.2339660497585023,-0.10814851899760423,-1.4454140006891936,-1.189960799457149,0.6899626985074089,0,1,2,2
-0.9041830155961228,-0.5595970097177485,-1.9975801959694535,-1.3770553733842636,-0.2555365184633201,-0.9790057465710549,1.3998218390114665,0.8147373182022662,0.6899626985074089,0,0,1,2
0.5657618710105017,-0.5595970097177485,2.145697161988519,3.138721696017603,0.7234686179803247,-1.8498629741445056,-0.022796080838863534,0.11745101640768663,1.0407405775601828,0,1,0,2
0.5756939310551409,1.0658796861460242,1.1351417088280373,1.2989606677427674,0.2339660497585023,-0.9790057465710549,0.6885128790863014,0.5532549550292986,-1.4147045758092343,0,0,1,2
-2.582701163140175,1.0658796861460242,-0.3301636982546599,-0.8238405187281951,-2.2135467913506095,-0.9790057465710549,-0.022796080838863534,-0.9284784362841814,-0.011593059598138786,0,0,2,1
-0.2188708725160067,2.691356382009797,-0.22910815293861175,-0.5665312840044421,-1.2345416549069648,0.7627087085758464,-1.4454140006891936,1.1633804690995562,-1.0639266967564602,0,1,1,1
-2.443652322515223,-0.5595970097177485,-1.0880802881250207,-1.4799790672737645,-1.2345416549069648,-0.10814851899760423,1.3998218390114665,-0.7541568608355372,1.3915184566129566,0,1,1,2
1.7079487761440282,-0.5595970097177485,0.579336209589773,-0.013316429348371588,0.2339660497585023,0.7627087085758464,0.6885128790863014,-1.5386039503544382,1.0407405775601828,0,1,0,2
1.0425007531531914,-0.5595970097177485,0.7309195275638452,0.6556875809333848,0.7234686179803247,0.7627087085758464,0.6885128790863014,1.599184407721168,1.3915184566129566,0,1,2,2
1.2212778339566994,1.0658796861460242,0.4782806642737249,-0.7080513631025055,0.7234686179803247,1.6335659361492971,1.3998218390114665,0.20461180413200947,1.3915184566129566,0,2,0,2
-0.586357094167663,-0.5595970097177485,-0.026997062306515603,-0.0905091997654986,-2.2135467913506095,-0.10814851899760423,1.3998218390114665,0.9018981059265884,1.3915184566129566,1,0,2,2
-0.06988997184641599,1.0658796861460242,0.27616957364162853,-1.1326116003966975,0.7234686179803247,1.6335659361492971,0.6885128790863014,-0.8413176485598592,0.6899626985074089,0,1,2,2
-1.519970738363763,1.0658796861460242,-0.481747016228732,-0.6565895161577542,0.7234686179803247,0.7627087085758464,-1.4454140006891936,-1.9744078889760501,0.3391848194546351,0,1,2,2
-0.7452700548818929,1.0658796861460242,-1.391246924073165,-0.1419710467102481,1.212971186202147,0.7627087085758464,0.6885128790863014,0.030290228683364548,1.0407405775601828,0,2,2,2
-0.4373761934980732,-0.5595970097177485,-0.8354414248349004,-0.5022039753235038,1.212971186202147,-0.9790057465710549,1.3998218390114665,0.5532549550292986,-1.765482454862008,0,1,1,2
0.5458977509212234,-0.5595970097177485,-0.22910815293861175,-0.28349112580831337,1.212971186202147,1.6335659361492971,-1.4454140006891936,0.7275765304779435,-0.36237093865091263,0,2,0,2
0.21813976944812455,-0.5595970097177485,-1.2901913787571169,-1.8530774576232063,-0.2555365184633201,-0.10814851899760423,-0.022796080838863534,-0.3183529222139253,-1.0639266967564602,0,1,1,2
-0.8743868354622045,2.691356382009797,-1.593358014705261,-1.2226698325500116,1.212971186202147,-0.10814851899760423,-0.022796080838863534,0.29177259185633153,0.6899626985074089,0,0,1,2
0.8239954321711248,-0.5595970097177485,-0.22910815293861175,-0.33495297275306285,1.212971186202147,-0.10814851899760423,-0.7341050407640285,1.6863451954454902,0.6899626985074089,0,0,2,2
-1.0134356760871561,-0.5595970097177485,-0.481747016228732,-0.19343289365499944,0.7234686179803247,-0.9790057465710549,1.3998218390114665,0.030290228683364548,-1.4147045758092343,1,1,2,2
0.7544710118586491,-0.5595970097177485,0.579336209589773,0.4498401931543831,-0.2555365184633201,-0.10814851899760423,1.3998218390114665,1.1633804690995562,0.6899626985074089,0,1,0,2
0.6551504114122558,-0.5595970097177485,0.07405848300953258,-0.8753023656729446,0.2339660497585023,-0.9790057465710549,0.6885128790863014,-1.5386039503544382,1.3915184566129566,0,1,1,2
-0.4771044336766307,-0.5595970097177485,0.17511402832558076,-0.45074212837875244,-0.2555365184633201,-0.10814851899760423,-0.022796080838863534,0.46609416730497644,-1.4147045758092343,0,0,1,2
0.2777321297159612,-0.5595970097177485,1.5393638900922297,0.282589190583944,0.2339660497585023,-0.10814851899760423,1.3998218390114665,-0.05687055904095752,1.0407405775601828,0,2,1,2
0.595558051144421,-0.5595970097177485,1.0340861635119891,1.5562699024665203,0.7234686179803247,-1.8498629741445056,1.3998218390114665,-0.05687055904095752,0.6899626985074089,0,1,1,2
1.7079487761440282,-0.5595970097177485,1.1351417088280373,1.6977899815645856,-0.2555365184633201,-0.10814851899760423,-1.4454140006891936,-0.23119213448960244,1.0407405775601828,0,2,0,2
-1.609359278765517,-0.5595970097177485,-1.593358014705261,-0.7466477483110681,1.212971186202147,-0.9790057465710549,-0.7341050407640285,-0.8413176485598592,1.0407405775601828,0,1,1,2
0.853791612305044,-0.5595970097177485,0.3772251189576767,-0.3478184344892516,0.2339660497585023,0.7627087085758464,-0.7341050407640285,1.7735059831698121,-0.36237093865091263,0,0,0,2
1.3205984344030928,-0.5595970097177485,-0.3301636982546599,-0.25776020233593766,0.7234686179803247,-0.10814851899760423,-0.022796080838863534,1.4248628322725223,-0.7131488177036864,1,1,2,2
0.6650824714568949,1.0658796861460242,0.12458625566755645,-0.5150694370596907,-0.2555365184633201,0.7627087085758464,1.3998218390114665,-0.8413176485598592,-0.011593059598138786,0,1,1,2
-1.1425524566674676,-0.5595970097177485,-1.0375525154669965,-1.2869971412309498,0.2339660497585023,0.7627087085758464,-1.4454140006891936,0.29177259185633153,1.3915184566129566,0,1,1,2
-0.000365551533941971,-0.5595970097177485,1.438308344776182,0.6042257339886353,0.7234686179803247,-0.10814851899760423,0.6885128790863014,0.11745101640768663,-0.36237093865091263,0,0,0,2
0.2578680096266811,-0.5595970097177485,-0.026997062306515603,0.5270329635715083,0.7234686179803247,0.7627087085758464,-0.7341050407640285,-0.14403134676528037,-1.4147045758092343,0,0,1,2
-1.3809218977388125,-0.5595970097177485,0.3772251189576767,0.10247272627731617,-1.2345416549069648,-0.9790057465710549,0.6885128790863014,-1.0156392240085041,-0.011593059598138786,1,2,2,2
-1.8179325397029438,-0.5595970097177485,-0.8354414248349004,-2.2905031566535863,-1.7240442231287871,0.7627087085758464,-0.7341050407640285,0.46609416730497644,0.3391848194546351,0,1,2,2
-0.22880293256064585,-0.5595970097177485,1.5393638900922297,0.6428221191971979,-0.2555365184633201,-0.10814851899760423,-0.7341050407640285,0.9018981059265884,1.3915184566129566,0,1,1,2
0.7743351319479291,-0.5595970097177485,0.8319750728798933,0.5656293487800726,-1.2345416549069648,1.6335659361492971,-0.022796080838863534,-0.8413176485598592,1.3915184566129566,0,1,2,2
-0.16921057229281097,1.0658796861460242,1.0340861635119891,0.8872658921847639,-0.2555365184633201,-1.8498629741445056,-0.022796080838863534,1.7735059831698121,-0.011593059598138786,1,2,1,2
-0.000365551533941971,-0.5595970097177485,-0.22910815293861175,0.24399280537538143,-1.2345416549069648,1.6335659361492971,0.6885128790863014,0.6404157427536213,-0.7131488177036864,0,1,0,2
0.5657618710105017,-0.5595970097177485,0.4782806642737249,0.6428221191971979,1.212971186202147,-0.10814851899760423,0.6885128790863014,0.46609416730497644,0.6899626985074089,0,2,1,2
0.7147427716800925,-0.5595970097177485,-0.5828025615447802,-0.3992802814340011,0.2339660497585023,-0.10814851899760423,0.6885128790863014,0.29177259185633153,0.3391848194546351,0,0,2,2
1.4795113951173227,-0.5595970097177485,0.3772251189576767,0.6428221191971979,1.212971186202147,1.6335659361492971,1.3998218390114665,0.5532549550292986,-0.7131488177036864,1,0,2,2
-1.251805117158501,1.0658796861460242,-0.8354414248349004,-0.37354935796162725,-0.2555365184633201,-0.10814851899760423,-0.022796080838863534,1.6863451954454902,-1.4147045758092343,0,2,1,2
-1.8775248999707803,2.691356382009797,-0.0775248349645397,-0.6694549778939429,-0.7450390866851424,-1.8498629741445056,-0.022796080838863534,-0.14403134676528037,-1.0639266967564602,0,2,2,1
0.8835877924389615,2.691356382009797,-0.8354414248349004,0.08960726454112926,0.2339660497585023,-0.10814851899760423,1.3998218390114665,0.46609416730497644,0.6899626985074089,1,1,2,2
0.08902298886781211,-0.5595970097177485,-1.8965246506534055,-2.560677853113527,1.212971186202147,-0.9790057465710549,0.6885128790863014,-0.23119213448960244,0.6899626985074089,0,1,0,2
0.23800388953740284,-0.5595970097177485,1.4888361174342057,0.1925309584306301,1.212971186202147,-0.10814851899760423,1.3998218390114665,1.7735059831698121,-0.011593059598138786,0,1,0,2
1.7079487761440282,-0.5595970097177485,0.6298639822477969,0.6428221191971979,1.212971186202147,1.6335659361492971,1.3998218390114665,0.9018981059265884,-1.4147045758092343,0,1,2,2
0.833927492215764,-0.5595970097177485,-0.481747016228732,-0.15483650844643684,-1.2345416549069648,1.6335659361492971,1.3998218390114665,-0.40551370993824737,-1.0639266967564602,1,0,1,2
1.608628175697635,-0.5595970097177485,1.1351417088280373,1.4790771320493952,-1.7240442231287871,-0.10814851899760423,-1.4454140006891936,0.7275765304779435,-0.011593059598138786,1,2,1,2
-0.924047135685402,-0.5595970097177485,1.79200275338235,1.7235209050369613,1.212971186202147,-0.10814851899760423,-0.022796080838863534,-0.14403134676528037,-0.36237093865091263,0,1,2,2
-0.24866705264992592,-0.5595970097177485,1.3372527994601338,0.42410926968200746,-0.7450390866851424,-0.10814851899760423,-1.4454140006891936,-0.8413176485598592,-1.765482454862008,0,0,0,2
-0.2983273528731217,2.691356382009797,-0.026997062306515603,0.5784948105162596,1.212971186202147,-0.9790057465710549,1.3998218390114665,-1.712925525803083,1.3915184566129566,0,1,0,2
0.8736557323943223,-0.5595970097177485,-0.1280526076225638,0.5141675018353213,1.212971186202147,0.7627087085758464,1.3998218390114665,0.20461180413200947,0.6899626985074089,0,1,2,2
0.3075283098498786,1.0658796861460242,0.12458625566755645,-0.7080513631025055,-0.2555365184633201,-0.9790057465710549,0.6885128790863014,0.5532549550292986,-0.36237093865091263,0,1,2,2
0.2777321297159612,-0.5595970097177485,1.0340861635119891,1.5434044407303333,1.212971186202147,0.7627087085758464,-0.022796080838863534,-0.5798352853868923,-1.0639266967564602,0,1,1,2
-1.7881363595690254,-0.5595970097177485,-0.4312192435707079,0.38551288447344484,-0.2555365184633201,-1.8498629741445056,-0.7341050407640285,-1.3642823749057933,-0.36237093865091263,0,2,2,2
-1.8377966597922228,2.691356382009797,-1.1891358334410687,-1.5057099907461402,1.212971186202147,-1.8498629741445056,-0.022796080838863534,-1.0156392240085041,-0.36237093865091263,0,0,1,1
0.5359656908765843,-0.5595970097177485,0.6298639822477969,0.7843421982952613,0.2339660497585023,0.7627087085758464,-0.022796080838863534,-0.6669960731112143,-1.0639266967564602,0,2,2,2
1.0722969332871088,-0.5595970097177485,-0.3301636982546599,0.3726474227372579,0.7234686179803247,0.7627087085758464,1.3998218390114665,-0.40551370993824737,-1.4147045758092343,0,1,0,2
-3.1488285856846177,1.0658796861460242,-1.1386080607830447,-0.9653605978262585,0.7234686179803247,-1.8498629741445056,0.6885128790863014,-0.3183529222139253,0.6899626985074089,0,1,1,1
1.0623648732424695,1.0658796861460242,0.579336209589773,0.282589190583944,0.2339660497585023,1.6335659361492971,-0.7341050407640285,-0.5798352853868923,1.3915184566129566,0,1,2,2
1.4497152149834052,-0.5595970097177485,0.781447300221869,0.5913602722524466,-0.7450390866851424,1.6335659361492971,1.3998218390114665,-0.6669960731112143,1.3915184566129566,0,2,1,2
0.1386832890910096,-0.5595970097177485,-0.22910815293861175,-0.7595132100472568,-1.7240442231287871,-0.9790057465710549,1.3998218390114665,-0.8413176485598592,-0.011593059598138786,0,0,0,1
1.7079487761440282,-0.5595970097177485,0.9835583908539653,0.7843421982952613,-0.2555365184633201,0.7627087085758464,-0.022796080838863534,1.5120236199968444,-0.36237093865091263,0,1,0,2
-0.9538433158193195,-0.5595970097177485,-0.17858038028058765,0.29545465232013096,0.7234686179803247,-0.9790057465710549,-1.4454140006891936,1.3377020445482002,-1.4147045758092343,0,0,0,2
-0.6161532743015814,-0.5595970097177485,-0.026997062306515603,0.11533818801350493,0.2339660497585023,-0.10814851899760423,-0.022796080838863534,0.3789333795806544,0.6899626985074089,1,2,2,2
0.8935198524836006,-0.5595970097177485,1.4888361174342057,1.1703060503808909,0.7234686179803247,1.6335659361492971,-1.4454140006891936,-0.5798352853868923,-0.011593059598138786,0,2,1,2
0.9332480926621589,-0.5595970097177485,1.1856694814860618,2.186677527539716,-1.2345416549069648,1.6335659361492971,-0.7341050407640285,1.1633804690995562,0.6899626985074089,0,1,2,2
1.439783154938766,-0.5595970097177485,0.4782806642737249,0.5656293487800726,-1.2345416549069648,0.7627087085758464,1.3998218390114665,-0.7541568608355372,-0.7131488177036864,0,1,2,2
1.5093075752512417,-0.5595970097177485,1.1351417088280373,0.977324124338076,-0.7450390866851424,1.6335659361492971,1.3998218390114665,-1.451443162630116,1.3915184566129566,1,2,1,2
-0.7849982950604504,-0.5595970097177485,-0.17858038028058765,-0.1033746615016855,-1.2345416549069648,-0.9790057465710549,0.6885128790863014,-0.3183529222139253,-1.0639266967564602,0,1,1,1
1.7079487761440282,-0.5595970097177485,0.5288084369317487,0.29545465232013096,1.212971186202147,1.6335659361492971,-0.022796080838863534,0.9890588936509105,-0.7131488177036864,1,0,1,2
0.9233160326175198,-0.5595970097177485,-0.22910815293861175,0.5270329635715083,-1.2345416549069648,0.7627087085758464,-0.022796080838863534,1.7735059831698121,-0.36237093865091263,0,1,0,2
1.7079487761440282,-0.5595970097177485,1.79200275338235,1.2989606677427674,0.7234686179803247,1.6335659361492971,0.6885128790863014,0.7275765304779435,1.3915184566129566,0,2,0,2
0.3273924299391569,-0.5595970097177485,1.0340861635119891,0.810073121767637,0.7234686179803247,-0.9790057465710549,-0.022796080838863534,1.3377020445482002,-1.0639266967564602,0,1,1,2
-0.8942509555514837,1.0658796861460242,-0.7343858795188523,-0.5150694370596907,-0.7450390866851424,-0.10814851899760423,0.6885128790863014,-1.712925525803083,0.3391848194546351,0,1,2,2
-0.28839529282848253,-0.5595970097177485,0.8825028455379171,0.3597819610010692,0.2339660497585023,-0.9790057465710549,-0.7341050407640285,-0.9284784362841814,-0.011593059598138786,0,2,0,2
0.6551504114122558,-0.5595970097177485,-0.22910815293861175,0.0767418028049405,1.212971186202147,1.6335659361492971,-0.7341050407640285,0.9018981059265884,-0.7131488177036864,0,0,1,2
0.10888710895709217,-0.5595970097177485,-0.0775248349645397,1.2603642825342047,-2.2135467913506095,-0.9790057465710549,-0.7341050407640285,-0.8413176485598592,-1.4147045758092343,1,1,0,1
1.022636633063913,-0.5595970097177485,-0.9870247428089725,-0.6951859013663185,0.2339660497585023,0.7627087085758464,-1.4454140006891936,-0.23119213448960244,-0.011593059598138786,0,0,2,2
-0.8843188955068445,-0.5595970097177485,-0.22910815293861175,0.3726474227372579,1.212971186202147,0.7627087085758464,1.3998218390114665,-0.05687055904095752,1.3915184566129566,0,2,0,2
0.9531122127514372,-0.5595970097177485,1.1351417088280373,-0.6951859013663185,-1.2345416549069648,-0.10814851899760423,-1.4454140006891936,-0.3183529222139253,-1.765482454862008,0,0,0,2
-0.5168326738551882,-0.5595970097177485,-0.5828025615447802,0.6299566574610109,-0.2555365184633201,-0.9790057465710549,0.6885128790863014,0.9890588936509105,1.3915184566129566,1,2,1,1
-0.03016173166785941,1.0658796861460242,0.3266973462996528,0.6042257339886353,0.7234686179803247,-0.9790057465710549,-1.4454140006891936,0.8147373182022662,-0.011593059598138786,0,2,0,2
0.3273924299391569,1.0658796861460242,-1.1891358334410687,0.7843421982952613,0.7234686179803247,0.7627087085758464,1.3998218390114665,1.1633804690995562,-0.36237093865091263,0,2,1,2
-0.3579197131409583,1.0658796861460242,0.4782806642737249,0.46270565489057003,0.2339660497585023,-0.10814851899760423,-0.022796080838863534,1.0762196813752325,-0.36237093865091263,0,0,2,2
-0.665813574524778,1.0658796861460242,-2.0481079686274777,-1.6600955315803914,-1.7240442231287871,-0.10814851899760423,0.6885128790863014,0.46609416730497644,-1.4147045758092343,0,1,0,1
-1.6192913388101564,1.0658796861460242,-0.9364969701509483,-0.7080513631025055,0.2339660497585023,-1.8498629741445056,-0.7341050407640285,0.3789333795806544,-1.765482454862008,0,1,2,2
-0.5168326738551882,-0.5595970097177485,1.3372527994601338,1.4919425937855821,1.212971186202147,-0.9790057465710549,-1.4454140006891936,0.29177259185633153,0.6899626985074089,1,1,2,2
-1.1425524566674676,-0.5595970097177485,-0.6838581068608282,-0.6179931309491915,-1.7240442231287871,-1.8498629741445056,0.6885128790863014,-0.6669960731112143,-0.36237093865091263,0,1,1,2
-0.9836394959532377,4.31683307787357,-0.22910815293861175,-0.4378766666425655,0.2339660497585023,-0.9790057465710549,-1.4454140006891936,-1.0156392240085041,-0.011593059598138786,1,2,2,2
-2.3145355419349114,-0.5595970097177485,-2.0481079686274777,-2.0203284601936464,0.7234686179803247,-0.9790057465710549,1.3998218390114665,-0.6669960731112143,-0.011593059598138786,0,1,0,1
0.8140633721264857,-0.5595970097177485,-0.27963592559663586,0.39837834620963175,-0.7450390866851424,-0.9790057465710549,-0.022796080838863534,-0.6669960731112143,-0.011593059598138786,0,0,2,2
0.33732448998379605,-0.5595970097177485,1.2867250268021095,1.221767897325642,0.7234686179803247,-1.8498629741445056,-0.022796080838863534,0.46609416730497644,-0.011593059598138786,0,0,0,2
0.9630442727960764,-0.5595970097177485,-0.7343858795188523,-0.4250112049063768,1.212971186202147,1.6335659361492971,-0.7341050407640285,0.20461180413200947,1.0407405775601828,0,0,2,2
0.5359656908765843,-0.5595970097177485,-1.542830242047237,-1.2226698325500116,-1.2345416549069648,-0.10814851899760423,-0.022796080838863534,0.3789333795806544,1.0407405775601828,1,1,0,2
0.29759624980523947,1.0658796861460242,1.3877805721181578,0.42410926968200746,1.212971186202147,0.7627087085758464,-0.7341050407640285,0.3789333795806544,-1.765482454862008,0,1,0,2
-0.7651341749711721,-0.5595970097177485,0.3772251189576767,0.5913602722524466,-1.2345416549069648,-0.9790057465710549,1.3998218390114665,1.2505412568238783,0.6899626985074089,1,2,2,2
0.09895504891245302,-0.5595970097177485,0.07405848300953258,-0.309222049280689,1.212971186202147,-0.10814851899760423,1.3998218390114665,0.030290228683364548,1.0407405775601828,0,1,2,2
-0.28839529282848253,-0.5595970097177485,-0.6333303342028043,-0.33495297275306285,1.212971186202147,-0.10814851899760423,-0.022796080838863534,1.0762196813752325,-1.4147045758092343,0,1,0,2
0.8935198524836006,-0.5595970097177485,1.1856694814860618,1.7235209050369613,0.2339660497585023,0.7627087085758464,0.6885128790863014,0.5532549550292986,1.3915184566129566,1,1,0,2
-2.3840599622473873,2.691356382009797,-1.8965246506534055,-1.5700372994270784,-0.2555365184633201,-1.8498629741445056,-1.4454140006891936,1.2505412568238783,-0.011593059598138786,0,0,0,1
0.8239954321711248,-0.5595970097177485,-1.2396636060990927,-0.5279348987958776,1.212971186202147,0.7627087085758464,-0.022796080838863534,0.6404157427536213,0.6899626985074089,0,1,1,2
-0.6360173943908606,-0.5595970097177485,0.427752891615701,0.720014889614323,0.7234686179803247,1.6335659361492971,-1.4454140006891936,0.11745101640768663,0.3391848194546351,0,1,2,2
1.1815495937781428,-0.5595970097177485,1.9941138440144464,0.9644586626018892,-1.7240442231287871,0.7627087085758464,1.3998218390114665,0.11745101640768663,0.6899626985074089,0,2,2,2
-1.688815759122632,1.0658796861460242,-0.0775248349645397,-0.6051276692130046,1.212971186202147,-0.9790057465710549,-0.022796080838863534,-0.49267449766256943,0.6899626985074089,0,1,1,1
-0.6459494544354997,-0.5595970097177485,-0.5322747888867561,0.3211855757925066,-2.2135467913506095,0.7627087085758464,-1.4454140006891936,0.9890588936509105,-1.765482454862008,0,1,1,1
1.2908022542691753,-0.5595970097177485,-0.17858038028058765,0.3211855757925066,-0.7450390866851424,0.7627087085758464,-1.4454140006891936,-1.0156392240085041,1.3915184566129566,0,2,2,2
1.7079487761440282,-0.5595970097177485,-0.481747016228732,-0.6694549778939429,1.212971186202147,1.6335659361492971,0.6885128790863014,1.6863451954454902,1.3915184566129566,0,0,0,2
-0.6260853343462205,-0.5595970097177485,-0.026997062306515603,0.9129968156571379,-0.7450390866851424,-0.9790057465710549,1.3998218390114665,-0.14403134676528037,1.3915184566129566,1,1,0,2
1.2709381341798969,-0.5595970097177485,-0.3301636982546599,-0.5022039753235038,-0.7450390866851424,0.7627087085758464,1.3998218390114665,1.7735059831698121,0.6899626985074089,0,1,1,2
0.5657618710105017,1.0658796861460242,-0.17858038028058765,0.6556875809333848,1.212971186202147,1.6335659361492971,-0.022796080838863534,-0.6669960731112143,-0.011593059598138786,1,2,1,2
-0.2585991126945651,-0.5595970097177485,-0.5828025615447802,0.38551288447344484,-0.7450390866851424,-0.10814851899760423,-1.4454140006891936,0.29177259185633153,-1.4147045758092343,0,0,1,2
1.7079487761440282,-0.5595970097177485,-0.17858038028058765,0.33405103752869353,1.212971186202147,1.6335659361492971,-0.7341050407640285,-0.3183529222139253,-1.4147045758092343,0,1,1,2
-0.3678517731855974,1.0658796861460242,-0.0775248349645397,-0.5150694370596907,0.7234686179803247,-0.10814851899760423,1.3998218390114665,-0.8413176485598592,-1.4147045758092343,0,1,2,2
-0.6161532743015814,-0.5595970097177485,1.640419435408278,2.0708883719140263,-0.2555365184633201,-0.10814851899760423,-0.7341050407640285,1.1633804690995562,1.3915184566129566,1,1,1,2
1.1616854736888629,-0.5595970097177485,0.3266973462996528,1.054516894755203,0.7234686179803247,0.7627087085758464,0.6885128790863014,-0.6669960731112143,-1.0639266967564602,0,0,1,2
-1.0233677361317952,-0.5595970097177485,-0.481747016228732,-1.01682244477101,0.7234686179803247,-0.10814851899760423,-0.7341050407640285,0.6404157427536213,0.3391848194546351,1,1,1,2
-0.7949303551050896,1.0658796861460242,-0.8354414248349004,-0.33495297275306285,0.2339660497585023,-0.9790057465710549,-0.022796080838863534,-1.451443162630116,1.3915184566129566,0,0,1,2
-0.7750662350158113,2.691356382009797,-0.5828025615447802,-1.184073447341449,-0.7450390866851424,-0.9790057465710549,-1.4454140006891936,0.6404157427536213,1.3915184566129566,1,1,1,1
-0.32812353300703995,1.0658796861460242,0.023530710351508263,0.17966549669444318,0.7234686179803247,0.7627087085758464,-1.4454140006891936,0.20461180413200947,1.3915184566129566,0,0,1,2
-0.5962891542123031,-0.5595970097177485,-0.6838581068608282,-0.5150694370596907,1.212971186202147,-0.10814851899760423,0.6885128790863014,-0.9284784362841814,-0.011593059598138786,0,2,1,2
1.4596472750280443,-0.5595970097177485,-0.6838581068608282,-1.01682244477101,1.212971186202147,1.6335659361492971,1.3998218390114665,-0.7541568608355372,-0.36237093865091263,0,1,2,2
0.40684891029627185,-0.5595970097177485,-0.481747016228732,0.23112734363919268,-1.2345416549069648,-0.10814851899760423,1.3998218390114665,-2.061568676700373,-1.0639266967564602,0,2,0,2
0.7445389518140099,-0.5595970097177485,2.2972804799625903,1.1831715121170796,-0.2555365184633201,-0.10814851899760423,-0.022796080838863534,1.7735059831698121,1.3915184566129566,0,1,2,2
-0.28839529282848253,1.0658796861460242,0.12458625566755645,0.6042257339886353,0.2339660497585023,-0.10814851899760423,1.3998218390114665,1.0762196813752325,0.3391848194546351,1,2,2,2
-1.6689516390333539,-0.5595970097177485,-1.7954691053373573,-1.4285172203290142,1.212971186202147,-0.10814851899760423,0.6885128790863014,-1.2771215871814712,-0.7131488177036864,0,1,0,2
-0.5466288539891055,-0.5595970097177485,0.17511402832558076,0.17966549669444318,0.7234686179803247,0.7627087085758464,0.6885128790863014,0.9018981059265884,0.6899626985074089,1,1,1,2
0.14861534913564875,4.31683307787357,-0.0775248349645397,-0.0905091997654986,0.7234686179803247,-0.10814851899760423,-0.022796080838863534,0.9890588936509105,-0.7131488177036864,0,2,1,1
0.16847946922492704,1.0658796861460242,0.579336209589773,1.4790771320493952,1.212971186202147,-0.9790057465710549,0.6885128790863014,-0.49267449766256943,1.3915184566129566,1,1,1,1
1.1418213535995845,-0.5595970097177485,-0.5828025615447802,-1.77588468720608,-0.2555365184633201,0.7627087085758464,-1.4454140006891936,-0.3183529222139253,-1.4147045758092343,1,0,2,2
1.5490358154297983,-0.5595970097177485,-0.1280526076225638,-1.3899208351204506,1.212971186202147,0.7627087085758464,-0.022796080838863534,-0.6669960731112143,-1.0639266967564602,1,1,0,2
-0.010297611578581117,-0.5595970097177485,-0.9870247428089725,-0.8109750569920063,1.212971186202147,0.7627087085758464,1.3998218390114665,0.9890588936509105,0.3391848194546351,0,0,0,2
0.1585474091802879,1.0658796861460242,0.07405848300953258,0.42410926968200746,-1.7240442231287871,0.7627087085758464,1.3998218390114665,0.11745101640768663,-1.0639266967564602,0,1,0,2
1.6185602357422741,-0.5595970097177485,0.22564180098360465,0.08960726454112926,-0.2555365184633201,1.6335659361492971,-1.4454140006891936,1.0762196813752325,-0.7131488177036864,0,1,0,2
-1.3610577776495332,-0.5595970097177485,-2.0481079686274777,-1.5957682228994532,1.212971186202147,-0.10814851899760423,1.3998218390114665,-1.712925525803083,-0.7131488177036864,0,2,0,2
1.5887640556083567,-0.5595970097177485,-0.3301636982546599,-0.0905091997654986,-0.2555365184633201,1.6335659361492971,0.6885128790863014,0.5532549550292986,1.0407405775601828,0,1,2,2
0.11881916900173131,-0.5595970097177485,0.17511402832558076,-0.32208751101687594,-1.7240442231287871,-0.9790057465710549,-1.4454140006891936,0.8147373182022662,-0.36237093865091263,0,2,1,2
-2.9005270845686337,1.0658796861460242,0.781447300221869,-0.19343289365499944,-1.2345416549069648,-0.9790057465710549,-1.4454140006891936,0.29177259185633153,-0.36237093865091263,0,1,0,1
-1.4504463180512872,-0.5595970097177485,-0.3301636982546599,-1.9302702280403323,0.2339660497585023,0.7627087085758464,1.3998218390114665,-1.9744078889760501,1.3915184566129566,0,0,1,2
-0.44730825354271236,2.691356382009797,0.579336209589773,0.4369747314181962,-1.2345416549069648,-0.10814851899760423,1.3998218390114665,-1.1028000117328263,1.3915184566129566,0,2,1,2
0.31746036989451776,-0.5595970097177485,-1.4417746967311889,0.47557111662675877,0.7234686179803247,0.7627087085758464,1.3998218390114665,0.46609416730497644,-1.765482454862008,0,1,0,2
-0.5764250341230239,1.0658796861460242,-1.542830242047237,-1.0039569830348212,1.212971186202147,-0.9790057465710549,-0.022796080838863534,1.6863451954454902,-1.0639266967564602,0,2,1,2
0.9332480926621589,-0.5595970097177485,0.579336209589773,0.4498401931543831,0.2339660497585023,-0.9790057465710549,1.3998218390114665,0.3789333795806544,-0.011593059598138786,0,1,2,2
-0.2983273528731217,1.0658796861460242,-0.27963592559663586,0.25685826711156834,0.7234686179803247,-1.8498629741445056,1.3998218390114665,0.3789333795806544,-1.765482454862008,0,0,2,2
0.38698479020699356,-0.5595970097177485,1.8425305260403742,1.2474988207980178,-0.7450390866851424,-0.10814851899760423,-1.4454140006891936,-1.0156392240085041,1.3915184566129566,0,1,2,2
0.31746036989451776,-0.5595970097177485,1.589891662750254,0.810073121767637,1.212971186202147,1.6335659361492971,0.6885128790863014,0.9890588936509105,-1.4147045758092343,0,0,0,2
-0.0996861519803352,-0.5595970097177485,-2.0481079686274777,-1.5443063759547029,0.7234686179803247,-0.10814851899760423,-1.4454140006891936,0.7275765304779435,-1.4147045758092343,0,1,2,2
1.0623648732424695,-0.5595970097177485,-0.27963592559663586,-0.32208751101687594,1.212971186202147,1.6335659361492971,-1.4454140006891936,0.030290228683364548,0.6899626985074089,0,2,2,2
0.6253542312783383,1.0658796861460242,1.2361972541440855,0.7457458130866987,-0.2555365184633201,1.6335659361492971,-0.022796080838863534,0.29177259185633153,1.3915184566129566,0,2,2,2
1.4298510948941268,-0.5595970097177485,0.8319750728798933,1.2603642825342047,0.2339660497585023,0.7627087085758464,0.6885128790863014,-0.05687055904095752,-0.011593059598138786,1,1,1,2
-2.006641680551092,-0.5595970097177485,-1.6438857873632853,-0.6051276692130046,0.7234686179803247,-1.8498629741445056,-0.7341050407640285,-1.5386039503544382,-0.011593059598138786,0,0,1,2
-0.3380555930516791,-0.5595970097177485,2.4488637979366628,1.929368292815963,0.2339660497585023,-0.10814851899760423,0.6885128790863014,1.5120236199968444,1.3915184566129566,1,0,1,2
-0.1195502720696135,1.0658796861460242,-1.9470524233114292,-0.9653605978262585,0.7234686179803247,1.6335659361492971,1.3998218390114665,-1.2771215871814712,1.3915184566129566,0,1,2,2
-0.3479876530963191,1.0658796861460242,-0.7343858795188523,-0.16770197018262376,1.212971186202147,-1.8498629741445056,-0.022796080838863534,-0.40551370993824737,-1.0639266967564602,0,0,0,2
1.5788319955637158,-0.5595970097177485,0.3266973462996528,-0.039047352820747255,0.7234686179803247,-0.10814851899760423,-0.022796080838863534,-1.5386039503544382,-0.36237093865091263,0,0,1,2
1.1219572335103063,-0.5595970097177485,0.781447300221869,0.7071494278781362,1.212971186202147,0.7627087085758464,-1.4454140006891936,-0.5798352853868923,-1.765482454862008,0,1,2,2
0.36712067011771526,-0.5595970097177485,-0.6838581068608282,0.9644586626018892,-0.2555365184633201,-0.10814851899760423,0.6885128790863014,1.1633804690995562,0.6899626985074089,0,2,0,2
0.6253542312783383,1.0658796861460242,-1.2396636060990927,-1.274131679494762,0.2339660497585023,-0.10814851899760423,-1.4454140006891936,0.030290228683364548,-1.4147045758092343,0,2,2,2
0.7941992520372074,-0.5595970097177485,0.8319750728798933,1.0159205095466406,1.212971186202147,-0.10814851899760423,-0.022796080838863534,-0.3183529222139253,0.6899626985074089,1,1,0,2
-0.10961821202497435,-0.5595970097177485,-0.27963592559663586,-0.1419710467102481,1.212971186202147,0.7627087085758464,-1.4454140006891936,-0.8413176485598592,0.6899626985074089,1,1,0,2
1.002772512974633,2.691356382009797,0.6298639822477969,1.2860952060065804,-0.2555365184633201,-0.10814851899760423,-1.4454140006891936,1.6863451954454902,-0.7131488177036864,0,2,1,2
-0.26853117273920424,1.0658796861460242,1.9941138440144464,2.534044994416783,-1.2345416549069648,-0.9790057465710549,0.6885128790863014,-0.40551370993824737,1.3915184566129566,0,1,0,1
-2.006641680551092,2.691356382009797,-0.8859691974929245,-0.11624012323787426,-1.2345416549069648,-0.9790057465710549,-0.022796080838863534,0.6404157427536213,1.0407405775601828,1,1,0,1
-0.9339791957300412,2.691356382009797,-0.380691470912684,0.6299566574610109,0.7234686179803247,-1.8498629741445056,1.3998218390114665,0.9890588936509105,1.0407405775601828,0,1,1,2
0.8637236723496832,-0.5595970097177485,-0.4312192435707079,-0.9653605978262585,0.2339660497585023,0.7627087085758464,0.6885128790863014,1.6863451954454902,0.6899626985074089,1,1,0,2
-1.0630959763103527,1.0658796861460242,1.0846139361700136,-0.8495714422005689,-1.7240442231287871,-0.9790057465710549,-0.022796080838863534,1.1633804690995562,-0.36237093865091263,0,1,2,1
-0.6161532743015814,-0.5595970097177485,2.8530859792008547,3.254510851643291,1.212971186202147,-0.10814851899760423,-0.022796080838863534,-0.5798352853868923,1.3915184566129566,0,1,1,2
-0.17914263233745012,1.0658796861460242,0.07405848300953258,0.25685826711156834,0.7234686179803247,-0.10814851899760423,-1.4454140006891936,-0.7541568608355372,0.3391848194546351,0,0,2,2
0.6750145315015359,-0.5595970097177485,0.17511402832558076,-0.37354935796162725,0.2339660497585023,0.7627087085758464,-1.4454140006891936,-1.1028000117328263,1.3915184566129566,0,2,1,2
-1.3809218977388125,-0.5595970097177485,-0.6333303342028043,-1.0039569830348212,-1.2345416549069648,-1.8498629741445056,0.6885128790863014,1.1633804690995562,-0.36237093865091263,0,0,1,1
-2.374127902202748,1.0658796861460242,0.6803917549058213,-0.026181891084560337,-0.2555365184633201,-1.8498629741445056,1.3998218390114665,0.7275765304779435,0.6899626985074089,0,0,1,2
-1.2816012972924182,-0.5595970097177485,0.5288084369317487,0.025279955860190998,0.7234686179803247,-0.9790057465710549,-0.022796080838863534,-1.2771215871814712,0.6899626985074089,0,1,2,2
0.416780970340911,-0.5595970097177485,-0.481747016228732,-1.1583425238690732,0.2339660497585023,0.7627087085758464,-0.022796080838863534,-1.1028000117328263,-1.0639266967564602,0,1,0,2
-1.3709898376941725,1.0658796861460242,-2.0481079686274777,-1.2098043708138237,0.2339660497585023,-0.10814851899760423,-0.7341050407640285,-0.7541568608355372,-1.4147045758092343,0,2,1,1
-0.6062212142569422,-0.5595970097177485,-0.8354414248349004,-1.3641899116480758,-0.7450390866851424,-0.10814851899760423,1.3998218390114665,-0.3183529222139253,-0.7131488177036864,1,1,1,2
0.09895504891245302,-0.5595970097177485,1.7414749807243262,1.6849245198283969,-0.2555365184633201,0.7627087085758464,0.6885128790863014,1.2505412568238783,0.3391848194546351,0,2,1,2
-0.7949303551050896,-0.5595970097177485,0.22564180098360465,0.6042257339886353,-0.2555365184633201,1.6335659361492971,-1.4454140006891936,-0.5798352853868923,1.3915184566129566,1,0,2,2
-0.7849982950604504,2.691356382009797,-1.7449413326793333,-1.4799790672737645,-1.7240442231287871,-0.10814851899760423,1.3998218390114665,-1.712925525803083,0.6899626985074089,1,1,1,2
-1.0630959763103527,-0.5595970097177485,0.07405848300953258,-1.261266217758574,0.7234686179803247,-0.10814851899760423,-0.022796080838863534,-0.3183529222139253,1.3915184566129566,1,1,1,2
-2.2152149414885183,1.0658796861460242,-0.1280526076225638,0.12820364974969184,0.7234686179803247,-1.8498629741445056,1.3998218390114665,0.8147373182022662,1.3915184566129566,1,1,0,1
1.2709381341798969,-0.5595970097177485,-0.27963592559663586,-0.8881678274091334,-0.2555365184633201,0.7627087085758464,-0.7341050407640285,-0.3183529222139253,1.0407405775601828,0,0,0,2
-1.0432318562210734,-0.5595970097177485,0.12458625566755645,0.025279955860190998,0.2339660497585023,-1.8498629741445056,1.3998218390114665,-0.6669960731112143,1.0407405775601828,0,0,1,2
-1.5696310385869596,1.0658796861460242,-0.8354414248349004,-1.8530774576232063,-1.7240442231287871,-0.9790057465710549,-0.022796080838863534,0.7275765304779435,-0.36237093865091263,1,2,2,1
-1.7384760593458288,1.0658796861460242,-0.7849136521768764,-1.1326116003966975,1.212971186202147,-0.10814851899760423,1.3998218390114665,-0.5798352853868923,-1.4147045758092343,0,0,0,2
1.2908022542691753,-0.5595970097177485,0.023530710351508263,-1.2226698325500116,1.212971186202147,-0.10814851899760423,-0.7341050407640285,-0.8413176485598592,-0.7131488177036864,0,2,1,2
1.6483564158761916,-0.5595970097177485,-0.380691470912684,-0.5150694370596907,-1.7240442231287871,1.6335659361492971,0.6885128790863014,0.20461180413200947,-0.011593059598138786,0,1,1,2
-0.1195502720696135,-0.5595970097177485,0.07405848300953258,-1.2226698325500116,-0.2555365184633201,-0.10814851899760423,-0.7341050407640285,-1.2771215871814712,1.3915184566129566,0,1,1,2
-0.20893881247136756,-0.5595970097177485,2.0446416166724704,0.810073121767637,-0.7450390866851424,1.6335659361492971,1.3998218390114665,0.11745101640768663,-0.011593059598138786,0,2,1,2
-1.8377966597922228,2.691356382009797,1.1351417088280373,1.06738235649139,0.2339660497585023,-0.10814851899760423,1.3998218390114665,-1.1028000117328263,-0.011593059598138786,0,1,0,2
0.29759624980523947,-0.5595970097177485,0.7309195275638452,0.6942839661419492,-0.7450390866851424,1.6335659361492971,-0.7341050407640285,-1.625764738078761,-1.0639266967564602,0,2,2,2
-0.6856776946140571,1.0658796861460242,-0.7849136521768764,-1.3255935264395124,0.7234686179803247,-0.9790057465710549,-0.022796080838863534,0.9018981059265884,-0.011593059598138786,0,2,1,2
-2.0364378606850093,-0.5595970097177485,-0.481747016228732,-0.5665312840044421,-2.2135467913506095,-1.8498629741445056,-0.022796080838863534,0.3789333795806544,1.3915184566129566,0,2,1,2
-0.24866705264992592,2.691356382009797,-0.7849136521768764,-0.8367059804643819,0.2339660497585023,0.7627087085758464,0.6885128790863014,1.1633804690995562,1.0407405775601828,1,0,1,2
-0.03016173166785941,1.0658796861460242,0.579336209589773,-0.7466477483110681,0.7234686179803247,-0.10814851899760423,-0.7341050407640285,-0.3183529222139253,-0.7131488177036864,0,0,1,2
-0.3479876530963191,1.0658796861460242,-0.1280526076225638,0.6556875809333848,-0.2555365184633201,1.6335659361492971,-0.7341050407640285,0.11745101640768663,-0.011593059598138786,0,1,1,2
-0.15927851224817183,-0.5595970097177485,-1.4417746967311889,-2.213310386236461,0.7234686179803247,-0.10814851899760423,-0.7341050407640285,1.7735059831698121,-0.7131488177036864,0,1,0,2
-0.586357094167663,-0.5595970097177485,-0.9870247428089725,-1.0554188299795724,0.7234686179803247,-1.8498629741445056,-0.7341050407640285,1.3377020445482002,-0.36237093865091263,0,2,2,2
-0.16921057229281097,-0.5595970097177485,0.8825028455379171,1.8650409841350246,0.7234686179803247,0.7627087085758464,-0.7341050407640285,0.5532549550292986,-1.765482454862008,0,2,1,2
-1.0035036160425168,-0.5595970097177485,0.427752891615701,0.25685826711156834,0.2339660497585023,-0.9790057465710549,1.3998218390114665,-0.5798352853868923,0.3391848194546351,0,2,0,2
0.019498568555338085,1.0658796861460242,0.579336209589773,1.1831715121170796,0.7234686179803247,1.6335659361492971,0.6885128790863014,-1.3642823749057933,1.3915184566129566,0,0,1,2
1.7079487761440282,-0.5595970097177485,0.023530710351508263,0.051010879332566664,1.212971186202147,1.6335659361492971,0.6885128790863014,1.2505412568238783,0.3391848194546351,0,2,0,2
-0.23873499260528677,-0.5595970097177485,-1.7954691053373573,-2.2390413097088357,-0.7450390866851424,-0.9790057465710549,-1.4454140006891936,0.11745101640768663,-0.7131488177036864,0,1,2,2
1.102093113421028,1.0658796861460242,1.438308344776182,1.234633359061829,-0.7450390866851424,0.7627087085758464,1.3998218390114665,0.20461180413200947,-0.7131488177036864,0,0,2,2
1.3404625544923727,-0.5595970097177485,-0.1280526076225638,0.39837834620963175,0.7234686179803247,-0.10814851899760423,-0.022796080838863534,0.8147373182022662,-1.765482454862008,0,0,1,2
-0.7353379948372538,1.0658796861460242,-0.481747016228732,-0.6308585926853802,0.7234686179803247,0.7627087085758464,-0.022796080838863534,0.11745101640768663,-1.4147045758092343,0,1,0,2
1.7079487761440282,-0.5595970097177485,1.3372527994601338,0.5270329635715083,-1.7240442231287871,1.6335659361492971,0.6885128790863014,1.1633804690995562,-1.0639266967564602,0,2,0,2
1.7079487761440282,-0.5595970097177485,0.9330306181959415,1.5562699024665203,-1.2345416549069648,0.7627087085758464,0.6885128790863014,0.29177259185633153,-0.36237093865091263,0,2,0,2
0.40684891029627185,-0.5595970097177485,3.004669297174927,2.534044994416783,-0.2555365184633201,-0.10814851899760423,-1.4454140006891936,0.20461180413200947,1.3915184566129566,0,1,0,2
-0.4373761934980732,-0.5595970097177485,-0.9870247428089725,0.47557111662675877,0.7234686179803247,-0.9790057465710549,-1.4454140006891936,-0.6669960731112143,1.0407405775601828,0,1,1,2
-0.39764795331951575,1.0658796861460242,1.9435860713564224,1.7363863667731483,-0.7450390866851424,0.7627087085758464,-1.4454140006891936,-2.584533403046307,0.6899626985074089,0,1,2,2
-0.24866705264992592,1.0658796861460242,-0.8859691974929245,-1.2998626029671376,-0.2555365184633201,-0.10814851899760423,1.3998218390114665,1.3377020445482002,0.3391848194546351,0,1,1,2
-0.18907469238208927,1.0658796861460242,-0.1280526076225638,-0.6179931309491915,0.2339660497585023,0.7627087085758464,-1.4454140006891936,-0.40551370993824737,0.6899626985074089,0,2,1,2
0.1585474091802879,2.691356382009797,1.640419435408278,1.6463281346198342,0.7234686179803247,-1.8498629741445056,0.6885128790863014,-1.9744078889760501,0.6899626985074089,0,2,0,2
0.7941992520372074,-0.5595970097177485,2.2972804799625903,1.749251828509335,1.212971186202147,-0.10814851899760423,1.3998218390114665,-0.7541568608355372,-0.011593059598138786,0,1,0,2
0.12875122904637046,-0.5595970097177485,-0.026997062306515603,0.06387634106875359,0.7234686179803247,-0.10814851899760423,1.3998218390114665,-0.8413176485598592,-1.4147045758092343,0,2,1,2
-0.9041830155961228,-0.5595970097177485,-0.380691470912684,-0.20629835539118635,-1.7240442231287871,-0.9790057465710549,-0.022796080838863534,0.11745101640768663,-0.7131488177036864,0,2,0,2
-0.924047135685402,1.0658796861460242,-1.0375525154669965,-1.608633684635641,1.212971186202147,-0.10814851899760423,1.3998218390114665,-1.3642823749057933,1.3915184566129566,1,0,0,2
-0.7750662350158113,1.0658796861460242,0.5288084369317487,0.6942839661419492,0.2339660497585023,-0.9790057465710549,0.6885128790863014,-1.3642823749057933,1.3915184566129566,0,2,1,2
0.9829083928853547,-0.5595970097177485,-1.4923024693892128,-1.4542481438013888,0.2339660497585023,0.7627087085758464,-0.022796080838863534,-1.3642823749057933,0.3391848194546351,0,1,1,2
-0.7353379948372538,-0.5595970097177485,-1.694413560021309,-0.9396296743538828,-1.7240442231287871,-0.9790057465710549,-0.7341050407640285,1.7735059831698121,1.3915184566129566,0,0,1,2
0.3571886100730761,-0.5595970097177485,0.6803917549058213,0.9129968156571379,-1.2345416549069648,1.6335659361492971,0.6885128790863014,1.599184407721168,-1.4147045758092343,0,1,0,2
-1.9569813803278953,-0.5595970097177485,-1.4417746967311889,-1.8530774576232063,-1.2345416549069648,-0.9790057465710549,-0.022796080838863534,-2.061568676700373,-0.36237093865091263,0,1,1,2
-1.2915333573370575,2.691356382009797,-0.6333303342028043,-0.1805674319188125,0.7234686179803247,0.7627087085758464,1.3998218390114665,0.20461180413200947,1.0407405775601828,0,1,2,1
0.08902298886781211,-0.5595970097177485,0.5288084369317487,0.39837834620963175,-0.7450390866851424,-0.9790057465710549,0.6885128790863014,0.11745101640768663,-0.011593059598138786,0,2,1,2
-0.6260853343462205,-0.5595970097177485,-0.9870247428089725,-0.6308585926853802,0.2339660497585023,0.7627087085758464,1.3998218390114665,0.3789333795806544,-1.0639266967564602,0,1,1,2
0.5260336308319451,-0.5595970097177485,-2.0481079686274777,-1.8144810724146436,-0.7450390866851424,0.7627087085758464,-1.4454140006891936,0.8147373182022662,-1.0639266967564602,0,1,0,2
-1.7285439993011895,-0.5595970097177485,-0.17858038028058765,-0.309222049280689,-0.2555365184633201,-0.10814851899760423,0.6885128790863014,0.46609416730497644,-0.36237093865091263,0,0,0,2
0.58562599109978,-0.5595970097177485,0.3266973462996528,-0.2191638171273751,0.7234686179803247,0.7627087085758464,-1.4454140006891936,-1.1028000117328263,0.6899626985074089,0,2,0,2
-0.5664929740783847,-0.5595970097177485,0.781447300221869,0.6942839661419492,-0.2555365184633201,0.7627087085758464,0.6885128790863014,0.3789333795806544,-0.7131488177036864,0,0,1,2
0.7246748317247316,1.0658796861460242,0.9835583908539653,0.42410926968200746,0.7234686179803247,0.7627087085758464,0.6885128790863014,0.9018981059265884,-0.36237093865091263,0,1,0,2
1.002772512974633,-0.5595970097177485,-0.17858038028058765,-1.3384589881757,0.2339660497585023,0.7627087085758464,1.3998218390114665,-0.7541568608355372,-1.0639266967564602,0,2,2,2
-1.8377966597922228,1.0658796861460242,-0.1280526076225638,-0.013316429348371588,-0.7450390866851424,-0.10814851899760423,1.3998218390114665,-0.5798352853868923,-0.36237093865091263,1,1,2,2
0.6452183513676166,-0.5595970097177485,-0.3301636982546599,-0.8238405187281951,1.212971186202147,0.7627087085758464,1.3998218390114665,-1.3642823749057933,1.3915184566129566,0,2,2,2
0.49623745069802594,-0.5595970097177485,0.12458625566755645,0.10247272627731617,-0.7450390866851424,0.7627087085758464,0.6885128790863014,1.2505412568238783,-1.765482454862008,0,1,2,2
0.49623745069802594,-0.5595970097177485,0.4782806642737249,1.06738235649139,0.7234686179803247,-0.10814851899760423,0.6885128790863014,-1.712925525803083,-0.011593059598138786,0,2,2,2
-0.48703649372126984,-0.5595970097177485,-0.5828025615447802,0.025279955860190998,-1.7240442231287871,-0.9790057465710549,1.3998218390114665,-1.189960799457149,-0.011593059598138786,0,1,2,2
0.7147427716800925,-0.5595970097177485,0.12458625566755645,0.14106911148587875,0.7234686179803247,1.6335659361492971,-0.7341050407640285,-1.712925525803083,-0.7131488177036864,1,1,0,2
1.6483564158761916,-0.5595970097177485,-0.481747016228732,-0.3478184344892516,0.7234686179803247,1.6335659361492971,1.3998218390114665,-1.3642823749057933,0.3391848194546351,0,1,2,2
-1.7484081193904688,-0.5595970097177485,1.1351417088280373,1.8907719076074003,0.7234686179803247,-1.8498629741445056,0.6885128790863014,0.29177259185633153,0.3391848194546351,0,1,2,2
-0.5366967939444665,-0.5595970097177485,-1.4923024693892128,-2.058924845402209,0.7234686179803247,-1.8498629741445056,-0.022796080838863534,0.8147373182022662,1.0407405775601828,0,1,1,2
0.5558298109658626,-0.5595970097177485,-0.17858038028058765,-0.6694549778939429,-0.7450390866851424,-0.9790057465710549,-1.4454140006891936,1.1633804690995562,0.6899626985074089,0,1,2,2
-1.579563098631599,1.0658796861460242,0.579336209589773,1.2732297442703935,-0.7450390866851424,-1.8498629741445056,-1.4454140006891936,-0.6669960731112143,-1.765482454862008,0,1,1,1
0.11881916900173131,1.0658796861460242,1.8930582986983981,2.096619295386402,-1.2345416549069648,-0.10814851899760423,-0.022796080838863534,-1.451443162630116,1.3915184566129566,0,0,2,2
-1.510038678319124,5.9423097737373425,0.8319750728798933,0.7457458130866987,-1.7240442231287871,-0.9790057465710549,-0.022796080838863534,-0.5798352853868923,-1.4147045758092343,0,1,2,1
0.3571886100730761,-0.5595970097177485,-0.380691470912684,0.051010879332566664,1.212971186202147,-0.9790057465710549,-0.022796080838863534,0.46609416730497644,0.3391848194546351,1,1,0,2
-0.12948233211425264,-0.5595970097177485,0.427752891615701,0.6299566574610109,1.212971186202147,-0.10814851899760423,-0.7341050407640285,0.6404157427536213,-0.36237093865091263,0,1,2,2
0.6750145315015359,1.0658796861460242,0.3266973462996528,-0.6308585926853802,0.2339660497585023,0.7627087085758464,-0.022796080838863534,0.7275765304779435,-1.0639266967564602,1,2,0,2
0.5359656908765843,1.0658796861460242,0.9330306181959415,0.6428221191971979,-0.2555365184633201,1.6335659361492971,-1.4454140006891936,0.8147373182022662,1.3915184566129566,0,1,2,2
-0.010297611578581117,-0.5595970097177485,1.3372527994601338,1.0416514330190143,-0.7450390866851424,1.6335659361492971,0.6885128790863014,-0.40551370993824737,-0.36237093865091263,0,0,2,2
0.19827564935884626,1.0658796861460242,0.12458625566755645,-0.2706256640721246,0.7234686179803247,-0.9790057465710549,-1.4454140006891936,0.8147373182022662,0.6899626985074089,1,2,1,2
0.7346068917693708,-0.5595970097177485,-0.4312192435707079,-0.9010332891453202,1.212971186202147,1.6335659361492971,0.6885128790863014,1.7735059831698121,-0.011593059598138786,0,0,0,2
0.3075283098498786,-0.5595970097177485,1.5393638900922297,1.0931132799637657,0.7234686179803247,-0.9790057465710549,-0.7341050407640285,0.3789333795806544,-0.7131488177036864,0,0,0,2
-0.15927851224817183,1.0658796861460242,-2.0481079686274777,-2.187579462764085,0.7234686179803247,-0.9790057465710549,1.3998218390114665,-0.5798352853868923,-0.7131488177036864,1,0,1,2
0.267800069671322,-0.5595970097177485,0.17511402832558076,0.14106911148587875,-0.7450390866851424,-0.9790057465710549,0.6885128790863014,1.2505412568238783,1.0407405775601828,1,2,0,2
-0.844590655328287,-0.5595970097177485,-1.1891358334410687,0.38551288447344484,0.7234686179803247,0.7627087085758464,0.6885128790863014,0.3789333795806544,-1.765482454862008,0,1,1,2
1.598696115652996,-0.5595970097177485,1.0846139361700136,1.8007136754540864,1.212971186202147,-0.10814851899760423,-0.022796080838863534,1.7735059831698121,-1.0639266967564602,0,1,1,2
-0.3877158932748766,-0.5595970097177485,-0.0775248349645397,-0.2191638171273751,-0.2555365184633201,0.7627087085758464,-1.4454140006891936,-2.061568676700373,1.3915184566129566,0,2,1,2
-0.4373761934980732,-0.5595970097177485,0.6803917549058213,0.06387634106875359,0.7234686179803247,-0.9790057465710549,-0.022796080838863534,0.9890588936509105,0.6899626985074089,0,2,1,2
0.5260336308319451,-0.5595970097177485,1.4888361174342057,1.40188436163227,0.2339660497585023,0.7627087085758464,0.6885128790863014,-0.23119213448960244,1.3915184566129566,0,2,2,2
-1.4603783780959274,-0.5595970097177485,1.2361972541440855,1.8264445989264622,0.7234686179803247,-0.9790057465710549,0.6885128790863014,-0.3183529222139253,1.0407405775601828,0,2,2,2
-0.9836394959532377,1.0658796861460242,-0.380691470912684,-0.9653605978262585,-2.2135467913506095,0.7627087085758464,0.6885128790863014,-0.7541568608355372,-0.7131488177036864,1,1,1,2
-0.6558815144801389,-0.5595970097177485,-1.1891358334410687,-2.1489830775555228,0.2339660497585023,-0.9790057465710549,0.6885128790863014,0.9890588936509105,1.0407405775601828,0,2,0,1
-0.08975409193569606,-0.5595970097177485,-0.4312192435707079,-0.5922622074768159,-2.2135467913506095,-0.10814851899760423,-0.022796080838863534,0.6404157427536213,1.3915184566129566,1,2,1,2
-0.04009379171249856,2.691356382009797,0.12458625566755645,-0.3864148196978142,-1.2345416549069648,-1.8498629741445056,0.6885128790863014,-1.189960799457149,1.3915184566129566,0,0,2,1
-0.8942509555514837,-0.5595970097177485,-1.8459968779953813,-0.7595132100472568,-0.7450390866851424,0.7627087085758464,-1.4454140006891936,0.20461180413200947,-0.7131488177036864,0,1,1,2
1.2709381341798969,-0.5595970097177485,1.589891662750254,0.5527638870438839,1.212971186202147,0.7627087085758464,0.6885128790863014,0.7275765304779435,-0.7131488177036864,0,1,2,2
0.3273924299391569,-0.5595970097177485,-1.9975801959694535,-2.0074629984574583,-1.2345416549069648,-0.9790057465710549,-0.7341050407640285,-0.23119213448960244,1.3915184566129566,0,1,0,2
1.2709381341798969,-0.5595970097177485,0.07405848300953258,-0.7337822865748811,0.2339660497585023,1.6335659361492971,1.3998218390114665,0.20461180413200947,0.6899626985074089,0,1,2,2
1.7079487761440282,-0.5595970097177485,-0.8859691974929245,0.10247272627731617,-0.2555365184633201,1.6335659361492971,-0.7341050407640285,0.20461180413200947,-0.011593059598138786,1,0,0,2
-0.6260853343462205,-0.5595970097177485,0.27616957364162853,0.39837834620963175,-0.7450390866851424,-0.9790057465710549,-1.4454140006891936,0.3789333795806544,-1.4147045758092343,0,1,2,2
-1.2816012972924182,1.0658796861460242,-1.6438857873632853,0.14106911148587875,-0.7450390866851424,-0.10814851899760423,0.6885128790863014,-1.9744078889760501,-0.36237093865091263,0,0,1,1
-0.8743868354622045,-0.5595970097177485,0.6803917549058213,1.582000825938896,-0.7450390866851424,-1.8498629741445056,0.6885128790863014,-0.23119213448960244,0.3391848194546351,0,1,0,2
0.9729763328407155,-0.5595970097177485,2.4488637979366628,0.6685530426695735,1.212971186202147,-0.10814851899760423,0.6885128790863014,-0.9284784362841814,1.3915184566129566,0,0,1,2
0.36712067011771526,1.0658796861460242,1.79200275338235,1.157440588644704,0.7234686179803247,-0.10814851899760423,-1.4454140006891936,-1.189960799457149,1.3915184566129566,1,0,2,2
0.06915886877853382,-0.5595970097177485,0.4782806642737249,0.10247272627731617,1.212971186202147,0.7627087085758464,-0.022796080838863534,-0.05687055904095752,-1.765482454862008,0,1,2,2
0.7147427716800925,-0.5595970097177485,0.27616957364162853,-0.2706256640721246,0.2339660497585023,-0.9790057465710549,-0.7341050407640285,0.7275765304779435,0.3391848194546351,1,0,2,2
-0.914115075640762,-0.5595970097177485,-1.542830242047237,-0.37354935796162725,0.7234686179803247,-0.9790057465710549,0.6885128790863014,0.3789333795806544,1.3915184566129566,1,1,2,2
-1.4901745582298447,1.0658796861460242,0.22564180098360465,-0.3606838962254385,-1.7240442231287871,-0.9790057465710549,0.6885128790863014,-0.6669960731112143,0.6899626985074089,1,0,1,1
0.7941992520372074,-0.5595970097177485,-0.3301636982546599,-0.37354935796162725,0.7234686179803247,0.7627087085758464,-0.022796080838863534,-0.14403134676528037,-1.0639266967564602,0,0,2,2
-1.251805117158501,1.0658796861460242,-2.0481079686274777,-1.711557378525142,1.212971186202147,-0.9790057465710549,-1.4454140006891936,0.9890588936509105,0.6899626985074089,1,1,2,2
0.02943062859997723,-0.5595970097177485,-0.5828025615447802,0.10247272627731617,0.2339660497585023,1.6335659361492971,0.6885128790863014,-0.5798352853868923,1.3915184566129566,0,0,1,2
-2.840934724300798,1.0658796861460242,-1.593358014705261,-0.16770197018262376,0.2339660497585023,-1.8498629741445056,0.6885128790863014,-0.5798352853868923,-1.4147045758092343,0,1,2,2
-0.6062212142569422,1.0658796861460242,-0.1280526076225638,-0.5922622074768159,0.7234686179803247,-0.10814851899760423,-0.022796080838863534,-1.8000863135274052,-1.0639266967564602,0,2,2,2
-1.1922127568906642,2.691356382009797,-1.542830242047237,-0.8495714422005689,-0.7450390866851424,-0.9790057465710549,-0.7341050407640285,-0.40551370993824737,-1.0639266967564602,0,2,1,2
0.7544710118586491,-0.5595970097177485,0.3772251189576767,0.41124380794582055,1.212971186202147,-0.9790057465710549,-1.4454140006891936,-1.8000863135274052,-1.0639266967564602,0,0,2,2
-0.37778383323023657,1.0658796861460242,0.5288084369317487,0.9001313539209509,-1.7240442231287871,-0.10814851899760423,1.3998218390114665,1.7735059831698121,1.0407405775601828,1,1,1,2
0.16847946922492704,-0.5595970097177485,-2.0481079686274777,-0.5665312840044421,0.7234686179803247,1.6335659361492971,-0.022796080838863534,-0.8413176485598592,0.6899626985074089,0,1,0,2
0.17841152926956796,-0.5595970097177485,-0.4312192435707079,-0.37354935796162725,-1.2345416549069648,-0.10814851899760423,-1.4454140006891936,1.1633804690995562,-0.7131488177036864,0,0,2,2
-0.28839529282848253,1.0658796861460242,-0.481747016228732,-1.184073447341449,1.212971186202147,-0.10814851899760423,-0.022796080838863534,1.7735059831698121,-1.765482454862008,0,2,1,2
0.7048107116354533,-0.5595970097177485,-0.27963592559663586,1.2603642825342047,-0.2555365184633201,1.6335659361492971,-1.4454140006891936,0.29177259185633153,-1.4147045758092343,0,2,1,2
0.49623745069802594,1.0658796861460242,-2.0481079686274777,-1.5700372994270784,0.7234686179803247,1.6335659361492971,-0.7341050407640285,-0.05687055904095752,-1.0639266967564602,1,2,2,2
-0.9637753758639594,-0.5595970097177485,0.3772251189576767,-0.32208751101687594,-0.2555365184633201,1.6335659361492971,-0.7341050407640285,-1.3642823749057933,-0.7131488177036864,0,2,0,2
0.4863053906533868,1.0658796861460242,1.4888361174342057,1.06738235649139,0.7234686179803247,-0.10814851899760423,-1.4454140006891936,1.6863451954454902,0.3391848194546351,0,1,2,2
-0.24866705264992592,-0.5595970097177485,-2.0481079686274777,-2.123252154083147,-0.2555365184633201,0.7627087085758464,-0.022796080838863534,0.030290228683364548,1.3915184566129566,0,2,1,2
0.5458977509212234,-0.5595970097177485,-0.6838581068608282,0.14106911148587875,0.7234686179803247,0.7627087085758464,0.6885128790863014,1.4248628322725223,1.3915184566129566,0,1,2,2
-0.17914263233745012,-0.5595970097177485,0.427752891615701,0.8358040452400126,-1.7240442231287871,-0.9790057465710549,-0.022796080838863534,-0.14403134676528037,-0.011593059598138786,1,1,2,2
-0.8743868354622045,2.691356382009797,1.1351417088280373,1.2732297442703935,-0.2555365184633201,0.7627087085758464,-0.7341050407640285,0.29177259185633153,-1.765482454862008,0,2,0,1
-1.2021448169353033,2.691356382009797,-0.27963592559663586,-0.8753023656729446,-1.2345416549069648,-0.10814851899760423,-0.7341050407640285,-0.7541568608355372,-1.4147045758092343,0,0,0,2
-1.8973890200600585,2.691356382009797,-1.2396636060990927,-0.9396296743538828,-1.2345416549069648,-1.8498629741445056,-1.4454140006891936,-0.5798352853868923,-0.7131488177036864,0,1,1,1
-0.3579197131409583,-0.5595970097177485,0.5288084369317487,1.3118261294789562,-1.7240442231287871,-1.8498629741445056,-0.7341050407640285,-0.14403134676528037,1.3915184566129566,0,2,2,2
-1.3709898376941725,-0.5595970097177485,-0.5322747888867561,-0.3478184344892516,1.212971186202147,-1.8498629741445056,-1.4454140006891936,0.6404157427536213,-1.765482454862008,0,2,0,2
-0.5962891542123031,-0.5595970097177485,0.6298639822477969,0.8744004304485752,0.2339660497585023,-0.10814851899760423,-0.022796080838863534,0.11745101640768663,-0.011593059598138786,0,1,1,2
-0.14934645220353093,-0.5595970097177485,-0.380691470912684,-0.8367059804643819,1.212971186202147,0.7627087085758464,-1.4454140006891936,-0.40551370993824737,-1.765482454862008,0,0,0,2
-0.1394143921588918,-0.5595970097177485,0.12458625566755645,0.8229385835038258,1.212971186202147,-0.10814851899760423,0.6885128790863014,-0.9284784362841814,1.3915184566129566,0,2,1,2
0.5458977509212234,-0.5595970097177485,1.0846139361700136,1.749251828509335,-0.7450390866851424,0.7627087085758464,0.6885128790863014,-0.40551370993824737,-1.765482454862008,0,0,0,1
-1.1226883365781883,1.0658796861460242,0.5288084369317487,0.47557111662675877,-1.7240442231287871,-0.9790057465710549,1.3998218390114665,-2.410211827597662,-0.011593059598138786,0,1,2,2
-0.5366967939444665,1.0658796861460242,0.22564180098360465,0.25685826711156834,0.7234686179803247,-0.10814851899760423,-0.022796080838863534,-1.1028000117328263,1.3915184566129566,0,0,1,2
0.16847946922492704,-0.5595970097177485,-0.3301636982546599,-0.20629835539118635,0.2339660497585023,-0.10814851899760423,0.6885128790863014,-0.23119213448960244,-1.0639266967564602,1,1,1,2
-0.8048624151497296,1.0658796861460242,0.3772251189576767,0.10247272627731617,-1.2345416549069648,-0.9790057465710549,-1.4454140006891936,-2.32305103987334,1.3915184566129566,0,1,1,1
0.506169510742665,-0.5595970097177485,-0.026997062306515603,-0.6437240544215672,0.7234686179803247,0.7627087085758464,0.6885128790863014,0.20461180413200947,-1.765482454862008,0,1,2,2
-1.0630959763103527,-0.5595970097177485,-1.0880802881250207,-1.248400756022387,-0.2555365184633201,-0.9790057465710549,-0.7341050407640285,0.9890588936509105,-0.7131488177036864,0,2,1,2
-0.8247265352390079,-0.5595970097177485,0.427752891615701,-0.3478184344892516,0.2339660497585023,1.6335659361492971,-0.022796080838863534,-0.05687055904095752,0.6899626985074089,1,0,1,2
-1.4703104381405665,1.0658796861460242,0.9835583908539653,0.79720766003145,1.212971186202147,-0.10814851899760423,1.3998218390114665,-0.49267449766256943,0.6899626985074089,0,1,0,2
-1.5299027984084022,1.0658796861460242,-1.6438857873632853,-0.46360759011493935,-0.7450390866851424,-0.10814851899760423,-0.022796080838863534,-1.625764738078761,1.0407405775601828,0,1,1,2
1.2312098940013387,1.0658796861460242,0.22564180098360465,-1.1583425238690732,0.7234686179803247,0.7627087085758464,1.3998218390114665,0.030290228683364548,0.3391848194546351,1,2,0,2
0.7048107116354533,-0.5595970097177485,-0.4312192435707079,-0.9910915212986342,1.212971186202147,0.7627087085758464,0.6885128790863014,0.7275765304779435,-0.36237093865091263,0,0,0,2
-0.42744413345343407,-0.5595970097177485,0.5288084369317487,0.10247272627731617,0.7234686179803247,-0.9790057465710549,1.3998218390114665,-1.3642823749057933,1.3915184566129566,0,2,1,2
0.17841152926956796,1.0658796861460242,1.2867250268021095,1.1188442034361412,-0.2555365184633201,-0.10814851899760423,-1.4454140006891936,-0.23119213448960244,0.6899626985074089,0,1,0,2
0.10888710895709217,1.0658796861460242,-1.0880802881250207,-0.8109750569920063,1.212971186202147,-0.10814851899760423,1.3998218390114665,1.7735059831698121,-0.7131488177036864,0,0,2,2
0.833927492215764,-0.5595970097177485,2.701502661226783,2.598372303097721,-1.7240442231287871,-0.10814851899760423,-0.7341050407640285,-1.9744078889760501,-1.0639266967564602,0,0,2,1
0.853791612305044,1.0658796861460242,0.22564180098360465,-1.261266217758574,0.7234686179803247,0.7627087085758464,-0.022796080838863534,1.7735059831698121,-0.011593059598138786,0,2,2,2
-0.12948233211425264,2.691356382009797,0.781447300221869,-0.1033746615016855,-0.2555365184633201,-0.9790057465710549,0.6885128790863014,-0.3183529222139253,1.3915184566129566,1,1,0,2
-0.20893881247136756,-0.5595970097177485,-0.8354414248349004,-1.3641899116480758,0.7234686179803247,0.7627087085758464,-0.7341050407640285,0.46609416730497644,1.3915184566129566,0,1,0,2
-0.41751207340879404,1.0658796861460242,-1.8459968779953813,-1.8144810724146436,-0.7450390866851424,-0.10814851899760423,0.6885128790863014,-0.8413176485598592,0.3391848194546351,0,1,2,2
0.12875122904637046,-0.5595970097177485,-0.5322747888867561,-0.3478184344892516,-0.7450390866851424,-0.9790057465710549,-0.7341050407640285,1.0762196813752325,1.0407405775601828,0,1,1,2
0.03936268864461638,-0.5595970097177485,0.5288084369317487,0.24399280537538143,-0.7450390866851424,0.7627087085758464,1.3998218390114665,-0.5798352853868923,-1.4147045758092343,0,0,1,2
1.1517534136442238,-0.5595970097177485,0.9835583908539653,0.6042257339886353,-0.2555365184633201,-0.9790057465710549,1.3998218390114665,1.1633804690995562,-1.765482454862008,0,0,1,2
-0.5466288539891055,-0.5595970097177485,0.12458625566755645,-0.19343289365499944,0.2339660497585023,-0.9790057465710549,-1.4454140006891936,0.11745101640768663,-1.0639266967564602,0,1,2,2
-1.2418730571138608,1.0658796861460242,-2.0481079686274777,-1.351324449911888,-0.7450390866851424,-0.9790057465710549,-0.022796080838863534,0.9018981059265884,-0.011593059598138786,0,0,1,2
0.17841152926956796,-0.5595970097177485,-0.3301636982546599,-0.0905091997654986,-0.7450390866851424,1.6335659361492971,0.6885128790863014,1.1633804690995562,0.3391848194546351,0,2,0,2
0.7346068917693708,-0.5595970097177485,-0.1280526076225638,-0.1419710467102481,1.212971186202147,0.7627087085758464,0.6885128790863014,0.29177259185633153,0.3391848194546351,1,2,0,2
-0.15927851224817183,-0.5595970097177485,0.427752891615701,0.6042257339886353,0.2339660497585023,-0.10814851899760423,-1.4454140006891936,0.20461180413200947,-1.4147045758092343,1,1,2,2
-0.16921057229281097,-0.5595970097177485,-0.380691470912684,-0.7595132100472568,1.212971186202147,0.7627087085758464,-0.7341050407640285,0.6404157427536213,1.3915184566129566,1,0,2,2
1.4795113951173227,-0.5595970097177485,1.8930582986983981,0.6042257339886353,-0.2555365184633201,0.7627087085758464,-0.7341050407640285,-1.2771215871814712,-0.7131488177036864,0,2,1,2
-0.5168326738551882,2.691356382009797,-1.4417746967311889,-2.213310386236461,0.2339660497585023,-0.10814851899760423,1.3998218390114665,-1.2771215871814712,-1.0639266967564602,0,2,0,2
1.7079487761440282,-0.5595970097177485,1.3372527994601338,1.8907719076074003,-0.2555365184633201,0.7627087085758464,0.6885128790863014,-2.148729464424695,1.0407405775601828,0,0,2,2
1.7079487761440282,-0.5595970097177485,-0.17858038028058765,0.7457458130866987,0.7234686179803247,0.7627087085758464,-1.4454140006891936,-0.40551370993824737,-1.0639266967564602,0,1,2,2
1.68808465605475,-0.5595970097177485,2.196224934646543,2.3153321449015927,0.7234686179803247,1.6335659361492971,-0.022796080838863534,0.9018981059265884,1.3915184566129566,0,1,0,2
1.7079487761440282,-0.5595970097177485,-0.0775248349645397,-0.5022039753235038,1.212971186202147,1.6335659361492971,-0.7341050407640285,0.46609416730497644,1.0407405775601828,0,1,1,2
-0.2784632327838434,-0.5595970097177485,0.17511402832558076,-0.32208751101687594,-1.7240442231287871,-0.9790057465710549,0.6885128790863014,-0.05687055904095752,-0.36237093865091263,0,1,0,2
1.2113457739120603,-0.5595970097177485,0.8825028455379171,0.9901895860742648,1.212971186202147,0.7627087085758464,0.6885128790863014,-0.40551370993824737,-0.7131488177036864,0,0,1,2
-0.44730825354271236,1.0658796861460242,0.5288084369317487,0.47557111662675877,0.7234686179803247,-0.10814851899760423,-0.022796080838863534,-0.5798352853868923,-1.765482454862008,0,2,1,2
0.8736557323943223,-0.5595970097177485,-0.5828025615447802,-0.3992802814340011,-0.7450390866851424,-0.9790057465710549,-0.022796080838863534,0.9890588936509105,-0.011593059598138786,0,0,1,2
1.7079487761440282,-0.5595970097177485,0.6298639822477969,0.25685826711156834,1.212971186202147,1.6335659361492971,1.3998218390114665,1.7735059831698121,-0.011593059598138786,0,2,0,2
-0.9538433158193195,-0.5595970097177485,-1.7449413326793333,-2.0717903071383965,1.212971186202147,-0.10814851899760423,1.3998218390114665,1.1633804690995562,-1.765482454862008,0,1,0,2
1.1517534136442238,-0.5595970097177485,1.3372527994601338,2.096619295386402,-0.7450390866851424,-1.8498629741445056,-0.022796080838863534,0.030290228683364548,0.3391848194546351,0,2,1,2
0.33732448998379605,-0.5595970097177485,-2.0481079686274777,-1.2098043708138237,0.7234686179803247,-0.10814851899760423,0.6885128790863014,1.7735059831698121,-0.7131488177036864,0,0,1,2
-0.23873499260528677,-0.5595970097177485,-0.27963592559663586,0.16680003495825443,0.7234686179803247,-0.9790057465710549,1.3998218390114665,0.8147373182022662,1.3915184566129566,1,1,1,2
-0.41751207340879404,1.0658796861460242,1.3877805721181578,1.7878482137178995,0.2339660497585023,-0.10814851899760423,-0.022796080838863534,0.9018981059265884,-0.011593059598138786,0,2,0,1
-1.1127562765335492,-0.5595970097177485,-2.0481079686274777,-1.094015215188135,-1.7240442231287871,-0.10814851899760423,-0.022796080838863534,1.7735059831698121,0.3391848194546351,1,0,1,2
1.7079487761440282,-0.5595970097177485,-0.481747016228732,0.16680003495825443,-1.2345416549069648,-0.10814851899760423,-0.022796080838863534,-0.40551370993824737,1.3915184566129566,0,2,2,2
0.31746036989451776,-0.5595970097177485,-0.22910815293861175,-0.051912814556936006,1.212971186202147,1.6335659361492971,-0.7341050407640285,1.0762196813752325,-1.4147045758092343,1,2,2,2
0.3273924299391569,-0.5595970097177485,-0.5322747888867561,-0.9267642126176959,1.212971186202147,-0.10814851899760423,-0.7341050407640285,0.11745101640768663,-0.011593059598138786,0,0,2,2
-0.3678517731855974,-0.5595970097177485,-0.8859691974929245,-0.8624369039367576,1.212971186202147,0.7627087085758464,0.6885128790863014,0.46609416730497644,0.6899626985074089,1,0,0,2
-1.3809218977388125,1.0658796861460242,-0.22910815293861175,0.6170911957248222,-2.2135467913506095,0.7627087085758464,0.6885128790863014,0.11745101640768663,-0.36237093865091263,0,0,2,1
0.06915886877853382,-0.5595970097177485,1.1856694814860618,0.6299566574610109,0.2339660497585023,-0.10814851899760423,1.3998218390114665,-1.451443162630116,1.3915184566129566,1,1,2,2
1.1616854736888629,-0.5595970097177485,0.5288084369317487,0.8486695069761996,-0.7450390866851424,1.6335659361492971,0.6885128790863014,1.599184407721168,-0.7131488177036864,0,0,1,2
0.6253542312783383,1.0658796861460242,0.4782806642737249,-0.7466477483110681,-0.7450390866851424,0.7627087085758464,1.3998218390114665,-0.23119213448960244,0.6899626985074089,1,0,1,2
-0.04009379171249856,-0.5595970097177485,-1.7449413326793333,-0.8238405187281951,1.212971186202147,-0.9790057465710549,0.6885128790863014,-2.584533403046307,0.6899626985074089,1,0,0,2
-0.6558815144801389,2.691356382009797,1.1351417088280373,1.569135364202709,-1.2345416549069648,0.7627087085758464,1.3998218390114665,0.46609416730497644,0.3391848194546351,0,1,0,1
0.6154221712336992,-0.5595970097177485,-0.481747016228732,-0.1419710467102481,-0.7450390866851424,0.7627087085758464,0.6885128790863014,0.46609416730497644,-1.765482454862008,0,0,0,2
1.7079487761440282,-0.5595970097177485,1.3372527994601338,0.6556875809333848,-0.7450390866851424,-0.10814851899760423,-0.022796080838863534,-1.887247101251728,1.3915184566129566,0,0,0,2
0.7048107116354533,-0.5595970097177485,1.6909472080663022,0.26972372884775525,-0.2555365184633201,0.7627087085758464,0.6885128790863014,-0.8413176485598592,-1.4147045758092343,0,2,2,2
-0.2188708725160067,-0.5595970097177485,-0.27963592559663586,-0.8753023656729446,0.7234686179803247,-1.8498629741445056,1.3998218390114665,-0.9284784362841814,-0.7131488177036864,0,1,2,2
0.14861534913564875,-0.5595970097177485,-2.0481079686274777,-0.5279348987958776,0.7234686179803247,0.7627087085758464,0.6885128790863014,-0.7541568608355372,0.6899626985074089,1,2,1,2
0.9928404529299938,-0.5595970097177485,0.22564180098360465,0.10247272627731617,0.7234686179803247,-0.10814851899760423,1.3998218390114665,1.3377020445482002,1.0407405775601828,0,0,0,2
0.8239954321711248,1.0658796861460242,-1.1891358334410687,-0.0905091997654986,0.7234686179803247,-0.9790057465710549,-1.4454140006891936,-0.14403134676528037,0.6899626985074089,1,1,1,1
-0.24866705264992592,1.0658796861460242,-0.6333303342028043,-0.6694549778939429,-0.2555365184633201,-0.10814851899760423,0.6885128790863014,-0.40551370993824737,-0.011593059598138786,0,1,2,2
0.7544710118586491,-0.5595970097177485,-0.22910815293861175,-0.6179931309491915,-1.2345416549069648,-0.10814851899760423,0.6885128790863014,1.1633804690995562,-1.0639266967564602,0,0,1,2
-1.3014654173816975,1.0658796861460242,0.427752891615701,1.157440588644704,1.212971186202147,-1.8498629741445056,0.6885128790863014,-1.8000863135274052,1.3915184566129566,0,2,2,2
-0.7254059347926146,-0.5595970097177485,1.5393638900922297,1.569135364202709,1.212971186202147,-0.10814851899760423,-0.7341050407640285,-0.5798352853868923,-1.0639266967564602,1,2,1,2
0.43664509043019106,-0.5595970097177485,-0.8354414248349004,-1.2998626029671376,0.7234686179803247,-0.9790057465710549,-1.4454140006891936,0.3789333795806544,1.3915184566129566,1,0,2,2
0.6352862913229775,-0.5595970097177485,1.1351417088280373,0.4369747314181962,0.7234686179803247,0.7627087085758464,-1.4454140006891936,-0.9284784362841814,1.0407405775601828,1,1,2,2
-0.2188708725160067,1.0658796861460242,0.7309195275638452,-0.309222049280689,-2.2135467913506095,1.6335659361492971,-0.7341050407640285,1.7735059831698121,1.3915184566129566,1,2,2,1
0.2280718294927637,-0.5595970097177485,1.0846139361700136,0.9644586626018892,0.7234686179803247,-0.10814851899760423,-1.4454140006891936,-0.7541568608355372,0.3391848194546351,0,1,1,2
0.8140633721264857,-0.5595970097177485,0.8319750728798933,0.8358040452400126,0.7234686179803247,1.6335659361492971,0.6885128790863014,-1.1028000117328263,0.3391848194546351,0,2,0,2
0.684946591546175,1.0658796861460242,-1.6438857873632853,-0.9524951360900715,-0.2555365184633201,1.6335659361492971,0.6885128790863014,0.9890588936509105,-0.7131488177036864,0,2,1,2
0.31746036989451776,-0.5595970097177485,-0.6333303342028043,-0.48933851358731506,-0.7450390866851424,0.7627087085758464,1.3998218390114665,-0.6669960731112143,-1.765482454862008,0,1,1,2
-0.6459494544354997,-0.5595970097177485,0.9330306181959415,0.282589190583944,-0.7450390866851424,0.7627087085758464,0.6885128790863014,0.46609416730497644,1.0407405775601828,0,0,1,2
-2.443652322515223,-0.5595970097177485,0.4782806642737249,-0.8881678274091334,-1.2345416549069648,-0.9790057465710549,1.3998218390114665,-1.189960799457149,0.6899626985074089,0,0,0,2
1.0325686931085523,-0.5595970097177485,1.0340861635119891,0.9258622773933266,0.7234686179803247,0.7627087085758464,-0.7341050407640285,0.11745101640768663,-1.4147045758092343,0,2,2,2
-0.2585991126945651,-0.5595970097177485,-0.5828025615447802,-1.0425533682433845,0.7234686179803247,-0.9790057465710549,-0.022796080838863534,-0.3183529222139253,-0.011593059598138786,0,1,0,2
1.7079487761440282,-0.5595970097177485,-0.8354414248349004,-1.77588468720608,1.212971186202147,1.6335659361492971,0.6885128790863014,-0.8413176485598592,-0.7131488177036864,0,2,0,2
-1.1425524566674676,-0.5595970097177485,-1.694413560021309,-1.4671136055375766,0.2339660497585023,-1.8498629741445056,1.3998218390114665,1.0762196813752325,0.3391848194546351,1,2,2,2
1.6682205359654716,-0.5595970097177485,0.5288084369317487,0.6556875809333848,0.7234686179803247,1.6335659361492971,-1.4454140006891936,-0.49267449766256943,-0.011593059598138786,0,1,1,2
0.43664509043019106,1.0658796861460242,-1.4923024693892128,-1.77588468720608,-0.7450390866851424,1.6335659361492971,-0.7341050407640285,-0.14403134676528037,-0.36237093865091263,0,2,2,2
-0.26853117273920424,-0.5595970097177485,-0.026997062306515603,-0.3992802814340011,-0.7450390866851424,-0.10814851899760423,0.6885128790863014,-0.05687055904095752,-1.765482454862008,0,1,1,2
-1.3113974774263366,1.0658796861460242,-0.1280526076225638,-0.8753023656729446,-0.2555365184633201,-0.10814851899760423,0.6885128790863014,1.6863451954454902,-1.0639266967564602,0,1,2,1
1.7079487761440282,-0.5595970097177485,1.0846139361700136,0.8744004304485752,-0.7450390866851424,0.7627087085758464,-0.022796080838863534,0.9890588936509105,0.3391848194546351,0,0,0,2
0.60549011118906,-0.5595970097177485,2.2972804799625903,2.006561063233088,-1.2345416549069648,0.7627087085758464,0.6885128790863014,0.8147373182022662,-1.0639266967564602,1,2,0,2
1.4497152149834052,-0.5595970097177485,-0.4312192435707079,-0.5408003605320664,0.7234686179803247,0.7627087085758464,-0.7341050407640285,-1.625764738078761,1.3915184566129566,0,1,1,2
0.04929474868925553,-0.5595970097177485,0.4782806642737249,-0.20629835539118635,0.7234686179803247,-0.10814851899760423,-0.022796080838863534,-0.6669960731112143,1.3915184566129566,0,0,0,2
-1.351125717604894,-0.5595970097177485,1.1856694814860618,0.79720766003145,0.2339660497585023,-0.9790057465710549,0.6885128790863014,0.11745101640768663,0.3391848194546351,0,2,2,2
-0.37778383323023657,-0.5595970097177485,0.3772251189576767,0.539898425307697,0.2339660497585023,-0.9790057465710549,1.3998218390114665,-1.1028000117328263,0.6899626985074089,0,0,2,2
0.8041313120818465,-0.5595970097177485,0.8825028455379171,0.1539345732220675,1.212971186202147,0.7627087085758464,-0.022796080838863534,1.7735059831698121,-0.36237093865091263,0,0,1,2
0.684946591546175,1.0658796861460242,-0.17858038028058765,0.38551288447344484,-1.7240442231287871,0.7627087085758464,1.3998218390114665,1.0762196813752325,-1.765482454862008,0,0,2,2
-1.6490875189440746,-0.5595970097177485,1.0340861635119891,2.0708883719140263,-1.2345416549069648,-0.9790057465710549,0.6885128790863014,0.8147373182022662,1.0407405775601828,0,1,0,2
1.3603266745816511,-0.5595970097177485,-0.17858038028058765,-1.4027862968566385,0.2339660497585023,0.7627087085758464,-0.7341050407640285,-0.14403134676528037,-1.4147045758092343,1,2,2,2
-0.1394143921588918,1.0658796861460242,-1.2396636060990927,0.08960726454112926,0.2339660497585023,-0.9790057465710549,-0.022796080838863534,-0.6669960731112143,-0.7131488177036864,0,1,1,2
1.1914816538227821,-0.5595970097177485,0.4782806642737249,0.34691649926488227,1.212971186202147,0.7627087085758464,-1.4454140006891936,-0.40551370993824737,-0.7131488177036864,1,2,0,2
0.38698479020699356,-0.5595970097177485,1.3372527994601338,1.67205905809221,1.212971186202147,0.7627087085758464,1.3998218390114665,-0.14403134676528037,-0.7131488177036864,0,2,2,2
-1.4802424981852056,-0.5595970097177485,-0.6838581068608282,-1.351324449911888,-1.7240442231287871,-1.8498629741445056,0.6885128790863014,1.7735059831698121,-1.4147045758092343,1,0,0,2
0.2280718294927637,-0.5595970097177485,-1.6438857873632853,-1.5957682228994532,0.7234686179803247,0.7627087085758464,-0.7341050407640285,-1.3642823749057933,1.3915184566129566,0,0,2,2
0.5260336308319451,1.0658796861460242,0.12458625566755645,0.720014889614323,0.2339660497585023,0.7627087085758464,0.6885128790863014,-0.5798352853868923,-0.7131488177036864,0,0,0,2
0.60549011118906,-0.5595970097177485,-1.0880802881250207,-0.20629835539118635,0.7234686179803247,-0.10814851899760423,1.3998218390114665,-0.9284784362841814,0.3391848194546351,1,0,0,2
0.247935949582042,1.0658796861460242,-0.5828025615447802,-0.6179931309491915,0.7234686179803247,-1.8498629741445056,0.6885128790863014,1.1633804690995562,-1.0639266967564602,0,2,2,2
1.7079487761440282,-0.5595970097177485,0.07405848300953258,0.012414494124002251,1.212971186202147,-0.10814851899760423,-1.4454140006891936,1.7735059831698121,0.6899626985074089,0,2,1,2
1.7079487761440282,-0.5595970097177485,-2.0481079686274777,-1.8402119958870184,-0.2555365184633201,1.6335659361492971,0.6885128790863014,0.3789333795806544,0.3391848194546351,0,0,2,2
1.1318892935549454,-0.5595970097177485,-0.481747016228732,-1.196938909077636,0.7234686179803247,1.6335659361492971,1.3998218390114665,0.46609416730497644,1.3915184566129566,1,1,2,2
-1.251805117158501,-0.5595970097177485,-0.4312192435707079,-0.232029278863562,1.212971186202147,-0.10814851899760423,-1.4454140006891936,0.11745101640768663,-1.4147045758092343,0,1,2,2
0.6948786515908142,-0.5595970097177485,1.8425305260403742,1.3375570529513316,0.2339660497585023,-0.10814851899760423,0.6885128790863014,0.46609416730497644,1.3915184566129566,0,0,1,2
-0.44730825354271236,-0.5595970097177485,-0.17858038028058765,-0.37354935796162725,1.212971186202147,-1.8498629741445056,-1.4454140006891936,0.8147373182022662,-1.0639266967564602,0,1,1,2
-0.6062212142569422,1.0658796861460242,2.145697161988519,0.810073121767637,-2.2135467913506095,0.7627087085758464,-0.022796080838863534,0.46609416730497644,-0.011593059598138786,0,1,2,1
0.5458977509212234,-0.5595970097177485,1.2361972541440855,0.810073121767637,0.7234686179803247,-0.10814851899760423,-1.4454140006891936,0.5532549550292986,-1.4147045758092343,0,1,0,2
1.5887640556083567,-0.5595970097177485,0.427752891615701,0.47557111662675877,0.2339660497585023,0.7627087085758464,-1.4454140006891936,0.8147373182022662,-1.4147045758092343,0,1,2,2
-0.24866705264992592,-0.5595970097177485,0.3266973462996528,0.3726474227372579,0.2339660497585023,-0.10814851899760423,0.6885128790863014,0.030290228683364548,-1.0639266967564602,1,0,1,2
0.9332480926621589,-0.5595970097177485,0.3266973462996528,0.8744004304485752,0.7234686179803247,-0.10814851899760423,-1.4454140006891936,-0.14403134676528037,-1.765482454862008,0,2,1,2
-0.6459494544354997,1.0658796861460242,0.07405848300953258,-0.28349112580831337,-0.7450390866851424,-0.10814851899760423,-1.4454140006891936,0.20461180413200947,0.3391848194546351,0,1,2,1
1.7079487761440282,-0.5595970097177485,0.17511402832558076,-1.1326116003966975,1.212971186202147,0.7627087085758464,-0.022796080838863534,-0.7541568608355372,-1.765482454862008,0,2,0,2
0.7147427716800925,-0.5595970097177485,1.7414749807243262,1.0287859712828273,0.2339660497585023,0.7627087085758464,1.3998218390114665,-1.8000863135274052,-0.7131488177036864,1,2,1,2
-0.7154738747479755,-0.5595970097177485,-0.22910815293861175,-0.5408003605320664,0.7234686179803247,-0.10814851899760423,0.6885128790863014,1.0762196813752325,-0.36237093865091263,0,1,2,2
-1.341193657560255,2.691356382009797,-1.0880802881250207,-0.1033746615016855,-0.2555365184633201,-1.8498629741445056,-0.7341050407640285,-1.189960799457149,1.0407405775601828,0,1,2,1
-0.7651341749711721,-0.5595970097177485,-0.5828025615447802,0.012414494124002251,-0.2555365184633201,0.7627087085758464,-0.022796080838863534,-0.14403134676528037,-1.0639266967564602,0,2,0,2
0.09895504891245302,-0.5595970097177485,0.8319750728798933,1.8779064458712116,0.2339660497585023,-0.9790057465710549,-0.7341050407640285,-0.7541568608355372,0.3391848194546351,0,2,0,2
0.3770527301623544,-0.5595970097177485,0.023530710351508263,1.67205905809221,1.212971186202147,-0.10814851899760423,0.6885128790863014,-0.05687055904095752,-0.7131488177036864,0,2,1,2
0.9829083928853547,-0.5595970097177485,1.1856694814860618,1.3118261294789562,0.7234686179803247,1.6335659361492971,-1.4454140006891936,0.8147373182022662,0.6899626985074089,0,0,2,2
1.4298510948941268,-0.5595970097177485,-0.6333303342028043,0.14106911148587875,1.212971186202147,1.6335659361492971,0.6885128790863014,1.7735059831698121,1.0407405775601828,0,0,2,2
-0.3380555930516791,-0.5595970097177485,0.3266973462996528,0.8872658921847639,0.2339660497585023,-0.10814851899760423,-0.022796080838863534,0.46609416730497644,-0.36237093865091263,0,2,1,2
1.3503946145370118,-0.5595970097177485,-0.1280526076225638,0.39837834620963175,-0.2555365184633201,1.6335659361492971,0.6885128790863014,-0.40551370993824737,-0.36237093865091263,0,1,0,2
0.02943062859997723,-0.5595970097177485,-1.6438857873632853,-1.8016156106784558,0.7234686179803247,-0.10814851899760423,-0.7341050407640285,0.7275765304779435,-1.4147045758092343,0,0,1,2
-0.665813574524778,-0.5595970097177485,0.3266973462996528,0.1539345732220675,-1.7240442231287871,-0.9790057465710549,0.6885128790863014,-1.625764738078761,1.3915184566129566,1,2,0,2
0.6253542312783383,-0.5595970097177485,-0.5322747888867561,-0.026181891084560337,0.7234686179803247,0.7627087085758464,0.6885128790863014,0.20461180413200947,-0.36237093865091263,0,0,1,2
-0.46717237363199154,-0.5595970097177485,0.6803917549058213,-0.24489474059975078,-0.7450390866851424,-0.10814851899760423,-1.4454140006891936,0.030290228683364548,-1.765482454862008,0,0,2,1
1.6384243558315525,-0.5595970097177485,3.004669297174927,1.9550992162883387,-0.7450390866851424,0.7627087085758464,-0.022796080838863534,0.3789333795806544,-1.765482454862008,0,1,2,2
-0.15927851224817183,-0.5595970097177485,0.6803917549058213,0.39837834620963175,-1.2345416549069648,0.7627087085758464,1.3998218390114665,-0.3183529222139253,-1.0639266967564602,1,2,1,2
-0.05995791180177685,1.0658796861460242,0.8825028455379171,0.14106911148587875,1.212971186202147,-1.8498629741445056,-0.7341050407640285,-2.584533403046307,1.0407405775601828,0,1,0,2
-0.8048624151497296,1.0658796861460242,1.5393638900922297,1.2989606677427674,-0.7450390866851424,-0.10814851899760423,-0.022796080838863534,0.5532549550292986,-1.765482454862008,0,1,0,1
1.3106663743584535,-0.5595970097177485,-0.6838581068608282,-0.32208751101687594,0.7234686179803247,-0.10814851899760423,-0.022796080838863534,1.7735059831698121,0.6899626985074089,0,1,1,2
-0.5962891542123031,-0.5595970097177485,-0.7849136521768764,-0.6694549778939429,-1.2345416549069648,-0.10814851899760423,1.3998218390114665,-0.40551370993824737,1.0407405775601828,1,1,0,2
0.7048107116354533,1.0658796861460242,1.0846139361700136,1.8007136754540864,0.7234686179803247,0.7627087085758464,-1.4454140006891936,-1.5386039503544382,1.0407405775601828,0,1,2,2
0.7048107116354533,-0.5595970097177485,0.5288084369317487,1.1960369738532666,-1.7240442231287871,-0.10814851899760423,-0.7341050407640285,0.7275765304779435,0.3391848194546351,0,2,1,1
-1.6391554588994355,1.0658796861460242,0.5288084369317487,-0.00045096761218466834,-1.2345416549069648,-1.8498629741445056,-0.022796080838863534,1.7735059831698121,-1.4147045758092343,1,1,0,1
0.31746036989451776,1.0658796861460242,1.3877805721181578,0.5784948105162596,0.2339660497585023,-0.9790057465710549,0.6885128790863014,0.5532549550292986,-1.0639266967564602,0,2,1,2
0.8935198524836006,1.0658796861460242,0.07405848300953258,-0.8495714422005689,0.2339660497585023,0.7627087085758464,-0.7341050407640285,1.7735059831698121,1.0407405775601828,0,0,1,2
-0.755202114926533,-0.5595970097177485,0.17511402832558076,2.4954486092082204,-0.7450390866851424,-0.9790057465710549,0.6885128790863014,0.9018981059265884,-0.36237093865091263,0,0,2,2
0.8835877924389615,-0.5595970097177485,1.3372527994601338,0.6299566574610109,1.212971186202147,0.7627087085758464,1.3998218390114665,0.7275765304779435,-0.36237093865091263,0,2,1,2
-0.834658595283647,2.691356382009797,-0.9364969701509483,-1.5057099907461402,1.212971186202147,-0.10814851899760423,-0.022796080838863534,0.030290228683364548,0.6899626985074089,0,1,2,2
0.07909092882317297,-0.5595970097177485,-0.27963592559663586,0.6685530426695735,1.212971186202147,0.7627087085758464,0.6885128790863014,-0.05687055904095752,-0.011593059598138786,0,0,2,2
1.4894434551619617,-0.5595970097177485,0.3266973462996528,0.5784948105162596,0.7234686179803247,0.7627087085758464,-0.7341050407640285,-0.23119213448960244,-0.36237093865091263,0,2,1,2
1.3305304944477319,-0.5595970097177485,0.9330306181959415,0.5656293487800726,-1.2345416549069648,0.7627087085758464,1.3998218390114665,0.29177259185633153,-1.765482454862008,0,0,0,2
-0.20893881247136756,1.0658796861460242,2.398336025278639,0.6685530426695735,-0.2555365184633201,-0.9790057465710549,-1.4454140006891936,-1.3642823749057933,1.3915184566129566,0,1,1,1
0.3770527301623544,-0.5595970097177485,-0.27963592559663586,-0.2706256640721246,-0.2555365184633201,1.6335659361492971,0.6885128790863014,0.9018981059265884,1.3915184566129566,1,1,2,2
-0.1990067524267284,-0.5595970097177485,-1.4417746967311889,-0.7595132100472568,-0.2555365184633201,1.6335659361492971,-1.4454140006891936,-0.9284784362841814,1.3915184566129566,0,2,0,2
0.60549011118906,-0.5595970097177485,-1.6438857873632853,-1.8916738428317696,-0.7450390866851424,-0.10814851899760423,-0.7341050407640285,-0.23119213448960244,1.0407405775601828,0,1,0,2
0.12875122904637046,-0.5595970097177485,-0.22910815293861175,0.4498401931543831,0.2339660497585023,-0.10814851899760423,1.3998218390114665,0.3789333795806544,-0.011593059598138786,0,0,2,2
0.12875122904637046,1.0658796861460242,-0.026997062306515603,0.7714767365590743,-0.7450390866851424,0.7627087085758464,1.3998218390114665,-0.9284784362841814,-0.36237093865091263,0,1,2,2
0.7246748317247316,-0.5595970097177485,0.579336209589773,0.7714767365590743,-0.2555365184633201,0.7627087085758464,1.3998218390114665,-2.061568676700373,1.3915184566129566,1,0,1,2
1.5391037553851592,-0.5595970097177485,2.4488637979366628,1.2732297442703935,-0.2555365184633201,1.6335659361492971,-0.022796080838863534,-0.40551370993824737,0.3391848194546351,0,0,2,2
1.7079487761440282,-0.5595970097177485,0.579336209589773,0.051010879332566664,1.212971186202147,0.7627087085758464,0.6885128790863014,-1.451443162630116,0.3391848194546351,1,0,1,2
1.7079487761440282,-0.5595970097177485,0.07405848300953258,0.38551288447344484,-0.2555365184633201,0.7627087085758464,-1.4454140006891936,0.8147373182022662,-1.0639266967564602,0,1,1,2
0.12875122904637046,-0.5595970097177485,0.9835583908539653,1.5048080555217709,0.2339660497585023,-0.9790057465710549,-0.7341050407640285,-1.189960799457149,1.3915184566129566,1,0,1,2
-0.8942509555514837,1.0658796861460242,0.22564180098360465,0.14106911148587875,-0.2555365184633201,-0.9790057465710549,0.6885128790863014,0.030290228683364548,-0.7131488177036864,0,2,2,2
-2.096030220952846,-0.5595970097177485,-1.694413560021309,-1.711557378525142,-1.2345416549069648,-0.10814851899760423,1.3998218390114665,0.11745101640768663,1.3915184566129566,0,2,0,2
1.7079487761440282,-0.5595970097177485,0.9835583908539653,0.7457458130866987,1.212971186202147,0.7627087085758464,-0.022796080838863534,-0.05687055904095752,-0.011593059598138786,0,1,1,2
-0.5168326738551882,2.691356382009797,0.781447300221869,-0.06477827629312292,0.7234686179803247,-0.9790057465710549,0.6885128790863014,-1.3642823749057933,-0.36237093865091263,0,2,2,2
0.8637236723496832,-0.5595970097177485,-0.0775248349645397,0.9129968156571379,0.7234686179803247,-0.9790057465710549,-0.7341050407640285,-0.23119213448960244,-1.765482454862008,0,1,2,2
-0.6856776946140571,-0.5595970097177485,0.9835583908539653,0.10247272627731617,0.2339660497585023,0.7627087085758464,1.3998218390114665,0.030290228683364548,-1.4147045758092343,0,1,0,2
0.2280718294927637,-0.5595970097177485,0.4782806642737249,0.8486695069761996,1.212971186202147,-0.9790057465710549,0.6885128790863014,0.29177259185633153,-1.765482454862008,0,2,1,2
1.7079487761440282,-0.5595970097177485,0.7309195275638452,-0.2706256640721246,1.212971186202147,1.6335659361492971,-0.022796080838863534,-0.05687055904095752,-1.0639266967564602,0,2,2,2
-1.7384760593458288,1.0658796861460242,-0.9870247428089725,-1.0811497534519472,-0.2555365184633201,-0.9790057465710549,-1.4454140006891936,-0.49267449766256943,1.3915184566129566,0,1,1,2
-1.1922127568906642,-0.5595970097177485,-0.8354414248349004,-0.24489474059975078,-0.7450390866851424,-0.9790057465710549,-0.022796080838863534,-1.1028000117328263,-0.36237093865091263,0,1,2,2
-1.9669134403725343,2.691356382009797,-0.1280526076225638,-1.351324449911888,0.2339660497585023,-0.9790057465710549,0.6885128790863014,-0.7541568608355372,-0.36237093865091263,0,1,0,1
-1.092892156444271,1.0658796861460242,-0.7849136521768764,0.23112734363919268,-1.2345416549069648,-1.8498629741445056,0.6885128790863014,1.5120236199968444,1.3915184566129566,0,1,1,2
-0.9538433158193195,-0.5595970097177485,-0.3301636982546599,-0.8753023656729446,-0.7450390866851424,-0.9790057465710549,-1.4454140006891936,0.9890588936509105,0.3391848194546351,0,0,1,1
0.019498568555338085,-0.5595970097177485,-0.026997062306515603,-0.3478184344892516,0.7234686179803247,-0.9790057465710549,0.6885128790863014,1.3377020445482002,0.6899626985074089,0,0,1,2
0.49623745069802594,-0.5595970097177485,1.4888361174342057,-0.24489474059975078,-0.2555365184633201,-0.9790057465710549,-1.4454140006891936,1.3377020445482002,1.0407405775601828,1,1,0,2
1.3205984344030928,-0.5595970097177485,-0.7849136521768764,0.46270565489057003,-0.7450390866851424,0.7627087085758464,-0.7341050407640285,0.3789333795806544,-1.765482454862008,0,2,2,2
0.6452183513676166,1.0658796861460242,-0.0775248349645397,-0.6823204396301298,0.7234686179803247,-0.10814851899760423,-1.4454140006891936,0.11745101640768663,-0.011593059598138786,0,1,0,2
0.9729763328407155,-0.5595970097177485,-1.0880802881250207,0.12820364974969184,-0.2555365184633201,-0.10814851899760423,-1.4454140006891936,0.7275765304779435,-1.765482454862008,0,1,0,2
0.6551504114122558,2.691356382009797,-2.0481079686274777,-2.5992742383220904,-0.7450390866851424,0.7627087085758464,-0.022796080838863534,-0.23119213448960244,-0.011593059598138786,0,0,2,2
-1.1028242164889102,-0.5595970097177485,-0.6333303342028043,-1.0554188299795724,-1.2345416549069648,-0.9790057465710549,1.3998218390114665,0.11745101640768663,0.3391848194546351,0,2,1,1
-0.755202114926533,1.0658796861460242,-0.27963592559663586,-0.19343289365499944,-2.2135467913506095,-0.9790057465710549,-0.7341050407640285,0.11745101640768663,1.3915184566129566,1,1,1,1
0.3571886100730761,2.691356382009797,0.17511402832558076,0.34691649926488227,0.7234686179803247,-0.10814851899760423,0.6885128790863014,0.5532549550292986,1.3915184566129566,0,2,1,2
0.9233160326175198,-0.5595970097177485,-0.9870247428089725,-0.5022039753235038,0.2339660497585023,1.6335659361492971,0.6885128790863014,0.7275765304779435,1.3915184566129566,0,2,2,2
0.6948786515908142,-0.5595970097177485,1.640419435408278,0.33405103752869353,-0.7450390866851424,0.7627087085758464,0.6885128790863014,0.11745101640768663,-1.4147045758092343,1,0,2,2
0.2777321297159612,-0.5595970097177485,0.781447300221869,1.5948662876750848,-1.2345416549069648,-0.9790057465710549,-0.7341050407640285,0.11745101640768663,0.3391848194546351,0,1,0,2
-0.7949303551050896,-0.5595970097177485,-1.1386080607830447,-0.9524951360900715,-0.2555365184633201,-0.10814851899760423,-0.7341050407640285,0.29177259185633153,-0.7131488177036864,0,2,1,2
-1.4504463180512872,-0.5595970097177485,-0.6333303342028043,0.11533818801350493,1.212971186202147,-0.9790057465710549,1.3998218390114665,1.7735059831698121,1.0407405775601828,0,0,2,2
0.9233160326175198,-0.5595970097177485,-0.7343858795188523,-1.01682244477101,0.2339660497585023,1.6335659361492971,-0.022796080838863534,-1.8000863135274052,-0.011593059598138786,0,1,0,2
-0.5565609140337456,-0.5595970097177485,-1.0880802881250207,-0.5922622074768159,-1.2345416549069648,-0.9790057465710549,1.3998218390114665,-1.0156392240085041,-0.7131488177036864,0,2,0,2
0.7743351319479291,-0.5595970097177485,1.1351417088280373,0.6428221191971979,0.2339660497585023,1.6335659361492971,-0.022796080838863534,0.7275765304779435,-1.765482454862008,0,1,2,2
1.3801907946709293,-0.5595970097177485,-1.0880802881250207,-0.1419710467102481,0.2339660497585023,1.6335659361492971,-0.022796080838863534,0.29177259185633153,0.6899626985074089,1,2,2,2
-0.26853117273920424,-0.5595970097177485,0.07405848300953258,0.4498401931543831,0.2339660497585023,0.7627087085758464,1.3998218390114665,0.29177259185633153,0.3391848194546351,0,2,2,2
-1.1127562765335492,2.691356382009797,1.0340861635119891,-0.2706256640721246,-0.2555365184633201,-0.10814851899760423,-0.022796080838863534,-0.5798352853868923,1.3915184566129566,0,1,1,1
-1.8973890200600585,-0.5595970097177485,0.3266973462996528,1.7363863667731483,-0.7450390866851424,-1.8498629741445056,-0.7341050407640285,0.030290228683364548,1.0407405775601828,1,2,2,2
1.4497152149834052,-0.5595970097177485,0.27616957364162853,0.39837834620963175,0.7234686179803247,-0.10814851899760423,-0.022796080838863534,-0.40551370993824737,1.0407405775601828,0,2,2,2
-1.9569813803278953,4.31683307787357,0.4782806642737249,-0.06477827629312292,0.2339660497585023,0.7627087085758464,-0.022796080838863534,0.7275765304779435,1.3915184566129566,0,1,2,1
-1.5299027984084022,-0.5595970097177485,-0.380691470912684,-0.00045096761218466834,0.7234686179803247,-0.9790057465710549,-0.022796080838863534,1.0762196813752325,-0.011593059598138786,0,2,0,2
-1.0829600963996309,-0.5595970097177485,0.22564180098360465,-0.4378766666425655,1.212971186202147,-0.9790057465710549,-0.7341050407640285,1.7735059831698121,0.3391848194546351,0,2,1,2
-1.8278645997475829,-0.5595970097177485,1.0846139361700136,1.4919425937855821,-0.2555365184633201,-1.8498629741445056,-1.4454140006891936,-0.14403134676528037,1.0407405775601828,0,2,1,1
1.7079487761440282,-0.5595970097177485,1.589891662750254,0.79720766003145,0.7234686179803247,1.6335659361492971,-0.022796080838863534,0.9018981059265884,0.3391848194546351,0,1,2,2
1.4894434551619617,-0.5595970097177485,0.12458625566755645,0.26972372884775525,-0.7450390866851424,1.6335659361492971,1.3998218390114665,-0.23119213448960244,-1.0639266967564602,0,1,2,2
-0.4075800133641549,-0.5595970097177485,-0.6838581068608282,-0.4764730518511281,-2.2135467913506095,0.7627087085758464,0.6885128790863014,-1.0156392240085041,1.3915184566129566,0,1,0,2
-0.3380555930516791,1.0658796861460242,0.5288084369317487,0.810073121767637,-0.2555365184633201,-0.10814851899760423,1.3998218390114665,0.6404157427536213,-0.7131488177036864,0,1,0,2
-0.2585991126945651,1.0658796861460242,1.2361972541440855,0.5656293487800726,-0.2555365184633201,0.7627087085758464,-1.4454140006891936,-1.5386039503544382,0.6899626985074089,0,0,1,2
0.3770527301623544,2.691356382009797,-0.5828025615447802,0.0767418028049405,0.7234686179803247,1.6335659361492971,1.3998218390114665,-0.05687055904095752,0.3391848194546351,0,0,1,2
-1.6292233988547964,1.0658796861460242,0.427752891615701,0.24399280537538143,-2.2135467913506095,-0.10814851899760423,0.6885128790863014,0.030290228683364548,1.0407405775601828,0,1,1,1
0.7445389518140099,-0.5595970097177485,1.0846139361700136,0.5270329635715083,1.212971186202147,-0.10814851899760423,-0.7341050407640285,-0.40551370993824737,1.3915184566129566,0,0,1,2
-0.24866705264992592,-0.5595970097177485,-0.8859691974929245,0.5527638870438839,0.2339660497585023,1.6335659361492971,0.6885128790863014,-1.8000863135274052,-0.36237093865091263,0,0,0,2
0.5458977509212234,-0.5595970097177485,0.579336209589773,-1.094015215188135,-0.2555365184633201,-0.10814851899760423,0.6885128790863014,-0.7541568608355372,-1.4147045758092343,0,0,1,2
-1.4802424981852056,1.0658796861460242,-2.0481079686274777,-0.7080513631025055,-1.2345416549069648,-1.8498629741445056,-1.4454140006891936,0.5532549550292986,-1.4147045758092343,0,2,1,1
0.5558298109658626,-0.5595970097177485,-0.5828025615447802,-0.37354935796162725,0.2339660497585023,0.7627087085758464,1.3998218390114665,0.29177259185633153,1.0407405775601828,0,1,1,2
1.1914816538227821,-0.5595970097177485,-1.1386080607830447,-0.6179931309491915,1.212971186202147,0.7627087085758464,-1.4454140006891936,0.030290228683364548,0.6899626985074089,0,1,0,2
0.4664412705641085,-0.5595970097177485,-0.5322747888867561,-0.6565895161577542,0.2339660497585023,-0.9790057465710549,-1.4454140006891936,-0.9284784362841814,1.3915184566129566,0,0,1,2
0.9928404529299938,-0.5595970097177485,-0.0775248349645397,0.9129968156571379,0.2339660497585023,0.7627087085758464,-1.4454140006891936,-1.887247101251728,-1.0639266967564602,0,1,2,2
-0.26853117273920424,-0.5595970097177485,0.12458625566755645,-0.8109750569920063,0.2339660497585023,-0.10814851899760423,0.6885128790863014,-0.5798352853868923,1.0407405775601828,0,0,1,2
1.608628175697635,-0.5595970097177485,1.2867250268021095,1.414749823368457,-0.7450390866851424,1.6335659361492971,-1.4454140006891936,1.0762196813752325,-1.765482454862008,0,1,1,2
0.3273924299391569,-0.5595970097177485,0.8319750728798933,0.012414494124002251,0.2339660497585023,-0.10814851899760423,1.3998218390114665,0.20461180413200947,-0.36237093865091263,0,0,1,2
0.7941992520372074,-0.5595970097177485,-0.1280526076225638,-0.7466477483110681,-0.2555365184633201,1.6335659361492971,-0.022796080838863534,1.7735059831698121,-0.7131488177036864,0,2,1,2
0.47637333060874765,-0.5595970097177485,0.023530710351508263,-1.698691916788955,0.2339660497585023,-0.10814851899760423,-0.7341050407640285,0.5532549550292986,-0.36237093865091263,0,1,2,2
0.6352862913229775,-0.5595970097177485,-0.9870247428089725,-0.28349112580831337,1.212971186202147,-0.10814851899760423,-1.4454140006891936,1.5120236199968444,-1.765482454862008,0,2,0,2
-0.05995791180177685,-0.5595970097177485,0.3266973462996528,0.977324124338076,-0.2555365184633201,0.7627087085758464,-0.7341050407640285,-0.14403134676528037,0.6899626985074089,0,2,1,2
0.3571886100730761,-0.5595970097177485,0.3772251189576767,-0.5793967457406289,0.7234686179803247,0.7627087085758464,1.3998218390114665,0.9018981059265884,-0.011593059598138786,0,1,2,2
0.29759624980523947,-0.5595970097177485,0.8319750728798933,1.5434044407303333,-0.2555365184633201,-0.9790057465710549,-0.022796080838863534,-1.1028000117328263,-0.7131488177036864,1,2,0,2
-0.5466288539891055,-0.5595970097177485,-0.27963592559663586,0.26972372884775525,0.7234686179803247,-0.10814851899760423,-0.7341050407640285,-0.40551370993824737,-1.4147045758092343,0,1,1,2
-0.3678517731855974,-0.5595970097177485,-0.7849136521768764,-1.106880676924323,-0.7450390866851424,0.7627087085758464,0.6885128790863014,-0.05687055904095752,-0.7131488177036864,0,1,2,2
0.10888710895709217,2.691356382009797,0.3772251189576767,0.7714767365590743,-0.2555365184633201,-0.10814851899760423,-0.7341050407640285,1.3377020445482002,-0.36237093865091263,0,2,0,1
-1.6490875189440746,-0.5595970097177485,0.7309195275638452,0.7328803513505118,-1.2345416549069648,-1.8498629741445056,-0.7341050407640285,-2.235890252149017,-1.0639266967564602,0,1,1,2
1.022636633063913,-0.5595970097177485,-0.380691470912684,-0.45074212837875244,1.212971186202147,-0.10814851899760423,-1.4454140006891936,-0.3183529222139253,1.3915184566129566,0,2,0,2
-1.341193657560255,-0.5595970097177485,-0.4312192435707079,-0.7080513631025055,0.2339660497585023,-0.9790057465710549,-0.7341050407640285,-2.148729464424695,-0.011593059598138786,0,1,1,2
1.7079487761440282,-0.5595970097177485,1.589891662750254,1.7363863667731483,-0.7450390866851424,1.6335659361492971,-0.7341050407640285,-0.49267449766256943,-1.765482454862008,0,0,2,2
0.516101570787306,1.0658796861460242,-1.0375525154669965,-0.46360759011493935,1.212971186202147,1.6335659361492971,1.3998218390114665,-2.410211827597662,1.3915184566129566,1,1,2,2
-0.6558815144801389,-0.5595970097177485,1.8425305260403742,1.0030550478104516,-0.7450390866851424,-0.9790057465710549,-0.022796080838863534,-0.23119213448960244,1.3915184566129566,1,2,0,1
1.2312098940013387,-0.5595970097177485,-0.17858038028058765,-0.2706256640721246,0.7234686179803247,0.7627087085758464,1.3998218390114665,-0.3183529222139253,-0.7131488177036864,0,1,0,2
-0.03016173166785941,1.0658796861460242,-1.2396636060990927,-1.5957682228994532,0.2339660497585023,0.7627087085758464,-0.022796080838863534,-0.23119213448960244,0.3391848194546351,0,2,1,2
-0.844590655328287,1.0658796861460242,-1.4417746967311889,-1.8273465341508315,0.2339660497585023,0.7627087085758464,-0.7341050407640285,0.29177259185633153,1.3915184566129566,0,1,0,2
-1.3610577776495332,-0.5595970097177485,0.5288084369317487,1.2089024355894553,1.212971186202147,-0.10814851899760423,1.3998218390114665,-0.9284784362841814,-1.0639266967564602,0,2,1,2
1.1219572335103063,-0.5595970097177485,0.3266973462996528,0.8872658921847639,-0.2555365184633201,0.7627087085758464,1.3998218390114665,1.7735059831698121,1.3915184566129566,0,1,1,2
-0.0996861519803352,-0.5595970097177485,0.579336209589773,1.3761534381598943,-0.2555365184633201,-0.9790057465710549,1.3998218390114665,0.030290228683364548,1.0407405775601828,0,1,2,2
1.2610060741352578,-0.5595970097177485,-0.8859691974929245,-0.3606838962254385,0.7234686179803247,1.6335659361492971,-0.7341050407640285,1.3377020445482002,-1.4147045758092343,1,0,2,2
-0.9339791957300412,-0.5595970097177485,-1.2396636060990927,0.4369747314181962,1.212971186202147,-1.8498629741445056,-0.7341050407640285,-1.712925525803083,1.3915184566129566,0,1,1,1
0.10888710895709217,1.0658796861460242,0.5288084369317487,-0.0905091997654986,-0.2555365184633201,-0.10814851899760423,-0.022796080838863534,-0.8413176485598592,-0.011593059598138786,0,1,2,2
-0.04009379171249856,-0.5595970097177485,-1.0880802881250207,-0.5922622074768159,0.7234686179803247,-1.8498629741445056,-0.022796080838863534,0.7275765304779435,1.3915184566129566,0,1,1,2
1.7079487761440282,-0.5595970097177485,-0.17858038028058765,-1.5443063759547029,-0.7450390866851424,-0.10814851899760423,1.3998218390114665,-0.23119213448960244,0.3391848194546351,0,2,2,2
-1.0630959763103527,-0.5595970097177485,-0.9364969701509483,-0.48933851358731506,0.7234686179803247,-0.9790057465710549,0.6885128790863014,-1.1028000117328263,-0.011593059598138786,0,2,0,2
-0.5664929740783847,-0.5595970097177485,1.640419435408278,0.6170911957248222,0.7234686179803247,0.7627087085758464,-1.4454140006891936,-1.887247101251728,1.3915184566129566,0,2,1,2
-0.15927851224817183,-0.5595970097177485,0.8825028455379171,0.5784948105162596,0.2339660497585023,-0.10814851899760423,-0.7341050407640285,0.8147373182022662,-0.011593059598138786,0,1,1,2
0.267800069671322,1.0658796861460242,2.650974888568759,1.1317096651723282,0.2339660497585023,0.7627087085758464,-1.4454140006891936,0.7275765304779435,-0.011593059598138786,0,2,2,1
0.019498568555338085,-0.5595970097177485,0.6298639822477969,-0.013316429348371588,-0.2555365184633201,-0.9790057465710549,-1.4454140006891936,0.29177259185633153,1.3915184566129566,0,2,1,2
1.2411419540459778,-0.5595970097177485,0.27616957364162853,1.4276152851046437,1.212971186202147,-0.10814851899760423,-1.4454140006891936,-0.49267449766256943,-0.011593059598138786,0,0,0,2
1.4199190348494877,-0.5595970097177485,-1.593358014705261,-1.9302702280403323,1.212971186202147,1.6335659361492971,-0.7341050407640285,-0.05687055904095752,0.3391848194546351,0,0,1,2
-0.7651341749711721,-0.5595970097177485,-0.6333303342028043,-1.8144810724146436,-0.2555365184633201,-0.9790057465710549,0.6885128790863014,1.3377020445482002,-0.011593059598138786,0,0,2,2
0.49623745069802594,-0.5595970097177485,-0.026997062306515603,0.7071494278781362,-0.7450390866851424,0.7627087085758464,1.3998218390114665,-1.887247101251728,1.3915184566129566,0,2,1,2
1.2411419540459778,-0.5595970097177485,-1.694413560021309,-1.3770553733842636,0.7234686179803247,1.6335659361492971,-0.7341050407640285,0.7275765304779435,-1.0639266967564602,0,1,0,2
0.9928404529299938,-0.5595970097177485,-0.5322747888867561,1.3375570529513316,-0.2555365184633201,0.7627087085758464,-0.022796080838863534,1.599184407721168,0.3391848194546351,0,1,2,1
-0.8644547754175653,-0.5595970097177485,-0.380691470912684,-0.8109750569920063,0.7234686179803247,-1.8498629741445056,-0.022796080838863534,0.9018981059265884,1.3915184566129566,1,2,1,2
0.05922680873389467,1.0658796861460242,0.8825028455379171,1.2089024355894553,-1.2345416549069648,-0.10814851899760423,1.3998218390114665,0.46609416730497644,1.0407405775601828,0,2,2,2
-1.609359278765517,1.0658796861460242,0.12458625566755645,-1.171207985605261,1.212971186202147,-1.8498629741445056,-0.022796080838863534,-0.49267449766256943,-1.0639266967564602,0,2,2,1
-1.4504463180512872,2.691356382009797,-1.4417746967311889,-1.171207985605261,-1.7240442231287871,-0.10814851899760423,-0.7341050407640285,-0.6669960731112143,-1.765482454862008,0,1,2,1
0.7941992520372074,-0.5595970097177485,-0.5322747888867561,-0.5279348987958776,-0.7450390866851424,1.6335659361492971,1.3998218390114665,-2.32305103987334,-0.36237093865091263,1,1,2,2
1.4497152149834052,-0.5595970097177485,-0.481747016228732,-0.3864148196978142,-0.7450390866851424,-0.10814851899760423,-1.4454140006891936,-0.40551370993824737,0.6899626985074089,1,0,2,2
-0.6260853343462205,-0.5595970097177485,0.8825028455379171,1.0931132799637657,-0.2555365184633201,-0.10814851899760423,0.6885128790863014,-0.6669960731112143,-1.765482454862008,0,0,1,2
1.4000549147602077,-0.5595970097177485,-0.5828025615447802,0.6428221191971979,1.212971186202147,-0.10814851899760423,-1.4454140006891936,0.030290228683364548,-1.0639266967564602,0,1,1,2
1.3801907946709293,-0.5595970097177485,0.3266973462996528,0.47557111662675877,-0.7450390866851424,0.7627087085758464,-0.7341050407640285,0.11745101640768663,0.6899626985074089,0,2,0,2
1.6582884759208307,-0.5595970097177485,0.023530710351508263,0.012414494124002251,-1.2345416549069648,1.6335659361492971,-0.7341050407640285,-0.6669960731112143,0.3391848194546351,0,0,1,2
1.0524328131978304,-0.5595970097177485,-0.1280526076225638,0.0767418028049405,-0.2555365184633201,0.7627087085758464,-0.7341050407640285,1.6863451954454902,-0.36237093865091263,0,0,2,2
-2.672089703541929,1.0658796861460242,-1.3407191514151409,-0.6823204396301298,-0.7450390866851424,-1.8498629741445056,-0.022796080838863534,0.8147373182022662,-1.0639266967564602,0,0,1,1
-1.6590195789887139,2.691356382009797,0.22564180098360465,1.0931132799637657,-2.2135467913506095,-1.8498629741445056,1.3998218390114665,-0.05687055904095752,-0.36237093865091263,0,1,1,1
-1.8080004796583045,4.31683307787357,0.023530710351508263,-0.1805674319188125,0.7234686179803247,-0.9790057465710549,-0.022796080838863534,0.5532549550292986,-1.765482454862008,0,1,2,1
0.07909092882317297,1.0658796861460242,-0.5828025615447802,-1.3899208351204506,0.7234686179803247,0.7627087085758464,-0.022796080838863534,-0.9284784362841814,0.3391848194546351,0,0,1,2
0.7941992520372074,1.0658796861460242,-0.8859691974929245,-0.8495714422005689,1.212971186202147,0.7627087085758464,-0.022796080838863534,0.7275765304779435,-1.0639266967564602,0,1,1,2
-1.0432318562210734,1.0658796861460242,1.3372527994601338,1.144575126908517,-0.2555365184633201,-1.8498629741445056,-0.022796080838863534,-0.14403134676528037,-1.4147045758092343,0,0,0,2
-0.32812353300703995,-0.5595970097177485,0.7309195275638452,1.1831715121170796,-1.2345416549069648,0.7627087085758464,-0.7341050407640285,0.030290228683364548,1.3915184566129566,0,0,1,2
1.1418213535995845,-0.5595970097177485,1.589891662750254,2.1223502188587777,1.212971186202147,-0.10814851899760423,0.6885128790863014,-0.3183529222139253,-0.7131488177036864,0,2,0,2
0.06915886877853382,-0.5595970097177485,-1.1386080607830447,-1.5957682228994532,-1.2345416549069648,-0.10814851899760423,1.3998218390114665,1.7735059831698121,-1.765482454862008,0,1,0,1
-0.0996861519803352,-0.5595970097177485,0.27616957364162853,0.1925309584306301,0.7234686179803247,-0.9790057465710549,1.3998218390114665,0.46609416730497644,-0.36237093865091263,1,2,1,2
-1.599427218720878,2.691356382009797,-1.4417746967311889,0.0767418028049405,0.2339660497585023,-0.9790057465710549,0.6885128790863014,1.6863451954454902,1.0407405775601828,0,1,0,1
0.8736557323943223,-0.5595970097177485,-0.3301636982546599,-0.7080513631025055,1.212971186202147,-0.10814851899760423,0.6885128790863014,0.030290228683364548,0.6899626985074089,1,0,1,2
-0.07982203189105691,-0.5595970097177485,-0.7343858795188523,-0.32208751101687594,-0.2555365184633201,1.6335659361492971,-0.022796080838863534,-0.40551370993824737,0.6899626985074089,0,1,0,2
0.07909092882317297,-0.5595970097177485,-0.0775248349645397,-1.3641899116480758,1.212971186202147,-0.9790057465710549,-0.022796080838863534,-1.8000863135274052,1.3915184566129566,0,1,0,2
1.7079487761440282,-0.5595970097177485,2.145697161988519,0.6556875809333848,0.7234686179803247,-0.10814851899760423,-1.4454140006891936,-0.8413176485598592,0.6899626985074089,1,1,1,2
1.7079487761440282,-0.5595970097177485,0.07405848300953258,0.46270565489057003,-0.2555365184633201,-0.10814851899760423,1.3998218390114665,0.46609416730497644,-0.7131488177036864,1,2,1,2
-1.2915333573370575,2.691356382009797,-1.694413560021309,-1.0811497534519472,-1.2345416549069648,-0.9790057465710549,0.6885128790863014,-2.061568676700373,-0.7131488177036864,1,0,2,1
-1.0829600963996309,-0.5595970097177485,-0.6838581068608282,-1.094015215188135,-0.7450390866851424,-0.10814851899760423,-0.022796080838863534,0.46609416730497644,-1.4147045758092343,0,1,2,2
0.31746036989451776,1.0658796861460242,-0.5828025615447802,-0.4764730518511281,-1.2345416549069648,0.7627087085758464,-1.4454140006891936,1.1633804690995562,1.3915184566129566,0,0,1,1
-0.20893881247136756,1.0658796861460242,-0.0775248349645397,0.6299566574610109,0.7234686179803247,-0.10814851899760423,0.6885128790863014,-1.8000863135274052,-0.7131488177036864,1,1,2,2
0.10888710895709217,1.0658796861460242,0.579336209589773,-0.5536658222682533,-0.7450390866851424,-0.10814851899760423,0.6885128790863014,0.3789333795806544,-1.4147045758092343,0,1,0,1
0.6452183513676166,-0.5595970097177485,0.3266973462996528,-0.6565895161577542,1.212971186202147,0.7627087085758464,-0.7341050407640285,1.7735059831698121,-0.36237093865091263,0,2,2,2
0.03936268864461638,-0.5595970097177485,1.0340861635119891,1.3375570529513316,0.7234686179803247,-0.9790057465710549,-0.022796080838863534,-0.49267449766256943,-0.7131488177036864,0,1,0,2
-0.6558815144801389,4.31683307787357,-0.6838581068608282,-0.9267642126176959,0.7234686179803247,-0.9790057465710549,-0.022796080838863534,0.8147373182022662,-1.4147045758092343,0,1,1,1
0.3273924299391569,-0.5595970097177485,0.5288084369317487,0.11533818801350493,0.7234686179803247,-0.10814851899760423,-1.4454140006891936,1.5120236199968444,-1.0639266967564602,0,0,0,2
-1.4901745582298447,-0.5595970097177485,0.4782806642737249,-0.41214574317018987,-1.7240442231287871,-1.8498629741445056,1.3998218390114665,0.46609416730497644,1.0407405775601828,0,1,2,2
1.1616854736888629,-0.5595970097177485,-0.7849136521768764,-0.33495297275306285,1.212971186202147,-0.10814851899760423,-0.7341050407640285,0.030290228683364548,1.0407405775601828,1,1,1,2
1.1716175337335037,-0.5595970097177485,1.8425305260403742,2.289601221429217,0.2339660497585023,-0.9790057465710549,1.3998218390114665,0.46609416730497644,-1.4147045758092343,1,2,2,2
1.2312098940013387,-0.5595970097177485,-0.8354414248349004,-1.7630192254698933,-0.2555365184633201,0.7627087085758464,1.3998218390114665,-0.5798352853868923,-0.011593059598138786,1,0,2,2
-1.0531639162657136,1.0658796861460242,-0.481747016228732,0.23112734363919268,-0.7450390866851424,-0.10814851899760423,-0.022796080838863534,-0.14403134676528037,-1.4147045758092343,0,1,2,1
0.6154221712336992,-0.5595970097177485,0.7309195275638452,1.2603642825342047,-0.2555365184633201,-0.10814851899760423,1.3998218390114665,0.46609416730497644,-0.36237093865091263,1,2,1,2
-1.3014654173816975,-0.5595970097177485,-1.593358014705261,-1.1454770621328854,-0.7450390866851424,-1.8498629741445056,-0.7341050407640285,-0.6669960731112143,-1.4147045758092343,0,1,2,2
1.7079487761440282,-0.5595970097177485,-0.9870247428089725,-0.9910915212986342,1.212971186202147,-0.10814851899760423,-1.4454140006891936,-0.23119213448960244,-1.0639266967564602,0,0,1,2
-0.9637753758639594,-0.5595970097177485,0.07405848300953258,-0.5022039753235038,-1.2345416549069648,-0.9790057465710549,0.6885128790863014,0.8147373182022662,-0.011593059598138786,1,1,1,2
0.8438595522604049,-0.5595970097177485,-1.8459968779953813,-0.9782260595624453,1.212971186202147,0.7627087085758464,1.3998218390114665,1.7735059831698121,-1.4147045758092343,0,1,1,2
-0.8942509555514837,1.0658796861460242,-0.8354414248349004,-1.196938909077636,-0.7450390866851424,-1.8498629741445056,1.3998218390114665,-2.148729464424695,1.3915184566129566,1,2,2,2
-1.4603783780959274,-0.5595970097177485,-0.8354414248349004,0.10247272627731617,-0.7450390866851424,-0.10814851899760423,-0.022796080838863534,-0.23119213448960244,-0.36237093865091263,0,2,1,1
0.40684891029627185,-0.5595970097177485,1.79200275338235,2.3667939918463436,-0.7450390866851424,-0.10814851899760423,-1.4454140006891936,1.0762196813752325,-1.765482454862008,0,1,1,2
-0.07982203189105691,-0.5595970097177485,0.427752891615701,0.12820364974969184,0.7234686179803247,0.7627087085758464,-1.4454140006891936,1.6863451954454902,-0.7131488177036864,0,1,1,2
0.08902298886781211,2.691356382009797,0.12458625566755645,0.5141675018353213,-1.2345416549069648,-1.8498629741445056,1.3998218390114665,-0.7541568608355372,1.0407405775601828,0,2,2,1
0.06915886877853382,-0.5595970097177485,0.7309195275638452,1.0931132799637657,-0.7450390866851424,-0.10814851899760423,0.6885128790863014,-0.23119213448960244,-1.4147045758092343,0,2,2,2
-0.2188708725160067,-0.5595970097177485,0.023530710351508263,-0.9396296743538828,-1.2345416549069648,1.6335659361492971,-1.4454140006891936,-0.05687055904095752,0.6899626985074089,1,0,2,2
-0.2983273528731217,-0.5595970097177485,-1.0375525154669965,-0.9138987508815072,-0.2555365184633201,-0.10814851899760423,0.6885128790863014,-0.3183529222139253,-1.4147045758092343,0,1,1,2
1.7079487761440282,-0.5595970097177485,-0.7343858795188523,-0.11624012323787426,0.7234686179803247,1.6335659361492971,-1.4454140006891936,-0.05687055904095752,-1.0639266967564602,0,0,0,2
1.4497152149834052,-0.5595970097177485,0.27616957364162853,0.06387634106875359,-1.2345416549069648,1.6335659361492971,1.3998218390114665,-0.6669960731112143,0.6899626985074089,0,1,2,2
0.595558051144421,-0.5595970097177485,-0.6838581068608282,-0.19343289365499944,1.212971186202147,-0.9790057465710549,1.3998218390114665,-1.625764738078761,-0.7131488177036864,0,0,0,2
1.7079487761440282,-0.5595970097177485,2.0446416166724704,0.7714767365590743,-0.7450390866851424,0.7627087085758464,-1.4454140006891936,-0.23119213448960244,-1.4147045758092343,1,2,2,2
-0.18907469238208927,1.0658796861460242,1.2361972541440855,0.9515932008657022,0.2339660497585023,-0.10814851899760423,0.6885128790863014,0.7275765304779435,-0.011593059598138786,0,2,1,2
-1.0531639162657136,-0.5595970097177485,-0.0775248349645397,0.205396420166817,0.7234686179803247,-0.9790057465710549,-0.7341050407640285,-0.6669960731112143,-0.011593059598138786,0,2,1,2
0.7048107116354533,-0.5595970097177485,0.3266973462996528,0.26972372884775525,0.2339660497585023,-0.10814851899760423,-0.022796080838863534,-0.23119213448960244,-0.36237093865091263,0,1,2,2
1.0127045730192739,-0.5595970097177485,-0.5828025615447802,-0.9138987508815072,1.212971186202147,-0.9790057465710549,-0.7341050407640285,0.20461180413200947,1.3915184566129566,1,1,2,2
0.5260336308319451,-0.5595970097177485,0.5288084369317487,-0.1805674319188125,1.212971186202147,0.7627087085758464,-1.4454140006891936,0.5532549550292986,1.3915184566129566,0,1,2,2
-1.331261597515615,-0.5595970097177485,-1.4417746967311889,0.3211855757925066,0.2339660497585023,-1.8498629741445056,-0.7341050407640285,1.7735059831698121,-0.36237093865091263,0,2,0,1
0.4267130303855519,-0.5595970097177485,-0.5322747888867561,0.06387634106875359,0.2339660497585023,0.7627087085758464,-0.7341050407640285,0.11745101640768663,0.6899626985074089,1,0,2,2
-0.1990067524267284,-0.5595970097177485,-1.9975801959694535,-2.625005161794465,1.212971186202147,-0.10814851899760423,-0.7341050407640285,-1.625764738078761,1.3915184566129566,0,2,1,1
-0.3877158932748766,1.0658796861460242,1.3372527994601338,0.720014889614323,0.2339660497585023,-0.10814851899760423,-1.4454140006891936,-0.40551370993824737,-0.7131488177036864,0,2,2,2
0.36712067011771526,-0.5595970097177485,-0.5828025615447802,-0.28349112580831337,1.212971186202147,-0.10814851899760423,-0.022796080838863534,-0.23119213448960244,-1.4147045758092343,0,2,1,2
0.9729763328407155,1.0658796861460242,-0.9870247428089725,-0.7981095952558194,0.2339660497585023,0.7627087085758464,1.3998218390114665,-0.05687055904095752,1.3915184566129566,0,1,2,2
0.49623745069802594,-0.5595970097177485,-0.6838581068608282,-0.19343289365499944,0.2339660497585023,-0.10814851899760423,0.6885128790863014,0.5532549550292986,-1.0639266967564602,0,0,0,2
-0.1195502720696135,-0.5595970097177485,-0.5322747888867561,-0.1291055849740612,0.2339660497585023,-0.9790057465710549,0.6885128790863014,1.7735059831698121,0.3391848194546351,0,1,2,2
0.47637333060874765,1.0658796861460242,1.0846139361700136,2.0837538336502153,-0.7450390866851424,0.7627087085758464,-1.4454140006891936,1.599184407721168,1.3915184566129566,0,1,2,2
-2.086098160908207,-0.5595970097177485,-0.8859691974929245,-0.7466477483110681,-0.7450390866851424,-0.9790057465710549,0.6885128790863014,-0.6669960731112143,-1.0639266967564602,1,1,1,2
-0.1195502720696135,1.0658796861460242,0.8319750728798933,-0.039047352820747255,-0.2555365184633201,0.7627087085758464,-0.022796080838863534,0.030290228683364548,0.6899626985074089,0,1,2,2
-1.4603783780959274,2.691356382009797,2.701502661226783,2.006561063233088,1.212971186202147,-1.8498629741445056,-0.7341050407640285,-0.40551370993824737,0.3391848194546351,0,2,2,2
0.019498568555338085,-0.5595970097177485,1.7414749807243262,0.6556875809333848,0.2339660497585023,0.7627087085758464,-1.4454140006891936,-0.14403134676528037,0.6899626985074089,0,1,0,2
-0.7254059347926146,-0.5595970097177485,-2.0481079686274777,-2.1618485392917095,-1.2345416549069648,-0.9790057465710549,-1.4454140006891936,-1.0156392240085041,1.3915184566129566,1,1,1,2
-0.5366967939444665,-0.5595970097177485,0.4782806642737249,0.06387634106875359,1.212971186202147,-0.10814851899760423,1.3998218390114665,-0.40551370993824737,-0.011593059598138786,0,0,1,2
0.009566508510697175,1.0658796861460242,-0.8859691974929245,-2.406292312279276,-0.7450390866851424,0.7627087085758464,1.3998218390114665,0.3789333795806544,-0.7131488177036864,0,1,2,2
0.2777321297159612,-0.5595970097177485,-0.1280526076225638,-0.11624012323787426,0.7234686179803247,-0.10814851899760423,0.6885128790863014,0.29177259185633153,0.6899626985074089,0,2,2,2
0.7941992520372074,-0.5595970097177485,0.9330306181959415,0.5527638870438839,-0.7450390866851424,-1.8498629741445056,0.6885128790863014,0.9018981059265884,0.3391848194546351,1,0,1,2
1.4199190348494877,-0.5595970097177485,1.8930582986983981,1.8650409841350246,-0.7450390866851424,1.6335659361492971,-0.022796080838863534,1.5120236199968444,-0.011593059598138786,0,1,1,2
1.519239635295881,-0.5595970097177485,1.2361972541440855,1.4533462085770195,-0.2555365184633201,0.7627087085758464,1.3998218390114665,-1.887247101251728,0.3391848194546351,0,1,0,2
0.04929474868925553,-0.5595970097177485,-1.593358014705261,-2.1489830775555228,0.2339660497585023,-0.10814851899760423,1.3998218390114665,0.7275765304779435,-1.4147045758092343,0,2,2,2
0.04929474868925553,-0.5595970097177485,0.17511402832558076,0.6814185044057605,-2.703049359572432,1.6335659361492971,-0.022796080838863534,-0.6669960731112143,-1.0639266967564602,0,1,1,2
0.8736557323943223,-0.5595970097177485,-0.1280526076225638,1.2989606677427674,0.7234686179803247,-0.10814851899760423,1.3998218390114665,0.5532549550292986,0.3391848194546351,0,0,2,2
-0.28839529282848253,-0.5595970097177485,-0.5828025615447802,0.24399280537538143,-1.2345416549069648,-0.9790057465710549,-0.022796080838863534,0.9890588936509105,0.6899626985074089,0,2,1,2
0.2280718294927637,-0.5595970097177485,-1.0880802881250207,-0.3992802814340011,1.212971186202147,-0.9790057465710549,0.6885128790863014,-1.8000863135274052,1.3915184566129566,1,1,0,2
0.7246748317247316,-0.5595970097177485,0.023530710351508263,-0.06477827629312292,1.212971186202147,-0.9790057465710549,0.6885128790863014,0.7275765304779435,1.0407405775601828,0,1,2,2
1.3801907946709293,-0.5595970097177485,0.427752891615701,-1.2355352942861992,1.212971186202147,0.7627087085758464,0.6885128790863014,-0.40551370993824737,-1.765482454862008,0,2,2,2
-1.4802424981852056,1.0658796861460242,1.0340861635119891,1.3632879764237056,0.2339660497585023,-0.9790057465710549,-0.7341050407640285,1.2505412568238783,-0.7131488177036864,0,0,0,2
-0.8247265352390079,-0.5595970097177485,1.1856694814860618,0.5270329635715083,1.212971186202147,-0.10814851899760423,-0.7341050407640285,-1.887247101251728,0.6899626985074089,0,2,2,2
-0.0996861519803352,-0.5595970097177485,0.023530710351508263,-0.4378766666425655,1.212971186202147,1.6335659361492971,0.6885128790863014,1.7735059831698121,0.3391848194546351,0,1,1,2
0.36712067011771526,-0.5595970097177485,0.3266973462996528,0.051010879332566664,1.212971186202147,-0.10814851899760423,1.3998218390114665,-0.9284784362841814,0.3391848194546351,0,1,2,2
0.2876641897606003,2.691356382009797,-1.7449413326793333,-2.2004449245002733,1.212971186202147,-0.9790057465710549,-0.022796080838863534,1.5120236199968444,-0.011593059598138786,0,2,2,2
0.1386832890910096,1.0658796861460242,0.6803917549058213,-0.11624012323787426,-1.2345416549069648,0.7627087085758464,1.3998218390114665,-0.05687055904095752,-1.765482454862008,0,2,1,2
-1.6689516390333539,-0.5595970097177485,0.6298639822477969,0.8486695069761996,0.2339660497585023,-0.10814851899760423,-0.022796080838863534,0.29177259185633153,-1.0639266967564602,1,2,1,2
-1.0829600963996309,1.0658796861460242,-0.0775248349645397,0.12820364974969184,-1.2345416549069648,-1.8498629741445056,-0.022796080838863534,1.0762196813752325,-1.0639266967564602,1,1,1,2
1.7079487761440282,-0.5595970097177485,-0.9870247428089725,0.08960726454112926,0.7234686179803247,-0.10814851899760423,0.6885128790863014,0.7275765304779435,1.3915184566129566,0,0,0,2
0.7842671919925682,-0.5595970097177485,-0.22910815293861175,0.1925309584306301,1.212971186202147,-0.10814851899760423,1.3998218390114665,0.030290228683364548,1.0407405775601828,0,0,2,2
-0.04009379171249856,-0.5595970097177485,0.427752891615701,-0.7209168248386923,-0.2555365184633201,0.7627087085758464,-0.022796080838863534,0.6404157427536213,-0.7131488177036864,0,2,2,2
1.251074014090617,-0.5595970097177485,-2.0481079686274777,-1.01682244477101,1.212971186202147,0.7627087085758464,-0.022796080838863534,0.030290228683364548,-0.7131488177036864,0,0,2,2
-1.4603783780959274,-0.5595970097177485,-1.3407191514151409,-1.3384589881757,0.2339660497585023,-0.9790057465710549,-1.4454140006891936,-0.5798352853868923,1.0407405775601828,0,0,2,2
-0.4771044336766307,-0.5595970097177485,0.9330306181959415,1.0802478182275788,0.7234686179803247,-0.10814851899760423,0.6885128790863014,-1.1028000117328263,0.3391848194546351,0,2,0,2
0.6154221712336992,1.0658796861460242,1.7414749807243262,0.26972372884775525,0.7234686179803247,0.7627087085758464,0.6885128790863014,0.7275765304779435,-0.7131488177036864,0,0,1,2
0.1386832890910096,-0.5595970097177485,-0.17858038028058765,-0.46360759011493935,-1.2345416549069648,0.7627087085758464,-0.7341050407640285,0.7275765304779435,0.3391848194546351,0,0,2,2
0.7644030719032899,-0.5595970097177485,0.6298639822477969,-1.0682842917157593,-0.7450390866851424,-0.10814851899760423,1.3998218390114665,0.7275765304779435,-0.36237093865091263,0,1,1,2
-0.42744413345343407,-0.5595970097177485,-0.1280526076225638,-0.1419710467102481,-1.2345416549069648,-0.9790057465710549,1.3998218390114665,0.46609416730497644,1.0407405775601828,1,1,0,2
0.9431801527067981,-0.5595970097177485,0.07405848300953258,0.4369747314181962,-1.2345416549069648,0.7627087085758464,-1.4454140006891936,0.9890588936509105,-0.7131488177036864,1,2,0,2
-0.18907469238208927,-0.5595970097177485,-1.1386080607830447,-1.3255935264395124,-1.2345416549069648,-0.10814851899760423,-1.4454140006891936,1.5120236199968444,1.0407405775601828,1,1,0,2
0.31746036989451776,1.0658796861460242,-0.7849136521768764,-1.4156517585928263,-0.2555365184633201,-0.9790057465710549,0.6885128790863014,-2.410211827597662,1.3915184566129566,1,2,1,2
-0.9538433158193195,1.0658796861460242,0.7309195275638452,1.4790771320493952,-0.2555365184633201,-0.9790057465710549,-0.022796080838863534,-1.3642823749057933,-0.011593059598138786,0,1,1,2
1.3702587346262902,-0.5595970097177485,0.6298639822477969,0.38551288447344484,0.7234686179803247,-0.10814851899760423,-0.022796080838863534,-1.1028000117328263,-0.7131488177036864,0,2,1,2
-1.1226883365781883,1.0658796861460242,-0.8354414248349004,-0.00045096761218466834,-1.2345416549069648,-0.10814851899760423,1.3998218390114665,-0.23119213448960244,-1.0639266967564602,0,1,1,1
0.9531122127514372,-0.5595970097177485,0.22564180098360465,0.6299566574610109,0.7234686179803247,1.6335659361492971,-0.022796080838863534,-1.712925525803083,1.0407405775601828,0,1,2,2
-0.9935715559978768,-0.5595970097177485,-0.6333303342028043,0.14106911148587875,0.2339660497585023,-0.10814851899760423,1.3998218390114665,-0.40551370993824737,1.3915184566129566,1,0,1,2
0.8140633721264857,-0.5595970097177485,0.7309195275638452,-0.41214574317018987,1.212971186202147,0.7627087085758464,-0.7341050407640285,-0.9284784362841814,0.3391848194546351,0,1,0,2
0.7445389518140099,-0.5595970097177485,0.781447300221869,1.5434044407303333,0.2339660497585023,-0.9790057465710549,-0.022796080838863534,0.29177259185633153,0.3391848194546351,0,1,1,2
1.6483564158761916,-0.5595970097177485,1.4888361174342057,2.2381393744844673,1.212971186202147,1.6335659361492971,-0.7341050407640285,-0.3183529222139253,-0.011593059598138786,0,2,2,2
-0.03016173166785941,-0.5595970097177485,0.5288084369317487,-0.1419710467102481,1.212971186202147,0.7627087085758464,-1.4454140006891936,-0.40551370993824737,-1.4147045758092343,0,1,2,2
-0.6260853343462205,-0.5595970097177485,0.7309195275638452,-0.2706256640721246,-1.2345416549069648,-1.8498629741445056,-1.4454140006891936,1.1633804690995562,1.3915184566129566,1,2,0,1
-2.761478243943683,-0.5595970097177485,-0.6838581068608282,-0.8238405187281951,-1.2345416549069648,-1.8498629741445056,-0.7341050407640285,1.6863451954454902,-0.011593059598138786,0,0,2,2
-0.8545227153729262,1.0658796861460242,0.22564180098360465,-0.5793967457406289,-0.7450390866851424,-0.10814851899760423,-0.022796080838863534,-0.23119213448960244,1.0407405775601828,1,2,0,1
1.7079487761440282,-0.5595970097177485,1.0846139361700136,1.5305389789941466,-0.2555365184633201,-0.10814851899760423,-0.022796080838863534,1.7735059831698121,-1.765482454862008,0,1,0,2
-1.4007860178280906,-0.5595970097177485,1.1856694814860618,1.582000825938896,-0.7450390866851424,-0.9790057465710549,-1.4454140006891936,0.9890588936509105,1.3915184566129566,0,0,2,1
-0.7949303551050896,-0.5595970097177485,-0.4312192435707079,0.0767418028049405,1.212971186202147,-0.9790057465710549,-0.7341050407640285,-1.2771215871814712,1.0407405775601828,0,2,0,2
-0.42744413345343407,1.0658796861460242,-0.4312192435707079,-0.16770197018262376,-0.7450390866851424,-0.9790057465710549,-1.4454140006891936,-1.2771215871814712,0.3391848194546351,0,0,0,2
-0.14934645220353093,1.0658796861460242,0.6298639822477969,0.6814185044057605,-0.2555365184633201,-0.9790057465710549,-1.4454140006891936,-0.5798352853868923,0.6899626985074089,1,2,0,1
-0.7254059347926146,2.691356382009797,-0.7343858795188523,-0.6308585926853802,0.7234686179803247,0.7627087085758464,0.6885128790863014,1.5120236199968444,-1.0639266967564602,0,0,0,1
1.3503946145370118,1.0658796861460242,-0.17858038028058765,0.29545465232013096,-0.7450390866851424,-0.10814851899760423,0.6885128790863014,-0.49267449766256943,-0.36237093865091263,1,0,0,2
0.47637333060874765,-0.5595970097177485,0.17511402832558076,0.8615349687123883,-1.2345416549069648,0.7627087085758464,-1.4454140006891936,-1.9744078889760501,-0.7131488177036864,0,0,1,2
-0.9339791957300412,2.691356382009797,-0.1280526076225638,0.42410926968200746,-1.7240442231287871,-0.9790057465710549,1.3998218390114665,-0.23119213448960244,-0.011593059598138786,0,0,1,1
0.019498568555338085,-0.5595970097177485,0.8825028455379171,1.5048080555217709,0.7234686179803247,-0.10814851899760423,-0.022796080838863534,-2.061568676700373,0.3391848194546351,0,2,0,2
-0.24866705264992592,1.0658796861460242,0.781447300221869,2.353928530110155,-2.2135467913506095,-0.9790057465710549,-0.022796080838863534,-1.1028000117328263,-0.7131488177036864,1,1,2,1
0.8438595522604049,-0.5595970097177485,0.22564180098360465,0.6428221191971979,-0.7450390866851424,0.7627087085758464,-0.022796080838863534,-0.5798352853868923,-1.765482454862008,0,2,1,2
1.1418213535995845,-0.5595970097177485,-1.0880802881250207,-1.5185754524823272,-0.2555365184633201,-0.10814851899760423,-0.022796080838863534,0.20461180413200947,0.6899626985074089,0,0,1,2
0.9630442727960764,-0.5595970097177485,1.438308344776182,0.4498401931543831,-1.7240442231287871,-0.10814851899760423,0.6885128790863014,1.0762196813752325,0.6899626985074089,0,1,2,2
1.4993755152066008,-0.5595970097177485,-0.7343858795188523,-1.261266217758574,1.212971186202147,1.6335659361492971,0.6885128790863014,0.7275765304779435,-0.011593059598138786,0,1,1,2
-1.2716692372477791,1.0658796861460242,-1.4923024693892128,-1.106880676924323,-0.2555365184633201,-1.8498629741445056,-1.4454140006891936,0.11745101640768663,1.3915184566129566,0,1,2,1
0.9928404529299938,-0.5595970097177485,1.0340861635119891,0.8229385835038258,-0.2555365184633201,-0.10814851899760423,1.3998218390114665,-0.23119213448960244,0.6899626985074089,0,0,1,2
0.7346068917693708,-0.5595970097177485,1.8425305260403742,1.6463281346198342,0.2339660497585023,0.7627087085758464,-0.7341050407640285,-0.23119213448960244,-1.4147045758092343,0,2,2,2
-0.8843188955068445,1.0658796861460242,-1.2901913787571169,-0.8495714422005689,-1.2345416549069648,-0.9790057465710549,1.3998218390114665,-1.8000863135274052,1.3915184566129566,0,2,2,2
-0.924047135685402,-0.5595970097177485,-1.8459968779953813,-0.4764730518511281,-2.2135467913506095,0.7627087085758464,1.3998218390114665,-1.189960799457149,-0.36237093865091263,0,1,2,2
1.519239635295881,-0.5595970097177485,-2.0481079686274777,-1.3641899116480758,0.2339660497585023,1.6335659361492971,1.3998218390114665,0.7275765304779435,-1.0639266967564602,0,1,2,2
-0.6956097546586963,1.0658796861460242,-1.0880802881250207,0.3211855757925066,-0.7450390866851424,-0.9790057465710549,1.3998218390114665,-1.3642823749057933,-0.7131488177036864,0,0,2,1
0.7445389518140099,-0.5595970097177485,0.579336209589773,-0.1033746615016855,1.212971186202147,0.7627087085758464,-0.022796080838863534,0.6404157427536213,-0.011593059598138786,1,2,1,2
1.7079487761440282,-0.5595970097177485,1.3372527994601338,0.5527638870438839,1.212971186202147,-0.10814851899760423,-1.4454140006891936,-0.5798352853868923,-1.765482454862008,0,1,0,2
1.1716175337335037,1.0658796861460242,-1.0880802881250207,-1.685826455052767,0.2339660497585023,-0.9790057465710549,0.6885128790863014,1.0762196813752325,-1.765482454862008,0,1,0,2
1.7079487761440282,-0.5595970097177485,-0.026997062306515603,-0.3864148196978142,0.2339660497585023,0.7627087085758464,-0.022796080838863534,0.8147373182022662,-0.011593059598138786,1,0,1,2
0.9928404529299938,-0.5595970097177485,1.0846139361700136,0.33405103752869353,-0.7450390866851424,0.7627087085758464,-0.022796080838863534,-0.40551370993824737,1.3915184566129566,1,0,1,2
1.3503946145370118,-0.5595970097177485,-0.6838581068608282,0.4498401931543831,-0.2555365184633201,1.6335659361492971,-1.4454140006891936,1.1633804690995562,-1.0639266967564602,0,2,1,2
0.34725655002843697,-0.5595970097177485,-0.5322747888867561,-1.441382682065202,0.2339660497585023,0.7627087085758464,1.3998218390114665,0.29177259185633153,0.3391848194546351,0,2,1,2
0.5756939310551409,-0.5595970097177485,0.4782806642737249,0.33405103752869353,1.212971186202147,1.6335659361492971,-0.7341050407640285,1.1633804690995562,-1.0639266967564602,0,2,1,2
0.853791612305044,-0.5595970097177485,0.781447300221869,0.08960726454112926,0.7234686179803247,-0.9790057465710549,-0.022796080838863534,-2.497372615321985,-0.7131488177036864,0,2,2,2
-0.5962891542123031,-0.5595970097177485,0.22564180098360465,0.14106911148587875,-0.7450390866851424,-0.10814851899760423,-0.7341050407640285,-1.625764738078761,-0.011593059598138786,0,0,0,1
0.7544710118586491,-0.5595970097177485,0.9330306181959415,1.144575126908517,1.212971186202147,1.6335659361492971,-0.7341050407640285,0.030290228683364548,1.0407405775601828,0,0,2,2
0.19827564935884626,-0.5595970097177485,0.27616957364162853,0.3597819610010692,1.212971186202147,-0.10814851899760423,1.3998218390114665,0.8147373182022662,-1.4147045758092343,0,1,2,2
0.506169510742665,-0.5595970097177485,-0.481747016228732,-1.248400756022387,1.212971186202147,0.7627087085758464,1.3998218390114665,1.7735059831698121,0.3391848194546351,1,0,0,2
0.10888710895709217,-0.5595970097177485,0.27616957364162853,0.26972372884775525,-0.2555365184633201,-0.9790057465710549,1.3998218390114665,-0.9284784362841814,0.3391848194546351,0,1,2,2
0.6154221712336992,-0.5595970097177485,0.6298639822477969,-0.8238405187281951,0.2339660497585023,-0.10814851899760423,-0.022796080838863534,-0.49267449766256943,0.3391848194546351,1,0,0,2
0.47637333060874765,-0.5595970097177485,0.07405848300953258,-1.171207985605261,0.7234686179803247,0.7627087085758464,1.3998218390114665,-0.05687055904095752,-0.36237093865091263,0,2,1,2
-1.0531639162657136,1.0658796861460242,0.5288084369317487,1.157440588644704,1.212971186202147,-0.10814851899760423,-1.4454140006891936,-1.0156392240085041,1.0407405775601828,1,1,1,2
-0.16921057229281097,-0.5595970097177485,0.9330306181959415,1.0287859712828273,-1.2345416549069648,-0.9790057465710549,1.3998218390114665,1.0762196813752325,-0.7131488177036864,0,1,2,2
-1.3610577776495332,-0.5595970097177485,0.3772251189576767,-0.15483650844643684,-0.7450390866851424,-0.9790057465710549,-0.022796080838863534,-0.05687055904095752,0.6899626985074089,0,2,2,2
1.598696115652996,-0.5595970097177485,0.8319750728798933,0.5527638870438839,0.2339660497585023,1.6335659361492971,-0.022796080838863534,0.11745101640768663,1.0407405775601828,0,0,1,2
-0.1394143921588918,1.0658796861460242,-0.17858038028058765,0.47557111662675877,-1.7240442231287871,-0.9790057465710549,0.6885128790863014,0.6404157427536213,1.3915184566129566,0,2,2,1
0.684946591546175,-0.5595970097177485,1.3877805721181578,0.5656293487800726,1.212971186202147,-0.10814851899760423,1.3998218390114665,-0.8413176485598592,-1.765482454862008,0,0,2,2
-1.8675928399261403,1.0658796861460242,-2.0481079686274777,-2.1103866923469594,-0.7450390866851424,-0.9790057465710549,-0.7341050407640285,-0.05687055904095752,-0.36237093865091263,0,1,1,1
-0.07982203189105691,-0.5595970097177485,0.3772251189576767,-0.7723786717834438,1.212971186202147,-0.10814851899760423,-0.022796080838863534,-0.8413176485598592,0.3391848194546351,0,1,2,2
-0.000365551533941971,-0.5595970097177485,-0.3301636982546599,-0.6951859013663185,-1.7240442231287871,-0.10814851899760423,-1.4454140006891936,0.11745101640768663,-0.011593059598138786,1,2,1,1
-1.3610577776495332,-0.5595970097177485,0.6803917549058213,-0.28349112580831337,0.2339660497585023,-1.8498629741445056,1.3998218390114665,1.0762196813752325,-0.36237093865091263,0,1,0,2
0.10888710895709217,2.691356382009797,-1.2396636060990927,-0.48933851358731506,0.2339660497585023,1.6335659361492971,-0.7341050407640285,-1.189960799457149,0.3391848194546351,0,1,1,2
-0.010297611578581117,-0.5595970097177485,0.3266973462996528,0.5013020400991345,0.7234686179803247,0.7627087085758464,0.6885128790863014,-1.5386039503544382,0.3391848194546351,0,2,0,2
1.7079487761440282,-0.5595970097177485,0.3772251189576767,-0.2706256640721246,-1.2345416549069648,1.6335659361492971,-1.4454140006891936,-0.7541568608355372,-1.765482454862008,0,2,2,2
0.2082077094034854,-0.5595970097177485,-0.8859691974929245,-0.8753023656729446,0.7234686179803247,-0.10814851899760423,-0.7341050407640285,0.030290228683364548,-0.011593059598138786,0,2,1,2
0.8041313120818465,-0.5595970097177485,-0.6333303342028043,-0.8367059804643819,0.7234686179803247,1.6335659361492971,-1.4454140006891936,0.3789333795806544,-0.011593059598138786,0,2,0,2
0.33732448998379605,-0.5595970097177485,0.6803917549058213,1.2732297442703935,0.2339660497585023,-0.10814851899760423,-0.022796080838863534,-2.235890252149017,1.3915184566129566,0,2,2,2
0.5359656908765843,-0.5595970097177485,-0.1280526076225638,1.2860952060065804,0.7234686179803247,0.7627087085758464,-1.4454140006891936,0.7275765304779435,-0.36237093865091263,0,1,0,2
-0.6856776946140571,-0.5595970097177485,-0.481747016228732,0.3083201140563197,0.7234686179803247,-0.9790057465710549,0.6885128790863014,0.030290228683364548,0.6899626985074089,1,1,0,2
0.5359656908765843,-0.5595970097177485,1.1856694814860618,0.7457458130866987,0.7234686179803247,0.7627087085758464,-0.7341050407640285,-0.6669960731112143,-1.765482454862008,0,1,1,2
-0.41751207340879404,-0.5595970097177485,-1.3407191514151409,-0.8881678274091334,0.7234686179803247,-0.9790057465710549,-0.7341050407640285,1.7735059831698121,-0.36237093865091263,0,2,1,2
1.0425007531531914,-0.5595970097177485,-0.380691470912684,-0.6308585926853802,1.212971186202147,0.7627087085758464,-0.7341050407640285,0.3789333795806544,-1.0639266967564602,0,2,1,2
0.33732448998379605,-0.5595970097177485,-0.026997062306515603,-0.5279348987958776,-1.7240442231287871,-0.10814851899760423,-0.7341050407640285,0.9890588936509105,-1.4147045758092343,0,2,2,2
-1.351125717604894,1.0658796861460242,-0.7849136521768764,-0.9524951360900715,-0.2555365184633201,0.7627087085758464,-0.022796080838863534,0.20461180413200947,-0.7131488177036864,0,0,1,1
-2.105962280997485,-0.5595970097177485,-0.3301636982546599,-0.026181891084560337,-1.7240442231287871,-0.9790057465710549,0.6885128790863014,0.46609416730497644,1.3915184566129566,0,2,2,1
0.7644030719032899,1.0658796861460242,-0.22910815293861175,1.144575126908517,0.7234686179803247,0.7627087085758464,-1.4454140006891936,0.29177259185633153,-1.0639266967564602,0,1,0,2
-0.42744413345343407,-0.5595970097177485,-0.17858038028058765,-0.1805674319188125,0.7234686179803247,0.7627087085758464,-0.022796080838863534,1.1633804690995562,-0.011593059598138786,0,0,2,2
1.3801907946709293,-0.5595970097177485,-1.8459968779953813,-1.7372883019975176,0.7234686179803247,1.6335659361492971,0.6885128790863014,0.20461180413200947,0.3391848194546351,0,1,2,2
-1.0035036160425168,1.0658796861460242,0.3772251189576767,-0.00045096761218466834,0.7234686179803247,-0.10814851899760423,-0.022796080838863534,1.7735059831698121,-1.0639266967564602,1,0,2,2
0.06915886877853382,1.0658796861460242,-0.6333303342028043,-0.6951859013663185,0.7234686179803247,-0.10814851899760423,0.6885128790863014,1.0762196813752325,-1.0639266967564602,0,1,2,2
-1.8973890200600585,-0.5595970097177485,-2.0481079686274777,-1.6343646081080168,-1.2345416549069648,-0.9790057465710549,-0.7341050407640285,-1.189960799457149,1.3915184566129566,0,0,0,2
-0.5664929740783847,-0.5595970097177485,-1.542830242047237,-0.9782260595624453,0.2339660497585023,-0.9790057465710549,-1.4454140006891936,-0.14403134676528037,-1.4147045758092343,1,1,2,2
1.7079487761440282,-0.5595970097177485,-0.0775248349645397,1.5305389789941466,-0.2555365184633201,1.6335659361492971,1.3998218390114665,0.46609416730497644,0.6899626985074089,0,0,1,2
0.3075283098498786,-0.5595970097177485,1.2361972541440855,0.8872658921847639,0.7234686179803247,1.6335659361492971,-0.022796080838863534,0.11745101640768663,-1.765482454862008,0,0,0,2
-1.1226883365781883,-0.5595970097177485,0.6803917549058213,-0.3478184344892516,0.7234686179803247,-0.10814851899760423,-1.4454140006891936,0.7275765304779435,-1.0639266967564602,0,0,0,2
-0.9339791957300412,1.0658796861460242,0.07405848300953258,0.3726474227372579,-1.2345416549069648,-0.10814851899760423,0.6885128790863014,-1.3642823749057933,1.3915184566129566,0,1,2,2
-0.14934645220353093,-0.5595970097177485,0.3772251189576767,-0.7595132100472568,-1.2345416549069648,1.6335659361492971,-1.4454140006891936,1.3377020445482002,0.3391848194546351,0,1,2,2
-0.1195502720696135,-0.5595970097177485,0.07405848300953258,0.205396420166817,0.7234686179803247,-0.10814851899760423,-0.022796080838863534,-0.49267449766256943,-1.0639266967564602,0,1,2,2
-0.5267647338998273,-0.5595970097177485,-0.7849136521768764,-0.48933851358731506,-1.2345416549069648,-0.9790057465710549,-0.022796080838863534,-0.5798352853868923,-0.011593059598138786,0,1,1,1
1.1716175337335037,-0.5595970097177485,-0.7343858795188523,-0.039047352820747255,-0.2555365184633201,0.7627087085758464,-0.022796080838863534,-0.5798352853868923,-1.4147045758092343,1,2,2,2
-1.9271852001939769,-0.5595970097177485,-0.026997062306515603,1.582000825938896,0.7234686179803247,-1.8498629741445056,-0.7341050407640285,0.9018981059265884,0.6899626985074089,0,0,1,2
-0.24866705264992592,1.0658796861460242,-0.7849136521768764,-0.5793967457406289,-1.2345416549069648,-0.10814851899760423,-0.022796080838863534,-0.23119213448960244,1.0407405775601828,0,0,1,2
-0.3678517731855974,1.0658796861460242,-1.7449413326793333,-1.5443063759547029,-1.7240442231287871,0.7627087085758464,-0.022796080838863534,-0.6669960731112143,1.0407405775601828,0,2,0,1
0.47637333060874765,-0.5595970097177485,0.579336209589773,0.5270329635715083,1.212971186202147,-0.10814851899760423,-0.022796080838863534,-0.40551370993824737,-0.7131488177036864,0,1,2,2
-1.0630959763103527,-0.5595970097177485,0.427752891615701,0.10247272627731617,0.2339660497585023,-0.10814851899760423,-0.022796080838863534,-1.887247101251728,0.3391848194546351,1,0,0,2
-1.5596989785423205,-0.5595970097177485,-1.7449413326793333,-2.2004449245002733,-1.2345416549069648,-0.9790057465710549,-0.022796080838863534,-0.8413176485598592,0.3391848194546351,0,0,0,2
-0.844590655328287,-0.5595970097177485,-1.2901913787571169,-0.5150694370596907,0.2339660497585023,0.7627087085758464,0.6885128790863014,-1.2771215871814712,1.0407405775601828,0,0,2,2
-0.834658595283647,1.0658796861460242,0.3266973462996528,-1.1326116003966975,-2.703049359572432,-0.10814851899760423,-0.022796080838863534,-0.23119213448960244,-0.011593059598138786,0,2,0,2
-0.020229671623220265,-0.5595970097177485,-1.1891358334410687,-1.7630192254698933,-0.7450390866851424,-0.9790057465710549,-0.7341050407640285,0.7275765304779435,0.6899626985074089,1,0,1,2
1.5391037553851592,-0.5595970097177485,0.023530710351508263,-0.8753023656729446,0.7234686179803247,1.6335659361492971,-0.022796080838863534,0.6404157427536213,-1.765482454862008,0,2,2,2
0.3075283098498786,-0.5595970097177485,0.8319750728798933,0.6299566574610109,0.7234686179803247,0.7627087085758464,0.6885128790863014,1.3377020445482002,1.0407405775601828,0,2,2,2
-0.3678517731855974,-0.5595970097177485,-0.481747016228732,-0.7337822865748811,1.212971186202147,-0.10814851899760423,-0.7341050407640285,1.0762196813752325,0.3391848194546351,1,1,2,2
0.21813976944812455,-0.5595970097177485,-0.5322747888867561,0.3597819610010692,1.212971186202147,-0.10814851899760423,1.3998218390114665,0.030290228683364548,-0.011593059598138786,1,0,1,2
-1.2716692372477791,-0.5595970097177485,-0.380691470912684,-1.1326116003966975,0.7234686179803247,-0.10814851899760423,-1.4454140006891936,0.030290228683364548,0.3391848194546351,0,1,1,2
-0.2188708725160067,-0.5595970097177485,0.3772251189576767,-0.5279348987958776,0.2339660497585023,-0.9790057465710549,1.3998218390114665,-2.235890252149017,-0.36237093865091263,0,1,2,2
-1.1425524566674676,-0.5595970097177485,0.6298639822477969,-0.45074212837875244,-1.2345416549069648,-0.10814851899760423,1.3998218390114665,-1.2771215871814712,1.3915184566129566,0,1,0,2
-0.2784632327838434,-0.5595970097177485,-1.2901913787571169,-0.15483650844643684,-0.7450390866851424,-0.10814851899760423,-0.7341050407640285,-0.14403134676528037,-1.765482454862008,0,1,0,2
-0.16921057229281097,2.691356382009797,-1.3407191514151409,-0.9396296743538828,-0.2555365184633201,-0.10814851899760423,-1.4454140006891936,-0.14403134676528037,0.3391848194546351,0,2,1,1
0.09895504891245302,1.0658796861460242,-1.542830242047237,-1.711557378525142,-0.7450390866851424,-0.10814851899760423,-1.4454140006891936,0.5532549550292986,-0.36237093865091263,0,1,1,2
-0.5764250341230239,-0.5595970097177485,-0.481747016228732,-0.7852441335196306,0.2339660497585023,0.7627087085758464,-1.4454140006891936,-1.8000863135274052,1.3915184566129566,0,2,1,2
-0.4771044336766307,1.0658796861460242,-0.7343858795188523,-0.2963565875445003,0.2339660497585023,-0.9790057465710549,1.3998218390114665,0.5532549550292986,1.0407405775601828,0,0,0,2
1.002772512974633,-0.5595970097177485,0.27616957364162853,-0.039047352820747255,0.2339660497585023,0.7627087085758464,-1.4454140006891936,0.20461180413200947,-0.011593059598138786,0,0,0,2
0.33732448998379605,-0.5595970097177485,-1.694413560021309,-2.0717903071383965,1.212971186202147,-0.9790057465710549,0.6885128790863014,0.6404157427536213,1.0407405775601828,0,0,1,2
1.2610060741352578,2.691356382009797,-0.380691470912684,0.282589190583944,0.2339660497585023,0.7627087085758464,0.6885128790863014,1.1633804690995562,0.3391848194546351,0,0,1,2
0.8935198524836006,-0.5595970097177485,-0.026997062306515603,-0.232029278863562,0.7234686179803247,0.7627087085758464,1.3998218390114665,-0.14403134676528037,0.6899626985074089,0,1,1,2
1.7079487761440282,-0.5595970097177485,-0.9870247428089725,-0.1291055849740612,0.2339660497585023,-0.10814851899760423,-0.022796080838863534,1.3377020445482002,-1.0639266967564602,1,1,1,2
0.45650921051946936,-0.5595970097177485,-1.1891358334410687,0.26972372884775525,0.7234686179803247,-0.10814851899760423,1.3998218390114665,-0.9284784362841814,-0.36237093865091263,1,1,0,2
-1.2120768769799435,2.691356382009797,-0.4312192435707079,0.17966549669444318,0.2339660497585023,-1.8498629741445056,0.6885128790863014,-0.9284784362841814,0.3391848194546351,1,2,2,1
0.9332480926621589,-0.5595970097177485,-0.5322747888867561,0.26972372884775525,1.212971186202147,0.7627087085758464,-0.7341050407640285,0.46609416730497644,-1.765482454862008,0,0,2,2
0.16847946922492704,-0.5595970097177485,-0.5322747888867561,0.10247272627731617,0.2339660497585023,-0.10814851899760423,-0.022796080838863534,-0.3183529222139253,0.6899626985074089,0,1,2,2
-0.6856776946140571,-0.5595970097177485,-1.542830242047237,-1.4799790672737645,-0.2555365184633201,-0.10814851899760423,-1.4454140006891936,0.29177259185633153,-0.36237093865091263,0,0,1,2
-0.844590655328287,-0.5595970097177485,-1.542830242047237,-0.6694549778939429,-1.2345416549069648,-0.9790057465710549,-0.7341050407640285,1.7735059831698121,0.6899626985074089,1,1,1,2
-2.374127902202748,1.0658796861460242,-1.3407191514151409,-2.1361176158193347,-1.7240442231287871,-1.8498629741445056,-1.4454140006891936,0.29177259185633153,-0.36237093865091263,0,2,2,1
-3.1190324055507,1.0658796861460242,-0.22910815293861175,0.16680003495825443,-2.703049359572432,-1.8498629741445056,1.3998218390114665,-0.8413176485598592,1.0407405775601828,0,1,0,1
-0.18907469238208927,1.0658796861460242,-0.17858038028058765,0.34691649926488227,0.7234686179803247,0.7627087085758464,0.6885128790863014,-1.712925525803083,1.3915184566129566,0,0,2,2
-0.2585991126945651,-0.5595970097177485,-0.17858038028058765,-1.171207985605261,1.212971186202147,0.7627087085758464,0.6885128790863014,1.1633804690995562,-1.4147045758092343,0,0,2,2
1.4497152149834052,-0.5595970097177485,1.0340861635119891,1.4919425937855821,0.7234686179803247,-0.10814851899760423,0.6885128790863014,1.5120236199968444,-1.765482454862008,0,0,1,2
-0.5764250341230239,-0.5595970097177485,-0.9870247428089725,-0.9653605978262585,-1.7240442231287871,-0.10814851899760423,1.3998218390114665,1.5120236199968444,-1.765482454862008,0,1,1,2
-0.05995791180177685,1.0658796861460242,-0.6838581068608282,-0.6051276692130046,-1.2345416549069648,0.7627087085758464,1.3998218390114665,0.46609416730497644,-0.011593059598138786,1,1,0,1
1.3801907946709293,-0.5595970097177485,0.8825028455379171,0.025279955860190998,0.7234686179803247,0.7627087085758464,-1.4454140006891936,0.20461180413200947,-0.7131488177036864,1,1,2,2
0.9233160326175198,-0.5595970097177485,-0.481747016228732,1.4919425937855821,0.2339660497585023,0.7627087085758464,1.3998218390114665,-0.6669960731112143,-1.0639266967564602,0,2,1,2
0.38698479020699356,-0.5595970097177485,-0.6333303342028043,-0.5536658222682533,-0.2555365184633201,-0.10814851899760423,-0.022796080838863534,-0.23119213448960244,-1.0639266967564602,0,1,1,2
1.5589678754744376,-0.5595970097177485,0.8825028455379171,1.6977899815645856,1.212971186202147,1.6335659361492971,0.6885128790863014,0.29177259185633153,-1.765482454862008,0,1,1,2
0.4664412705641085,-0.5595970097177485,-1.2396636060990927,-2.1747140010278976,0.2339660497585023,0.7627087085758464,-0.7341050407640285,1.7735059831698121,-1.0639266967564602,0,1,2,2
0.5359656908765843,1.0658796861460242,1.3877805721181578,2.8042196908767227,-0.2555365184633201,-0.10814851899760423,0.6885128790863014,1.599184407721168,-0.36237093865091263,0,1,1,1
-0.16921057229281097,-0.5595970097177485,-2.0481079686274777,-0.2963565875445003,0.2339660497585023,-0.10814851899760423,-0.7341050407640285,0.29177259185633153,1.0407405775601828,1,1,0,2
-1.4802424981852056,-0.5595970097177485,-1.7449413326793333,-2.046059383666021,-0.7450390866851424,-0.9790057465710549,0.6885128790863014,0.8147373182022662,0.3391848194546351,0,0,1,2
0.019498568555338085,-0.5595970097177485,-1.6438857873632853,-1.8916738428317696,0.2339660497585023,0.7627087085758464,-0.7341050407640285,-0.7541568608355372,-0.7131488177036864,0,1,1,2
0.6750145315015359,-0.5595970097177485,-1.1386080607830447,-1.8016156106784558,0.2339660497585023,-0.9790057465710549,1.3998218390114665,1.599184407721168,-0.36237093865091263,1,2,1,2
-1.1127562765335492,-0.5595970097177485,-0.481747016228732,-1.248400756022387,0.2339660497585023,-0.10814851899760423,1.3998218390114665,-1.625764738078761,-0.011593059598138786,0,1,2,2
0.9928404529299938,-0.5595970097177485,-1.0880802881250207,-0.3992802814340011,-0.2555365184633201,-0.9790057465710549,1.3998218390114665,0.9890588936509105,0.6899626985074089,0,0,2,2
0.684946591546175,-0.5595970097177485,0.427752891615701,0.5784948105162596,1.212971186202147,1.6335659361492971,-1.4454140006891936,-0.7541568608355372,-1.0639266967564602,1,2,0,2
-2.0364378606850093,-0.5595970097177485,0.7309195275638452,1.157440588644704,-1.7240442231287871,-1.8498629741445056,1.3998218390114665,-1.189960799457149,0.3391848194546351,0,0,0,2
-0.07982203189105691,1.0658796861460242,0.07405848300953258,0.5527638870438839,0.7234686179803247,-0.10814851899760423,-1.4454140006891936,-1.625764738078761,-0.36237093865091263,0,1,2,2
0.8438595522604049,1.0658796861460242,0.6298639822477969,1.221767897325642,1.212971186202147,-0.10814851899760423,-0.022796080838863534,0.8147373182022662,0.3391848194546351,0,1,2,2
-0.10961821202497435,-0.5595970097177485,-0.27963592559663586,-0.15483650844643684,0.7234686179803247,-0.10814851899760423,0.6885128790863014,1.2505412568238783,-0.011593059598138786,0,1,2,2
0.9928404529299938,-0.5595970097177485,-1.542830242047237,-2.0203284601936464,1.212971186202147,-0.9790057465710549,-0.7341050407640285,1.7735059831698121,0.3391848194546351,0,2,1,2
-0.5962891542123031,1.0658796861460242,-2.0481079686274777,-0.9782260595624453,-0.2555365184633201,-0.9790057465710549,0.6885128790863014,0.030290228683364548,-0.011593059598138786,0,2,2,2
0.60549011118906,-0.5595970097177485,0.6803917549058213,1.1831715121170796,-0.7450390866851424,0.7627087085758464,0.6885128790863014,0.29177259185633153,-1.4147045758092343,0,0,0,2
-0.3579197131409583,1.0658796861460242,0.07405848300953258,-0.41214574317018987,0.2339660497585023,-0.9790057465710549,-0.7341050407640285,-1.5386039503544382,1.3915184566129566,0,2,2,2
-1.9172531401493378,1.0658796861460242,-2.0481079686274777,-1.8273465341508315,-1.2345416549069648,-0.10814851899760423,1.3998218390114665,1.4248628322725223,0.3391848194546351,0,0,1,1
0.60549011118906,1.0658796861460242,-0.026997062306515603,-0.1291055849740612,0.7234686179803247,0.7627087085758464,-0.7341050407640285,1.2505412568238783,-0.36237093865091263,0,1,2,2
0.7346068917693708,-0.5595970097177485,-1.0375525154669965,-1.4156517585928263,0.7234686179803247,0.7627087085758464,-0.022796080838863534,1.3377020445482002,-0.011593059598138786,0,1,1,2
-1.8377966597922228,1.0658796861460242,-0.380691470912684,-0.5922622074768159,1.212971186202147,-0.9790057465710549,0.6885128790863014,-0.6669960731112143,-1.4147045758092343,0,1,2,2
0.8041313120818465,-0.5595970097177485,1.0846139361700136,1.157440588644704,1.212971186202147,0.7627087085758464,1.3998218390114665,-0.14403134676528037,1.0407405775601828,0,2,1,2
-0.8545227153729262,1.0658796861460242,2.145697161988519,1.4533462085770195,1.212971186202147,-0.10814851899760423,-0.022796080838863534,0.3789333795806544,1.3915184566129566,0,2,2,1
-0.8843188955068445,-0.5595970097177485,0.8825028455379171,-0.309222049280689,0.7234686179803247,-0.9790057465710549,-0.022796080838863534,1.1633804690995562,-1.4147045758092343,1,1,0,2
-0.3380555930516791,-0.5595970097177485,0.9330306181959415,0.5913602722524466,1.212971186202147,-0.10814851899760423,-1.4454140006891936,-1.8000863135274052,1.3915184566129566,0,1,1,2
0.9133839725728788,-0.5595970097177485,0.3772251189576767,0.6556875809333848,-0.7450390866851424,0.7627087085758464,-0.022796080838863534,0.9890588936509105,0.3391848194546351,1,1,2,2
0.6352862913229775,-0.5595970097177485,-0.026997062306515603,-0.039047352820747255,0.2339660497585023,-0.9790057465710549,1.3998218390114665,-0.3183529222139253,-0.36237093865091263,0,0,2,2
-0.12948233211425264,-0.5595970097177485,0.07405848300953258,-0.20629835539118635,-1.7240442231287871,-0.10814851899760423,1.3998218390114665,0.3789333795806544,0.6899626985074089,0,2,1,2
0.7147427716800925,1.0658796861460242,-1.4417746967311889,-0.8495714422005689,0.7234686179803247,0.7627087085758464,-0.022796080838863534,-0.05687055904095752,1.3915184566129566,0,0,1,2
-0.9439112557746803,1.0658796861460242,0.6803917549058213,1.4276152851046437,1.212971186202147,-1.8498629741445056,-1.4454140006891936,-0.3183529222139253,-1.765482454862008,0,0,2,2
0.5657618710105017,-0.5595970097177485,1.79200275338235,1.3632879764237056,-0.7450390866851424,-0.9790057465710549,-0.7341050407640285,0.5532549550292986,0.6899626985074089,0,1,1,2
-0.755202114926533,-0.5595970097177485,-0.4312192435707079,0.3083201140563197,-1.7240442231287871,-1.8498629741445056,-0.022796080838863534,0.11745101640768663,-0.36237093865091263,1,1,2,1
0.2777321297159612,-0.5595970097177485,1.3877805721181578,1.4404807468408325,0.7234686179803247,-0.10814851899760423,1.3998218390114665,-0.40551370993824737,0.3391848194546351,0,2,2,2
1.1716175337335037,1.0658796861460242,1.5393638900922297,1.1059787416999525,1.212971186202147,-0.10814851899760423,-0.7341050407640285,0.20461180413200947,-1.0639266967564602,0,2,2,2
-0.32812353300703995,-0.5595970097177485,-0.5322747888867561,-0.2706256640721246,-0.2555365184633201,-0.9790057465710549,-0.022796080838863534,1.7735059831698121,-1.4147045758092343,0,1,2,2
0.03936268864461638,1.0658796861460242,1.1856694814860618,0.17966549669444318,0.7234686179803247,-1.8498629741445056,1.3998218390114665,-0.6669960731112143,-1.4147045758092343,1,2,2,2
-0.20893881247136756,2.691356382009797,0.6298639822477969,0.6814185044057605,0.7234686179803247,-0.10814851899760423,-1.4454140006891936,-0.23119213448960244,1.3915184566129566,0,1,1,2
0.8637236723496832,-0.5595970097177485,-0.3301636982546599,-0.7337822865748811,-0.2555365184633201,0.7627087085758464,-0.022796080838863534,-0.6669960731112143,-0.36237093865091263,0,1,1,2
1.1517534136442238,-0.5595970097177485,0.27616957364162853,0.9901895860742648,0.2339660497585023,0.7627087085758464,-0.7341050407640285,0.9018981059265884,-1.0639266967564602,0,1,2,2
-0.41751207340879404,-0.5595970097177485,-1.9975801959694535,-1.8916738428317696,1.212971186202147,-0.10814851899760423,-0.7341050407640285,0.8147373182022662,0.6899626985074089,0,2,2,2
1.1914816538227821,-0.5595970097177485,2.4993915705946868,2.6498341500424707,0.7234686179803247,1.6335659361492971,1.3998218390114665,0.030290228683364548,-1.4147045758092343,1,0,1,2
1.1716175337335037,-0.5595970097177485,-1.0880802881250207,-1.351324449911888,-1.7240442231287871,0.7627087085758464,0.6885128790863014,1.0762196813752325,-1.4147045758092343,0,1,0,2
-0.42744413345343407,-0.5595970097177485,0.17511402832558076,0.7714767365590743,0.2339660497585023,-0.10814851899760423,-1.4454140006891936,0.9018981059265884,-1.765482454862008,0,2,2,2
1.7079487761440282,-0.5595970097177485,1.8425305260403742,0.8615349687123883,1.212971186202147,1.6335659361492971,1.3998218390114665,-0.14403134676528037,0.3391848194546351,0,2,1,2
0.08902298886781211,-0.5595970097177485,-0.7849136521768764,-0.41214574317018987,-1.7240442231287871,-0.10814851899760423,-0.7341050407640285,0.9018981059265884,-1.0639266967564602,0,1,1,2
-0.22880293256064585,-0.5595970097177485,0.12458625566755645,0.39837834620963175,0.7234686179803247,-0.9790057465710549,1.3998218390114665,0.20461180413200947,-1.0639266967564602,0,1,2,2
0.9829083928853547,-0.5595970097177485,1.1856694814860618,0.14106911148587875,0.2339660497585023,0.7627087085758464,-0.022796080838863534,-0.49267449766256943,-1.0639266967564602,0,1,1,2
-1.2816012972924182,1.0658796861460242,-0.8859691974929245,-1.7244228402613297,-1.2345416549069648,-0.9790057465710549,0.6885128790863014,0.8147373182022662,-1.4147045758092343,0,2,0,1
0.29759624980523947,-0.5595970097177485,-0.5828025615447802,-0.46360759011493935,0.7234686179803247,0.7627087085758464,0.6885128790863014,0.3789333795806544,-0.36237093865091263,0,2,2,2
-0.496968553765909,2.691356382009797,-0.1280526076225638,1.1703060503808909,0.2339660497585023,0.7627087085758464,-0.022796080838863534,-0.23119213448960244,-1.4147045758092343,1,2,2,2
-0.7055418147033354,1.0658796861460242,-1.3407191514151409,-1.3127280647033255,-1.2345416549069648,-1.8498629741445056,-0.7341050407640285,-1.2771215871814712,0.3391848194546351,0,0,2,1
-0.39764795331951575,1.0658796861460242,-0.5828025615447802,0.25685826711156834,0.7234686179803247,-0.10814851899760423,0.6885128790863014,0.6404157427536213,0.6899626985074089,0,2,0,2
-0.12948233211425264,-0.5595970097177485,-1.2901913787571169,-0.48933851358731506,0.2339660497585023,-0.10814851899760423,-0.7341050407640285,0.29177259185633153,0.3391848194546351,0,1,0,2
0.05922680873389467,-0.5595970097177485,-0.6333303342028043,-1.2098043708138237,0.7234686179803247,-0.9790057465710549,1.3998218390114665,-2.584533403046307,-0.36237093865091263,0,1,2,2
-1.0134356760871561,1.0658796861460242,-2.0481079686274777,-1.2098043708138237,0.7234686179803247,-0.10814851899760423,0.6885128790863014,-0.23119213448960244,1.3915184566129566,0,1,1,2
1.1219572335103063,-0.5595970097177485,-0.5322747888867561,-0.1805674319188125,0.7234686179803247,0.7627087085758464,-0.7341050407640285,0.8147373182022662,-1.4147045758092343,1,1,2,2
-1.5398348584530415,1.0658796861460242,0.3266973462996528,-0.11624012323787426,1.212971186202147,-0.10814851899760423,-1.4454140006891936,0.8147373182022662,-0.011593059598138786,0,2,1,1
0.4863053906533868,-0.5595970097177485,0.9835583908539653,1.1960369738532666,-0.7450390866851424,0.7627087085758464,0.6885128790863014,0.46609416730497644,-0.7131488177036864,0,2,2,2
-0.37778383323023657,-0.5595970097177485,-0.9870247428089725,-0.039047352820747255,1.212971186202147,0.7627087085758464,1.3998218390114665,1.0762196813752325,-0.011593059598138786,0,1,2,2
-0.1394143921588918,1.0658796861460242,-1.3407191514151409,-0.9524951360900715,-1.2345416549069648,-0.10814851899760423,0.6885128790863014,-0.40551370993824737,-0.36237093865091263,0,1,2,1
0.47637333060874765,-0.5595970097177485,-0.27963592559663586,-0.6565895161577542,0.2339660497585023,-0.10814851899760423,-1.4454140006891936,-0.5798352853868923,0.3391848194546351,0,0,0,2
0.07909092882317297,1.0658796861460242,-0.17858038028058765,0.10247272627731617,-0.7450390866851424,0.7627087085758464,0.6885128790863014,0.8147373182022662,-0.36237093865091263,0,1,1,2
0.14861534913564875,1.0658796861460242,0.9330306181959415,0.9387277391295135,-0.7450390866851424,-0.10814851899760423,-0.022796080838863534,-0.49267449766256943,-0.36237093865091263,1,2,1,2
1.1418213535995845,-0.5595970097177485,0.579336209589773,1.7235209050369613,-0.2555365184633201,0.7627087085758464,0.6885128790863014,-0.9284784362841814,1.3915184566129566,1,0,0,2
-0.3579197131409583,1.0658796861460242,-0.4312192435707079,-0.15483650844643684,-1.2345416549069648,0.7627087085758464,1.3998218390114665,1.7735059831698121,0.3391848194546351,0,1,2,2
0.29759624980523947,-0.5595970097177485,-0.17858038028058765,-0.5022039753235038,1.212971186202147,0.7627087085758464,1.3998218390114665,1.7735059831698121,1.3915184566129566,0,0,1,2
-0.20893881247136756,1.0658796861460242,-0.27963592559663586,-1.261266217758574,-1.7240442231287871,-0.9790057465710549,1.3998218390114665,1.2505412568238783,-1.0639266967564602,0,2,2,2
-0.5168326738551882,-0.5595970097177485,0.7309195275638452,0.8358040452400126,0.2339660497585023,1.6335659361492971,0.6885128790863014,-0.40551370993824737,1.3915184566129566,1,1,1,2
-1.0630959763103527,-0.5595970097177485,-0.3301636982546599,-0.4250112049063768,-0.2555365184633201,-1.8498629741445056,-0.022796080838863534,1.0762196813752325,0.6899626985074089,0,1,0,2
0.38698479020699356,-0.5595970097177485,-0.4312192435707079,0.5527638870438839,0.7234686179803247,0.7627087085758464,1.3998218390114665,-0.14403134676528037,0.3391848194546351,0,1,0,2
-0.24866705264992592,-0.5595970097177485,1.8425305260403742,0.7328803513505118,1.212971186202147,-0.10814851899760423,1.3998218390114665,-1.2771215871814712,1.3915184566129566,0,0,2,2
-1.251805117158501,1.0658796861460242,-0.0775248349645397,0.5141675018353213,-1.7240442231287871,-0.10814851899760423,0.6885128790863014,-2.584533403046307,-0.7131488177036864,0,2,0,1
0.6253542312783383,-0.5595970097177485,-1.6438857873632853,-0.7080513631025055,1.212971186202147,-0.10814851899760423,1.3998218390114665,0.29177259185633153,-0.36237093865091263,0,1,1,2
1.7079487761440282,-0.5595970097177485,1.438308344776182,1.7878482137178995,-0.7450390866851424,1.6335659361492971,-0.7341050407640285,1.4248628322725223,-1.0639266967564602,0,2,1,2
0.5359656908765843,-0.5595970097177485,0.781447300221869,1.2474988207980178,0.7234686179803247,1.6335659361492971,-0.7341050407640285,1.0762196813752325,-0.36237093865091263,0,2,0,2
0.29759624980523947,-0.5595970097177485,0.3772251189576767,-0.11624012323787426,-0.7450390866851424,-0.10814851899760423,1.3998218390114665,-0.3183529222139253,-0.36237093865091263,1,2,0,2
-0.12948233211425264,-0.5595970097177485,-0.481747016228732,0.7843421982952613,1.212971186202147,0.7627087085758464,-0.7341050407640285,1.1633804690995562,0.3391848194546351,0,1,2,2
1.3205984344030928,-0.5595970097177485,-0.17858038028058765,-1.4285172203290142,0.2339660497585023,0.7627087085758464,-1.4454140006891936,-2.584533403046307,1.0407405775601828,0,0,1,2
-0.23873499260528677,-0.5595970097177485,0.22564180098360465,-0.28349112580831337,-2.2135467913506095,-0.9790057465710549,-0.022796080838863534,1.4248628322725223,0.3391848194546351,0,0,1,2
0.21813976944812455,-0.5595970097177485,0.12458625566755645,0.10247272627731617,0.2339660497585023,0.7627087085758464,0.6885128790863014,-0.49267449766256943,1.3915184566129566,0,0,1,2
0.009566508510697175,-0.5595970097177485,-1.593358014705261,-1.171207985605261,0.7234686179803247,-0.10814851899760423,0.6885128790863014,0.5532549550292986,0.6899626985074089,0,0,1,2
1.1616854736888629,-0.5595970097177485,2.650974888568759,1.6205972111474587,0.7234686179803247,1.6335659361492971,-0.022796080838863534,0.9890588936509105,-1.4147045758092343,1,2,2,2
-0.000365551533941971,1.0658796861460242,-0.4312192435707079,-0.026181891084560337,-0.2555365184633201,-0.9790057465710549,0.6885128790863014,-1.5386039503544382,-0.011593059598138786,0,1,2,1
1.519239635295881,-0.5595970097177485,-1.0880802881250207,-1.5443063759547029,1.212971186202147,1.6335659361492971,-1.4454140006891936,-0.14403134676528037,-1.765482454862008,0,1,1,2
0.4267130303855519,-0.5595970097177485,-1.2901913787571169,-1.3127280647033255,0.7234686179803247,-0.10814851899760423,0.6885128790863014,0.9890588936509105,0.6899626985074089,0,2,0,2
0.7941992520372074,-0.5595970097177485,-0.6333303342028043,-0.5793967457406289,0.2339660497585023,-0.10814851899760423,-0.7341050407640285,0.7275765304779435,0.3391848194546351,0,1,1,2
1.0921610533763888,-0.5595970097177485,0.12458625566755645,-0.6179931309491915,-2.2135467913506095,-0.10814851899760423,0.6885128790863014,-0.23119213448960244,-1.0639266967564602,0,0,1,2
-0.3678517731855974,1.0658796861460242,-0.6333303342028043,0.9901895860742648,-0.2555365184633201,0.7627087085758464,-0.022796080838863534,-1.1028000117328263,-0.011593059598138786,0,1,2,2
0.9233160326175198,-0.5595970097177485,0.4782806642737249,-0.026181891084560337,1.212971186202147,0.7627087085758464,-0.7341050407640285,1.0762196813752325,-1.4147045758092343,0,1,0,2
0.684946591546175,1.0658796861460242,0.5288084369317487,1.5176735172579578,0.2339660497585023,-0.10814851899760423,-0.022796080838863534,-0.05687055904095752,-1.4147045758092343,0,1,0,2
0.8041313120818465,-0.5595970097177485,1.438308344776182,0.8229385835038258,-1.2345416549069648,-0.10814851899760423,-1.4454140006891936,-1.5386039503544382,-0.7131488177036864,0,0,2,2
0.07909092882317297,-0.5595970097177485,0.17511402832558076,0.29545465232013096,-2.2135467913506095,-0.10814851899760423,0.6885128790863014,-1.2771215871814712,-1.0639266967564602,0,0,0,2
0.58562599109978,-0.5595970097177485,-0.4312192435707079,-0.6437240544215672,1.212971186202147,-0.9790057465710549,0.6885128790863014,1.7735059831698121,1.0407405775601828,0,0,1,2
-0.44730825354271236,1.0658796861460242,-0.0775248349645397,0.720014889614323,-0.7450390866851424,-0.9790057465710549,0.6885128790863014,0.030290228683364548,-1.765482454862008,0,2,0,2
1.1517534136442238,-0.5595970097177485,1.8425305260403742,0.5141675018353213,0.7234686179803247,1.6335659361492971,-1.4454140006891936,0.20461180413200947,-1.4147045758092343,1,0,0,2
1.022636633063913,-0.5595970097177485,0.3772251189576767,0.9129968156571379,0.7234686179803247,1.6335659361492971,-0.7341050407640285,-0.7541568608355372,1.0407405775601828,0,0,2,2
-1.8179325397029438,-0.5595970097177485,0.07405848300953258,0.3726474227372579,0.7234686179803247,-0.9790057465710549,-0.022796080838863534,0.20461180413200947,1.3915184566129566,0,2,1,2
0.19827564935884626,-0.5595970097177485,-0.5828025615447802,-1.5057099907461402,0.7234686179803247,0.7627087085758464,-1.4454140006891936,-0.7541568608355372,-0.7131488177036864,0,1,0,2
0.4465771504748302,1.0658796861460242,0.9330306181959415,1.221767897325642,-0.2555365184633201,0.7627087085758464,1.3998218390114665,0.11745101640768663,-0.7131488177036864,1,1,2,2
0.1883435893142071,-0.5595970097177485,0.3772251189576767,-0.07764373802930984,1.212971186202147,-0.10814851899760423,0.6885128790863014,1.6863451954454902,-0.011593059598138786,0,0,0,2
-2.691953823631207,-0.5595970097177485,-0.8859691974929245,-0.7209168248386923,-2.2135467913506095,-0.9790057465710549,-0.7341050407640285,-0.5798352853868923,0.3391848194546351,1,1,2,2
0.58562599109978,-0.5595970097177485,0.3772251189576767,0.17966549669444318,0.7234686179803247,-0.9790057465710549,0.6885128790863014,-0.49267449766256943,-1.765482454862008,0,0,2,2
-1.3113974774263366,-0.5595970097177485,0.9330306181959415,0.5527638870438839,-0.2555365184633201,-0.9790057465710549,-1.4454140006891936,-1.712925525803083,1.3915184566129566,0,1,1,2
0.38698479020699356,-0.5595970097177485,-0.3301636982546599,-0.28349112580831337,0.7234686179803247,0.7627087085758464,1.3998218390114665,-0.14403134676528037,1.0407405775601828,0,1,2,2
-0.1990067524267284,1.0658796861460242,-0.17858038028058765,0.47557111662675877,0.7234686179803247,0.7627087085758464,-1.4454140006891936,0.46609416730497644,-1.765482454862008,0,1,0,2
0.43664509043019106,-0.5595970097177485,0.12458625566755645,1.8521755223988379,1.212971186202147,-0.9790057465710549,0.6885128790863014,-0.49267449766256943,-0.011593059598138786,0,0,1,2
1.0127045730192739,-0.5595970097177485,-0.6838581068608282,-1.685826455052767,1.212971186202147,1.6335659361492971,0.6885128790863014,0.46609416730497644,0.3391848194546351,0,1,2,2
0.9630442727960764,-0.5595970097177485,-0.9364969701509483,-1.0039569830348212,1.212971186202147,0.7627087085758464,-0.7341050407640285,0.3789333795806544,0.6899626985074089,0,2,2,2
0.7842671919925682,-0.5595970097177485,1.1856694814860618,0.79720766003145,1.212971186202147,0.7627087085758464,1.3998218390114665,-0.14403134676528037,1.3915184566129566,0,1,0,2
-0.3579197131409583,1.0658796861460242,-1.7449413326793333,-1.4285172203290142,-2.2135467913506095,-0.10814851899760423,-0.022796080838863534,0.11745101640768663,-1.0639266967564602,1,1,2,1
0.03936268864461638,-0.5595970097177485,1.3877805721181578,2.0580229101778396,-1.7240442231287871,-0.10814851899760423,-0.7341050407640285,-0.6669960731112143,1.3915184566129566,1,2,1,2
0.03936268864461638,-0.5595970097177485,0.781447300221869,1.569135364202709,-1.7240442231287871,-0.9790057465710549,-1.4454140006891936,0.20461180413200947,0.3391848194546351,0,0,0,2
-1.251805117158501,1.0658796861460242,-1.0880802881250207,-1.3899208351204506,1.212971186202147,-1.8498629741445056,-0.7341050407640285,-0.23119213448960244,0.6899626985074089,0,0,1,1
0.8239954321711248,-0.5595970097177485,0.8319750728798933,0.03814541759637792,0.2339660497585023,-0.9790057465710549,0.6885128790863014,1.7735059831698121,-1.765482454862008,0,1,0,2
-0.48703649372126984,1.0658796861460242,2.095169389330494,0.8358040452400126,1.212971186202147,-1.8498629741445056,0.6885128790863014,0.9018981059265884,1.3915184566129566,1,2,1,2
1.3801907946709293,-0.5595970097177485,-0.22910815293861175,-1.0296879065071967,-0.7450390866851424,0.7627087085758464,1.3998218390114665,0.6404157427536213,-0.011593059598138786,0,2,0,2
-0.2585991126945651,-0.5595970097177485,-0.026997062306515603,-1.1326116003966975,0.2339660497585023,-1.8498629741445056,1.3998218390114665,-0.14403134676528037,-1.765482454862008,0,1,0,2
0.009566508510697175,1.0658796861460242,-0.8859691974929245,-0.1033746615016855,0.7234686179803247,0.7627087085758464,-0.022796080838863534,-0.8413176485598592,-1.4147045758092343,0,1,2,2
0.6750145315015359,1.0658796861460242,0.3772251189576767,0.21826188190300577,0.7234686179803247,-0.9790057465710549,0.6885128790863014,-0.23119213448960244,-0.7131488177036864,1,1,1,2
-0.020229671623220265,-0.5595970097177485,0.023530710351508263,-0.5150694370596907,-2.2135467913506095,-0.10814851899760423,-0.022796080838863534,0.030290228683364548,1.3915184566129566,0,2,1,1
-0.665813574524778,-0.5595970097177485,-1.0880802881250207,-1.5829027611632653,1.212971186202147,1.6335659361492971,-0.022796080838863534,0.7275765304779435,0.6899626985074089,1,2,2,2
0.60549011118906,2.691356382009797,0.3772251189576767,0.8229385835038258,0.7234686179803247,0.7627087085758464,1.3998218390114665,0.29177259185633153,-1.0639266967564602,1,1,1,1
0.6750145315015359,1.0658796861460242,-0.380691470912684,-0.026181891084560337,1.212971186202147,0.7627087085758464,-0.7341050407640285,1.2505412568238783,1.3915184566129566,0,1,2,2
0.9332480926621589,-0.5595970097177485,0.12458625566755645,1.0030550478104516,1.212971186202147,-0.9790057465710549,-1.4454140006891936,0.3789333795806544,-1.0639266967564602,0,1,2,2
0.5458977509212234,-0.5595970097177485,-0.026997062306515603,-0.7080513631025055,-0.2555365184633201,1.6335659361492971,-0.022796080838863534,0.29177259185633153,-1.4147045758092343,1,0,2,2
0.7644030719032899,-0.5595970097177485,-1.7954691053373573,-2.2390413097088357,1.212971186202147,0.7627087085758464,-1.4454140006891936,1.3377020445482002,1.3915184566129566,0,0,2,2
0.21813976944812455,-0.5595970097177485,-1.542830242047237,-0.9138987508815072,-0.7450390866851424,0.7627087085758464,1.3998218390114665,0.9018981059265884,-0.011593059598138786,0,1,2,2
1.7079487761440282,-0.5595970097177485,1.79200275338235,2.8428160760852856,1.212971186202147,1.6335659361492971,1.3998218390114665,-1.3642823749057933,0.3391848194546351,0,2,0,2
1.7079487761440282,-0.5595970097177485,1.3877805721181578,0.5013020400991345,1.212971186202147,0.7627087085758464,1.3998218390114665,-0.05687055904095752,-0.011593059598138786,0,0,1,2
0.09895504891245302,-0.5595970097177485,0.427752891615701,0.051010879332566664,-2.703049359572432,1.6335659361492971,0.6885128790863014,1.7735059831698121,0.6899626985074089,0,1,2,2
0.7544710118586491,-0.5595970097177485,-1.694413560021309,-0.8367059804643819,0.2339660497585023,-0.9790057465710549,1.3998218390114665,-0.3183529222139253,-0.7131488177036864,0,0,2,2
-0.5565609140337456,-0.5595970097177485,-1.542830242047237,-2.496350544432589,0.7234686179803247,-0.10814851899760423,-0.7341050407640285,-1.0156392240085041,1.3915184566129566,1,2,2,2
-1.0035036160425168,1.0658796861460242,-2.0481079686274777,-2.0717903071383965,-0.2555365184633201,-0.10814851899760423,0.6885128790863014,0.46609416730497644,0.6899626985074089,0,2,2,2
-0.7452700548818929,1.0658796861460242,-1.1386080607830447,-0.6694549778939429,-1.2345416549069648,-0.10814851899760423,-0.7341050407640285,0.5532549550292986,-1.0639266967564602,0,0,1,2
-1.8874569600154194,-0.5595970097177485,0.6803917549058213,-0.7466477483110681,-1.7240442231287871,-0.9790057465710549,-0.022796080838863534,-0.23119213448960244,1.0407405775601828,0,1,2,1
0.5458977509212234,-0.5595970097177485,-0.27963592559663586,-0.7209168248386923,0.7234686179803247,-0.10814851899760423,1.3998218390114665,0.9890588936509105,1.0407405775601828,0,2,1,2
-0.675745634569418,-0.5595970097177485,0.22564180098360465,-0.232029278863562,-0.2555365184633201,-0.10814851899760423,0.6885128790863014,-0.8413176485598592,0.3391848194546351,0,1,1,2
-1.4007860178280906,1.0658796861460242,-0.380691470912684,0.1539345732220675,0.2339660497585023,-0.9790057465710549,-0.022796080838863534,-0.3183529222139253,-0.7131488177036864,1,0,1,1
0.9630442727960764,-0.5595970097177485,-0.17858038028058765,-0.2191638171273751,-0.2555365184633201,1.6335659361492971,-0.7341050407640285,-0.49267449766256943,-0.7131488177036864,0,1,1,2
-1.4504463180512872,2.691356382009797,-0.380691470912684,-0.013316429348371588,1.212971186202147,-0.9790057465710549,0.6885128790863014,1.1633804690995562,0.3391848194546351,0,2,2,1
-0.07982203189105691,1.0658796861460242,-2.0481079686274777,-1.6472300698442037,-0.7450390866851424,-0.9790057465710549,1.3998218390114665,-1.1028000117328263,1.0407405775601828,1,2,0,1
0.45650921051946936,-0.5595970097177485,-0.026997062306515603,0.41124380794582055,0.7234686179803247,-0.9790057465710549,0.6885128790863014,-1.0156392240085041,-0.011593059598138786,0,0,2,2
-1.2418730571138608,1.0658796861460242,-0.17858038028058765,0.5141675018353213,-1.2345416549069648,-1.8498629741445056,1.3998218390114665,1.7735059831698121,1.3915184566129566,1,2,1,2
-2.572769103095535,4.31683307787357,1.589891662750254,1.6977899815645856,-0.2555365184633201,-1.8498629741445056,-0.7341050407640285,0.030290228683364548,1.3915184566129566,0,1,2,1
-2.453584382559863,-0.5595970097177485,-0.8354414248349004,-0.33495297275306285,-2.703049359572432,-0.9790057465710549,-0.7341050407640285,1.599184407721168,0.3391848194546351,0,1,1,2
0.4267130303855519,-0.5595970097177485,-0.7849136521768764,0.1539345732220675,1.212971186202147,-0.9790057465710549,1.3998218390114665,-1.1028000117328263,1.3915184566129566,0,2,1,2
1.7079487761440282,-0.5595970097177485,1.6909472080663022,1.5948662876750848,0.2339660497585023,1.6335659361492971,0.6885128790863014,0.8147373182022662,1.3915184566129566,1,2,1,2
0.2876641897606003,-0.5595970097177485,-0.27963592559663586,-0.37354935796162725,0.7234686179803247,-0.9790057465710549,0.6885128790863014,-0.40551370993824737,-1.4147045758092343,0,1,2,2
-0.0500258517571377,-0.5595970097177485,-0.8354414248349004,-0.48933851358731506,0.2339660497585023,-0.10814851899760423,-0.7341050407640285,-0.23119213448960244,-0.7131488177036864,0,0,2,2
-0.3877158932748766,-0.5595970097177485,-0.026997062306515603,-0.3478184344892516,-1.7240442231287871,-0.10814851899760423,-0.7341050407640285,0.8147373182022662,-0.7131488177036864,1,1,2,2
1.0127045730192739,1.0658796861460242,0.17511402832558076,-1.1583425238690732,0.2339660497585023,0.7627087085758464,-0.022796080838863534,-0.14403134676528037,-0.011593059598138786,0,1,0,2
-0.924047135685402,1.0658796861460242,1.2361972541440855,1.5176735172579578,0.2339660497585023,-0.9790057465710549,0.6885128790863014,-0.40551370993824737,-1.4147045758092343,0,1,1,1
-0.05995791180177685,-0.5595970097177485,-0.8354414248349004,-1.351324449911888,-0.7450390866851424,-0.10814851899760423,-0.022796080838863534,-0.49267449766256943,0.3391848194546351,0,1,2,2
0.8935198524836006,-0.5595970097177485,1.7414749807243262,1.3761534381598943,-0.7450390866851424,1.6335659361492971,-0.7341050407640285,0.8147373182022662,-0.7131488177036864,0,2,2,2
-0.14934645220353093,-0.5595970097177485,1.0846139361700136,1.0159205095466406,-0.7450390866851424,-0.10814851899760423,-0.022796080838863534,-1.0156392240085041,1.3915184566129566,0,2,2,2
1.7079487761440282,-0.5595970097177485,1.79200275338235,0.5527638870438839,-1.7240442231287871,1.6335659361492971,0.6885128790863014,1.7735059831698121,0.6899626985074089,0,0,1,2
1.7079487761440282,-0.5595970097177485,-0.026997062306515603,-0.9653605978262585,0.7234686179803247,0.7627087085758464,0.6885128790863014,-0.23119213448960244,-1.0639266967564602,0,1,1,2
1.7079487761440282,-0.5595970097177485,0.579336209589773,0.4498401931543831,1.212971186202147,0.7627087085758464,-0.7341050407640285,1.4248628322725223,-1.4147045758092343,1,1,0,2
1.4894434551619617,-0.5595970097177485,2.4488637979366628,2.0837538336502153,1.212971186202147,1.6335659361492971,-1.4454140006891936,0.8147373182022662,1.3915184566129566,0,0,1,2
1.7079487761440282,-0.5595970097177485,0.8825028455379171,0.26972372884775525,-0.7450390866851424,0.7627087085758464,-0.7341050407640285,1.0762196813752325,-1.765482454862008,0,1,0,2
-0.06988997184641599,-0.5595970097177485,0.22564180098360465,-0.5279348987958776,-0.7450390866851424,-0.9790057465710549,-1.4454140006891936,1.4248628322725223,-1.4147045758092343,0,0,2,2
-1.1127562765335492,2.691356382009797,-0.0775248349645397,0.42410926968200746,-0.7450390866851424,-0.9790057465710549,-0.7341050407640285,-1.5386039503544382,1.3915184566129566,0,1,2,1
-0.0996861519803352,-0.5595970097177485,-2.0481079686274777,-0.3606838962254385,1.212971186202147,-0.9790057465710549,0.6885128790863014,-0.6669960731112143,-0.36237093865091263,1,2,0,2
-1.6490875189440746,2.691356382009797,-2.0481079686274777,-1.2098043708138237,0.2339660497585023,-1.8498629741445056,0.6885128790863014,0.6404157427536213,1.0407405775601828,0,2,1,1
-1.4802424981852056,-0.5595970097177485,-1.1386080607830447,-0.20629835539118635,0.2339660497585023,-0.9790057465710549,-1.4454140006891936,0.20461180413200947,0.3391848194546351,0,0,1,2
-0.4771044336766307,1.0658796861460242,-0.5828025615447802,-1.5957682228994532,-0.7450390866851424,-0.9790057465710549,-1.4454140006891936,0.3789333795806544,-1.0639266967564602,0,1,2,1
-0.7949303551050896,-0.5595970097177485,0.6298639822477969,1.054516894755203,-1.7240442231287871,-1.8498629741445056,0.6885128790863014,-0.3183529222139253,-1.4147045758092343,1,2,2,1
0.5756939310551409,-0.5595970097177485,-0.026997062306515603,-0.19343289365499944,-0.7450390866851424,0.7627087085758464,1.3998218390114665,1.7735059831698121,-1.765482454862008,0,2,1,2
0.247935949582042,-0.5595970097177485,0.27616957364162853,1.0931132799637657,-1.2345416549069648,-0.10814851899760423,-0.022796080838863534,0.11745101640768663,1.3915184566129566,0,2,1,2
-1.182280696846025,2.691356382009797,-0.22910815293861175,-0.4378766666425655,1.212971186202147,-0.10814851899760423,-0.022796080838863534,0.46609416730497644,-1.0639266967564602,0,2,0,2
0.833927492215764,-0.5595970097177485,1.0846139361700136,1.2603642825342047,0.7234686179803247,0.7627087085758464,-1.4454140006891936,0.11745101640768663,-0.36237093865091263,0,0,1,2
-0.39764795331951575,-0.5595970097177485,-0.7849136521768764,-0.8109750569920063,-0.2555365184633201,0.7627087085758464,-0.022796080838863534,1.3377020445482002,0.6899626985074089,0,0,0,2
-1.0730280363549918,-0.5595970097177485,-0.3301636982546599,-1.2869971412309498,-1.2345416549069648,-0.9790057465710549,1.3998218390114665,0.9018981059265884,0.6899626985074089,0,2,0,1
0.1883435893142071,-0.5595970097177485,0.17511402832558076,0.6556875809333848,-2.2135467913506095,-0.9790057465710549,-0.7341050407640285,-1.1028000117328263,-0.7131488177036864,0,1,2,2
-0.06988997184641599,-0.5595970097177485,-0.7849136521768764,-0.5279348987958776,-0.2555365184633201,-0.10814851899760423,-0.7341050407640285,-0.5798352853868923,1.0407405775601828,0,0,2,2
-0.26853117273920424,-0.5595970097177485,-1.542830242047237,-1.0554188299795724,-0.2555365184633201,-0.10814851899760423,1.3998218390114665,-1.0156392240085041,1.3915184566129566,1,1,1,2
0.9928404529299938,-0.5595970097177485,2.2467527073045663,2.662699611778659,-0.2555365184633201,-0.9790057465710549,-0.022796080838863534,0.7275765304779435,1.3915184566129566,0,2,2,2
0.10888710895709217,1.0658796861460242,0.07405848300953258,0.0767418028049405,0.7234686179803247,-0.10814851899760423,-1.4454140006891936,-0.5798352853868923,-0.011593059598138786,1,1,1,2
-0.9836394959532377,-0.5595970097177485,0.7309195275638452,-1.0039569830348212,0.2339660497585023,-0.9790057465710549,1.3998218390114665,-0.6669960731112143,-0.36237093865091263,0,2,1,2
-0.5565609140337456,1.0658796861460242,-0.380691470912684,0.6814185044057605,0.2339660497585023,-0.10814851899760423,0.6885128790863014,0.9018981059265884,0.6899626985074089,0,2,2,2
0.3571886100730761,1.0658796861460242,0.3772251189576767,0.4884365783629457,0.2339660497585023,-0.10814851899760423,0.6885128790863014,0.9890588936509105,0.6899626985074089,0,0,1,2
1.0325686931085523,-0.5595970097177485,-1.4417746967311889,-1.698691916788955,-2.2135467913506095,-0.10814851899760423,-1.4454140006891936,0.9018981059265884,-0.36237093865091263,0,1,2,2
-3.009779745059667,-0.5595970097177485,-1.1386080607830447,-0.2706256640721246,0.7234686179803247,-1.8498629741445056,-0.7341050407640285,-0.40551370993824737,0.3391848194546351,1,2,1,2
-0.14934645220353093,1.0658796861460242,-0.27963592559663586,-1.608633684635641,-0.2555365184633201,-0.10814851899760423,0.6885128790863014,0.11745101640768663,-0.011593059598138786,0,2,1,2
-0.2983273528731217,-0.5595970097177485,-1.694413560021309,-0.5793967457406289,-1.2345416549069648,-0.9790057465710549,1.3998218390114665,-0.9284784362841814,0.6899626985074089,1,2,0,2
-1.6689516390333539,-0.5595970097177485,-0.4312192435707079,0.4369747314181962,-0.2555365184633201,-1.8498629741445056,-0.7341050407640285,-0.9284784362841814,1.3915184566129566,0,0,0,2
1.519239635295881,-0.5595970097177485,0.8825028455379171,1.4533462085770195,-1.2345416549069648,1.6335659361492971,-0.7341050407640285,0.46609416730497644,-1.765482454862008,0,2,1,2
-0.3380555930516791,-0.5595970097177485,-0.6838581068608282,-0.7981095952558194,0.7234686179803247,1.6335659361492971,-1.4454140006891936,0.20461180413200947,1.3915184566129566,1,0,1,2
-0.6062212142569422,-0.5595970097177485,-2.0481079686274777,-1.7501537637337055,-0.7450390866851424,-1.8498629741445056,1.3998218390114665,0.6404157427536213,-1.0639266967564602,0,0,0,2
-0.08975409193569606,-0.5595970097177485,0.07405848300953258,-0.8367059804643819,-0.2555365184633201,0.7627087085758464,-0.022796080838863534,1.599184407721168,1.3915184566129566,1,2,1,2
0.34725655002843697,1.0658796861460242,1.640419435408278,1.0287859712828273,-0.7450390866851424,-1.8498629741445056,-1.4454140006891936,-0.7541568608355372,-1.4147045758092343,0,1,1,1
-0.22880293256064585,-0.5595970097177485,0.3266973462996528,0.06387634106875359,1.212971186202147,0.7627087085758464,-0.022796080838863534,0.7275765304779435,-0.7131488177036864,0,0,2,2
-0.44730825354271236,-0.5595970097177485,-0.6838581068608282,-1.274131679494762,1.212971186202147,-0.10814851899760423,-0.7341050407640285,0.8147373182022662,1.0407405775601828,1,1,1,2
1.7079487761440282,-0.5595970097177485,0.27616957364162853,-0.24489474059975078,1.212971186202147,0.7627087085758464,1.3998218390114665,0.11745101640768663,1.0407405775601828,1,1,2,2
1.0722969332871088,-0.5595970097177485,1.2867250268021095,1.5948662876750848,0.7234686179803247,1.6335659361492971,1.3998218390114665,1.7735059831698121,1.0407405775601828,1,1,2,2
1.1418213535995845,-0.5595970097177485,0.6803917549058213,0.6814185044057605,-0.7450390866851424,-0.9790057465710549,0.6885128790863014,0.11745101640768663,-0.011593059598138786,0,2,2,2
0.2876641897606003,1.0658796861460242,0.3772251189576767,-0.5793967457406289,0.2339660497585023,-0.9790057465710549,0.6885128790863014,0.46609416730497644,-0.36237093865091263,0,1,1,2
-1.857660779881501,1.0658796861460242,-0.6333303342028043,0.8486695069761996,1.212971186202147,-1.8498629741445056,1.3998218390114665,-0.49267449766256943,0.3391848194546351,0,2,2,2
0.7743351319479291,-0.5595970097177485,1.0846139361700136,0.42410926968200746,1.212971186202147,1.6335659361492971,-0.7341050407640285,-1.3642823749057933,-1.0639266967564602,0,2,1,2
1.0623648732424695,-0.5595970097177485,-0.4312192435707079,-0.026181891084560337,1.212971186202147,-0.10814851899760423,1.3998218390114665,1.1633804690995562,0.3391848194546351,1,2,1,2
0.7048107116354533,-0.5595970097177485,-0.27963592559663586,-0.3992802814340011,0.2339660497585023,0.7627087085758464,0.6885128790863014,0.8147373182022662,-1.0639266967564602,0,0,2,2
-1.758340179435108,-0.5595970097177485,0.023530710351508263,-1.0811497534519472,0.7234686179803247,-0.9790057465710549,-0.7341050407640285,-0.3183529222139253,0.3391848194546351,1,0,2,2
0.2578680096266811,1.0658796861460242,-0.026997062306515603,-0.8367059804643819,0.2339660497585023,-0.10814851899760423,-0.022796080838863534,-0.49267449766256943,-1.0639266967564602,1,1,1,2
-0.48703649372126984,-0.5595970097177485,-0.1280526076225638,0.539898425307697,0.7234686179803247,-0.10814851899760423,-0.022796080838863534,-0.23119213448960244,1.3915184566129566,0,1,2,2
1.1120251734656672,-0.5595970097177485,1.438308344776182,0.6042257339886353,0.7234686179803247,-0.10814851899760423,0.6885128790863014,-1.2771215871814712,1.0407405775601828,0,0,2,2
-0.46717237363199154,2.691356382009797,-1.593358014705261,-1.5829027611632653,-0.7450390866851424,-1.8498629741445056,-0.022796080838863534,0.29177259185633153,-0.36237093865091263,1,1,2,2
1.6185602357422741,-0.5595970097177485,0.5288084369317487,0.8229385835038258,-0.2555365184633201,1.6335659361492971,-0.7341050407640285,0.29177259185633153,-0.7131488177036864,0,1,2,2
0.23800388953740284,1.0658796861460242,-0.5322747888867561,-1.1454770621328854,0.7234686179803247,-0.9790057465710549,-1.4454140006891936,1.1633804690995562,-0.7131488177036864,0,1,0,2
-0.586357094167663,1.0658796861460242,-0.380691470912684,0.21826188190300577,0.2339660497585023,-1.8498629741445056,1.3998218390114665,-0.14403134676528037,-0.36237093865091263,0,1,1,2
1.5688999355190767,-0.5595970097177485,-2.0481079686274777,-1.4156517585928263,0.7234686179803247,0.7627087085758464,-0.022796080838863534,-0.3183529222139253,-1.4147045758092343,0,1,1,2
-1.182280696846025,-0.5595970097177485,-0.7849136521768764,-0.3992802814340011,-1.7240442231287871,-1.8498629741445056,1.3998218390114665,-1.625764738078761,1.0407405775601828,0,1,0,2
0.04929474868925553,-0.5595970097177485,0.4782806642737249,1.1703060503808909,1.212971186202147,-0.9790057465710549,0.6885128790863014,1.1633804690995562,-0.7131488177036864,1,1,1,2
0.38698479020699356,1.0658796861460242,-0.7343858795188523,-0.8624369039367576,1.212971186202147,-0.10814851899760423,-0.7341050407640285,0.9890588936509105,-1.0639266967564602,0,1,1,2
-0.000365551533941971,-0.5595970097177485,-0.3301636982546599,-1.8788083810955818,-0.7450390866851424,-0.9790057465710549,-1.4454140006891936,-1.3642823749057933,0.6899626985074089,0,1,0,2
-0.5366967939444665,-0.5595970097177485,0.17511402832558076,-0.3478184344892516,-0.7450390866851424,-0.10814851899760423,0.6885128790863014,-1.2771215871814712,-0.011593059598138786,0,2,1,2
1.7079487761440282,-0.5595970097177485,1.640419435408278,1.157440588644704,1.212971186202147,1.6335659361492971,-0.022796080838863534,-0.5798352853868923,-0.36237093865091263,1,1,1,2
-0.22880293256064585,1.0658796861460242,-0.0775248349645397,-0.3992802814340011,-1.2345416549069648,-0.10814851899760423,-0.7341050407640285,1.0762196813752325,0.6899626985074089,0,0,2,2
0.09895504891245302,-0.5595970097177485,2.9036137518588796,2.443986762263469,0.7234686179803247,-0.10814851899760423,-1.4454140006891936,0.29177259185633153,-1.0639266967564602,1,2,1,2
0.9531122127514372,-0.5595970097177485,2.6004471159107343,1.1703060503808909,0.2339660497585023,-0.10814851899760423,-0.022796080838863534,-1.5386039503544382,1.0407405775601828,0,0,0,2
0.8935198524836006,-0.5595970097177485,1.640419435408278,1.0030550478104516,-0.7450390866851424,0.7627087085758464,1.3998218390114665,0.46609416730497644,-1.4147045758092343,0,0,1,2
1.1219572335103063,-0.5595970097177485,0.9835583908539653,1.1831715121170796,0.7234686179803247,-0.10814851899760423,1.3998218390114665,-0.8413176485598592,-0.011593059598138786,0,1,2,2
-0.7154738747479755,-0.5595970097177485,0.3266973462996528,0.8486695069761996,0.2339660497585023,-1.8498629741445056,-0.022796080838863534,-0.49267449766256943,-0.011593059598138786,1,2,1,2
1.5490358154297983,-0.5595970097177485,1.4888361174342057,2.173812065803529,-1.2345416549069648,-0.10814851899760423,-0.022796080838863534,1.0762196813752325,1.0407405775601828,1,0,0,2
1.102093113421028,-0.5595970097177485,2.095169389330494,1.2474988207980178,0.7234686179803247,0.7627087085758464,1.3998218390114665,0.8147373182022662,-0.011593059598138786,0,1,0,2
-0.6062212142569422,1.0658796861460242,0.07405848300953258,-0.7337822865748811,0.2339660497585023,-0.10814851899760423,-1.4454140006891936,1.1633804690995562,0.3391848194546351,0,1,2,2
-0.18907469238208927,1.0658796861460242,0.22564180098360465,0.7457458130866987,0.2339660497585023,-0.10814851899760423,-0.7341050407640285,0.030290228683364548,0.3391848194546351,1,0,0,2
0.6948786515908142,-0.5595970097177485,-0.1280526076225638,-0.41214574317018987,0.7234686179803247,-0.9790057465710549,1.3998218390114665,-0.5798352853868923,-1.4147045758092343,0,2,0,2
-1.2021448169353033,-0.5595970097177485,1.4888361174342057,0.47557111662675877,1.212971186202147,-0.10814851899760423,-0.7341050407640285,-0.23119213448960244,0.6899626985074089,1,1,2,2
-2.195350821399239,1.0658796861460242,-1.2901913787571169,-1.621499146371829,-0.7450390866851424,-0.9790057465710549,-0.7341050407640285,-0.3183529222139253,-0.36237093865091263,0,0,0,2
-1.331261597515615,1.0658796861460242,0.3266973462996528,0.06387634106875359,1.212971186202147,-0.10814851899760423,-0.022796080838863534,0.030290228683364548,1.0407405775601828,0,0,2,1
-0.3479876530963191,-0.5595970097177485,-1.2396636060990927,0.79720766003145,1.212971186202147,-0.10814851899760423,0.6885128790863014,-1.2771215871814712,1.3915184566129566,0,1,1,2
-0.07982203189105691,1.0658796861460242,-0.0775248349645397,-0.026181891084560337,0.2339660497585023,-0.10814851899760423,-0.7341050407640285,-0.23119213448960244,0.6899626985074089,0,2,2,2
0.267800069671322,-0.5595970097177485,-0.0775248349645397,-0.6823204396301298,0.2339660497585023,0.7627087085758464,0.6885128790863014,-1.1028000117328263,-0.011593059598138786,0,1,2,2
-1.847728719836862,1.0658796861460242,-1.7449413326793333,-2.7021979322115914,0.2339660497585023,-0.9790057465710549,0.6885128790863014,-1.3642823749057933,1.3915184566129566,0,0,1,2
-0.5168326738551882,-0.5595970097177485,-0.4312192435707079,-0.9653605978262585,-0.2555365184633201,-0.9790057465710549,-0.022796080838863534,1.7735059831698121,-0.36237093865091263,0,0,0,2
0.5657618710105017,-0.5595970097177485,1.0340861635119891,0.16680003495825443,-0.2555365184633201,0.7627087085758464,-1.4454140006891936,0.5532549550292986,-0.7131488177036864,0,2,0,2
-0.0500258517571377,-0.5595970097177485,-0.0775248349645397,-0.039047352820747255,0.7234686179803247,1.6335659361492971,1.3998218390114665,-0.23119213448960244,-0.011593059598138786,1,1,0,2
-1.8973890200600585,-0.5595970097177485,0.8319750728798933,1.6077317494112717,-1.2345416549069648,-0.9790057465710549,1.3998218390114665,0.11745101640768663,-0.011593059598138786,1,2,2,1
1.439783154938766,-0.5595970097177485,-0.481747016228732,0.24399280537538143,1.212971186202147,0.7627087085758464,-1.4454140006891936,0.29177259185633153,-0.36237093865091263,0,2,2,2
0.8637236723496832,-0.5595970097177485,0.781447300221869,0.17966549669444318,-0.2555365184633201,1.6335659361492971,-1.4454140006891936,-0.6669960731112143,0.3391848194546351,0,2,2,2
-1.6590195789887139,1.0658796861460242,-0.7849136521768764,-0.25776020233593766,-2.2135467913506095,-1.8498629741445056,0.6885128790863014,-0.14403134676528037,-1.4147045758092343,0,0,0,2
-0.6062212142569422,-0.5595970097177485,0.781447300221869,0.9515932008657022,0.2339660497585023,-1.8498629741445056,0.6885128790863014,-0.7541568608355372,0.3391848194546351,0,2,0,2
-0.5466288539891055,2.691356382009797,-1.2901913787571169,-1.171207985605261,1.212971186202147,-0.9790057465710549,-0.022796080838863534,-0.40551370993824737,-1.765482454862008,0,2,2,2
0.6154221712336992,-0.5595970097177485,-0.17858038028058765,0.205396420166817,1.212971186202147,-0.10814851899760423,-1.4454140006891936,0.3789333795806544,1.3915184566129566,1,2,0,2
0.58562599109978,-0.5595970097177485,-1.8965246506534055,-1.0811497534519472,0.7234686179803247,1.6335659361492971,-1.4454140006891936,-1.0156392240085041,-0.36237093865091263,0,0,2,2
1.7079487761440282,-0.5595970097177485,0.6298639822477969,0.7586112748228875,0.7234686179803247,0.7627087085758464,-0.022796080838863534,1.7735059831698121,-0.011593059598138786,0,1,1,2
0.1386832890910096,1.0658796861460242,-0.6333303342028043,-1.196938909077636,0.2339660497585023,0.7627087085758464,-1.4454140006891936,0.8147373182022662,-0.36237093865091263,1,2,0,2
-0.37778383323023657,-0.5595970097177485,0.7309195275638452,0.5913602722524466,-2.703049359572432,0.7627087085758464,0.6885128790863014,-1.2771215871814712,-0.36237093865091263,0,0,1,2
0.5558298109658626,-0.5595970097177485,0.27616957364162853,0.8358040452400126,0.2339660497585023,1.6335659361492971,0.6885128790863014,-2.584533403046307,1.3915184566129566,0,1,2,2
-0.8247265352390079,-0.5595970097177485,-0.27963592559663586,-1.5957682228994532,0.7234686179803247,-0.9790057465710549,0.6885128790863014,-0.6669960731112143,-1.4147045758092343,0,1,1,2
0.853791612305044,-0.5595970097177485,0.781447300221869,1.40188436163227,-1.2345416549069648,0.7627087085758464,0.6885128790863014,0.7275765304779435,-1.0639266967564602,0,0,2,2
1.7079487761440282,-0.5595970097177485,1.0340861635119891,1.3632879764237056,1.212971186202147,0.7627087085758464,0.6885128790863014,0.5532549550292986,0.6899626985074089,0,0,2,2
-0.20893881247136756,-0.5595970097177485,-0.4312192435707079,-0.051912814556936006,-1.2345416549069648,0.7627087085758464,-0.7341050407640285,-0.05687055904095752,-1.0639266967564602,0,0,2,2
-0.41751207340879404,-0.5595970097177485,1.0846139361700136,1.1703060503808909,-1.2345416549069648,-0.10814851899760423,0.6885128790863014,-0.5798352853868923,1.0407405775601828,1,0,2,2
-1.9867775604618128,4.31683307787357,-0.27963592559663586,-0.1805674319188125,-1.2345416549069648,-0.9790057465710549,-0.7341050407640285,-0.9284784362841814,1.0407405775601828,0,1,1,1
-0.20893881247136756,1.0658796861460242,-2.0481079686274777,-2.1618485392917095,1.212971186202147,0.7627087085758464,-0.022796080838863534,-0.40551370993824737,-1.4147045758092343,0,0,2,2
-1.6689516390333539,-0.5595970097177485,0.17511402832558076,-0.00045096761218466834,-0.2555365184633201,-0.9790057465710549,-0.022796080838863534,-1.0156392240085041,-1.0639266967564602,0,0,0,1
-0.16921057229281097,1.0658796861460242,0.27616957364162853,0.4498401931543831,-0.2555365184633201,0.7627087085758464,1.3998218390114665,0.6404157427536213,1.3915184566129566,1,2,0,2
1.2113457739120603,1.0658796861460242,-0.7343858795188523,-0.5150694370596907,-1.2345416549069648,1.6335659361492971,-1.4454140006891936,0.8147373182022662,0.3391848194546351,0,2,2,2
-0.2784632327838434,1.0658796861460242,-0.5322747888867561,-0.039047352820747255,-0.2555365184633201,1.6335659361492971,-1.4454140006891936,-1.1028000117328263,-0.36237093865091263,0,0,0,2
-0.2188708725160067,-0.5595970097177485,1.0340861635119891,1.234633359061829,1.212971186202147,-0.9790057465710549,1.3998218390114665,-0.8413176485598592,0.6899626985074089,0,1,2,2
0.04929474868925553,-0.5595970097177485,-2.0481079686274777,-2.226175847972648,-0.2555365184633201,1.6335659361492971,1.3998218390114665,1.1633804690995562,0.6899626985074089,0,1,1,2
0.5558298109658626,-0.5595970097177485,0.3266973462996528,1.0287859712828273,0.7234686179803247,-0.10814851899760423,0.6885128790863014,-0.9284784362841814,1.3915184566129566,0,1,2,2
-0.834658595283647,1.0658796861460242,0.22564180098360465,0.41124380794582055,-1.7240442231287871,-0.10814851899760423,0.6885128790863014,1.7735059831698121,1.3915184566129566,1,2,1,1
0.5756939310551409,-0.5595970097177485,1.0846139361700136,0.6942839661419492,0.7234686179803247,0.7627087085758464,0.6885128790863014,1.0762196813752325,-0.7131488177036864,0,2,1,2
-1.0035036160425168,-0.5595970097177485,0.8825028455379171,0.7071494278781362,-0.2555365184633201,-0.9790057465710549,0.6885128790863014,0.11745101640768663,1.3915184566129566,1,0,1,2
0.506169510742665,1.0658796861460242,0.12458625566755645,0.9129968156571379,1.212971186202147,-0.10814851899760423,0.6885128790863014,0.9018981059265884,-0.7131488177036864,0,0,1,2
-0.7055418147033354,-0.5595970097177485,-0.026997062306515603,0.6814185044057605,-1.7240442231287871,-1.8498629741445056,-0.7341050407640285,-2.148729464424695,-0.7131488177036864,0,0,1,2
-0.4572403135873515,1.0658796861460242,-2.0481079686274777,-1.0296879065071967,-0.2555365184633201,-0.10814851899760423,1.3998218390114665,-0.14403134676528037,-0.7131488177036864,1,2,2,2
-1.1425524566674676,1.0658796861460242,1.1856694814860618,2.2767357596930298,-0.2555365184633201,-0.9790057465710549,-0.7341050407640285,0.20461180413200947,-1.0639266967564602,1,0,1,2
0.7743351319479291,-0.5595970097177485,0.781447300221869,1.2860952060065804,1.212971186202147,-0.9790057465710549,0.6885128790863014,1.4248628322725223,-0.36237093865091263,0,0,2,2
0.7246748317247316,-0.5595970097177485,0.8319750728798933,2.379659453582531,0.2339660497585023,-0.10814851899760423,-1.4454140006891936,0.8147373182022662,0.3391848194546351,0,0,2,2
0.21813976944812455,-0.5595970097177485,1.1856694814860618,0.5656293487800726,1.212971186202147,-0.10814851899760423,-0.7341050407640285,-0.49267449766256943,-0.7131488177036864,0,0,0,2
0.7743351319479291,1.0658796861460242,-0.3301636982546599,0.8229385835038258,1.212971186202147,1.6335659361492971,1.3998218390114665,-0.40551370993824737,-0.7131488177036864,0,1,0,2
-0.010297611578581117,-0.5595970097177485,-0.27963592559663586,0.12820364974969184,-0.2555365184633201,-0.10814851899760423,-0.022796080838863534,0.46609416730497644,-1.0639266967564602,0,0,1,2
0.247935949582042,-0.5595970097177485,-0.7343858795188523,0.012414494124002251,-0.2555365184633201,0.7627087085758464,0.6885128790863014,1.4248628322725223,-1.4147045758092343,0,2,0,2
-1.1127562765335492,1.0658796861460242,0.9835583908539653,-0.1033746615016855,0.7234686179803247,-0.10814851899760423,-0.022796080838863534,-0.8413176485598592,-0.011593059598138786,0,0,2,2
-0.41751207340879404,-0.5595970097177485,0.3772251189576767,0.7457458130866987,-2.2135467913506095,0.7627087085758464,-0.7341050407640285,1.7735059831698121,-0.36237093865091263,1,1,1,2
-2.175486701309961,-0.5595970097177485,-0.026997062306515603,-0.5022039753235038,-0.2555365184633201,-0.9790057465710549,-0.7341050407640285,0.6404157427536213,-1.765482454862008,0,1,1,1
0.4267130303855519,-0.5595970097177485,0.22564180098360465,0.6556875809333848,0.7234686179803247,0.7627087085758464,-0.7341050407640285,1.2505412568238783,-0.7131488177036864,0,0,0,2
-0.3877158932748766,-0.5595970097177485,0.6803917549058213,0.810073121767637,1.212971186202147,0.7627087085758464,-0.022796080838863534,0.8147373182022662,1.0407405775601828,0,2,2,2
-0.7949303551050896,-0.5595970097177485,1.438308344776182,1.4919425937855821,1.212971186202147,-0.10814851899760423,1.3998218390114665,0.9018981059265884,-0.011593059598138786,0,0,2,2
-0.834658595283647,-0.5595970097177485,-0.9870247428089725,-0.039047352820747255,-2.703049359572432,-0.9790057465710549,-1.4454140006891936,0.5532549550292986,-0.011593059598138786,0,0,1,1
0.7544710118586491,-0.5595970097177485,-1.0375525154669965,-1.621499146371829,1.212971186202147,0.7627087085758464,-0.022796080838863534,0.3789333795806544,-0.011593059598138786,1,1,1,2
-1.609359278765517,1.0658796861460242,-0.1280526076225638,0.46270565489057003,-0.2555365184633201,-0.9790057465710549,-0.022796080838863534,-1.451443162630116,-0.011593059598138786,1,1,2,2
-0.1990067524267284,1.0658796861460242,0.3266973462996528,0.5913602722524466,-0.7450390866851424,-1.8498629741445056,-0.7341050407640285,0.3789333795806544,-1.0639266967564602,1,0,2,1
0.43664509043019106,-0.5595970097177485,0.27616957364162853,-0.2191638171273751,1.212971186202147,-0.10814851899760423,-1.4454140006891936,-0.05687055904095752,1.0407405775601828,0,0,1,2
-1.0630959763103527,-0.5595970097177485,1.6909472080663022,0.5527638870438839,1.212971186202147,-1.8498629741445056,-1.4454140006891936,0.6404157427536213,1.0407405775601828,0,0,2,2
1.5490358154297983,-0.5595970097177485,-0.9870247428089725,-1.0296879065071967,0.2339660497585023,1.6335659361492971,0.6885128790863014,-0.05687055904095752,0.3391848194546351,0,1,0,2
1.7079487761440282,-0.5595970097177485,0.4782806642737249,0.11533818801350493,0.2339660497585023,1.6335659361492971,-0.7341050407640285,0.9890588936509105,-0.7131488177036864,0,0,2,2
-0.23873499260528677,1.0658796861460242,0.17511402832558076,0.25685826711156834,-2.703049359572432,-0.10814851899760423,0.6885128790863014,-2.584533403046307,1.3915184566129566,1,0,1,1
1.3106663743584535,-0.5595970097177485,-0.17858038028058765,0.6299566574610109,0.7234686179803247,-0.9790057465710549,-1.4454140006891936,-0.40551370993824737,1.3915184566129566,0,1,2,2
-0.6856776946140571,1.0658796861460242,-1.694413560021309,-1.9302702280403323,0.7234686179803247,-0.10814851899760423,0.6885128790863014,0.29177259185633153,-0.011593059598138786,1,2,2,2
-0.5466288539891055,1.0658796861460242,-0.7343858795188523,-0.7981095952558194,0.7234686179803247,0.7627087085758464,-1.4454140006891936,0.20461180413200947,-1.765482454862008,0,2,2,1
-0.05995791180177685,-0.5595970097177485,1.1856694814860618,0.5913602722524466,-0.7450390866851424,0.7627087085758464,-1.4454140006891936,-0.49267449766256943,-1.765482454862008,0,1,2,2
0.009566508510697175,-0.5595970097177485,-1.542830242047237,-0.9910915212986342,1.212971186202147,0.7627087085758464,-0.022796080838863534,0.9890588936509105,-1.4147045758092343,1,2,0,2
1.7079487761440282,-0.5595970097177485,0.023530710351508263,0.08960726454112926,1.212971186202147,-0.10814851899760423,-0.7341050407640285,-0.3183529222139253,-0.011593059598138786,0,0,2,2
1.4894434551619617,-0.5595970097177485,0.27616957364162853,-0.15483650844643684,0.7234686179803247,1.6335659361492971,-1.4454140006891936,-0.49267449766256943,-0.36237093865091263,1,1,2,2
1.1716175337335037,-0.5595970097177485,1.5393638900922297,1.4404807468408325,1.212971186202147,1.6335659361492971,1.3998218390114665,0.46609416730497644,1.3915184566129566,1,1,2,2
-0.28839529282848253,1.0658796861460242,-0.8859691974929245,-0.7723786717834438,0.7234686179803247,0.7627087085758464,-0.022796080838863534,1.6863451954454902,1.0407405775601828,0,1,1,2
1.7079487761440282,-0.5595970097177485,1.0340861635119891,0.9001313539209509,-1.2345416549069648,1.6335659361492971,0.6885128790863014,0.6404157427536213,-0.011593059598138786,0,2,1,2
0.3571886100730761,-0.5595970097177485,-1.0880802881250207,-0.9267642126176959,1.212971186202147,-0.9790057465710549,-0.7341050407640285,1.7735059831698121,-0.011593059598138786,0,2,1,2
-2.463516442604502,1.0658796861460242,1.1856694814860618,0.6299566574610109,1.212971186202147,-1.8498629741445056,1.3998218390114665,-0.7541568608355372,1.3915184566129566,0,1,1,1
1.7079487761440282,-0.5595970097177485,0.3266973462996528,0.9129968156571379,1.212971186202147,-0.10814851899760423,-0.7341050407640285,-0.7541568608355372,1.3915184566129566,0,1,0,2
-0.22880293256064585,2.691356382009797,-1.7954691053373573,-0.6823204396301298,-0.7450390866851424,0.7627087085758464,0.6885128790863014,0.20461180413200947,-1.765482454862008,0,0,0,1
0.2578680096266811,-0.5595970097177485,0.6298639822477969,0.1539345732220675,0.7234686179803247,-0.10814851899760423,0.6885128790863014,1.599184407721168,1.0407405775601828,0,2,0,2
0.34725655002843697,-0.5595970097177485,0.427752891615701,0.5656293487800726,1.212971186202147,-0.10814851899760423,-0.022796080838863534,-0.9284784362841814,-0.011593059598138786,0,1,0,2
0.1585474091802879,-0.5595970097177485,-0.27963592559663586,-0.4250112049063768,1.212971186202147,0.7627087085758464,1.3998218390114665,1.7735059831698121,-0.011593059598138786,0,2,1,2
-0.6062212142569422,-0.5595970097177485,-0.6838581068608282,-0.6823204396301298,-0.2555365184633201,-0.9790057465710549,0.6885128790863014,-1.451443162630116,1.3915184566129566,0,1,1,2
-1.092892156444271,-0.5595970097177485,1.589891662750254,0.8744004304485752,-0.7450390866851424,-0.10814851899760423,1.3998218390114665,-0.05687055904095752,1.0407405775601828,1,1,2,2
-1.5696310385869596,1.0658796861460242,-2.0481079686274777,-2.226175847972648,0.7234686179803247,-0.9790057465710549,-0.7341050407640285,0.20461180413200947,-1.4147045758092343,1,2,0,1
1.0722969332871088,-0.5595970097177485,-1.542830242047237,-1.1454770621328854,-0.2555365184633201,1.6335659361492971,-0.022796080838863534,-0.9284784362841814,1.3915184566129566,0,0,1,2
-0.844590655328287,-0.5595970097177485,-0.5828025615447802,-0.5408003605320664,-1.2345416549069648,0.7627087085758464,0.6885128790863014,-0.5798352853868923,-0.011593059598138786,0,0,2,2
0.2876641897606003,1.0658796861460242,-0.026997062306515603,0.810073121767637,-1.7240442231287871,-0.9790057465710549,0.6885128790863014,1.5120236199968444,1.0407405775601828,0,2,1,2
-2.761478243943683,-0.5595970097177485,-0.7343858795188523,-0.32208751101687594,1.212971186202147,-0.9790057465710549,1.3998218390114665,-2.148729464424695,1.3915184566129566,1,0,1,2
-1.2120768769799435,1.0658796861460242,0.5288084369317487,0.6428221191971979,-1.2345416549069648,-0.10814851899760423,-0.022796080838863534,0.20461180413200947,1.3915184566129566,0,0,1,1
-1.3610577776495332,-0.5595970097177485,-1.7954691053373573,-0.25776020233593766,0.2339660497585023,-0.9790057465710549,1.3998218390114665,-0.05687055904095752,0.6899626985074089,0,0,0,2
-0.04009379171249856,-0.5595970097177485,-0.3301636982546599,1.0802478182275788,-1.2345416549069648,0.7627087085758464,-0.7341050407640285,-0.3183529222139253,-1.765482454862008,0,1,0,2
-0.06988997184641599,1.0658796861460242,0.4782806642737249,0.39837834620963175,1.212971186202147,1.6335659361492971,-0.7341050407640285,1.6863451954454902,0.6899626985074089,0,2,0,2
0.7842671919925682,2.691356382009797,0.7309195275638452,1.2474988207980178,0.7234686179803247,-0.10814851899760423,0.6885128790863014,1.2505412568238783,1.3915184566129566,0,2,2,1
-1.2716692372477791,1.0658796861460242,-0.6333303342028043,-1.788750148942268,-0.2555365184633201,-0.9790057465710549,-0.022796080838863534,-0.05687055904095752,0.6899626985074089,0,0,2,1
0.3075283098498786,-0.5595970097177485,0.17511402832558076,1.8135791371902734,-1.7240442231287871,-0.10814851899760423,-1.4454140006891936,-0.5798352853868923,0.6899626985074089,0,1,2,1
-1.0035036160425168,1.0658796861460242,-1.4923024693892128,-1.7372883019975176,-0.7450390866851424,0.7627087085758464,-0.7341050407640285,-2.584533403046307,1.3915184566129566,0,0,0,2
0.14861534913564875,-0.5595970097177485,-1.593358014705261,0.6042257339886353,0.2339660497585023,-0.10814851899760423,-0.7341050407640285,0.20461180413200947,-1.0639266967564602,0,1,1,2
0.12875122904637046,-0.5595970097177485,-0.4312192435707079,-0.9010332891453202,-2.2135467913506095,-0.10814851899760423,0.6885128790863014,-0.8413176485598592,0.6899626985074089,0,1,2,2
0.247935949582042,-0.5595970097177485,-0.7849136521768764,-0.46360759011493935,-0.2555365184633201,-0.10814851899760423,-0.7341050407640285,-0.49267449766256943,0.6899626985074089,0,1,1,2
0.08902298886781211,-0.5595970097177485,1.1856694814860618,0.6685530426695735,0.7234686179803247,-0.10814851899760423,0.6885128790863014,-0.14403134676528037,0.3391848194546351,0,0,2,2
-0.37778383323023657,-0.5595970097177485,1.3372527994601338,0.6685530426695735,-0.7450390866851424,0.7627087085758464,1.3998218390114665,0.7275765304779435,-1.4147045758092343,0,1,0,2
0.49623745069802594,-0.5595970097177485,-1.6438857873632853,-1.01682244477101,1.212971186202147,0.7627087085758464,-0.7341050407640285,1.5120236199968444,-0.011593059598138786,1,1,2,2
-0.5466288539891055,-0.5595970097177485,-0.1280526076225638,-1.3899208351204506,-0.7450390866851424,0.7627087085758464,1.3998218390114665,-1.1028000117328263,1.3915184566129566,1,2,2,2
0.21813976944812455,1.0658796861460242,-1.7954691053373573,-0.7723786717834438,0.7234686179803247,0.7627087085758464,-1.4454140006891936,0.030290228683364548,-1.0639266967564602,0,2,1,2
1.5788319955637158,-0.5595970097177485,-1.6438857873632853,-2.0203284601936464,0.2339660497585023,-0.9790057465710549,-1.4454140006891936,1.7735059831698121,-0.011593059598138786,0,1,1,2
-0.41751207340879404,-0.5595970097177485,-0.9364969701509483,-0.8881678274091334,-1.2345416549069648,-0.10814851899760423,-0.7341050407640285,-0.9284784362841814,-0.7131488177036864,0,1,1,2
-0.06988997184641599,-0.5595970097177485,-0.026997062306515603,-0.232029278863562,-1.7240442231287871,-0.10814851899760423,0.6885128790863014,0.9890588936509105,1.0407405775601828,1,2,0,2
0.6452183513676166,-0.5595970097177485,1.2867250268021095,1.2474988207980178,1.212971186202147,-0.10814851899760423,-0.7341050407640285,1.4248628322725223,1.0407405775601828,0,1,2,2
0.2876641897606003,1.0658796861460242,0.07405848300953258,0.5784948105162596,-0.2555365184633201,-0.10814851899760423,-0.7341050407640285,-0.6669960731112143,-0.36237093865091263,1,1,1,2
-0.8147944751943688,4.31683307787357,-0.9870247428089725,-1.248400756022387,-0.2555365184633201,-0.10814851899760423,-0.022796080838863534,0.6404157427536213,-0.011593059598138786,0,0,1,1
-0.834658595283647,-0.5595970097177485,0.5288084369317487,1.1059787416999525,-1.2345416549069648,1.6335659361492971,0.6885128790863014,0.3789333795806544,-1.4147045758092343,0,2,0,2
0.06915886877853382,-0.5595970097177485,0.9835583908539653,0.6685530426695735,-1.2345416549069648,-0.9790057465710549,0.6885128790863014,0.7275765304779435,-0.011593059598138786,0,1,0,2
0.38698479020699356,1.0658796861460242,1.0340861635119891,0.9258622773933266,0.7234686179803247,-0.10814851899760423,0.6885128790863014,1.7735059831698121,0.3391848194546351,0,1,1,2
0.6551504114122558,-0.5595970097177485,-0.1280526076225638,0.5784948105162596,1.212971186202147,-0.10814851899760423,1.3998218390114665,0.20461180413200947,-0.011593059598138786,0,0,1,2
-0.28839529282848253,-0.5595970097177485,-0.380691470912684,-0.3864148196978142,-2.2135467913506095,0.7627087085758464,1.3998218390114665,-1.189960799457149,1.3915184566129566,0,1,2,2
-0.05995791180177685,2.691356382009797,1.3372527994601338,2.443986762263469,1.212971186202147,0.7627087085758464,-0.022796080838863534,0.11745101640768663,1.3915184566129566,1,2,1,2
-0.32812353300703995,-0.5595970097177485,-0.380691470912684,-0.3992802814340011,0.2339660497585023,-0.9790057465710549,1.3998218390114665,0.29177259185633153,0.6899626985074089,0,0,1,2
0.31746036989451776,-0.5595970097177485,0.023530710351508263,0.17966549669444318,1.212971186202147,-0.10814851899760423,-0.7341050407640285,1.3377020445482002,-0.011593059598138786,1,1,2,2
1.2411419540459778,-0.5595970097177485,-0.481747016228732,0.6942839661419492,-0.7450390866851424,0.7627087085758464,-1.4454140006891936,-0.14403134676528037,-0.7131488177036864,1,2,1,2
-0.6360173943908606,-0.5595970097177485,0.3266973462996528,0.5913602722524466,1.212971186202147,-1.8498629741445056,-1.4454140006891936,-0.40551370993824737,-1.0639266967564602,1,1,2,2
1.1517534136442238,-0.5595970097177485,-1.391246924073165,-0.46360759011493935,0.7234686179803247,-0.9790057465710549,-0.022796080838863534,-1.3642823749057933,-0.7131488177036864,0,1,1,2
1.5688999355190767,1.0658796861460242,-0.3301636982546599,-0.46360759011493935,-1.7240442231287871,0.7627087085758464,0.6885128790863014,0.6404157427536213,-1.4147045758092343,0,1,2,1
1.0127045730192739,-0.5595970097177485,0.07405848300953258,-1.2355352942861992,0.2339660497585023,-0.10814851899760423,-0.022796080838863534,1.7735059831698121,1.3915184566129566,0,1,2,2
-0.41751207340879404,-0.5595970097177485,1.0340861635119891,0.42410926968200746,0.2339660497585023,-0.10814851899760423,-0.022796080838863534,-0.23119213448960244,-0.36237093865091263,0,0,2,2
-0.28839529282848253,1.0658796861460242,-0.17858038028058765,-0.1419710467102481,-0.7450390866851424,-1.8498629741445056,-0.022796080838863534,0.46609416730497644,1.3915184566129566,0,0,2,2
-1.1922127568906642,-0.5595970097177485,-2.0481079686274777,-2.0203284601936464,1.212971186202147,-1.8498629741445056,-1.4454140006891936,-0.5798352853868923,-0.7131488177036864,0,1,1,2
-0.06988997184641599,-0.5595970097177485,0.12458625566755645,0.16680003495825443,-1.2345416549069648,1.6335659361492971,1.3998218390114665,0.030290228683364548,0.3391848194546351,0,0,1,2
-0.5962891542123031,-0.5595970097177485,-1.0375525154669965,-1.8273465341508315,0.2339660497585023,0.7627087085758464,-1.4454140006891936,1.6863451954454902,0.6899626985074089,0,2,2,2
1.022636633063913,-0.5595970097177485,0.3266973462996528,0.34691649926488227,0.7234686179803247,1.6335659361492971,0.6885128790863014,0.46609416730497644,-0.011593059598138786,0,0,1,2
0.23800388953740284,-0.5595970097177485,0.023530710351508263,-0.16770197018262376,-1.2345416549069648,-0.9790057465710549,-1.4454140006891936,-0.40551370993824737,1.3915184566129566,0,0,0,2
-0.15927851224817183,-0.5595970097177485,-0.7849136521768764,-1.184073447341449,0.2339660497585023,-0.10814851899760423,-0.022796080838863534,0.46609416730497644,-0.36237093865091263,0,2,2,2
-0.665813574524778,-0.5595970097177485,-0.9364969701509483,-1.3641899116480758,-0.2555365184633201,1.6335659361492971,1.3998218390114665,0.46609416730497644,0.6899626985074089,0,1,1,2
0.267800069671322,-0.5595970097177485,-0.4312192435707079,0.6428221191971979,0.7234686179803247,-0.10814851899760423,1.3998218390114665,0.46609416730497644,-0.011593059598138786,0,1,1,2
1.3404625544923727,-0.5595970097177485,-0.0775248349645397,-0.41214574317018987,0.2339660497585023,1.6335659361492971,-0.022796080838863534,1.4248628322725223,0.6899626985074089,0,2,1,2
-1.0730280363549918,-0.5595970097177485,-0.3301636982546599,-0.5793967457406289,-1.2345416549069648,-0.10814851899760423,-1.4454140006891936,1.7735059831698121,-0.7131488177036864,0,0,0,2
-0.9637753758639594,1.0658796861460242,-0.4312192435707079,-0.3992802814340011,-1.2345416549069648,-0.9790057465710549,-0.022796080838863534,-0.5798352853868923,-0.011593059598138786,0,1,2,1
-0.7353379948372538,-0.5595970097177485,1.438308344776182,1.916502831079776,1.212971186202147,-0.9790057465710549,-0.022796080838863534,0.3789333795806544,-1.4147045758092343,0,2,0,2
0.9729763328407155,-0.5595970097177485,-0.17858038028058765,0.1925309584306301,0.7234686179803247,0.7627087085758464,-1.4454140006891936,-0.7541568608355372,1.0407405775601828,0,2,2,2
0.9332480926621589,-0.5595970097177485,-0.6838581068608282,0.0767418028049405,0.7234686179803247,0.7627087085758464,-1.4454140006891936,-0.5798352853868923,1.0407405775601828,1,1,1,2
0.1883435893142071,-0.5595970097177485,0.27616957364162853,-0.5279348987958776,0.7234686179803247,0.7627087085758464,-1.4454140006891936,0.5532549550292986,-1.4147045758092343,0,1,2,2
-0.2585991126945651,-0.5595970097177485,0.7309195275638452,0.205396420166817,-1.7240442231287871,-0.9790057465710549,-1.4454140006891936,0.9890588936509105,-1.765482454862008,0,0,0,1
-0.665813574524778,-0.5595970097177485,-0.8354414248349004,-0.4250112049063768,-0.2555365184633201,-0.9790057465710549,-0.022796080838863534,1.3377020445482002,1.3915184566129566,0,2,2,2
-2.0265058006403702,-0.5595970097177485,-1.4923024693892128,-2.560677853113527,0.2339660497585023,-0.10814851899760423,-0.7341050407640285,-0.14403134676528037,-0.7131488177036864,0,2,0,2
1.5788319955637158,-0.5595970097177485,0.9835583908539653,0.3597819610010692,1.212971186202147,0.7627087085758464,1.3998218390114665,0.5532549550292986,-0.7131488177036864,0,1,2,2
0.1585474091802879,-0.5595970097177485,1.3372527994601338,0.4884365783629457,1.212971186202147,-0.9790057465710549,-0.022796080838863534,0.29177259185633153,-1.0639266967564602,1,1,0,2
0.05922680873389467,-0.5595970097177485,0.5288084369317487,1.2732297442703935,-2.703049359572432,-0.9790057465710549,0.6885128790863014,0.030290228683364548,-0.36237093865091263,0,2,0,2
0.23800388953740284,-0.5595970097177485,-0.7849136521768764,-0.026181891084560337,0.7234686179803247,-0.10814851899760423,-0.7341050407640285,-0.8413176485598592,-1.0639266967564602,0,2,2,2
-2.0662340408189275,-0.5595970097177485,-0.17858038028058765,0.1925309584306301,0.2339660497585023,-0.9790057465710549,0.6885128790863014,-0.9284784362841814,-0.011593059598138786,1,1,2,2
-0.42744413345343407,-0.5595970097177485,-1.2396636060990927,-0.9524951360900715,-0.7450390866851424,-0.10814851899760423,1.3998218390114665,0.7275765304779435,1.3915184566129566,0,1,2,2
0.6154221712336992,1.0658796861460242,1.0340861635119891,1.1703060503808909,1.212971186202147,0.7627087085758464,0.6885128790863014,-0.8413176485598592,-1.0639266967564602,0,1,2,2
-0.5267647338998273,-0.5595970097177485,0.17511402832558076,-0.013316429348371588,0.2339660497585023,-0.9790057465710549,-0.022796080838863534,-1.8000863135274052,-0.011593059598138786,0,1,0,2
-0.9041830155961228,1.0658796861460242,0.12458625566755645,-0.46360759011493935,0.7234686179803247,-0.9790057465710549,-0.022796080838863534,1.5120236199968444,-0.7131488177036864,0,1,2,2
0.19827564935884626,-0.5595970097177485,-0.026997062306515603,-0.6823204396301298,0.2339660497585023,-0.10814851899760423,0.6885128790863014,-2.584533403046307,1.3915184566129566,0,1,2,2
-0.8147944751943688,-0.5595970097177485,0.17511402832558076,0.10247272627731617,0.2339660497585023,-0.9790057465710549,-1.4454140006891936,-0.23119213448960244,-0.7131488177036864,0,1,2,2
0.3273924299391569,1.0658796861460242,-0.026997062306515603,0.16680003495825443,0.2339660497585023,1.6335659361492971,0.6885128790863014,0.7275765304779435,0.3391848194546351,0,1,2,2
0.6154221712336992,-0.5595970097177485,-1.4417746967311889,-1.608633684635641,1.212971186202147,-0.9790057465710549,-1.4454140006891936,-0.23119213448960244,-0.36237093865091263,0,2,1,2
-0.10961821202497435,-0.5595970097177485,-0.8859691974929245,-0.6823204396301298,0.7234686179803247,-0.9790057465710549,-1.4454140006891936,-1.189960799457149,1.3915184566129566,0,1,0,2
-1.9172531401493378,-0.5595970097177485,-0.380691470912684,-0.19343289365499944,-0.7450390866851424,-0.9790057465710549,-1.4454140006891936,-1.0156392240085041,1.3915184566129566,0,0,0,2
-0.020229671623220265,-0.5595970097177485,-0.22910815293861175,-0.5793967457406289,1.212971186202147,0.7627087085758464,0.6885128790863014,-0.40551370993824737,1.0407405775601828,0,1,1,2
-0.41751207340879404,1.0658796861460242,0.9835583908539653,1.1317096651723282,-0.7450390866851424,-0.10814851899760423,-0.7341050407640285,-1.1028000117328263,1.3915184566129566,0,2,2,2
-0.6558815144801389,-0.5595970097177485,-1.391246924073165,-1.698691916788955,-1.7240442231287871,0.7627087085758464,1.3998218390114665,-1.189960799457149,0.6899626985074089,0,2,0,2
-1.430582197962009,-0.5595970097177485,0.5288084369317487,0.34691649926488227,0.2339660497585023,-0.9790057465710549,-0.022796080838863534,-0.05687055904095752,-0.011593059598138786,0,1,2,1
1.7079487761440282,-0.5595970097177485,-0.17858038028058765,0.14106911148587875,0.7234686179803247,-0.10814851899760423,1.3998218390114665,1.7735059831698121,-1.4147045758092343,0,2,2,2
-0.1394143921588918,-0.5595970097177485,0.3772251189576767,0.4498401931543831,1.212971186202147,0.7627087085758464,-0.022796080838863534,1.0762196813752325,1.0407405775601828,0,2,2,2
-0.9538433158193195,-0.5595970097177485,-0.17858038028058765,-0.8753023656729446,1.212971186202147,-0.10814851899760423,0.6885128790863014,0.9018981059265884,1.0407405775601828,0,0,2,2
-0.7154738747479755,1.0658796861460242,-1.0375525154669965,-0.0905091997654986,-1.2345416549069648,-0.10814851899760423,-0.7341050407640285,-0.6669960731112143,-1.4147045758092343,0,0,2,1
-0.1195502720696135,-0.5595970097177485,0.3266973462996528,0.24399280537538143,1.212971186202147,-0.10814851899760423,-0.022796080838863534,0.3789333795806544,1.3915184566129566,1,1,2,2
-0.16921057229281097,-0.5595970097177485,-0.4312192435707079,-1.2998626029671376,-1.7240442231287871,1.6335659361492971,0.6885128790863014,1.1633804690995562,0.6899626985074089,1,1,1,2
1.5391037553851592,-0.5595970097177485,-0.1280526076225638,-0.8238405187281951,1.212971186202147,1.6335659361492971,-0.022796080838863534,0.9018981059265884,-0.36237093865091263,0,1,0,2
0.21813976944812455,1.0658796861460242,0.781447300221869,-0.28349112580831337,0.2339660497585023,1.6335659361492971,1.3998218390114665,0.20461180413200947,-0.011593059598138786,1,2,2,2
1.7079487761440282,-0.5595970097177485,1.4888361174342057,0.4498401931543831,-0.7450390866851424,1.6335659361492971,1.3998218390114665,0.5532549550292986,-0.011593059598138786,0,2,2,2
-1.8278645997475829,1.0658796861460242,-1.694413560021309,-1.4285172203290142,0.7234686179803247,-0.9790057465710549,-0.7341050407640285,1.7735059831698121,0.6899626985074089,0,1,0,2
1.7079487761440282,-0.5595970097177485,0.781447300221869,-0.9010332891453202,-0.2555365184633201,-0.10814851899760423,-0.7341050407640285,0.9018981059265884,-1.4147045758092343,0,1,0,2
1.5688999355190767,-0.5595970097177485,1.2867250268021095,1.5305389789941466,-0.7450390866851424,1.6335659361492971,-0.7341050407640285,-0.3183529222139253,-1.0639266967564602,0,0,0,2
0.9034519125282398,-0.5595970097177485,-0.17858038028058765,0.6942839661419492,-0.2555365184633201,-0.10814851899760423,-0.7341050407640285,-0.05687055904095752,1.3915184566129566,0,0,2,2
1.6384243558315525,-0.5595970097177485,-1.1891358334410687,-0.20629835539118635,-0.7450390866851424,1.6335659361492971,-0.7341050407640285,-1.1028000117328263,1.0407405775601828,0,1,2,2
-2.096030220952846,-0.5595970097177485,0.3266973462996528,-0.5536658222682533,-0.2555365184633201,-0.9790057465710549,-0.7341050407640285,1.7735059831698121,-1.0639266967564602,0,0,1,2
-1.7086798792119113,-0.5595970097177485,-0.22910815293861175,0.24399280537538143,-1.2345416549069648,-0.9790057465710549,1.3998218390114665,1.6863451954454902,-1.765482454862008,0,2,1,2
1.022636633063913,-0.5595970097177485,3.004669297174927,2.9843361551833505,-0.2555365184633201,0.7627087085758464,-0.7341050407640285,0.11745101640768663,-0.011593059598138786,0,1,2,2
-2.254943181667076,1.0658796861460242,0.3266973462996528,1.569135364202709,0.7234686179803247,-0.9790057465710549,-1.4454140006891936,1.7735059831698121,0.3391848194546351,0,0,2,1
-2.175486701309961,2.691356382009797,-0.5322747888867561,-1.2355352942861992,-0.2555365184633201,-1.8498629741445056,0.6885128790863014,0.7275765304779435,1.0407405775601828,0,1,1,1
-0.3678517731855974,-0.5595970097177485,-1.4923024693892128,-0.6565895161577542,-1.7240442231287871,-0.10814851899760423,1.3998218390114665,-0.40551370993824737,-1.765482454862008,0,0,0,2
-0.7949303551050896,-0.5595970097177485,-0.9870247428089725,-0.9396296743538828,-0.2555365184633201,-0.9790057465710549,0.6885128790863014,0.9890588936509105,1.0407405775601828,0,1,2,1
-1.6391554588994355,2.691356382009797,0.8825028455379171,1.0030550478104516,-1.7240442231287871,-1.8498629741445056,1.3998218390114665,0.46609416730497644,1.3915184566129566,0,2,2,1
-1.0730280363549918,1.0658796861460242,-1.7954691053373573,-1.685826455052767,0.7234686179803247,-0.9790057465710549,1.3998218390114665,0.9018981059265884,0.3391848194546351,0,1,1,2
0.5458977509212234,-0.5595970097177485,0.9835583908539653,2.0580229101778396,0.7234686179803247,0.7627087085758464,-0.7341050407640285,-0.8413176485598592,-1.0639266967564602,0,2,0,2
0.8239954321711248,1.0658796861460242,-0.4312192435707079,-0.8367059804643819,1.212971186202147,-0.10814851899760423,1.3998218390114665,1.599184407721168,-0.36237093865091263,0,0,1,2
-0.2784632327838434,1.0658796861460242,-0.27963592559663586,-1.0296879065071967,-1.2345416549069648,0.7627087085758464,-0.022796080838863534,1.7735059831698121,-0.7131488177036864,1,2,2,1
1.4795113951173227,-0.5595970097177485,0.579336209589773,0.03814541759637792,-0.2555365184633201,1.6335659361492971,-0.7341050407640285,1.5120236199968444,0.3391848194546351,0,1,2,2
1.7079487761440282,-0.5595970097177485,-0.27963592559663586,0.17966549669444318,0.7234686179803247,-0.9790057465710549,0.6885128790863014,1.7735059831698121,-1.4147045758092343,0,1,2,2
-0.17914263233745012,-0.5595970097177485,-1.6438857873632853,-0.8881678274091334,-1.2345416549069648,-0.9790057465710549,0.6885128790863014,0.6404157427536213,-0.011593059598138786,0,2,2,2
0.2082077094034854,-0.5595970097177485,0.427752891615701,0.205396420166817,0.7234686179803247,-0.10814851899760423,1.3998218390114665,-0.9284784362841814,-0.7131488177036864,0,0,1,2
-1.341193657560255,1.0658796861460242,0.023530710351508263,0.39837834620963175,0.7234686179803247,-1.8498629741445056,-0.022796080838863534,-0.5798352853868923,1.0407405775601828,0,0,2,1
-0.0500258517571377,-0.5595970097177485,1.4888361174342057,1.3504225146875186,0.2339660497585023,-0.9790057465710549,-1.4454140006891936,-2.061568676700373,0.6899626985074089,0,2,2,2
0.8239954321711248,-0.5595970097177485,0.3772251189576767,0.4884365783629457,1.212971186202147,1.6335659361492971,-0.022796080838863534,-0.3183529222139253,-0.36237093865091263,0,0,1,2
-0.05995791180177685,1.0658796861460242,-0.8859691974929245,0.21826188190300577,0.2339660497585023,-0.10814851899760423,-0.022796080838863534,-2.148729464424695,0.6899626985074089,0,1,1,2
-1.0829600963996309,-0.5595970097177485,1.438308344776182,1.3632879764237056,-1.7240442231287871,0.7627087085758464,-0.022796080838863534,0.46609416730497644,-0.011593059598138786,0,1,2,2
0.23800388953740284,-0.5595970097177485,-0.7343858795188523,-1.184073447341449,0.2339660497585023,0.7627087085758464,-1.4454140006891936,-2.061568676700373,1.3915184566129566,0,2,1,2
-0.05995791180177685,1.0658796861460242,0.6298639822477969,-0.28349112580831337,-1.2345416549069648,-0.9790057465710549,0.6885128790863014,1.7735059831698121,1.3915184566129566,1,1,2,1
-0.6558815144801389,-0.5595970097177485,0.3266973462996528,-0.0905091997654986,0.2339660497585023,-1.8498629741445056,0.6885128790863014,-0.14403134676528037,0.6899626985074089,1,2,1,2
1.2411419540459778,-0.5595970097177485,-1.4417746967311889,-1.0682842917157593,0.7234686179803247,0.7627087085758464,-1.4454140006891936,-1.0156392240085041,-1.0639266967564602,0,1,2,2
-0.6558815144801389,-0.5595970097177485,3.004669297174927,2.032291986705464,0.2339660497585023,-0.9790057465710549,1.3998218390114665,-1.8000863135274052,1.3915184566129566,0,1,1,2
-0.46717237363199154,-0.5595970097177485,-0.481747016228732,-0.039047352820747255,0.7234686179803247,-0.10814851899760423,-0.7341050407640285,-1.8000863135274052,1.3915184566129566,0,1,0,2
-1.1028242164889102,2.691356382009797,0.3266973462996528,-0.6565895161577542,-0.2555365184633201,-0.10814851899760423,1.3998218390114665,0.5532549550292986,-0.011593059598138786,0,2,1,2
1.0722969332871088,-0.5595970097177485,0.8825028455379171,-0.46360759011493935,-0.2555365184633201,1.6335659361492971,-0.7341050407640285,-0.40551370993824737,1.3915184566129566,0,2,1,2
-0.04009379171249856,-0.5595970097177485,-0.4312192435707079,-0.9010332891453202,-0.7450390866851424,-0.10814851899760423,-0.7341050407640285,-0.3183529222139253,0.6899626985074089,0,0,0,1
-0.5267647338998273,-0.5595970097177485,1.2361972541440855,1.6977899815645856,-0.7450390866851424,-0.9790057465710549,-0.7341050407640285,-0.40551370993824737,-1.0639266967564602,0,1,1,2
-0.10961821202497435,-0.5595970097177485,-0.026997062306515603,-1.2355352942861992,-0.7450390866851424,-0.9790057465710549,1.3998218390114665,-0.14403134676528037,-1.0639266967564602,0,2,2,2
-1.2220089370245826,1.0658796861460242,-0.6838581068608282,-0.19343289365499944,-0.7450390866851424,-0.10814851899760423,-0.7341050407640285,-1.2771215871814712,1.3915184566129566,0,1,1,2
1.4298510948941268,-0.5595970097177485,-0.4312192435707079,-0.20629835539118635,-0.2555365184633201,0.7627087085758464,-0.022796080838863534,-1.451443162630116,0.3391848194546351,0,1,2,2
-1.1425524566674676,-0.5595970097177485,0.3266973462996528,-0.3478184344892516,0.7234686179803247,-0.10814851899760423,0.6885128790863014,-0.7541568608355372,-0.36237093865091263,0,2,0,2
1.5788319955637158,-0.5595970097177485,-0.3301636982546599,-0.7080513631025055,-0.2555365184633201,-0.9790057465710549,1.3998218390114665,1.0762196813752325,-1.0639266967564602,0,2,1,2
1.4497152149834052,-0.5595970097177485,0.6298639822477969,1.1831715121170796,0.7234686179803247,-0.9790057465710549,0.6885128790863014,0.46609416730497644,0.3391848194546351,0,2,2,2
0.2280718294927637,-0.5595970097177485,1.640419435408278,1.234633359061829,1.212971186202147,0.7627087085758464,1.3998218390114665,0.7275765304779435,0.3391848194546351,0,0,2,2
0.9332480926621589,-0.5595970097177485,-0.3301636982546599,-0.15483650844643684,0.2339660497585023,-0.10814851899760423,-0.7341050407640285,1.7735059831698121,-1.0639266967564602,0,2,1,2
0.5458977509212234,-0.5595970097177485,1.1351417088280373,0.810073121767637,0.7234686179803247,0.7627087085758464,0.6885128790863014,-0.05687055904095752,0.6899626985074089,0,1,2,2
0.08902298886781211,-0.5595970097177485,0.17511402832558076,0.25685826711156834,-0.2555365184633201,-0.10814851899760423,-0.7341050407640285,0.030290228683364548,-0.011593059598138786,0,2,1,1
-0.18907469238208927,1.0658796861460242,0.27616957364162853,0.3083201140563197,-1.7240442231287871,-1.8498629741445056,-0.022796080838863534,-0.23119213448960244,-1.0639266967564602,0,1,1,2
0.7445389518140099,2.691356382009797,-0.026997062306515603,0.6042257339886353,1.212971186202147,-0.9790057465710549,0.6885128790863014,-0.40551370993824737,-0.011593059598138786,0,0,1,2
-0.24866705264992592,-0.5595970097177485,0.3772251189576767,-0.051912814556936006,1.212971186202147,0.7627087085758464,-0.022796080838863534,-1.0156392240085041,-1.0639266967564602,0,1,0,2
0.8239954321711248,-0.5595970097177485,-0.8354414248349004,-1.248400756022387,0.7234686179803247,-0.10814851899760423,-0.7341050407640285,0.11745101640768663,-0.011593059598138786,0,0,1,2
-1.0432318562210734,1.0658796861460242,-0.7849136521768764,-0.5922622074768159,-0.2555365184633201,-0.10814851899760423,-1.4454140006891936,0.3789333795806544,0.3391848194546351,0,2,2,2
1.7079487761440282,-0.5595970097177485,-0.6333303342028043,-0.5408003605320664,0.7234686179803247,1.6335659361492971,-0.022796080838863534,0.46609416730497644,-0.7131488177036864,0,2,1,2
-1.4802424981852056,-0.5595970097177485,-1.7954691053373573,-1.3384589881757,-2.2135467913506095,-0.9790057465710549,-0.022796080838863534,0.11745101640768663,-0.7131488177036864,0,1,1,2
1.7079487761440282,-0.5595970097177485,-1.2396636060990927,0.3211855757925066,0.2339660497585023,1.6335659361492971,-0.022796080838863534,0.9890588936509105,-1.0639266967564602,0,2,2,2
-0.2585991126945651,1.0658796861460242,-0.1280526076225638,-0.5150694370596907,0.2339660497585023,-0.10814851899760423,-0.022796080838863534,0.030290228683364548,-0.36237093865091263,0,1,2,2
0.9034519125282398,-0.5595970097177485,-0.5828025615447802,0.10247272627731617,1.212971186202147,0.7627087085758464,-0.7341050407640285,-0.40551370993824737,-1.765482454862008,0,2,1,2
0.8835877924389615,-0.5595970097177485,-0.0775248349645397,-0.2706256640721246,-0.2555365184633201,0.7627087085758464,-1.4454140006891936,-0.9284784362841814,0.6899626985074089,0,2,1,2
0.4465771504748302,-0.5595970097177485,0.6298639822477969,0.9387277391295135,-0.2555365184633201,1.6335659361492971,1.3998218390114665,-1.625764738078761,-0.7131488177036864,0,2,0,2
-0.5962891542123031,-0.5595970097177485,-0.1280526076225638,0.21826188190300577,1.212971186202147,0.7627087085758464,1.3998218390114665,-0.6669960731112143,-0.011593059598138786,0,1,2,2
-1.857660779881501,-0.5595970097177485,-1.8965246506534055,-1.0425533682433845,1.212971186202147,-0.9790057465710549,-0.7341050407640285,-0.9284784362841814,0.6899626985074089,0,2,2,2
-0.08975409193569606,-0.5595970097177485,0.023530710351508263,-0.3864148196978142,-1.2345416549069648,-0.10814851899760423,-0.7341050407640285,-0.40551370993824737,1.3915184566129566,1,0,2,2
0.5657618710105017,1.0658796861460242,-0.7343858795188523,-2.0717903071383965,-0.7450390866851424,0.7627087085758464,-1.4454140006891936,-0.23119213448960244,0.3391848194546351,0,2,0,1
0.04929474868925553,2.691356382009797,0.6803917549058213,1.1188442034361412,0.2339660497585023,-0.10814851899760423,1.3998218390114665,1.7735059831698121,-1.765482454862008,0,2,2,2
0.09895504891245302,-0.5595970097177485,-0.8354414248349004,-2.1747140010278976,0.2339660497585023,1.6335659361492971,1.3998218390114665,-0.3183529222139253,-0.011593059598138786,0,1,1,2
-1.6292233988547964,-0.5595970097177485,-1.1891358334410687,-1.3127280647033255,-0.2555365184633201,0.7627087085758464,1.3998218390114665,1.7735059831698121,1.0407405775601828,0,2,1,2
0.6352862913229775,-0.5595970097177485,1.3877805721181578,0.42410926968200746,-1.2345416549069648,-0.10814851899760423,0.6885128790863014,0.11745101640768663,0.6899626985074089,0,2,1,2
0.36712067011771526,-0.5595970097177485,1.6909472080663022,2.3667939918463436,1.212971186202147,-0.9790057465710549,0.6885128790863014,0.9890588936509105,0.3391848194546351,1,1,0,2
-0.6260853343462205,1.0658796861460242,-0.380691470912684,-0.5536658222682533,-0.7450390866851424,-1.8498629741445056,-0.7341050407640285,1.6863451954454902,-1.765482454862008,0,1,2,1
0.19827564935884626,-0.5595970097177485,-0.481747016228732,-0.8367059804643819,0.7234686179803247,-0.9790057465710549,-1.4454140006891936,1.1633804690995562,-0.36237093865091263,0,0,2,2
-0.08975409193569606,-0.5595970097177485,0.8825028455379171,0.9258622773933266,-1.2345416549069648,-0.10814851899760423,1.3998218390114665,0.7275765304779435,-0.36237093865091263,0,2,0,2
1.0425007531531914,-0.5595970097177485,0.17511402832558076,-0.7466477483110681,1.212971186202147,0.7627087085758464,0.6885128790863014,1.7735059831698121,0.6899626985074089,1,1,2,2
1.2610060741352578,-0.5595970097177485,0.12458625566755645,-0.9910915212986342,0.7234686179803247,-0.9790057465710549,-0.7341050407640285,-0.49267449766256943,-1.765482454862008,0,2,2,2
0.04929474868925553,-0.5595970097177485,-0.0775248349645397,-0.5922622074768159,-0.2555365184633201,0.7627087085758464,1.3998218390114665,-1.0156392240085041,1.0407405775601828,1,0,1,2
-0.10961821202497435,-0.5595970097177485,-0.481747016228732,-0.6437240544215672,0.7234686179803247,0.7627087085758464,0.6885128790863014,-0.6669960731112143,0.6899626985074089,1,0,2,2
1.1318892935549454,-0.5595970097177485,1.2361972541440855,-0.4378766666425655,0.2339660497585023,-0.10814851899760423,-0.022796080838863534,1.7735059831698121,-1.765482454862008,0,2,1,2
1.1120251734656672,-0.5595970097177485,-0.481747016228732,0.7328803513505118,0.2339660497585023,0.7627087085758464,-1.4454140006891936,1.5120236199968444,-1.0639266967564602,0,0,0,2
-0.42744413345343407,-0.5595970097177485,0.27616957364162853,-0.3864148196978142,-0.7450390866851424,-0.9790057465710549,-0.7341050407640285,-2.410211827597662,1.3915184566129566,0,2,1,2
-1.7186119392565504,1.0658796861460242,-1.4923024693892128,-0.6565895161577542,1.212971186202147,-0.9790057465710549,-0.022796080838863534,-0.14403134676528037,0.6899626985074089,0,2,1,1
1.2014137138674212,-0.5595970097177485,1.438308344776182,0.205396420166817,1.212971186202147,0.7627087085758464,-1.4454140006891936,-1.0156392240085041,1.3915184566129566,0,0,2,2
1.7079487761440282,-0.5595970097177485,0.3772251189576767,0.03814541759637792,-1.2345416549069648,1.6335659361492971,1.3998218390114665,-0.49267449766256943,-0.011593059598138786,0,1,2,2
-1.1127562765335492,1.0658796861460242,-2.0481079686274777,-1.4027862968566385,-2.2135467913506095,-0.10814851899760423,-0.022796080838863534,-1.1028000117328263,1.3915184566129566,0,2,1,1
1.5490358154297983,-0.5595970097177485,-0.380691470912684,-0.3606838962254385,-0.7450390866851424,0.7627087085758464,1.3998218390114665,1.7735059831698121,0.6899626985074089,1,1,1,2
-0.46717237363199154,-0.5595970097177485,1.2361972541440855,1.2860952060065804,0.7234686179803247,-0.9790057465710549,-0.7341050407640285,-0.6669960731112143,-1.4147045758092343,0,1,1,2
-0.04009379171249856,1.0658796861460242,-0.17858038028058765,-0.4378766666425655,-0.2555365184633201,0.7627087085758464,1.3998218390114665,1.5120236199968444,-1.0639266967564602,0,0,2,2
-0.4572403135873515,-0.5595970097177485,-0.1280526076225638,1.1703060503808909,-2.2135467913506095,-0.9790057465710549,-0.7341050407640285,-0.23119213448960244,-1.0639266967564602,1,2,1,1
-0.1394143921588918,-0.5595970097177485,-0.4312192435707079,-0.45074212837875244,0.7234686179803247,-0.10814851899760423,1.3998218390114665,-1.189960799457149,0.3391848194546351,0,2,2,2
0.8438595522604049,-0.5595970097177485,-0.3301636982546599,-0.24489474059975078,1.212971186202147,0.7627087085758464,-0.022796080838863534,0.5532549550292986,1.3915184566129566,0,2,1,2
-1.7384760593458288,-0.5595970097177485,-2.0481079686274777,-1.6600955315803914,0.2339660497585023,0.7627087085758464,-1.4454140006891936,-0.40551370993824737,-0.36237093865091263,0,1,0,2
0.8736557323943223,-0.5595970097177485,-0.5828025615447802,-0.4378766666425655,0.7234686179803247,0.7627087085758464,0.6885128790863014,-0.14403134676528037,0.3391848194546351,1,2,1,2
-1.092892156444271,-0.5595970097177485,-1.0375525154669965,-1.1197461386605108,0.2339660497585023,-0.9790057465710549,1.3998218390114665,0.20461180413200947,0.3391848194546351,1,0,2,2
0.2876641897606003,-0.5595970097177485,-0.4312192435707079,0.46270565489057003,-0.2555365184633201,-0.10814851899760423,1.3998218390114665,-0.8413176485598592,0.3391848194546351,0,1,2,2
-2.165554641265322,-0.5595970097177485,1.0846139361700136,1.7235209050369613,0.2339660497585023,-0.9790057465710549,0.6885128790863014,-1.625764738078761,1.3915184566129566,0,1,1,2
-1.3908539577834516,1.0658796861460242,1.589891662750254,1.6077317494112717,0.7234686179803247,0.7627087085758464,-0.022796080838863534,-0.05687055904095752,-0.7131488177036864,0,2,1,2
-0.10961821202497435,1.0658796861460242,0.17511402832558076,0.16680003495825443,-1.7240442231287871,-1.8498629741445056,-0.7341050407640285,1.0762196813752325,1.0407405775601828,0,2,1,1
0.7644030719032899,-0.5595970097177485,-1.4417746967311889,-1.3770553733842636,-0.2555365184633201,1.6335659361492971,-0.022796080838863534,0.20461180413200947,-0.36237093865091263,0,2,1,2
-1.42065013791737,-0.5595970097177485,-0.5322747888867561,1.0287859712828273,-0.2555365184633201,-1.8498629741445056,1.3998218390114665,1.599184407721168,-1.0639266967564602,0,2,1,2
0.58562599109978,-0.5595970097177485,-0.22910815293861175,-1.3770553733842636,0.2339660497585023,-0.9790057465710549,-1.4454140006891936,0.11745101640768663,-0.36237093865091263,0,2,1,2
0.29759624980523947,-0.5595970097177485,-0.0775248349645397,0.9644586626018892,1.212971186202147,-0.10814851899760423,-0.7341050407640285,0.11745101640768663,1.3915184566129566,1,1,1,2
0.247935949582042,-0.5595970097177485,-1.9975801959694535,-1.5700372994270784,0.2339660497585023,-1.8498629741445056,0.6885128790863014,-1.0156392240085041,1.0407405775601828,0,1,2,1
-0.3579197131409583,2.691356382009797,-0.9870247428089725,-0.7595132100472568,-1.2345416549069648,0.7627087085758464,1.3998218390114665,0.3789333795806544,1.3915184566129566,0,1,2,2
1.4993755152066008,-0.5595970097177485,-0.9870247428089725,-0.7723786717834438,0.2339660497585023,-0.10814851899760423,0.6885128790863014,0.8147373182022662,-0.36237093865091263,0,1,0,2
1.0623648732424695,-0.5595970097177485,3.004669297174927,2.0837538336502153,0.7234686179803247,-0.10814851899760423,-1.4454140006891936,0.3789333795806544,1.0407405775601828,0,1,2,2
-0.28839529282848253,-0.5595970097177485,1.2361972541440855,0.205396420166817,0.2339660497585023,0.7627087085758464,-1.4454140006891936,0.11745101640768663,-0.36237093865091263,1,1,2,2
-3.1388965256399786,1.0658796861460242,-1.0880802881250207,-0.309222049280689,-0.7450390866851424,-1.8498629741445056,-0.022796080838863534,-2.584533403046307,-1.0639266967564602,0,0,1,1
1.5788319955637158,-0.5595970097177485,1.3372527994601338,0.6814185044057605,0.7234686179803247,-0.10814851899760423,-0.7341050407640285,-0.8413176485598592,1.0407405775601828,0,1,2,2
1.7079487761440282,-0.5595970097177485,1.640419435408278,1.1317096651723282,1.212971186202147,1.6335659361492971,-0.022796080838863534,-1.5386039503544382,-1.0639266967564602,0,0,2,2
-0.10961821202497435,-0.5595970097177485,-1.2901913787571169,-0.07764373802930984,-0.2555365184633201,1.6335659361492971,0.6885128790863014,0.7275765304779435,-1.0639266967564602,1,2,0,2
0.2578680096266811,-0.5595970097177485,1.0340861635119891,0.6042257339886353,0.7234686179803247,-0.10814851899760423,-0.022796080838863534,0.3789333795806544,-1.4147045758092343,1,1,1,2
-0.3579197131409583,-0.5595970097177485,-1.7449413326793333,-0.9138987508815072,-1.2345416549069648,0.7627087085758464,1.3998218390114665,-1.1028000117328263,1.3915184566129566,0,1,0,2
-0.26853117273920424,-0.5595970097177485,-0.8354414248349004,-0.6179931309491915,1.212971186202147,-0.10814851899760423,1.3998218390114665,-0.7541568608355372,-1.4147045758092343,0,0,1,2
1.7079487761440282,-0.5595970097177485,-0.6333303342028043,-1.0296879065071967,-1.2345416549069648,-0.10814851899760423,0.6885128790863014,0.5532549550292986,-0.36237093865091263,0,2,2,2
1.3106663743584535,-0.5595970097177485,0.8319750728798933,1.40188436163227,0.2339660497585023,0.7627087085758464,-0.7341050407640285,1.5120236199968444,-1.765482454862008,0,0,1,2
0.07909092882317297,-0.5595970097177485,-1.4417746967311889,-1.8402119958870184,-1.2345416549069648,-0.10814851899760423,-1.4454140006891936,-0.5798352853868923,1.3915184566129566,0,0,1,1
0.14861534913564875,-0.5595970097177485,0.023530710351508263,0.23112734363919268,0.7234686179803247,1.6335659361492971,-0.7341050407640285,0.11745101640768663,0.3391848194546351,0,1,1,2
1.7079487761440282,-0.5595970097177485,-0.026997062306515603,-0.051912814556936006,0.2339660497585023,0.7627087085758464,0.6885128790863014,0.29177259185633153,1.3915184566129566,0,0,2,2
-0.8843188955068445,1.0658796861460242,0.8825028455379171,0.06387634106875359,-0.7450390866851424,-0.10814851899760423,-1.4454140006891936,-0.05687055904095752,1.3915184566129566,0,0,0,1
-0.12948233211425264,1.0658796861460242,-0.6333303342028043,-2.1618485392917095,0.7234686179803247,-0.9790057465710549,1.3998218390114665,-0.14403134676528037,-0.7131488177036864,1,1,2,2
1.7079487761440282,-0.5595970097177485,1.0846139361700136,-0.1805674319188125,1.212971186202147,-0.10814851899760423,-1.4454140006891936,0.46609416730497644,-1.765482454862008,0,1,2,2
-0.41751207340879404,-0.5595970097177485,-0.1280526076225638,0.1925309584306301,0.2339660497585023,-0.10814851899760423,-0.7341050407640285,-0.9284784362841814,0.3391848194546351,0,1,0,2
1.251074014090617,-0.5595970097177485,1.6909472080663022,1.3375570529513316,0.7234686179803247,0.7627087085758464,-0.022796080838863534,1.7735059831698121,-0.36237093865091263,1,0,0,2
-0.41751207340879404,-0.5595970097177485,0.427752891615701,0.38551288447344484,-1.2345416549069648,0.7627087085758464,1.3998218390114665,0.20461180413200947,-0.011593059598138786,0,1,2,2
-1.182280696846025,1.0658796861460242,-0.9870247428089725,-0.9782260595624453,0.2339660497585023,-0.10814851899760423,0.6885128790863014,1.2505412568238783,0.3391848194546351,0,0,1,2
0.6948786515908142,-0.5595970097177485,1.2867250268021095,1.0030550478104516,-0.7450390866851424,-0.10814851899760423,1.3998218390114665,-0.49267449766256943,-0.36237093865091263,0,1,0,2
-1.2716692372477791,-0.5595970097177485,-0.6838581068608282,0.5656293487800726,-0.2555365184633201,-0.9790057465710549,-0.7341050407640285,0.030290228683364548,0.6899626985074089,0,0,1,2
-1.7782042995243863,-0.5595970097177485,-0.5828025615447802,-0.20629835539118635,-1.7240442231287871,-0.9790057465710549,-0.7341050407640285,0.9018981059265884,-0.7131488177036864,0,0,1,1
-0.506900613810549,-0.5595970097177485,-0.4312192435707079,-0.7595132100472568,1.212971186202147,-0.9790057465710549,-0.7341050407640285,-2.410211827597662,-0.011593059598138786,0,2,2,2
1.1418213535995845,-0.5595970097177485,-0.5322747888867561,-1.2355352942861992,-1.2345416549069648,0.7627087085758464,-0.022796080838863534,-1.0156392240085041,-0.36237093865091263,0,2,2,2
0.3075283098498786,-0.5595970097177485,-0.1280526076225638,-0.309222049280689,0.7234686179803247,0.7627087085758464,-0.7341050407640285,-0.05687055904095752,-0.7131488177036864,0,2,0,2
-0.0996861519803352,-0.5595970097177485,-0.7343858795188523,-0.5408003605320664,-1.7240442231287871,-0.9790057465710549,1.3998218390114665,-0.9284784362841814,1.3915184566129566,0,2,0,1
0.03936268864461638,-0.5595970097177485,-0.1280526076225638,0.6428221191971979,-0.2555365184633201,-1.8498629741445056,0.6885128790863014,0.20461180413200947,-0.7131488177036864,0,1,2,2
-0.46717237363199154,1.0658796861460242,-0.17858038028058765,0.16680003495825443,1.212971186202147,-0.9790057465710549,-0.7341050407640285,0.9890588936509105,0.3391848194546351,0,0,2,2
-1.9172531401493378,-0.5595970097177485,0.22564180098360465,0.9129968156571379,1.212971186202147,-1.8498629741445056,0.6885128790863014,0.7275765304779435,-1.0639266967564602,1,1,0,2
-1.8080004796583045,1.0658796861460242,-0.4312192435707079,0.47557111662675877,-1.7240442231287871,-0.9790057465710549,-0.022796080838863534,-0.3183529222139253,-0.7131488177036864,0,2,2,1
-0.10961821202497435,-0.5595970097177485,-2.0481079686274777,-1.865942919359394,0.7234686179803247,-0.10814851899760423,0.6885128790863014,0.11745101640768663,-0.7131488177036864,1,1,0,2
0.07909092882317297,1.0658796861460242,1.2361972541440855,0.6556875809333848,0.2339660497585023,-0.10814851899760423,-1.4454140006891936,-0.49267449766256943,0.3391848194546351,0,2,0,1
1.7079487761440282,-0.5595970097177485,-1.0375525154669965,-0.8367059804643819,0.7234686179803247,0.7627087085758464,-0.022796080838863534,-1.3642823749057933,-0.011593059598138786,0,1,1,2
1.102093113421028,-0.5595970097177485,0.579336209589773,0.205396420166817,-1.7240442231287871,1.6335659361492971,0.6885128790863014,0.9890588936509105,0.6899626985074089,0,1,2,2
-1.857660779881501,-0.5595970097177485,-0.1280526076225638,0.21826188190300577,1.212971186202147,-0.9790057465710549,-0.022796080838863534,-1.5386039503544382,1.3915184566129566,0,1,1,2
-1.1624165767567458,1.0658796861460242,-0.22910815293861175,-0.1419710467102481,0.2339660497585023,-0.10814851899760423,-0.7341050407640285,0.5532549550292986,1.0407405775601828,0,1,1,2
1.4298510948941268,-0.5595970097177485,0.9835583908539653,1.5048080555217709,-0.7450390866851424,-0.10814851899760423,1.3998218390114665,-0.23119213448960244,-0.7131488177036864,1,2,0,2
0.02943062859997723,1.0658796861460242,0.22564180098360465,-0.7080513631025055,-0.2555365184633201,-0.10814851899760423,-0.022796080838863534,-2.148729464424695,1.3915184566129566,0,2,1,2
-0.9041830155961228,1.0658796861460242,0.12458625566755645,0.6685530426695735,-0.2555365184633201,-0.10814851899760423,-0.022796080838863534,-1.3642823749057933,-0.011593059598138786,0,2,2,1
-1.6987478191672714,-0.5595970097177485,-1.2396636060990927,0.42410926968200746,-1.2345416549069648,-0.9790057465710549,-0.022796080838863534,-0.6669960731112143,1.3915184566129566,1,0,2,2
1.2113457739120603,-0.5595970097177485,1.4888361174342057,0.6299566574610109,0.2339660497585023,0.7627087085758464,-0.022796080838863534,0.29177259185633153,-1.0639266967564602,1,2,2,2
-0.9637753758639594,-0.5595970097177485,-1.542830242047237,-1.5185754524823272,0.2339660497585023,0.7627087085758464,-0.7341050407640285,0.8147373182022662,-0.011593059598138786,1,1,2,2
0.03936268864461638,-0.5595970097177485,1.2867250268021095,1.1317096651723282,-1.2345416549069648,-0.10814851899760423,-1.4454140006891936,0.8147373182022662,-0.011593059598138786,0,1,1,2
-0.496968553765909,-0.5595970097177485,-1.8965246506534055,-1.1326116003966975,1.212971186202147,-1.8498629741445056,-0.7341050407640285,0.6404157427536213,-1.0639266967564602,0,2,2,2
1.7079487761440282,-0.5595970097177485,1.79200275338235,0.025279955860190998,1.212971186202147,-0.10814851899760423,1.3998218390114665,0.030290228683364548,-1.0639266967564602,1,1,2,2
0.29759624980523947,-0.5595970097177485,0.3772251189576767,0.8615349687123883,0.2339660497585023,0.7627087085758464,-1.4454140006891936,1.7735059831698121,-1.765482454862008,0,0,2,2
-0.6161532743015814,-0.5595970097177485,-1.4417746967311889,-0.5536658222682533,-1.7240442231287871,0.7627087085758464,-1.4454140006891936,0.29177259185633153,-0.7131488177036864,0,2,1,2
-1.430582197962009,-0.5595970097177485,-0.026997062306515603,-1.2226698325500116,0.7234686179803247,-0.9790057465710549,-1.4454140006891936,0.6404157427536213,0.6899626985074089,0,1,0,2
-0.6360173943908606,-0.5595970097177485,0.427752891615701,-0.1033746615016855,-1.2345416549069648,-0.10814851899760423,-1.4454140006891936,-0.40551370993824737,1.0407405775601828,1,1,1,2
-0.03016173166785941,-0.5595970097177485,0.023530710351508263,0.6556875809333848,-1.7240442231287871,0.7627087085758464,-0.022796080838863534,-0.05687055904095752,0.6899626985074089,0,1,1,2
0.9928404529299938,1.0658796861460242,1.1856694814860618,0.9387277391295135,1.212971186202147,0.7627087085758464,-0.022796080838863534,1.7735059831698121,0.6899626985074089,0,1,1,2
-0.6956097546586963,-0.5595970097177485,-0.3301636982546599,-0.16770197018262376,0.7234686179803247,-0.9790057465710549,-0.022796080838863534,0.20461180413200947,1.3915184566129566,0,0,2,2
1.2113457739120603,-0.5595970097177485,0.3266973462996528,-0.039047352820747255,-0.7450390866851424,0.7627087085758464,-1.4454140006891936,0.11745101640768663,-1.4147045758092343,0,1,0,2
-0.9439112557746803,-0.5595970097177485,0.5288084369317487,-0.20629835539118635,-0.2555365184633201,0.7627087085758464,0.6885128790863014,1.0762196813752325,-1.0639266967564602,1,1,1,2
-0.924047135685402,1.0658796861460242,-1.2901913787571169,0.1925309584306301,0.7234686179803247,-0.9790057465710549,-0.022796080838863534,0.3789333795806544,-1.4147045758092343,1,2,1,1
0.7147427716800925,1.0658796861460242,-0.1280526076225638,-0.013316429348371588,1.212971186202147,0.7627087085758464,0.6885128790863014,-0.7541568608355372,-0.011593059598138786,0,0,2,2
0.6154221712336992,-0.5595970097177485,1.2867250268021095,0.025279955860190998,1.212971186202147,-0.10814851899760423,1.3998218390114665,0.030290228683364548,-0.36237093865091263,0,1,1,2
-1.4802424981852056,-0.5595970097177485,0.27616957364162853,0.6042257339886353,-0.2555365184633201,-0.9790057465710549,-1.4454140006891936,-1.189960799457149,-0.7131488177036864,1,2,0,1
-0.020229671623220265,1.0658796861460242,0.427752891615701,-0.6179931309491915,-1.2345416549069648,-0.10814851899760423,0.6885128790863014,0.20461180413200947,0.6899626985074089,0,1,1,1
1.2113457739120603,-0.5595970097177485,-0.4312192435707079,-0.3864148196978142,1.212971186202147,1.6335659361492971,1.3998218390114665,-0.8413176485598592,0.6899626985074089,0,2,1,2
0.3075283098498786,-0.5595970097177485,1.0846139361700136,-0.00045096761218466834,-1.2345416549069648,-0.9790057465710549,-1.4454140006891936,0.9890588936509105,-0.36237093865091263,0,2,2,2
0.2082077094034854,1.0658796861460242,1.9435860713564224,0.9129968156571379,-1.2345416549069648,-0.10814851899760423,-0.022796080838863534,-0.49267449766256943,-1.0639266967564602,0,2,2,1
0.7147427716800925,-0.5595970097177485,-0.8354414248349004,-0.5150694370596907,1.212971186202147,-0.10814851899760423,-1.4454140006891936,-0.8413176485598592,0.6899626985074089,0,1,2,2
-0.5664929740783847,-0.5595970097177485,0.781447300221869,0.7457458130866987,-2.2135467913506095,-0.9790057465710549,1.3998218390114665,-0.05687055904095752,-0.7131488177036864,1,1,1,2
-0.2585991126945651,-0.5595970097177485,0.579336209589773,0.539898425307697,0.7234686179803247,-0.10814851899760423,-0.7341050407640285,-1.189960799457149,1.0407405775601828,0,1,0,2
-0.9339791957300412,-0.5595970097177485,0.427752891615701,-0.7723786717834438,-0.2555365184633201,0.7627087085758464,-1.4454140006891936,-0.49267449766256943,0.3391848194546351,0,0,0,2
-1.9569813803278953,-0.5595970097177485,0.9330306181959415,0.7328803513505118,0.7234686179803247,-0.10814851899760423,-0.7341050407640285,1.4248628322725223,1.0407405775601828,0,1,0,2
0.2578680096266811,-0.5595970097177485,-1.0375525154669965,-0.7852441335196306,1.212971186202147,-0.10814851899760423,1.3998218390114665,-2.584533403046307,1.0407405775601828,1,2,2,2
1.251074014090617,-0.5595970097177485,1.9435860713564224,0.9644586626018892,1.212971186202147,1.6335659361492971,-0.022796080838863534,0.6404157427536213,0.6899626985074089,0,0,2,2
-0.496968553765909,-0.5595970097177485,-0.17858038028058765,0.42410926968200746,-2.2135467913506095,-0.10814851899760423,1.3998218390114665,-0.49267449766256943,-0.7131488177036864,0,2,2,2
1.0425007531531914,-0.5595970097177485,0.579336209589773,1.054516894755203,1.212971186202147,0.7627087085758464,-0.022796080838863534,-0.3183529222139253,-1.4147045758092343,0,0,2,2
0.31746036989451776,1.0658796861460242,0.12458625566755645,-0.026181891084560337,0.2339660497585023,0.7627087085758464,-0.022796080838863534,-0.49267449766256943,1.0407405775601828,1,1,2,2
0.05922680873389467,-0.5595970097177485,-0.27963592559663586,-0.33495297275306285,-0.7450390866851424,-0.10814851899760423,1.3998218390114665,0.6404157427536213,-1.765482454862008,0,2,1,2
-2.0463699207296493,1.0658796861460242,-0.7849136521768764,-0.2963565875445003,1.212971186202147,-1.8498629741445056,-0.022796080838863534,0.20461180413200947,-0.7131488177036864,0,0,1,1
0.3273924299391569,-0.5595970097177485,-0.17858038028058765,-0.9010332891453202,0.2339660497585023,0.7627087085758464,1.3998218390114665,1.2505412568238783,1.3915184566129566,1,0,1,2
1.5887640556083567,-0.5595970097177485,-1.1386080607830447,-0.5922622074768159,0.2339660497585023,0.7627087085758464,1.3998218390114665,1.4248628322725223,-1.765482454862008,0,0,1,2
1.2212778339566994,-0.5595970097177485,1.9941138440144464,0.6042257339886353,0.2339660497585023,1.6335659361492971,0.6885128790863014,-1.189960799457149,1.3915184566129566,0,0,0,2
0.3969168502516327,1.0658796861460242,1.8930582986983981,2.778488767404347,0.7234686179803247,-0.10814851899760423,-0.022796080838863534,-0.6669960731112143,-0.36237093865091263,0,0,2,2
-0.3479876530963191,-0.5595970097177485,0.3266973462996528,0.06387634106875359,0.2339660497585023,0.7627087085758464,-0.7341050407640285,0.7275765304779435,-1.765482454862008,0,2,2,2
0.05922680873389467,1.0658796861460242,-1.8965246506534055,-1.685826455052767,0.7234686179803247,-0.10814851899760423,-0.7341050407640285,0.9890588936509105,1.3915184566129566,0,0,1,2
0.36712067011771526,-0.5595970097177485,0.427752891615701,0.4884365783629457,-0.2555365184633201,-0.10814851899760423,0.6885128790863014,-0.3183529222139253,-0.011593059598138786,0,2,1,2
0.4267130303855519,-0.5595970097177485,1.0846139361700136,0.539898425307697,0.2339660497585023,-0.9790057465710549,1.3998218390114665,0.11745101640768663,1.3915184566129566,0,1,2,2
1.2610060741352578,-0.5595970097177485,0.9835583908539653,0.9001313539209509,-2.2135467913506095,1.6335659361492971,-0.022796080838863534,1.599184407721168,-0.36237093865091263,0,0,1,2
-1.9470493202832553,-0.5595970097177485,-0.7849136521768764,-0.9138987508815072,-1.2345416549069648,-0.10814851899760423,0.6885128790863014,0.030290228683364548,1.3915184566129566,1,0,2,2
-0.10961821202497435,-0.5595970097177485,-0.380691470912684,0.5141675018353213,-0.7450390866851424,1.6335659361492971,-1.4454140006891936,-1.2771215871814712,-0.7131488177036864,0,1,1,2
1.3603266745816511,-0.5595970097177485,-0.481747016228732,0.1925309584306301,0.2339660497585023,0.7627087085758464,-0.022796080838863534,0.11745101640768663,-1.0639266967564602,0,1,0,2
-0.586357094167663,-0.5595970097177485,0.3772251189576767,-0.06477827629312292,0.2339660497585023,-0.9790057465710549,-1.4454140006891936,1.3377020445482002,-1.0639266967564602,0,1,2,2
-1.4603783780959274,-0.5595970097177485,0.07405848300953258,0.03814541759637792,1.212971186202147,0.7627087085758464,-0.022796080838863534,0.9018981059265884,1.3915184566129566,0,1,0,2
0.8935198524836006,-0.5595970097177485,-0.380691470912684,0.03814541759637792,1.212971186202147,0.7627087085758464,-0.022796080838863534,-0.05687055904095752,-0.36237093865091263,0,2,2,2
0.14861534913564875,-0.5595970097177485,0.3266973462996528,0.34691649926488227,-0.2555365184633201,-0.10814851899760423,-0.7341050407640285,-1.887247101251728,1.0407405775601828,1,2,2,2
1.6384243558315525,-0.5595970097177485,1.1351417088280373,1.0159205095466406,-1.7240442231287871,1.6335659361492971,1.3998218390114665,1.3377020445482002,-0.011593059598138786,0,2,0,2
1.1616854736888629,-0.5595970097177485,-0.9364969701509483,-0.9138987508815072,1.212971186202147,-0.10814851899760423,0.6885128790863014,-0.5798352853868923,-1.765482454862008,0,1,0,2
-0.8743868354622045,1.0658796861460242,-1.1386080607830447,0.39837834620963175,-0.7450390866851424,-0.10814851899760423,-0.7341050407640285,0.46609416730497644,0.3391848194546351,1,2,0,1
0.6551504114122558,2.691356382009797,0.9330306181959415,1.6077317494112717,-0.2555365184633201,-0.10814851899760423,1.3998218390114665,-1.189960799457149,1.3915184566129566,1,1,2,2
0.08902298886781211,1.0658796861460242,1.6909472080663022,1.1317096651723282,0.7234686179803247,-0.9790057465710549,0.6885128790863014,-1.0156392240085041,0.6899626985074089,0,2,0,2
0.7445389518140099,-0.5595970097177485,0.3266973462996528,-1.6729609933165792,-2.703049359572432,0.7627087085758464,0.6885128790863014,-0.6669960731112143,-0.7131488177036864,1,0,2,2
1.5490358154297983,-0.5595970097177485,-0.026997062306515603,-0.7981095952558194,1.212971186202147,-0.10814851899760423,0.6885128790863014,0.3789333795806544,0.3391848194546351,1,0,2,2
1.4894434551619617,-0.5595970097177485,2.8530859792008547,1.916502831079776,-0.2555365184633201,-0.10814851899760423,0.6885128790863014,-0.5798352853868923,-1.4147045758092343,0,1,2,2
1.0325686931085523,-0.5595970097177485,0.8319750728798933,0.38551288447344484,-0.7450390866851424,0.7627087085758464,1.3998218390114665,1.6863451954454902,-0.011593059598138786,1,1,2,2
0.47637333060874765,1.0658796861460242,-0.22910815293861175,0.17966549669444318,0.7234686179803247,-0.9790057465710549,-0.7341050407640285,0.7275765304779435,1.3915184566129566,0,1,0,2
1.7079487761440282,-0.5595970097177485,1.9941138440144464,2.0451574484416524,0.2339660497585023,-0.10814851899760423,-0.7341050407640285,0.7275765304779435,-1.0639266967564602,0,1,1,2
-2.364195842158108,1.0658796861460242,-1.4923024693892128,-1.8530774576232063,0.7234686179803247,-1.8498629741445056,-1.4454140006891936,1.7735059831698121,-0.7131488177036864,1,0,1,1
1.1219572335103063,-0.5595970097177485,-1.2901913787571169,-1.8402119958870184,0.7234686179803247,-0.10814851899760423,1.3998218390114665,-0.40551370993824737,-1.4147045758092343,0,2,2,2
-1.4007860178280906,2.691356382009797,-0.22910815293861175,-1.0682842917157593,-0.7450390866851424,-1.8498629741445056,-0.022796080838863534,-0.7541568608355372,-0.7131488177036864,0,1,1,1
0.019498568555338085,-0.5595970097177485,1.2867250268021095,0.9901895860742648,-1.2345416549069648,0.7627087085758464,0.6885128790863014,0.7275765304779435,-0.011593059598138786,1,1,0,2
-0.8942509555514837,-0.5595970097177485,-0.6333303342028043,0.14106911148587875,0.2339660497585023,-0.10814851899760423,-0.7341050407640285,0.20461180413200947,-0.011593059598138786,0,2,1,2
1.4596472750280443,1.0658796861460242,0.781447300221869,1.3761534381598943,-0.2555365184633201,0.7627087085758464,-0.7341050407640285,1.7735059831698121,-1.0639266967564602,0,0,2,1
-0.010297611578581117,-0.5595970097177485,-1.9975801959694535,-2.715063393947779,1.212971186202147,-0.10814851899760423,1.3998218390114665,1.0762196813752325,-1.0639266967564602,0,1,2,2
-0.8743868354622045,-0.5595970097177485,-0.380691470912684,-0.5793967457406289,0.7234686179803247,-0.10814851899760423,-0.022796080838863534,0.030290228683364548,-0.011593059598138786,0,2,1,2
1.3305304944477319,-0.5595970097177485,-1.0880802881250207,-0.6951859013663185,1.212971186202147,1.6335659361492971,-0.022796080838863534,1.7735059831698121,-1.765482454862008,0,2,2,2
-0.22880293256064585,-0.5595970097177485,-0.026997062306515603,0.4884365783629457,-1.7240442231287871,0.7627087085758464,-0.022796080838863534,0.9018981059265884,0.6899626985074089,1,2,1,2
-0.1195502720696135,-0.5595970097177485,0.3772251189576767,1.2474988207980178,0.2339660497585023,0.7627087085758464,-0.7341050407640285,0.7275765304779435,-0.7131488177036864,0,1,2,2
-0.2585991126945651,-0.5595970097177485,0.12458625566755645,0.051010879332566664,-0.2555365184633201,0.7627087085758464,-1.4454140006891936,0.6404157427536213,0.3391848194546351,0,2,1,2
-0.7651341749711721,-0.5595970097177485,-0.5828025615447802,0.46270565489057003,-0.2555365184633201,-0.9790057465710549,-0.7341050407640285,-0.40551370993824737,-1.765482454862008,0,1,0,2
0.4267130303855519,-0.5595970097177485,-0.380691470912684,0.16680003495825443,0.7234686179803247,-0.10814851899760423,0.6885128790863014,0.11745101640768663,0.6899626985074089,0,0,2,2
-0.15927851224817183,-0.5595970097177485,2.2467527073045663,1.3504225146875186,-2.2135467913506095,-0.10814851899760423,-0.022796080838863534,-0.40551370993824737,1.3915184566129566,1,2,1,1
-0.0500258517571377,-0.5595970097177485,0.8825028455379171,1.0287859712828273,-1.2345416549069648,-0.10814851899760423,1.3998218390114665,1.5120236199968444,1.3915184566129566,0,0,1,2
1.7079487761440282,-0.5595970097177485,0.17511402832558076,-0.07764373802930984,0.7234686179803247,0.7627087085758464,-1.4454140006891936,1.4248628322725223,1.0407405775601828,0,0,2,2
-0.3678517731855974,2.691356382009797,0.427752891615701,-0.1033746615016855,1.212971186202147,0.7627087085758464,-1.4454140006891936,-0.9284784362841814,-1.0639266967564602,0,1,2,2
-0.6956097546586963,1.0658796861460242,-0.7849136521768764,-1.248400756022387,-2.2135467913506095,-0.9790057465710549,-0.022796080838863534,-0.05687055904095752,-0.011593059598138786,0,1,2,2
-0.3579197131409583,-0.5595970097177485,-0.026997062306515603,0.5527638870438839,-0.2555365184633201,-0.9790057465710549,0.6885128790863014,-0.3183529222139253,-1.4147045758092343,1,1,1,1
0.07909092882317297,-0.5595970097177485,-1.0880802881250207,-0.232029278863562,-0.2555365184633201,-0.9790057465710549,-0.022796080838863534,-0.49267449766256943,0.6899626985074089,0,0,1,2
-0.44730825354271236,-0.5595970097177485,0.8825028455379171,-0.1033746615016855,1.212971186202147,-0.9790057465710549,-1.4454140006891936,0.030290228683364548,-0.7131488177036864,0,0,1,2
0.02943062859997723,-0.5595970097177485,0.9835583908539653,0.38551288447344484,-0.7450390866851424,0.7627087085758464,0.6885128790863014,-0.6669960731112143,-0.011593059598138786,0,1,1,2
1.0524328131978304,-0.5595970097177485,1.1351417088280373,0.7328803513505118,1.212971186202147,-0.9790057465710549,-0.022796080838863534,0.20461180413200947,-0.36237093865091263,1,0,0,2
-0.5664929740783847,2.691356382009797,-0.0775248349645397,0.41124380794582055,-2.2135467913506095,-0.9790057465710549,-0.022796080838863534,-0.6669960731112143,0.6899626985074089,0,1,2,1
-0.5565609140337456,1.0658796861460242,-0.5322747888867561,0.6299566574610109,1.212971186202147,-0.10814851899760423,-0.7341050407640285,-0.49267449766256943,1.0407405775601828,0,0,2,2
0.1386832890910096,-0.5595970097177485,-0.026997062306515603,-0.4378766666425655,-0.2555365184633201,1.6335659361492971,0.6885128790863014,-1.5386039503544382,0.6899626985074089,1,0,1,2
0.7346068917693708,-0.5595970097177485,1.3877805721181578,0.3726474227372579,1.212971186202147,0.7627087085758464,1.3998218390114665,0.5532549550292986,0.6899626985074089,0,0,1,2
-1.5696310385869596,1.0658796861460242,-2.0481079686274777,-1.1326116003966975,0.7234686179803247,0.7627087085758464,-0.7341050407640285,0.030290228683364548,-1.4147045758092343,0,1,1,2
-0.6360173943908606,4.31683307787357,0.9330306181959415,1.5434044407303333,0.7234686179803247,-0.9790057465710549,-1.4454140006891936,1.7735059831698121,0.3391848194546351,1,1,2,2
-0.924047135685402,1.0658796861460242,-1.0375525154669965,-1.4285172203290142,-0.7450390866851424,-0.9790057465710549,-1.4454140006891936,1.7735059831698121,-0.011593059598138786,0,2,1,2
-2.334399662024191,-0.5595970097177485,-0.026997062306515603,-0.7080513631025055,1.212971186202147,-1.8498629741445056,-1.4454140006891936,-0.49267449766256943,0.3391848194546351,0,0,0,2
-1.5596989785423205,2.691356382009797,-0.8859691974929245,-0.5279348987958776,0.7234686179803247,-0.9790057465710549,0.6885128790863014,-0.8413176485598592,1.0407405775601828,0,0,0,2
0.833927492215764,-0.5595970097177485,-0.8859691974929245,0.051010879332566664,0.7234686179803247,-0.9790057465710549,-1.4454140006891936,1.2505412568238783,-1.765482454862008,0,1,1,2
-0.04009379171249856,1.0658796861460242,-2.0481079686274777,-1.6600955315803914,-0.2555365184633201,0.7627087085758464,1.3998218390114665,0.3789333795806544,1.3915184566129566,0,2,2,2
-1.688815759122632,2.691356382009797,-1.2901913787571169,-0.3992802814340011,-1.7240442231287871,-0.9790057465710549,1.3998218390114665,1.2505412568238783,1.0407405775601828,1,1,2,1
-0.32812353300703995,-0.5595970097177485,-1.2396636060990927,-1.865942919359394,-1.2345416549069648,-0.9790057465710549,-0.7341050407640285,-0.14403134676528037,0.3391848194546351,1,1,0,2
-0.8644547754175653,2.691356382009797,-0.1280526076225638,0.5656293487800726,0.2339660497585023,0.7627087085758464,0.6885128790863014,0.46609416730497644,1.0407405775601828,1,2,2,2
-1.182280696846025,-0.5595970097177485,-2.0481079686274777,-2.1361176158193347,-1.2345416549069648,-0.9790057465710549,-0.7341050407640285,-0.23119213448960244,0.3391848194546351,0,1,1,1
0.7644030719032899,-0.5595970097177485,-0.380691470912684,-0.7337822865748811,1.212971186202147,0.7627087085758464,0.6885128790863014,1.3377020445482002,0.3391848194546351,0,2,1,2
1.7079487761440282,-0.5595970097177485,0.22564180098360465,0.9258622773933266,-1.7240442231287871,1.6335659361492971,1.3998218390114665,-1.3642823749057933,-1.0639266967564602,0,1,1,2
-0.4373761934980732,-0.5595970097177485,0.3266973462996528,0.16680003495825443,-2.2135467913506095,-0.10814851899760423,-0.7341050407640285,1.3377020445482002,0.6899626985074089,0,1,0,2
1.52917169534052,-0.5595970097177485,0.9835583908539653,1.1188442034361412,0.2339660497585023,0.7627087085758464,-0.7341050407640285,-0.3183529222139253,-0.7131488177036864,0,0,1,2
0.21813976944812455,-0.5595970097177485,0.6803917549058213,-0.4764730518511281,-1.2345416549069648,-0.9790057465710549,0.6885128790863014,-2.148729464424695,-0.36237093865091263,0,1,2,2
-0.7949303551050896,-0.5595970097177485,0.12458625566755645,-0.039047352820747255,-0.2555365184633201,0.7627087085758464,-0.7341050407640285,-1.1028000117328263,1.3915184566129566,1,2,2,2
0.2082077094034854,-0.5595970097177485,0.4782806642737249,0.9129968156571379,1.212971186202147,-0.10814851899760423,-0.7341050407640285,0.11745101640768663,-0.36237093865091263,0,1,0,2
0.8239954321711248,-0.5595970097177485,-0.6333303342028043,0.12820364974969184,-0.2555365184633201,-0.9790057465710549,-0.7341050407640285,-0.5798352853868923,-0.7131488177036864,1,1,2,1
-0.5962891542123031,1.0658796861460242,-1.3407191514151409,-1.0425533682433845,-0.2555365184633201,0.7627087085758464,-0.022796080838863534,-1.0156392240085041,1.3915184566129566,0,0,0,2
-0.8048624151497296,-0.5595970097177485,-0.17858038028058765,-0.4378766666425655,0.2339660497585023,-1.8498629741445056,-1.4454140006891936,1.4248628322725223,1.0407405775601828,0,1,2,1
0.8637236723496832,1.0658796861460242,0.3772251189576767,-0.6565895161577542,-0.7450390866851424,-0.10814851899760423,-0.7341050407640285,-1.2771215871814712,1.0407405775601828,1,0,0,2
0.3075283098498786,-0.5595970097177485,0.3266973462996528,0.205396420166817,-0.2555365184633201,-1.8498629741445056,0.6885128790863014,-0.9284784362841814,0.3391848194546351,0,2,1,1
-1.7186119392565504,-0.5595970097177485,-1.1386080607830447,-0.9782260595624453,-0.2555365184633201,-0.9790057465710549,1.3998218390114665,-1.1028000117328263,1.3915184566129566,0,0,0,2
0.3770527301623544,-0.5595970097177485,1.3372527994601338,0.79720766003145,1.212971186202147,-0.9790057465710549,-0.022796080838863534,-0.5798352853868923,1.0407405775601828,0,0,2,2
-0.04009379171249856,-0.5595970097177485,1.1856694814860618,1.4790771320493952,-2.2135467913506095,0.7627087085758464,-0.7341050407640285,0.6404157427536213,-1.0639266967564602,0,1,0,2
-0.914115075640762,1.0658796861460242,-0.9870247428089725,-0.1033746615016855,1.212971186202147,-0.10814851899760423,0.6885128790863014,0.29177259185633153,-1.4147045758092343,0,1,0,2
0.7644030719032899,1.0658796861460242,0.22564180098360465,0.6556875809333848,0.2339660497585023,0.7627087085758464,-0.022796080838863534,-1.0156392240085041,-0.7131488177036864,0,0,2,2
-1.6292233988547964,-0.5595970097177485,0.6298639822477969,0.41124380794582055,0.7234686179803247,-0.10814851899760423,0.6885128790863014,1.7735059831698121,-1.0639266967564602,0,0,1,2
0.7644030719032899,1.0658796861460242,-0.4312192435707079,-0.3606838962254385,0.2339660497585023,1.6335659361492971,0.6885128790863014,-0.9284784362841814,1.3915184566129566,0,2,0,2
1.4199190348494877,-0.5595970097177485,1.3877805721181578,1.569135364202709,0.7234686179803247,0.7627087085758464,0.6885128790863014,0.8147373182022662,-0.36237093865091263,0,1,2,2
-0.4075800133641549,1.0658796861460242,0.6298639822477969,0.46270565489057003,1.212971186202147,-0.10814851899760423,0.6885128790863014,-0.3183529222139253,0.6899626985074089,0,1,0,2
1.7079487761440282,-0.5595970097177485,0.9835583908539653,0.6942839661419492,1.212971186202147,1.6335659361492971,-1.4454140006891936,-0.49267449766256943,-0.36237093865091263,0,1,1,2
-1.3113974774263366,1.0658796861460242,-0.9364969701509483,-0.45074212837875244,-1.2345416549069648,-0.9790057465710549,-0.7341050407640285,1.1633804690995562,-1.4147045758092343,0,2,0,1
-0.06988997184641599,-0.5595970097177485,-0.6333303342028043,-0.16770197018262376,0.7234686179803247,0.7627087085758464,-0.7341050407640285,-0.8413176485598592,-0.011593059598138786,0,1,1,2
-0.16921057229281097,-0.5595970097177485,-1.2901913787571169,-1.4542481438013888,-1.7240442231287871,-0.10814851899760423,-1.4454140006891936,-1.189960799457149,-0.7131488177036864,0,0,1,2
-0.20893881247136756,-0.5595970097177485,2.9036137518588796,1.6334626728836474,-0.7450390866851424,-0.10814851899760423,1.3998218390114665,1.6863451954454902,-1.0639266967564602,1,0,0,2
-1.341193657560255,-0.5595970097177485,0.4782806642737249,-0.026181891084560337,1.212971186202147,0.7627087085758464,0.6885128790863014,0.8147373182022662,0.3391848194546351,0,2,1,2
0.833927492215764,-0.5595970097177485,1.589891662750254,1.6334626728836474,0.2339660497585023,1.6335659361492971,0.6885128790863014,1.0762196813752325,0.6899626985074089,0,0,1,2
-0.020229671623220265,-0.5595970097177485,-0.0775248349645397,0.4369747314181962,-0.7450390866851424,0.7627087085758464,-1.4454140006891936,1.6863451954454902,-0.7131488177036864,0,2,0,2
1.1120251734656672,1.0658796861460242,-0.6838581068608282,-2.0846557688745846,0.7234686179803247,0.7627087085758464,0.6885128790863014,0.29177259185633153,0.6899626985074089,0,1,2,2
0.7246748317247316,-0.5595970097177485,-1.542830242047237,-1.2998626029671376,-0.7450390866851424,0.7627087085758464,1.3998218390114665,-0.5798352853868923,1.0407405775601828,0,1,2,2
-0.586357094167663,-0.5595970097177485,-1.0880802881250207,-0.6951859013663185,-0.2555365184633201,-0.10814851899760423,-1.4454140006891936,1.7735059831698121,0.6899626985074089,0,1,0,2
1.608628175697635,-0.5595970097177485,0.023530710351508263,-0.5279348987958776,-0.7450390866851424,0.7627087085758464,1.3998218390114665,-0.05687055904095752,-0.36237093865091263,1,2,2,2
-0.2585991126945651,-0.5595970097177485,-1.8965246506534055,-2.4448886974878383,1.212971186202147,-0.9790057465710549,-1.4454140006891936,-0.5798352853868923,-0.36237093865091263,0,1,0,2
-0.3877158932748766,-0.5595970097177485,-1.2901913787571169,-1.1583425238690732,-0.2555365184633201,-0.10814851899760423,0.6885128790863014,-0.7541568608355372,-0.011593059598138786,0,0,1,2
1.7079487761440282,-0.5595970097177485,1.640419435408278,1.6849245198283969,-0.2555365184633201,1.6335659361492971,-1.4454140006891936,-1.189960799457149,1.3915184566129566,1,1,0,2
-1.2915333573370575,1.0658796861460242,-0.380691470912684,-1.1454770621328854,-1.2345416549069648,-0.10814851899760423,-0.7341050407640285,1.5120236199968444,-1.4147045758092343,0,1,2,1
0.02943062859997723,-0.5595970097177485,0.9330306181959415,0.9258622773933266,0.2339660497585023,0.7627087085758464,1.3998218390114665,-0.6669960731112143,0.3391848194546351,0,0,2,2
0.7147427716800925,-0.5595970097177485,0.781447300221869,0.8229385835038258,0.7234686179803247,-0.10814851899760423,-0.7341050407640285,0.5532549550292986,-1.0639266967564602,0,2,1,2
-1.2319409970692217,-0.5595970097177485,-0.380691470912684,-0.7595132100472568,0.2339660497585023,-0.9790057465710549,-0.7341050407640285,0.5532549550292986,0.6899626985074089,0,0,1,2
-1.7186119392565504,2.691356382009797,-1.1891358334410687,-0.7080513631025055,0.7234686179803247,-0.9790057465710549,-0.7341050407640285,-0.49267449766256943,1.3915184566129566,0,1,2,2
0.33732448998379605,-0.5595970097177485,1.5393638900922297,2.2767357596930298,-0.7450390866851424,-0.10814851899760423,0.6885128790863014,-0.05687055904095752,-0.7131488177036864,0,0,0,2
1.0325686931085523,1.0658796861460242,-0.17858038028058765,-0.1291055849740612,1.212971186202147,1.6335659361492971,-1.4454140006891936,-2.061568676700373,1.3915184566129566,0,0,2,2
-0.2784632327838434,-0.5595970097177485,-1.9470524233114292,-1.196938909077636,0.2339660497585023,0.7627087085758464,1.3998218390114665,-0.49267449766256943,-0.7131488177036864,0,1,2,2
-0.07982203189105691,1.0658796861460242,1.4888361174342057,1.8650409841350246,1.212971186202147,0.7627087085758464,-1.4454140006891936,-0.5798352853868923,1.3915184566129566,0,0,2,2
0.21813976944812455,-0.5595970097177485,0.7309195275638452,2.1223502188587777,-0.2555365184633201,-0.9790057465710549,1.3998218390114665,0.9018981059265884,0.6899626985074089,0,1,0,2
-0.3380555930516791,-0.5595970097177485,-0.9870247428089725,-0.9010332891453202,0.2339660497585023,0.7627087085758464,-1.4454140006891936,-2.148729464424695,-0.011593059598138786,0,1,0,2
-0.914115075640762,1.0658796861460242,1.0340861635119891,0.26972372884775525,1.212971186202147,-0.10814851899760423,-1.4454140006891936,1.2505412568238783,0.3391848194546351,1,0,1,2
0.11881916900173131,-0.5595970097177485,0.023530710351508263,-1.4799790672737645,-0.7450390866851424,0.7627087085758464,1.3998218390114665,-0.9284784362841814,0.6899626985074089,0,0,2,2
-2.0265058006403702,1.0658796861460242,-1.6438857873632853,0.1925309584306301,-0.2555365184633201,-0.9790057465710549,-0.022796080838863534,0.20461180413200947,-1.0639266967564602,1,1,2,2
0.02943062859997723,-0.5595970097177485,-0.1280526076225638,0.6042257339886353,-1.7240442231287871,1.6335659361492971,-0.7341050407640285,0.46609416730497644,1.0407405775601828,0,2,2,1
-0.42744413345343407,2.691356382009797,-1.2396636060990927,-0.7981095952558194,0.2339660497585023,0.7627087085758464,-0.022796080838863534,0.29177259185633153,-0.011593059598138786,0,1,2,1
0.7246748317247316,-0.5595970097177485,-0.17858038028058765,0.4369747314181962,0.7234686179803247,-0.10814851899760423,1.3998218390114665,-0.05687055904095752,-0.36237093865091263,0,1,2,2
-3.2382171260863726,1.0658796861460242,-1.1891358334410687,-0.051912814556936006,-2.703049359572432,-1.8498629741445056,1.3998218390114665,-0.9284784362841814,1.3915184566129566,1,1,0,1
1.3603266745816511,1.0658796861460242,1.0846139361700136,0.6556875809333848,0.2339660497585023,1.6335659361492971,-0.022796080838863534,-0.5798352853868923,0.3391848194546351,0,2,1,2
0.6650824714568949,-0.5595970097177485,-0.6333303342028043,-0.3992802814340011,1.212971186202147,0.7627087085758464,0.6885128790863014,-0.05687055904095752,-0.7131488177036864,0,0,0,2
-0.7949303551050896,-0.5595970097177485,-0.3301636982546599,-0.7852441335196306,-1.2345416549069648,-0.9790057465710549,-0.7341050407640285,-1.5386039503544382,1.0407405775601828,0,1,1,1
-0.1394143921588918,1.0658796861460242,1.0846139361700136,0.03814541759637792,0.7234686179803247,0.7627087085758464,0.6885128790863014,-1.3642823749057933,-0.7131488177036864,1,1,1,2
-1.2418730571138608,-0.5595970097177485,-1.1891358334410687,-0.7723786717834438,-1.2345416549069648,-1.8498629741445056,1.3998218390114665,0.9890588936509105,-0.36237093865091263,0,1,2,2
0.49623745069802594,-0.5595970097177485,0.781447300221869,-0.5665312840044421,1.212971186202147,1.6335659361492971,-1.4454140006891936,1.0762196813752325,-1.765482454862008,0,2,1,2
0.6650824714568949,1.0658796861460242,-0.27963592559663586,-1.184073447341449,-0.2555365184633201,-0.10814851899760423,0.6885128790863014,0.030290228683364548,1.3915184566129566,0,1,1,2
-0.48703649372126984,-0.5595970097177485,-0.17858038028058765,0.5013020400991345,0.2339660497585023,-0.9790057465710549,0.6885128790863014,-0.5798352853868923,-1.4147045758092343,0,2,0,2
-0.9637753758639594,-0.5595970097177485,-0.481747016228732,-0.6051276692130046,-1.2345416549069648,-1.8498629741445056,0.6885128790863014,-0.05687055904095752,-1.765482454862008,0,2,2,2
1.1318892935549454,-0.5595970097177485,-0.17858038028058765,0.4498401931543831,0.7234686179803247,1.6335659361492971,0.6885128790863014,-0.3183529222139253,1.3915184566129566,1,2,1,2
1.0127045730192739,-0.5595970097177485,0.6803917549058213,-0.5536658222682533,0.2339660497585023,0.7627087085758464,1.3998218390114665,0.9890588936509105,-0.7131488177036864,0,0,2,2
-2.582701163140175,2.691356382009797,-0.380691470912684,0.33405103752869353,-0.2555365184633201,-1.8498629741445056,-0.7341050407640285,-1.5386039503544382,1.3915184566129566,0,0,1,1
1.2808701942245362,-0.5595970097177485,0.7309195275638452,-1.0554188299795724,0.7234686179803247,1.6335659361492971,-0.7341050407640285,-2.584533403046307,0.3391848194546351,0,2,2,2
0.05922680873389467,-0.5595970097177485,-0.17858038028058765,-0.20629835539118635,0.2339660497585023,0.7627087085758464,0.6885128790863014,1.2505412568238783,1.3915184566129566,0,2,2,2
1.7079487761440282,-0.5595970097177485,-0.026997062306515603,0.24399280537538143,1.212971186202147,0.7627087085758464,-1.4454140006891936,0.9018981059265884,-1.4147045758092343,0,0,0,2
-1.599427218720878,1.0658796861460242,-0.5322747888867561,0.3726474227372579,0.7234686179803247,-0.9790057465710549,0.6885128790863014,0.11745101640768663,-0.7131488177036864,0,1,0,2
-0.3678517731855974,-0.5595970097177485,-1.0880802881250207,-0.8495714422005689,1.212971186202147,-0.10814851899760423,1.3998218390114665,0.6404157427536213,-1.4147045758092343,1,1,2,2
-0.924047135685402,-0.5595970097177485,0.27616957364162853,1.0287859712828273,0.2339660497585023,-0.9790057465710549,-0.022796080838863534,-0.40551370993824737,1.0407405775601828,1,0,2,2
-0.6260853343462205,1.0658796861460242,0.781447300221869,0.3597819610010692,-1.2345416549069648,-0.9790057465710549,1.3998218390114665,-1.1028000117328263,-0.011593059598138786,0,0,1,1
-0.4075800133641549,1.0658796861460242,0.3772251189576767,0.5656293487800726,0.7234686179803247,-0.10814851899760423,-0.022796080838863534,-1.8000863135274052,-0.7131488177036864,0,1,0,2
-0.17914263233745012,-0.5595970097177485,-1.2901913787571169,-1.4156517585928263,-1.2345416549069648,-0.10814851899760423,0.6885128790863014,0.46609416730497644,1.3915184566129566,0,1,2,2
0.3969168502516327,-0.5595970097177485,-1.2396636060990927,-0.1291055849740612,1.212971186202147,-0.9790057465710549,-0.022796080838863534,-0.9284784362841814,0.3391848194546351,0,0,0,2
0.02943062859997723,-0.5595970097177485,0.9330306181959415,0.7071494278781362,-1.7240442231287871,-0.9790057465710549,-0.022796080838863534,0.030290228683364548,-0.011593059598138786,1,1,2,2
1.3801907946709293,-0.5595970097177485,-1.7449413326793333,-3.3969328659657245,0.7234686179803247,0.7627087085758464,-1.4454140006891936,-1.5386039503544382,-1.0639266967564602,0,1,2,2
1.4894434551619617,-0.5595970097177485,-0.22910815293861175,-0.7595132100472568,0.7234686179803247,0.7627087085758464,0.6885128790863014,1.7735059831698121,-1.0639266967564602,1,1,2,2
0.9829083928853547,-0.5595970097177485,-0.5828025615447802,-0.232029278863562,-0.7450390866851424,0.7627087085758464,1.3998218390114665,1.7735059831698121,-0.011593059598138786,0,1,2,2
-1.8675928399261403,1.0658796861460242,-1.3407191514151409,-2.5864087765859027,0.2339660497585023,-1.8498629741445056,-0.7341050407640285,1.2505412568238783,-0.7131488177036864,0,2,0,1
0.49623745069802594,-0.5595970097177485,0.781447300221869,0.79720766003145,1.212971186202147,-0.10814851899760423,0.6885128790863014,-0.3183529222139253,1.3915184566129566,0,1,2,2
0.5756939310551409,1.0658796861460242,-0.6333303342028043,-1.1454770621328854,-0.7450390866851424,0.7627087085758464,-1.4454140006891936,0.20461180413200947,-1.765482454862008,0,2,1,2
0.7544710118586491,1.0658796861460242,0.4782806642737249,0.6170911957248222,0.7234686179803247,0.7627087085758464,-1.4454140006891936,0.20461180413200947,0.3391848194546351,0,0,1,1
-0.7254059347926146,1.0658796861460242,0.3772251189576767,0.3211855757925066,-2.703049359572432,0.7627087085758464,0.6885128790863014,1.7735059831698121,1.0407405775601828,0,2,0,1
0.5657618710105017,-0.5595970097177485,-0.6333303342028043,-0.5279348987958776,1.212971186202147,-0.10814851899760423,0.6885128790863014,0.9018981059265884,-0.36237093865091263,0,2,0,2
0.9233160326175198,-0.5595970097177485,-0.22910815293861175,0.5270329635715083,1.212971186202147,0.7627087085758464,0.6885128790863014,-0.8413176485598592,0.3391848194546351,0,1,1,2
0.9928404529299938,-0.5595970097177485,1.7414749807243262,2.006561063233088,-1.7240442231287871,1.6335659361492971,0.6885128790863014,0.3789333795806544,-0.7131488177036864,0,1,0,1
-2.294671421845633,1.0658796861460242,-2.0481079686274777,-1.9945975367212705,-1.2345416549069648,-0.10814851899760423,-0.7341050407640285,-0.8413176485598592,-0.7131488177036864,0,1,0,2
-0.23873499260528677,1.0658796861460242,-0.5322747888867561,-1.3127280647033255,-1.7240442231287871,-0.10814851899760423,-0.022796080838863534,-0.7541568608355372,0.3391848194546351,0,1,2,1
-1.6391554588994355,1.0658796861460242,-1.8459968779953813,-2.1747140010278976,-0.2555365184633201,-0.10814851899760423,-0.7341050407640285,1.2505412568238783,1.0407405775601828,0,2,1,2
-0.7353379948372538,1.0658796861460242,0.7309195275638452,0.6814185044057605,1.212971186202147,-0.10814851899760423,0.6885128790863014,-0.3183529222139253,-0.011593059598138786,0,1,0,2
-1.5497669184976814,-0.5595970097177485,-0.17858038028058765,-0.25776020233593766,-1.7240442231287871,-1.8498629741445056,-0.022796080838863534,-1.0156392240085041,-0.011593059598138786,0,0,0,1
-2.4039240823366654,1.0658796861460242,-0.9870247428089725,-1.608633684635641,-1.2345416549069648,-1.8498629741445056,-1.4454140006891936,0.6404157427536213,0.6899626985074089,0,2,2,1
-1.3213295374709757,-0.5595970097177485,-0.5322747888867561,-1.351324449911888,0.7234686179803247,-0.10814851899760423,1.3998218390114665,0.11745101640768663,-0.7131488177036864,0,0,2,2
0.49623745069802594,-0.5595970097177485,0.5288084369317487,0.25685826711156834,0.2339660497585023,-0.9790057465710549,-0.7341050407640285,1.1633804690995562,-0.36237093865091263,1,2,2,2
0.5558298109658626,-0.5595970097177485,0.8319750728798933,-0.6051276692130046,0.2339660497585023,-0.10814851899760423,-0.7341050407640285,1.2505412568238783,0.3391848194546351,0,0,2,2
0.12875122904637046,1.0658796861460242,0.27616957364162853,0.7843421982952613,-1.2345416549069648,0.7627087085758464,0.6885128790863014,1.7735059831698121,-1.4147045758092343,1,0,1,2
0.1386832890910096,-0.5595970097177485,0.3772251189576767,1.67205905809221,-1.2345416549069648,0.7627087085758464,0.6885128790863014,1.6863451954454902,1.3915184566129566,1,1,0,2
-0.5565609140337456,-0.5595970097177485,0.6298639822477969,0.23112734363919268,-1.7240442231287871,-0.9790057465710549,-1.4454140006891936,-2.061568676700373,0.3391848194546351,0,1,0,2
-0.914115075640762,1.0658796861460242,-0.026997062306515603,-0.32208751101687594,-1.2345416549069648,-1.8498629741445056,-0.7341050407640285,-1.0156392240085041,1.3915184566129566,0,1,1,1
1.2212778339566994,-0.5595970097177485,0.17511402832558076,0.5784948105162596,-0.7450390866851424,1.6335659361492971,1.3998218390114665,-0.3183529222139253,-0.011593059598138786,1,0,0,2
-0.7154738747479755,2.691356382009797,1.1351417088280373,1.582000825938896,0.2339660497585023,-0.10814851899760423,0.6885128790863014,-1.2771215871814712,1.3915184566129566,0,2,1,1
-0.48703649372126984,-0.5595970097177485,-2.0481079686274777,-1.956001151512708,0.7234686179803247,-1.8498629741445056,-0.022796080838863534,-0.8413176485598592,-0.011593059598138786,0,1,1,2
-1.519970738363763,-0.5595970097177485,-2.0481079686274777,-0.8624369039367576,-1.7240442231287871,-0.10814851899760423,-1.4454140006891936,1.1633804690995562,0.6899626985074089,0,2,1,2
0.516101570787306,2.691356382009797,0.5288084369317487,0.08960726454112926,1.212971186202147,1.6335659361492971,-0.7341050407640285,-1.8000863135274052,0.3391848194546351,0,1,1,2
1.7079487761440282,-0.5595970097177485,-0.9364969701509483,0.33405103752869353,-0.2555365184633201,-0.10814851899760423,-1.4454140006891936,0.20461180413200947,-0.7131488177036864,0,0,1,2
0.47637333060874765,-0.5595970097177485,0.023530710351508263,0.6428221191971979,0.7234686179803247,-0.10814851899760423,-0.022796080838863534,0.11745101640768663,1.3915184566129566,0,0,2,2
1.3007343143138144,1.0658796861460242,2.145697161988519,1.7363863667731483,1.212971186202147,0.7627087085758464,0.6885128790863014,0.20461180413200947,-1.0639266967564602,1,2,0,2
0.08902298886781211,1.0658796861460242,0.6803917549058213,0.25685826711156834,0.2339660497585023,0.7627087085758464,-0.022796080838863534,-2.32305103987334,1.3915184566129566,0,1,0,2
0.2777321297159612,-0.5595970097177485,0.9835583908539653,1.144575126908517,0.7234686179803247,-0.10814851899760423,-0.022796080838863534,-0.8413176485598592,-1.765482454862008,0,1,0,2
-1.430582197962009,-0.5595970097177485,-0.3301636982546599,-0.4250112049063768,-0.2555365184633201,-0.10814851899760423,1.3998218390114665,1.6863451954454902,1.3915184566129566,0,1,0,2
-0.18907469238208927,2.691356382009797,-0.8354414248349004,-1.094015215188135,-1.2345416549069648,-0.9790057465710549,1.3998218390114665,-1.189960799457149,-0.36237093865091263,1,2,2,1
-0.5664929740783847,-0.5595970097177485,-0.8859691974929245,-0.309222049280689,-1.7240442231287871,-0.10814851899760423,0.6885128790863014,1.7735059831698121,-0.011593059598138786,0,2,1,2
0.3969168502516327,-0.5595970097177485,0.07405848300953258,0.9515932008657022,0.7234686179803247,-0.10814851899760423,-1.4454140006891936,-0.9284784362841814,1.3915184566129566,0,2,1,2
1.1517534136442238,-0.5595970097177485,1.6909472080663022,1.8907719076074003,0.2339660497585023,0.7627087085758464,1.3998218390114665,1.2505412568238783,-0.7131488177036864,0,0,2,2
-0.7750662350158113,-0.5595970097177485,-0.17858038028058765,0.38551288447344484,-0.2555365184633201,-0.10814851899760423,-0.022796080838863534,-0.5798352853868923,0.6899626985074089,1,2,0,2
0.07909092882317297,-0.5595970097177485,-0.7849136521768764,-0.7080513631025055,0.2339660497585023,0.7627087085758464,-0.7341050407640285,0.3789333795806544,1.3915184566129566,0,2,1,2
-0.9637753758639594,-0.5595970097177485,-0.380691470912684,-0.9782260595624453,1.212971186202147,-0.10814851899760423,-0.7341050407640285,0.11745101640768663,1.0407405775601828,0,2,2,2
-1.0233677361317952,-0.5595970097177485,1.0340861635119891,1.569135364202709,-1.7240442231287871,-0.10814851899760423,-1.4454140006891936,-0.05687055904095752,-1.4147045758092343,0,1,2,1
0.3571886100730761,-0.5595970097177485,-0.0775248349645397,-0.5922622074768159,0.2339660497585023,-0.9790057465710549,-1.4454140006891936,0.8147373182022662,-1.765482454862008,0,1,0,2
-1.182280696846025,-0.5595970097177485,1.589891662750254,1.3504225146875186,-1.2345416549069648,-0.10814851899760423,0.6885128790863014,-1.189960799457149,-0.36237093865091263,0,1,2,2
0.36712067011771526,-0.5595970097177485,0.3772251189576767,-0.8495714422005689,0.2339660497585023,-0.10814851899760423,1.3998218390114665,-0.23119213448960244,-0.7131488177036864,0,0,1,2
0.43664509043019106,-0.5595970097177485,-0.22910815293861175,0.03814541759637792,0.7234686179803247,0.7627087085758464,0.6885128790863014,1.7735059831698121,-1.0639266967564602,0,1,0,2
1.3901228547155684,-0.5595970097177485,1.9435860713564224,1.0159205095466406,1.212971186202147,0.7627087085758464,-1.4454140006891936,0.3789333795806544,0.6899626985074089,0,1,2,2
0.2876641897606003,-0.5595970097177485,0.3266973462996528,0.16680003495825443,-0.7450390866851424,-0.10814851899760423,-0.022796080838863534,-1.5386039503544382,1.0407405775601828,0,1,1,2
-1.758340179435108,-0.5595970097177485,-1.6438857873632853,-0.7209168248386923,0.2339660497585023,-1.8498629741445056,-0.022796080838863534,-1.451443162630116,-0.36237093865091263,0,1,2,2
0.3273924299391569,-0.5595970097177485,-0.17858038028058765,0.6942839661419492,1.212971186202147,-0.10814851899760423,0.6885128790863014,0.9890588936509105,0.3391848194546351,0,0,2,2
0.5260336308319451,-0.5595970097177485,0.12458625566755645,1.0287859712828273,-0.2555365184633201,1.6335659361492971,-0.022796080838863534,-0.9284784362841814,-0.36237093865091263,0,2,0,2
1.5788319955637158,-0.5595970097177485,1.5393638900922297,1.1703060503808909,1.212971186202147,1.6335659361492971,-1.4454140006891936,0.8147373182022662,0.3391848194546351,0,0,0,2
-1.0432318562210734,-0.5595970097177485,-1.0880802881250207,-2.3419650035983377,0.7234686179803247,-0.9790057465710549,-0.7341050407640285,1.6863451954454902,1.3915184566129566,0,2,2,2
-0.1195502720696135,1.0658796861460242,-0.1280526076225638,-0.20629835539118635,1.212971186202147,0.7627087085758464,-1.4454140006891936,1.5120236199968444,-0.36237093865091263,0,2,2,2
0.09895504891245302,2.691356382009797,0.3266973462996528,0.6942839661419492,-0.7450390866851424,-0.10814851899760423,0.6885128790863014,1.6863451954454902,1.0407405775601828,0,0,0,2
-0.8743868354622045,1.0658796861460242,-1.2901913787571169,-1.351324449911888,0.7234686179803247,-0.9790057465710549,-0.7341050407640285,0.6404157427536213,1.0407405775601828,1,1,1,2
-1.8675928399261403,1.0658796861460242,-0.026997062306515603,-0.24489474059975078,-0.7450390866851424,-0.9790057465710549,-0.022796080838863534,-0.14403134676528037,-0.011593059598138786,0,1,0,2
1.1120251734656672,1.0658796861460242,0.3772251189576767,-0.4764730518511281,-0.2555365184633201,1.6335659361492971,-0.022796080838863534,-0.40551370993824737,-0.7131488177036864,0,1,2,2
-2.245011121622437,2.691356382009797,-1.2901913787571169,-0.5150694370596907,-1.2345416549069648,-1.8498629741445056,1.3998218390114665,0.030290228683364548,-1.0639266967564602,0,2,1,1
-0.6360173943908606,-0.5595970097177485,-1.542830242047237,-1.5957682228994532,1.212971186202147,-0.9790057465710549,0.6885128790863014,-0.9284784362841814,0.6899626985074089,0,1,2,2
-1.0134356760871561,-0.5595970097177485,1.1856694814860618,0.7457458130866987,1.212971186202147,-1.8498629741445056,-0.7341050407640285,-0.3183529222139253,1.0407405775601828,0,0,2,2
-0.14934645220353093,-0.5595970097177485,-2.0481079686274777,-1.5957682228994532,0.2339660497585023,-0.9790057465710549,-1.4454140006891936,-1.625764738078761,1.0407405775601828,0,0,2,2
0.8637236723496832,-0.5595970097177485,-0.7343858795188523,0.47557111662675877,0.7234686179803247,-0.10814851899760423,0.6885128790863014,-1.5386039503544382,1.0407405775601828,0,2,2,2
0.416780970340911,2.691356382009797,0.07405848300953258,-0.16770197018262376,0.7234686179803247,-0.10814851899760423,-0.022796080838863534,0.9018981059265884,0.3391848194546351,0,0,2,2
-0.37778383323023657,2.691356382009797,-0.9364969701509483,-0.24489474059975078,0.2339660497585023,-0.10814851899760423,-1.4454140006891936,-1.9744078889760501,-0.7131488177036864,0,1,2,1
1.1318892935549454,-0.5595970097177485,-0.3301636982546599,-0.2191638171273751,0.2339660497585023,-0.10814851899760423,-1.4454140006891936,-0.05687055904095752,0.6899626985074089,0,0,2,2
1.3404625544923727,-0.5595970097177485,-0.3301636982546599,0.21826188190300577,-0.7450390866851424,-0.10814851899760423,-1.4454140006891936,-0.14403134676528037,-1.4147045758092343,0,1,0,2
0.47637333060874765,-0.5595970097177485,-1.0880802881250207,-1.094015215188135,-0.7450390866851424,0.7627087085758464,0.6885128790863014,-0.40551370993824737,-1.765482454862008,0,0,0,2
0.6452183513676166,-0.5595970097177485,-0.17858038028058765,0.08960726454112926,0.2339660497585023,0.7627087085758464,1.3998218390114665,0.7275765304779435,1.3915184566129566,1,1,0,2
-0.6956097546586963,1.0658796861460242,-0.4312192435707079,-0.4764730518511281,-0.7450390866851424,0.7627087085758464,0.6885128790863014,-1.3642823749057933,0.6899626985074089,0,1,1,2
0.45650921051946936,1.0658796861460242,-0.22910815293861175,-1.1326116003966975,0.7234686179803247,0.7627087085758464,-0.022796080838863534,0.030290228683364548,-1.0639266967564602,1,0,0,2
1.5490358154297983,-0.5595970097177485,0.5288084369317487,-1.171207985605261,-0.7450390866851424,0.7627087085758464,-0.022796080838863534,-0.49267449766256943,-1.4147045758092343,1,1,0,2
-0.4075800133641549,-0.5595970097177485,-0.22910815293861175,0.4369747314181962,-1.2345416549069648,-0.9790057465710549,-0.7341050407640285,1.7735059831698121,-0.36237093865091263,0,0,1,2
0.9829083928853547,-0.5595970097177485,-0.1280526076225638,0.012414494124002251,0.7234686179803247,0.7627087085758464,0.6885128790863014,0.9018981059265884,-1.0639266967564602,0,2,2,2
0.7941992520372074,-0.5595970097177485,0.023530710351508263,-0.20629835539118635,1.212971186202147,0.7627087085758464,-0.7341050407640285,0.5532549550292986,-1.0639266967564602,1,1,0,2
-1.857660779881501,1.0658796861460242,0.781447300221869,1.6463281346198342,-0.7450390866851424,-0.10814851899760423,1.3998218390114665,1.3377020445482002,0.3391848194546351,1,0,1,2
1.3702587346262902,-0.5595970097177485,0.7309195275638452,1.8264445989264622,1.212971186202147,0.7627087085758464,-0.7341050407640285,-0.3183529222139253,-0.7131488177036864,0,1,2,2
-0.8147944751943688,-0.5595970097177485,0.579336209589773,0.6942839661419492,-0.7450390866851424,-1.8498629741445056,-0.7341050407640285,1.1633804690995562,-0.7131488177036864,0,1,1,2
0.019498568555338085,-0.5595970097177485,0.6803917549058213,1.8521755223988379,1.212971186202147,-0.10814851899760423,-0.022796080838863534,1.7735059831698121,-1.4147045758092343,0,1,1,2
-0.7055418147033354,-0.5595970097177485,-0.4312192435707079,0.5784948105162596,0.2339660497585023,-0.10814851899760423,-0.022796080838863534,0.46609416730497644,-1.0639266967564602,1,0,2,2
-0.5168326738551882,-0.5595970097177485,1.2867250268021095,1.569135364202709,-0.7450390866851424,-0.10814851899760423,0.6885128790863014,1.7735059831698121,1.3915184566129566,0,1,1,2
-0.1195502720696135,-0.5595970097177485,0.781447300221869,0.38551288447344484,0.7234686179803247,-0.10814851899760423,-1.4454140006891936,0.3789333795806544,1.3915184566129566,0,2,0,2
0.23800388953740284,1.0658796861460242,-1.1386080607830447,-1.5700372994270784,-1.2345416549069648,-0.9790057465710549,0.6885128790863014,-0.5798352853868923,-0.7131488177036864,0,1,0,2
1.5788319955637158,-0.5595970097177485,-1.8965246506534055,-1.0682842917157593,0.2339660497585023,0.7627087085758464,-1.4454140006891936,-0.5798352853868923,0.6899626985074089,1,1,2,2
0.3969168502516327,-0.5595970097177485,2.095169389330494,2.2638702979568412,-1.2345416549069648,-0.10814851899760423,-0.7341050407640285,0.030290228683364548,1.0407405775601828,0,0,1,1
0.9034519125282398,-0.5595970097177485,1.0340861635119891,-0.16770197018262376,-0.7450390866851424,-0.10814851899760423,-1.4454140006891936,-1.625764738078761,0.6899626985074089,0,1,1,2
-0.586357094167663,-0.5595970097177485,1.0340861635119891,0.6556875809333848,1.212971186202147,-0.9790057465710549,-1.4454140006891936,0.29177259185633153,-1.0639266967564602,1,1,0,2
-0.5565609140337456,-0.5595970097177485,-1.2396636060990927,-0.11624012323787426,1.212971186202147,-0.9790057465710549,-0.022796080838863534,0.20461180413200947,0.3391848194546351,1,1,2,2
0.5756939310551409,-0.5595970097177485,-0.026997062306515603,-0.06477827629312292,-0.7450390866851424,-1.8498629741445056,-0.022796080838863534,0.7275765304779435,-0.011593059598138786,0,1,1,2
0.2777321297159612,-0.5595970097177485,0.9835583908539653,0.6942839661419492,0.2339660497585023,-0.10814851899760423,-0.7341050407640285,0.6404157427536213,-1.765482454862008,0,1,1,2
0.38698479020699356,-0.5595970097177485,-0.22910815293861175,0.3726474227372579,1.212971186202147,1.6335659361492971,0.6885128790863014,0.3789333795806544,0.3391848194546351,1,0,0,2
-0.8743868354622045,1.0658796861460242,-1.542830242047237,-1.5443063759547029,-0.2555365184633201,-0.9790057465710549,-0.7341050407640285,-1.3642823749057933,1.3915184566129566,0,1,1,1
-2.0563019807742884,2.691356382009797,-2.0481079686274777,-1.9431356897765202,1.212971186202147,-0.10814851899760423,0.6885128790863014,1.7735059831698121,-0.7131488177036864,0,2,1,2
1.2014137138674212,-0.5595970097177485,0.27616957364162853,-0.19343289365499944,-0.7450390866851424,-0.9790057465710549,-0.022796080838863534,-1.625764738078761,-0.36237093865091263,0,1,1,2
-0.30825941291776165,-0.5595970097177485,-2.0481079686274777,-1.2355352942861992,-0.7450390866851424,-0.10814851899760423,0.6885128790863014,-1.1028000117328263,-0.011593059598138786,0,0,0,2
-2.0463699207296493,1.0658796861460242,-0.4312192435707079,0.8872658921847639,-0.7450390866851424,-1.8498629741445056,0.6885128790863014,0.20461180413200947,1.3915184566129566,1,1,1,1
0.03936268864461638,-0.5595970097177485,1.1351417088280373,2.2124084510120916,0.7234686179803247,-0.10814851899760423,-0.022796080838863534,1.599184407721168,-1.765482454862008,0,2,1,2
1.7079487761440282,-0.5595970097177485,0.6298639822477969,1.3890188998960813,1.212971186202147,0.7627087085758464,1.3998218390114665,1.1633804690995562,-0.7131488177036864,0,2,0,2
-0.5962891542123031,2.691356382009797,-1.2901913787571169,-0.309222049280689,-0.2555365184633201,0.7627087085758464,-1.4454140006891936,0.9018981059265884,1.3915184566129566,1,0,1,1
1.7079487761440282,-0.5595970097177485,1.438308344776182,0.29545465232013096,1.212971186202147,1.6335659361492971,1.3998218390114665,1.1633804690995562,-1.0639266967564602,0,1,2,2
-0.42744413345343407,-0.5595970097177485,1.7414749807243262,1.7749827519817107,-2.2135467913506095,-0.10814851899760423,0.6885128790863014,-0.14403134676528037,-0.7131488177036864,0,1,2,2
-1.1624165767567458,-0.5595970097177485,-0.27963592559663586,-1.1454770621328854,0.7234686179803247,-0.10814851899760423,-0.022796080838863534,-1.625764738078761,0.3391848194546351,1,2,2,2
-0.6956097546586963,-0.5595970097177485,0.579336209589773,0.6556875809333848,-0.2555365184633201,0.7627087085758464,-1.4454140006891936,0.3789333795806544,1.0407405775601828,0,1,1,2
-0.7055418147033354,1.0658796861460242,-0.6838581068608282,0.23112734363919268,0.7234686179803247,-0.9790057465710549,-0.022796080838863534,0.7275765304779435,-0.011593059598138786,0,1,0,2
-0.14934645220353093,-0.5595970097177485,-0.8354414248349004,-1.171207985605261,0.2339660497585023,-0.10814851899760423,-1.4454140006891936,-0.7541568608355372,-0.7131488177036864,1,2,1,2
0.516101570787306,-0.5595970097177485,0.6803917549058213,1.0030550478104516,1.212971186202147,-0.10814851899760423,0.6885128790863014,0.030290228683364548,0.3391848194546351,0,1,2,2
-1.0730280363549918,-0.5595970097177485,-1.2901913787571169,-1.9302702280403323,-1.7240442231287871,-0.10814851899760423,1.3998218390114665,-0.05687055904095752,-0.36237093865091263,1,1,2,2
1.3702587346262902,-0.5595970097177485,-0.5322747888867561,-0.16770197018262376,-0.2555365184633201,0.7627087085758464,1.3998218390114665,1.5120236199968444,0.6899626985074089,1,0,2,2
-1.4901745582298447,-0.5595970097177485,-0.5322747888867561,-0.2963565875445003,0.2339660497585023,-0.10814851899760423,1.3998218390114665,1.2505412568238783,0.3391848194546351,0,1,1,2
0.7048107116354533,-0.5595970097177485,1.9941138440144464,2.032291986705464,1.212971186202147,-0.9790057465710549,1.3998218390114665,1.2505412568238783,0.3391848194546351,0,2,1,2
-0.39764795331951575,-0.5595970097177485,0.5288084369317487,0.9387277391295135,1.212971186202147,-0.10814851899760423,-0.7341050407640285,0.7275765304779435,-0.011593059598138786,0,2,2,2
-0.4771044336766307,-0.5595970097177485,0.3266973462996528,1.9679646780245255,-0.7450390866851424,-0.10814851899760423,-1.4454140006891936,1.7735059831698121,1.0407405775601828,0,1,2,2
-0.3579197131409583,1.0658796861460242,-0.1280526076225638,-0.7337822865748811,0.2339660497585023,-0.10814851899760423,-1.4454140006891936,-0.7541568608355372,-1.765482454862008,0,2,0,2
0.6352862913229775,1.0658796861460242,0.781447300221869,0.1925309584306301,0.7234686179803247,-0.10814851899760423,1.3998218390114665,0.6404157427536213,-0.36237093865091263,0,1,1,2
0.9729763328407155,-0.5595970097177485,0.4782806642737249,0.17966549669444318,0.7234686179803247,-0.10814851899760423,1.3998218390114665,0.9018981059265884,-1.765482454862008,0,0,1,2
-0.6558815144801389,-0.5595970097177485,-0.0775248349645397,-0.00045096761218466834,-1.2345416549069648,-0.10814851899760423,0.6885128790863014,-0.23119213448960244,1.3915184566129566,0,1,0,2
0.6452183513676166,-0.5595970097177485,0.22564180098360465,0.11533818801350493,-0.7450390866851424,-0.9790057465710549,-0.7341050407640285,0.6404157427536213,-1.765482454862008,0,0,2,2
-0.5267647338998273,-0.5595970097177485,0.3772251189576767,-0.20629835539118635,-0.7450390866851424,-0.10814851899760423,-0.7341050407640285,0.29177259185633153,-0.011593059598138786,0,1,1,2
0.10888710895709217,1.0658796861460242,-0.4312192435707079,-0.6051276692130046,0.7234686179803247,-0.10814851899760423,-1.4454140006891936,0.5532549550292986,0.3391848194546351,0,2,2,1
-0.5366967939444665,-0.5595970097177485,-1.4923024693892128,-2.6893324704754034,-0.7450390866851424,-0.9790057465710549,0.6885128790863014,0.11745101640768663,1.3915184566129566,1,1,2,2
0.6551504114122558,-0.5595970097177485,-0.22910815293861175,-0.039047352820747255,0.2339660497585023,-1.8498629741445056,1.3998218390114665,0.9018981059265884,1.0407405775601828,0,2,2,2
-0.05995791180177685,-0.5595970097177485,-0.481747016228732,-0.8367059804643819,-1.7240442231287871,-0.10814851899760423,-0.022796080838863534,-0.23119213448960244,0.3391848194546351,1,0,2,1
-1.847728719836862,-0.5595970097177485,-0.0775248349645397,-0.2963565875445003,1.212971186202147,-0.9790057465710549,-0.022796080838863534,-0.3183529222139253,-1.0639266967564602,1,0,2,2
-0.07982203189105691,-0.5595970097177485,1.0846139361700136,1.4790771320493952,-1.2345416549069648,-0.10814851899760423,-1.4454140006891936,0.030290228683364548,-0.7131488177036864,0,1,1,2
1.7079487761440282,-0.5595970097177485,1.438308344776182,0.7714767365590743,1.212971186202147,1.6335659361492971,-1.4454140006891936,1.2505412568238783,1.0407405775601828,0,1,2,2
-0.3479876530963191,-0.5595970097177485,0.6803917549058213,0.7586112748228875,-0.7450390866851424,1.6335659361492971,-0.022796080838863534,-1.8000863135274052,-0.7131488177036864,0,0,0,2
-0.506900613810549,1.0658796861460242,0.781447300221869,1.5048080555217709,-0.2555365184633201,1.6335659361492971,-0.022796080838863534,-0.9284784362841814,1.0407405775601828,0,0,1,2
-1.8973890200600585,-0.5595970097177485,-0.1280526076225638,0.3211855757925066,-1.2345416549069648,-0.10814851899760423,-0.7341050407640285,1.7735059831698121,-0.7131488177036864,0,1,2,1
-1.678883699077993,-0.5595970097177485,-0.4312192435707079,0.5913602722524466,0.2339660497585023,-0.9790057465710549,-1.4454140006891936,0.29177259185633153,1.3915184566129566,0,1,1,2
-0.496968553765909,1.0658796861460242,0.7309195275638452,1.6849245198283969,-1.2345416549069648,-0.10814851899760423,-0.022796080838863534,-0.40551370993824737,0.3391848194546351,1,2,1,1
1.7079487761440282,-0.5595970097177485,0.9330306181959415,0.7328803513505118,-0.7450390866851424,1.6335659361492971,-0.022796080838863534,0.9018981059265884,-1.765482454862008,0,1,0,2
-0.7651341749711721,-0.5595970097177485,-0.17858038028058765,0.24399280537538143,-1.7240442231287871,-0.9790057465710549,-0.022796080838863534,-2.148729464424695,0.6899626985074089,0,2,1,2
-0.2585991126945651,-0.5595970097177485,0.07405848300953258,-0.7595132100472568,0.2339660497585023,-0.10814851899760423,-0.022796080838863534,0.3789333795806544,0.3391848194546351,0,0,1,2
-0.6956097546586963,1.0658796861460242,1.9435860713564224,1.929368292815963,1.212971186202147,-0.10814851899760423,-0.022796080838863534,-0.7541568608355372,-0.011593059598138786,0,2,1,2
0.4863053906533868,-0.5595970097177485,-2.0481079686274777,-0.9653605978262585,0.2339660497585023,-1.8498629741445056,1.3998218390114665,0.11745101640768663,0.3391848194546351,0,2,2,2
-2.761478243943683,1.0658796861460242,-0.380691470912684,-1.106880676924323,0.2339660497585023,-1.8498629741445056,1.3998218390114665,-1.8000863135274052,0.6899626985074089,0,1,1,1
-0.8048624151497296,-0.5595970097177485,-0.3301636982546599,0.10247272627731617,-1.7240442231287871,-1.8498629741445056,1.3998218390114665,0.030290228683364548,1.3915184566129566,1,1,2,1
-2.96011944483647,1.0658796861460242,-1.8965246506534055,-1.865942919359394,0.7234686179803247,-0.9790057465710549,0.6885128790863014,0.46609416730497644,1.3915184566129566,1,1,2,2
-0.9737074359085985,-0.5595970097177485,-0.22910815293861175,0.7457458130866987,-0.7450390866851424,-0.9790057465710549,1.3998218390114665,-1.451443162630116,0.6899626985074089,0,1,2,2
0.6650824714568949,-0.5595970097177485,1.2867250268021095,1.5305389789941466,1.212971186202147,1.6335659361492971,-0.022796080838863534,-1.5386039503544382,1.3915184566129566,0,1,2,2
-1.847728719836862,-0.5595970097177485,-0.3301636982546599,0.8358040452400126,0.2339660497585023,-1.8498629741445056,0.6885128790863014,-1.1028000117328263,-0.7131488177036864,0,2,1,2
-0.2784632327838434,-0.5595970097177485,-0.17858038028058765,-0.3606838962254385,0.7234686179803247,-0.9790057465710549,0.6885128790863014,0.8147373182022662,-1.765482454862008,0,0,2,2
-0.46717237363199154,1.0658796861460242,-2.0481079686274777,-1.2355352942861992,0.2339660497585023,0.7627087085758464,0.6885128790863014,0.46609416730497644,1.3915184566129566,1,1,2,2
-0.755202114926533,1.0658796861460242,-0.8354414248349004,-0.4250112049063768,0.7234686179803247,-0.9790057465710549,-0.7341050407640285,-0.23119213448960244,0.6899626985074089,1,1,1,2
-0.41751207340879404,-0.5595970097177485,0.3772251189576767,0.9515932008657022,1.212971186202147,0.7627087085758464,0.6885128790863014,-1.5386039503544382,1.3915184566129566,0,1,1,2
-0.834658595283647,2.691356382009797,-1.391246924073165,-1.2998626029671376,1.212971186202147,0.7627087085758464,1.3998218390114665,-0.8413176485598592,-1.765482454862008,0,2,1,1
-0.48703649372126984,-0.5595970097177485,-1.2901913787571169,-0.3478184344892516,0.2339660497585023,-0.10814851899760423,1.3998218390114665,0.8147373182022662,-0.011593059598138786,0,0,2,2
1.7079487761440282,-0.5595970097177485,-0.481747016228732,-0.9396296743538828,0.7234686179803247,0.7627087085758464,-1.4454140006891936,1.3377020445482002,-1.765482454862008,0,1,1,2
0.9034519125282398,-0.5595970097177485,0.4782806642737249,0.08960726454112926,1.212971186202147,1.6335659361492971,-0.022796080838863534,-1.0156392240085041,1.3915184566129566,0,1,0,2
1.2212778339566994,1.0658796861460242,0.9835583908539653,0.8229385835038258,0.7234686179803247,1.6335659361492971,-0.022796080838863534,1.2505412568238783,-1.4147045758092343,1,2,1,2
0.11881916900173131,-0.5595970097177485,-0.026997062306515603,0.42410926968200746,1.212971186202147,0.7627087085758464,-0.022796080838863534,0.7275765304779435,-0.36237093865091263,1,2,2,2
0.23800388953740284,-0.5595970097177485,-0.3301636982546599,-1.0811497534519472,0.7234686179803247,-0.10814851899760423,-1.4454140006891936,0.030290228683364548,-1.0639266967564602,0,1,0,2
0.416780970340911,-0.5595970097177485,0.3772251189576767,0.5784948105162596,1.212971186202147,-0.10814851899760423,-1.4454140006891936,-0.7541568608355372,-1.0639266967564602,1,0,2,2
1.102093113421028,-0.5595970097177485,-0.22910815293861175,-1.01682244477101,1.212971186202147,1.6335659361492971,-0.7341050407640285,-0.5798352853868923,0.6899626985074089,0,1,2,2
0.5359656908765843,-0.5595970097177485,0.7309195275638452,-0.051912814556936006,1.212971186202147,1.6335659361492971,-0.022796080838863534,1.7735059831698121,-0.011593059598138786,0,0,2,2
0.40684891029627185,1.0658796861460242,1.4888361174342057,1.9936956014969012,1.212971186202147,0.7627087085758464,-0.7341050407640285,0.20461180413200947,-0.7131488177036864,0,2,1,2
-1.182280696846025,4.31683307787357,-0.17858038028058765,0.539898425307697,0.7234686179803247,-0.10814851899760423,-0.7341050407640285,1.4248628322725223,-1.0639266967564602,0,2,0,1
-0.5664929740783847,-0.5595970097177485,-0.0775248349645397,-0.6437240544215672,-1.7240442231287871,-0.10814851899760423,-0.022796080838863534,-0.40551370993824737,-0.011593059598138786,0,1,0,1
0.5260336308319451,-0.5595970097177485,1.9941138440144464,1.0030550478104516,0.2339660497585023,0.7627087085758464,-1.4454140006891936,0.6404157427536213,-0.011593059598138786,1,1,2,2
-0.5466288539891055,-0.5595970097177485,0.27616957364162853,-0.24489474059975078,1.212971186202147,-0.9790057465710549,-0.7341050407640285,1.7735059831698121,-1.0639266967564602,0,0,0,2
-1.0630959763103527,-0.5595970097177485,0.023530710351508263,1.0030550478104516,-1.7240442231287871,-0.10814851899760423,1.3998218390114665,0.9890588936509105,1.0407405775601828,0,0,0,2
0.4863053906533868,-0.5595970097177485,-0.8859691974929245,-1.8402119958870184,-0.2555365184633201,-0.10814851899760423,-0.7341050407640285,-1.451443162630116,0.6899626985074089,1,0,2,2
-1.6391554588994355,-0.5595970097177485,1.2361972541440855,1.0287859712828273,-0.7450390866851424,-1.8498629741445056,1.3998218390114665,-1.5386039503544382,1.0407405775601828,0,2,1,2
-0.30825941291776165,1.0658796861460242,0.579336209589773,0.42410926968200746,0.7234686179803247,-1.8498629741445056,-0.022796080838863534,-0.40551370993824737,-1.765482454862008,0,1,2,2
0.7544710118586491,-0.5595970097177485,1.1351417088280373,1.6849245198283969,1.212971186202147,-0.10814851899760423,1.3998218390114665,0.3789333795806544,0.3391848194546351,0,1,2,2
-0.15927851224817183,-0.5595970097177485,0.27616957364162853,0.4369747314181962,0.2339660497585023,-0.9790057465710549,0.6885128790863014,-1.625764738078761,1.3915184566129566,0,1,2,2
-0.03016173166785941,-0.5595970097177485,0.07405848300953258,0.1539345732220675,-0.2555365184633201,-0.9790057465710549,-0.022796080838863534,0.7275765304779435,0.3391848194546351,1,1,1,2
-1.9867775604618128,-0.5595970097177485,-1.0375525154669965,-1.441382682065202,0.2339660497585023,-0.9790057465710549,0.6885128790863014,-0.05687055904095752,0.3391848194546351,0,2,2,2
-0.5267647338998273,-0.5595970097177485,0.427752891615701,0.3083201140563197,-0.2555365184633201,-0.10814851899760423,1.3998218390114665,0.030290228683364548,0.3391848194546351,0,0,2,2
-0.2784632327838434,-0.5595970097177485,-1.6438857873632853,-1.1583425238690732,1.212971186202147,-0.9790057465710549,-1.4454140006891936,1.7735059831698121,-1.4147045758092343,0,2,2,2
0.595558051144421,-0.5595970097177485,0.7309195275638452,-0.6051276692130046,0.2339660497585023,0.7627087085758464,0.6885128790863014,0.3789333795806544,1.3915184566129566,0,0,2,2
0.3770527301623544,-0.5595970097177485,-0.17858038028058765,0.47557111662675877,-0.7450390866851424,0.7627087085758464,0.6885128790863014,-1.3642823749057933,-0.36237093865091263,0,2,1,2
-2.682021763586568,-0.5595970097177485,-1.694413560021309,-1.106880676924323,-0.7450390866851424,-1.8498629741445056,1.3998218390114665,-0.14403134676528037,0.6899626985074089,0,1,0,2
1.0127045730192739,-0.5595970097177485,1.438308344776182,1.8521755223988379,-1.7240442231287871,0.7627087085758464,-0.7341050407640285,0.9018981059265884,1.0407405775601828,0,2,2,2
1.3106663743584535,-0.5595970097177485,-1.694413560021309,-2.3419650035983377,1.212971186202147,-0.10814851899760423,-0.022796080838863534,-0.49267449766256943,-1.4147045758092343,0,0,2,2
-0.6856776946140571,-0.5595970097177485,-1.1386080607830447,-1.0425533682433845,0.2339660497585023,-1.8498629741445056,-0.7341050407640285,-1.3642823749057933,-0.7131488177036864,0,1,1,1
0.2082077094034854,-0.5595970097177485,1.9941138440144464,1.157440588644704,-1.7240442231287871,0.7627087085758464,-0.022796080838863534,0.7275765304779435,1.3915184566129566,1,2,2,2
1.4795113951173227,-0.5595970097177485,1.2361972541440855,0.5656293487800726,0.7234686179803247,1.6335659361492971,-0.022796080838863534,0.7275765304779435,0.3391848194546351,1,0,2,2
0.47637333060874765,-0.5595970097177485,0.5288084369317487,-0.5022039753235038,-1.2345416549069648,-0.10814851899760423,-0.7341050407640285,-0.05687055904095752,1.0407405775601828,0,1,2,2
-0.9836394959532377,1.0658796861460242,2.3478082526206143,2.199542989275903,1.212971186202147,-0.10814851899760423,-0.022796080838863534,0.20461180413200947,0.3391848194546351,0,0,0,2
-0.5962891542123031,1.0658796861460242,-0.8354414248349004,0.3726474227372579,-1.2345416549069648,-0.10814851899760423,-0.022796080838863534,-0.5798352853868923,-1.0639266967564602,0,1,0,1
-0.3678517731855974,1.0658796861460242,-0.1280526076225638,-0.8624369039367576,-0.2555365184633201,-0.9790057465710549,-0.022796080838863534,-1.451443162630116,-0.36237093865091263,1,1,0,1
0.19827564935884626,-0.5595970097177485,1.79200275338235,1.6077317494112717,-1.7240442231287871,0.7627087085758464,-1.4454140006891936,0.030290228683364548,-0.7131488177036864,1,0,0,2
-1.172348636801386,4.31683307787357,0.3266973462996528,0.539898425307697,0.7234686179803247,-0.10814851899760423,0.6885128790863014,0.11745101640768663,-1.4147045758092343,0,1,1,1
0.03936268864461638,-0.5595970097177485,-0.7343858795188523,-0.3992802814340011,-1.7240442231287871,0.7627087085758464,-1.4454140006891936,-0.7541568608355372,-1.4147045758092343,0,1,1,2
0.45650921051946936,-0.5595970097177485,-1.4923024693892128,-0.32208751101687594,1.212971186202147,0.7627087085758464,-1.4454140006891936,1.1633804690995562,-0.7131488177036864,0,2,2,2
-0.7154738747479755,1.0658796861460242,0.4782806642737249,-0.11624012323787426,1.212971186202147,-0.10814851899760423,1.3998218390114665,-1.189960799457149,0.6899626985074089,0,0,0,2
-1.1226883365781883,1.0658796861460242,-0.5322747888867561,-0.7852441335196306,-0.2555365184633201,-0.10814851899760423,-0.022796080838863534,-1.3642823749057933,-0.36237093865091263,0,2,1,2
1.7079487761440282,-0.5595970097177485,-0.6838581068608282,-1.5443063759547029,-0.2555365184633201,0.7627087085758464,1.3998218390114665,-0.3183529222139253,1.3915184566129566,1,1,1,2
-2.3840599622473873,-0.5595970097177485,-0.8354414248349004,-0.7080513631025055,-1.7240442231287871,-1.8498629741445056,1.3998218390114665,-0.9284784362841814,0.3391848194546351,0,2,2,2
-0.5664929740783847,-0.5595970097177485,0.8319750728798933,1.324691591215143,-0.7450390866851424,-0.10814851899760423,-1.4454140006891936,-1.3642823749057933,0.3391848194546351,0,0,1,2
-0.7849982950604504,-0.5595970097177485,0.4782806642737249,0.46270565489057003,0.7234686179803247,-0.10814851899760423,-0.022796080838863534,1.7735059831698121,0.3391848194546351,0,1,1,2
-1.2120768769799435,1.0658796861460242,1.8930582986983981,2.109484757122591,-1.2345416549069648,-0.10814851899760423,-1.4454140006891936,-0.40551370993824737,1.0407405775601828,0,1,1,2
0.6650824714568949,1.0658796861460242,1.1351417088280373,0.8229385835038258,0.2339660497585023,-0.10814851899760423,-0.7341050407640285,1.7735059831698121,-1.765482454862008,0,2,0,2
0.5458977509212234,-0.5595970097177485,0.12458625566755645,-0.9910915212986342,0.7234686179803247,1.6335659361492971,-0.022796080838863534,-1.0156392240085041,1.3915184566129566,1,1,1,2
1.082228993331748,1.0658796861460242,0.07405848300953258,0.051010879332566664,1.212971186202147,1.6335659361492971,-0.7341050407640285,-1.8000863135274052,-0.36237093865091263,1,1,2,2
1.1716175337335037,-0.5595970097177485,1.0340861635119891,0.24399280537538143,-0.7450390866851424,1.6335659361492971,-0.7341050407640285,1.3377020445482002,-1.0639266967564602,0,2,1,2
1.3007343143138144,-0.5595970097177485,0.12458625566755645,-0.15483650844643684,-0.7450390866851424,1.6335659361492971,0.6885128790863014,-0.7541568608355372,-0.36237093865091263,0,1,2,2
0.019498568555338085,-0.5595970097177485,1.2361972541440855,0.012414494124002251,0.2339660497585023,-0.9790057465710549,-0.7341050407640285,0.20461180413200947,1.3915184566129566,0,0,1,2
0.04929474868925553,-0.5595970097177485,0.17511402832558076,0.6685530426695735,-0.7450390866851424,1.6335659361492971,-0.7341050407640285,-1.3642823749057933,-0.011593059598138786,0,1,1,2
0.5558298109658626,-0.5595970097177485,0.6298639822477969,1.0287859712828273,0.7234686179803247,0.7627087085758464,1.3998218390114665,0.030290228683364548,-0.36237093865091263,0,1,1,2
-0.7452700548818929,2.691356382009797,-1.593358014705261,-1.788750148942268,-0.7450390866851424,0.7627087085758464,-0.7341050407640285,-0.05687055904095752,-0.36237093865091263,0,1,2,1
1.698016716099389,-0.5595970097177485,1.3877805721181578,0.8615349687123883,1.212971186202147,1.6335659361492971,1.3998218390114665,-0.49267449766256943,-0.36237093865091263,0,2,1,2
1.7079487761440282,-0.5595970097177485,1.438308344776182,0.3211855757925066,1.212971186202147,0.7627087085758464,-1.4454140006891936,0.29177259185633153,1.3915184566129566,1,2,0,2
-1.1127562765335492,-0.5595970097177485,-0.3301636982546599,0.282589190583944,-0.2555365184633201,-0.10814851899760423,-0.7341050407640285,0.46609416730497644,-0.36237093865091263,0,2,0,2
0.8736557323943223,-0.5595970097177485,0.12458625566755645,1.157440588644704,-0.2555365184633201,1.6335659361492971,-1.4454140006891936,-0.05687055904095752,0.6899626985074089,0,2,0,2
-0.05995791180177685,-0.5595970097177485,-1.3407191514151409,-0.9138987508815072,-0.7450390866851424,-0.10814851899760423,-1.4454140006891936,-0.05687055904095752,-0.7131488177036864,1,2,0,2
-0.8843188955068445,-0.5595970097177485,-0.5322747888867561,0.34691649926488227,-1.7240442231287871,0.7627087085758464,1.3998218390114665,0.46609416730497644,0.6899626985074089,1,0,1,2
-0.6360173943908606,-0.5595970097177485,-1.1386080607830447,-1.248400756022387,-1.2345416549069648,-0.10814851899760423,1.3998218390114665,-1.0156392240085041,1.3915184566129566,0,1,2,2
-0.2983273528731217,1.0658796861460242,0.07405848300953258,-0.5279348987958776,0.2339660497585023,0.7627087085758464,0.6885128790863014,1.5120236199968444,-0.011593059598138786,0,1,2,1
0.2082077094034854,1.0658796861460242,0.5288084369317487,-1.261266217758574,-1.7240442231287871,-0.10814851899760423,1.3998218390114665,-0.23119213448960244,-0.011593059598138786,0,1,0,2
-0.5366967939444665,2.691356382009797,-0.026997062306515603,0.21826188190300577,-1.7240442231287871,0.7627087085758464,1.3998218390114665,-0.05687055904095752,1.3915184566129566,1,2,0,1
0.06915886877853382,-0.5595970097177485,-0.4312192435707079,-0.309222049280689,-0.2555365184633201,1.6335659361492971,0.6885128790863014,0.3789333795806544,-0.36237093865091263,0,2,1,2
1.3801907946709293,-0.5595970097177485,1.3877805721181578,0.9258622773933266,0.7234686179803247,1.6335659361492971,1.3998218390114665,1.5120236199968444,-1.765482454862008,0,1,2,2
-1.6590195789887139,1.0658796861460242,-0.3301636982546599,-0.41214574317018987,-1.2345416549069648,1.6335659361492971,-0.022796080838863534,-2.584533403046307,1.3915184566129566,0,2,2,2
1.7079487761440282,-0.5595970097177485,0.579336209589773,0.012414494124002251,-1.2345416549069648,-0.9790057465710549,-1.4454140006891936,1.3377020445482002,0.3391848194546351,0,1,2,2
-1.2319409970692217,-0.5595970097177485,-2.0481079686274777,-1.4027862968566385,-1.7240442231287871,-0.10814851899760423,1.3998218390114665,0.9890588936509105,-1.765482454862008,0,0,2,2
1.7079487761440282,-0.5595970097177485,1.1351417088280373,0.8615349687123883,0.7234686179803247,0.7627087085758464,-0.7341050407640285,-1.887247101251728,0.6899626985074089,0,1,2,2
0.2876641897606003,-0.5595970097177485,-0.8354414248349004,-0.2963565875445003,0.7234686179803247,1.6335659361492971,0.6885128790863014,0.9890588936509105,0.3391848194546351,0,0,2,2
0.17841152926956796,1.0658796861460242,1.5393638900922297,1.1703060503808909,-0.7450390866851424,-0.10814851899760423,-1.4454140006891936,1.1633804690995562,-0.011593059598138786,1,1,1,2
-0.6260853343462205,-0.5595970097177485,-0.026997062306515603,-0.5793967457406289,1.212971186202147,-1.8498629741445056,-1.4454140006891936,0.6404157427536213,-0.36237093865091263,0,1,1,2
-0.2784632327838434,1.0658796861460242,-0.6333303342028043,-0.9653605978262585,1.212971186202147,-0.9790057465710549,0.6885128790863014,0.7275765304779435,-1.0639266967564602,0,2,1,2
0.4465771504748302,-0.5595970097177485,3.004669297174927,3.3574345455327914,-0.7450390866851424,1.6335659361492971,0.6885128790863014,1.0762196813752325,-1.0639266967564602,0,2,2,2
-0.2784632327838434,-0.5595970097177485,0.17511402832558076,0.5656293487800726,-1.7240442231287871,0.7627087085758464,-0.022796080838863534,-0.5798352853868923,-1.765482454862008,0,2,2,2
0.6650824714568949,-0.5595970097177485,2.3478082526206143,3.4989546246308567,0.7234686179803247,1.6335659361492971,1.3998218390114665,0.46609416730497644,0.6899626985074089,0,1,2,2
0.31746036989451776,1.0658796861460242,-0.026997062306515603,-0.5279348987958776,1.212971186202147,-0.10814851899760423,-0.022796080838863534,-0.3183529222139253,-1.4147045758092343,0,2,1,2
1.3901228547155684,-0.5595970097177485,-0.3301636982546599,-0.2963565875445003,0.2339660497585023,-0.10814851899760423,-1.4454140006891936,0.9890588936509105,-1.0639266967564602,0,2,2,2
-0.07982203189105691,1.0658796861460242,0.6803917549058213,0.3726474227372579,-0.7450390866851424,1.6335659361492971,-1.4454140006891936,-0.3183529222139253,0.6899626985074089,1,1,1,1
0.7743351319479291,1.0658796861460242,1.2361972541440855,0.8744004304485752,-0.7450390866851424,1.6335659361492971,-0.7341050407640285,-0.5798352853868923,1.3915184566129566,0,2,0,2
-0.26853117273920424,1.0658796861460242,0.9330306181959415,0.6170911957248222,0.2339660497585023,-0.9790057465710549,0.6885128790863014,0.030290228683364548,1.3915184566129566,0,0,1,2
-0.9538433158193195,1.0658796861460242,0.5288084369317487,0.6814185044057605,1.212971186202147,-0.10814851899760423,-1.4454140006891936,-1.3642823749057933,1.3915184566129566,1,2,2,2
-0.7849982950604504,-0.5595970097177485,0.023530710351508263,0.4884365783629457,-0.2555365184633201,-0.10814851899760423,-1.4454140006891936,-0.14403134676528037,1.0407405775601828,0,1,2,2
-3.2580812461756508,-0.5595970097177485,0.8319750728798933,1.1703060503808909,-2.2135467913506095,-1.8498629741445056,0.6885128790863014,0.3789333795806544,0.6899626985074089,0,1,0,1
0.2280718294927637,-0.5595970097177485,0.427752891615701,1.054516894755203,1.212971186202147,1.6335659361492971,1.3998218390114665,0.9018981059265884,0.3391848194546351,0,0,1,2
-0.586357094167663,-0.5595970097177485,-0.17858038028058765,-1.3770553733842636,0.7234686179803247,-0.10814851899760423,0.6885128790863014,0.29177259185633153,1.3915184566129566,0,1,1,2
-0.1394143921588918,-0.5595970097177485,-0.17858038028058765,0.8358040452400126,1.212971186202147,-0.9790057465710549,-1.4454140006891936,-1.451443162630116,-1.0639266967564602,0,1,1,2
0.2777321297159612,1.0658796861460242,1.438308344776182,0.8615349687123883,0.7234686179803247,1.6335659361492971,0.6885128790863014,1.4248628322725223,-1.765482454862008,0,2,1,2
-0.28839529282848253,-0.5595970097177485,-1.3407191514151409,-0.3478184344892516,0.2339660497585023,-1.8498629741445056,1.3998218390114665,1.5120236199968444,0.6899626985074089,0,2,2,2
1.6483564158761916,-0.5595970097177485,0.8825028455379171,0.7586112748228875,0.7234686179803247,1.6335659361492971,-1.4454140006891936,0.11745101640768663,0.3391848194546351,0,2,0,2
-0.30825941291776165,-0.5595970097177485,2.2467527073045663,2.791354229140536,0.7234686179803247,-0.10814851899760423,-0.7341050407640285,-0.49267449766256943,1.0407405775601828,0,2,2,2
0.7246748317247316,-0.5595970097177485,-2.0481079686274777,-0.8624369039367576,-1.7240442231287871,1.6335659361492971,1.3998218390114665,-0.14403134676528037,1.3915184566129566,0,1,0,2
-0.4075800133641549,1.0658796861460242,-0.9364969701509483,-1.3127280647033255,0.7234686179803247,0.7627087085758464,0.6885128790863014,-0.3183529222139253,1.0407405775601828,0,0,1,1
-0.020229671623220265,-0.5595970097177485,-0.6838581068608282,0.8872658921847639,0.2339660497585023,-0.10814851899760423,1.3998218390114665,-0.8413176485598592,-1.765482454862008,0,1,0,2
1.3801907946709293,-0.5595970097177485,0.9330306181959415,0.5784948105162596,1.212971186202147,1.6335659361492971,0.6885128790863014,1.0762196813752325,-1.0639266967564602,0,2,0,2
0.1386832890910096,-0.5595970097177485,-1.391246924073165,-1.5185754524823272,1.212971186202147,-0.10814851899760423,-1.4454140006891936,0.29177259185633153,1.3915184566129566,1,2,2,1
-1.0432318562210734,-0.5595970097177485,-0.3301636982546599,-1.7630192254698933,0.7234686179803247,-0.10814851899760423,-1.4454140006891936,0.20461180413200947,1.3915184566129566,0,0,2,2
0.09895504891245302,-0.5595970097177485,-0.6333303342028043,-0.1033746615016855,-1.7240442231287871,-1.8498629741445056,-0.022796080838863534,0.20461180413200947,-1.4147045758092343,0,0,2,2
0.6253542312783383,-0.5595970097177485,-1.4417746967311889,-1.4156517585928263,1.212971186202147,0.7627087085758464,1.3998218390114665,-0.23119213448960244,-0.011593059598138786,0,0,2,2
1.2908022542691753,1.0658796861460242,0.5288084369317487,-0.25776020233593766,1.212971186202147,-0.9790057465710549,-0.7341050407640285,-0.05687055904095752,1.3915184566129566,1,0,0,2
0.17841152926956796,1.0658796861460242,-0.27963592559663586,-0.039047352820747255,0.2339660497585023,-0.10814851899760423,-1.4454140006891936,-0.05687055904095752,1.0407405775601828,0,1,0,2
0.7048107116354533,-0.5595970097177485,1.0846139361700136,-0.45074212837875244,-0.2555365184633201,1.6335659361492971,-0.7341050407640285,1.1633804690995562,-1.0639266967564602,1,1,2,2
0.5359656908765843,-0.5595970097177485,-0.380691470912684,0.205396420166817,0.7234686179803247,0.7627087085758464,-0.022796080838863534,-1.451443162630116,0.6899626985074089,0,1,0,2
-1.6987478191672714,-0.5595970097177485,-0.4312192435707079,0.6170911957248222,-1.7240442231287871,-0.9790057465710549,0.6885128790863014,-1.2771215871814712,1.0407405775601828,0,2,0,1
-0.3877158932748766,1.0658796861460242,-0.9364969701509483,-0.07764373802930984,-0.2555365184633201,-1.8498629741445056,-1.4454140006891936,0.8147373182022662,-0.7131488177036864,1,1,0,2
-0.1394143921588918,1.0658796861460242,-0.7849136521768764,0.23112734363919268,-1.2345416549069648,-1.8498629741445056,1.3998218390114665,1.7735059831698121,-0.7131488177036864,0,1,2,2
-0.6260853343462205,-0.5595970097177485,0.8825028455379171,1.3890188998960813,0.2339660497585023,-0.9790057465710549,0.6885128790863014,0.9890588936509105,0.3391848194546351,0,1,1,2
0.45650921051946936,-0.5595970097177485,-0.026997062306515603,-0.00045096761218466834,0.7234686179803247,-0.9790057465710549,1.3998218390114665,1.7735059831698121,1.3915184566129566,1,1,2,2
1.2312098940013387,-0.5595970097177485,-0.22910815293861175,-0.2706256640721246,0.2339660497585023,0.7627087085758464,-1.4454140006891936,-0.40551370993824737,-0.36237093865091263,0,2,2,2
-1.1127562765335492,1.0658796861460242,-1.3407191514151409,-0.6179931309491915,-0.2555365184633201,-1.8498629741445056,1.3998218390114665,-0.6669960731112143,-1.4147045758092343,0,1,1,2
0.47637333060874765,-0.5595970097177485,-1.0880802881250207,-0.6308585926853802,-0.2555365184633201,0.7627087085758464,-1.4454140006891936,0.46609416730497644,0.6899626985074089,0,0,2,2
-0.5764250341230239,2.691356382009797,-0.22910815293861175,-0.5408003605320664,-1.2345416549069648,-0.10814851899760423,0.6885128790863014,-1.3642823749057933,-0.7131488177036864,0,1,2,1
0.4863053906533868,-0.5595970097177485,0.3266973462996528,0.5784948105162596,1.212971186202147,-0.10814851899760423,-0.7341050407640285,0.030290228683364548,1.3915184566129566,0,1,1,2
-0.000365551533941971,1.0658796861460242,0.6298639822477969,0.6942839661419492,1.212971186202147,-1.8498629741445056,0.6885128790863014,-0.6669960731112143,-1.4147045758092343,1,2,0,2
0.8935198524836006,-0.5595970097177485,-0.3301636982546599,0.7457458130866987,-0.2555365184633201,0.7627087085758464,-1.4454140006891936,0.9018981059265884,-1.765482454862008,0,1,2,2
-0.5168326738551882,1.0658796861460242,0.5288084369317487,0.1539345732220675,1.212971186202147,-0.10814851899760423,1.3998218390114665,0.9018981059265884,-0.36237093865091263,0,2,0,2
1.2908022542691753,-0.5595970097177485,-2.0481079686274777,-1.9174047663041445,1.212971186202147,0.7627087085758464,-0.022796080838863534,0.3789333795806544,0.3391848194546351,0,2,0,2
1.0921610533763888,-0.5595970097177485,0.12458625566755645,-0.25776020233593766,0.2339660497585023,1.6335659361492971,-1.4454140006891936,-0.8413176485598592,-1.0639266967564602,0,1,0,2
1.7079487761440282,-0.5595970097177485,0.6803917549058213,0.41124380794582055,-0.7450390866851424,0.7627087085758464,0.6885128790863014,0.46609416730497644,0.3391848194546351,0,2,0,2
1.1219572335103063,1.0658796861460242,-0.7343858795188523,-0.5793967457406289,1.212971186202147,-0.10814851899760423,1.3998218390114665,-0.9284784362841814,0.3391848194546351,0,1,2,2
-0.42744413345343407,-0.5595970097177485,1.438308344776182,2.379659453582531,1.212971186202147,0.7627087085758464,-1.4454140006891936,-1.0156392240085041,1.3915184566129566,0,2,1,2
-2.0563019807742884,-0.5595970097177485,-0.8354414248349004,-0.4250112049063768,0.7234686179803247,-0.10814851899760423,-0.7341050407640285,-0.5798352853868923,0.3391848194546351,0,0,1,2
1.3305304944477319,-0.5595970097177485,-0.0775248349645397,0.46270565489057003,-1.2345416549069648,1.6335659361492971,-0.7341050407640285,0.11745101640768663,-1.4147045758092343,1,2,2,2
-1.251805117158501,-0.5595970097177485,0.27616957364162853,0.8872658921847639,0.2339660497585023,-0.10814851899760423,-0.7341050407640285,-0.40551370993824737,-1.765482454862008,0,1,2,2
-0.12948233211425264,-0.5595970097177485,-0.9364969701509483,0.08960726454112926,-0.2555365184633201,-0.10814851899760423,1.3998218390114665,-0.9284784362841814,1.0407405775601828,0,0,1,2
-0.15927851224817183,-0.5595970097177485,0.27616957364162853,0.14106911148587875,-0.7450390866851424,-1.8498629741445056,1.3998218390114665,-0.05687055904095752,1.3915184566129566,1,2,1,2
1.7079487761440282,-0.5595970097177485,0.6298639822477969,1.054516894755203,0.2339660497585023,1.6335659361492971,-1.4454140006891936,-1.1028000117328263,0.6899626985074089,0,2,2,2
0.45650921051946936,-0.5595970097177485,-0.17858038028058765,0.5913602722524466,1.212971186202147,-0.10814851899760423,-0.022796080838863534,-1.887247101251728,0.6899626985074089,0,2,2,2
1.7079487761440282,-0.5595970097177485,2.145697161988519,0.6942839661419492,-0.7450390866851424,0.7627087085758464,0.6885128790863014,-0.23119213448960244,1.0407405775601828,0,2,2,2
0.05922680873389467,-0.5595970097177485,-0.7343858795188523,0.9644586626018892,-2.703049359572432,-0.10814851899760423,1.3998218390114665,0.8147373182022662,1.0407405775601828,0,0,0,2
-0.03016173166785941,-0.5595970097177485,1.0846139361700136,0.8615349687123883,0.2339660497585023,-0.10814851899760423,1.3998218390114665,1.6863451954454902,-1.0639266967564602,0,0,1,2
-1.6490875189440746,1.0658796861460242,-1.391246924073165,-0.33495297275306285,-0.2555365184633201,-0.9790057465710549,-0.7341050407640285,0.29177259185633153,-0.7131488177036864,0,0,2,1
-1.7980684196136654,1.0658796861460242,-1.0880802881250207,-1.8788083810955818,0.7234686179803247,-0.9790057465710549,0.6885128790863014,-1.3642823749057933,1.3915184566129566,1,1,2,2
-0.4771044336766307,1.0658796861460242,0.6803917549058213,-0.3478184344892516,-0.7450390866851424,-0.9790057465710549,-1.4454140006891936,-0.40551370993824737,-0.36237093865091263,0,2,0,1
0.3571886100730761,-0.5595970097177485,0.3772251189576767,1.6463281346198342,-0.7450390866851424,-0.10814851899760423,-0.7341050407640285,1.7735059831698121,-0.36237093865091263,0,1,2,2
-2.0463699207296493,1.0658796861460242,-0.27963592559663586,0.08960726454112926,1.212971186202147,-0.9790057465710549,-1.4454140006891936,0.6404157427536213,0.6899626985074089,0,2,2,2
1.7079487761440282,-0.5595970097177485,2.650974888568759,2.2252739127482783,0.7234686179803247,0.7627087085758464,-0.7341050407640285,0.46609416730497644,-0.011593059598138786,0,1,1,2
-1.0332997961764343,-0.5595970097177485,-0.9364969701509483,-1.4799790672737645,1.212971186202147,-1.8498629741445056,-0.7341050407640285,1.6863451954454902,-0.36237093865091263,0,1,0,2
1.7079487761440282,-0.5595970097177485,1.6909472080663022,1.1831715121170796,-0.7450390866851424,-0.10814851899760423,1.3998218390114665,-0.40551370993824737,1.0407405775601828,0,1,0,2
-1.1922127568906642,1.0658796861460242,-2.0481079686274777,-2.046059383666021,0.2339660497585023,-0.9790057465710549,-0.7341050407640285,0.030290228683364548,1.3915184566129566,0,2,2,2
-0.5267647338998273,-0.5595970097177485,1.589891662750254,2.6498341500424707,-0.7450390866851424,0.7627087085758464,1.3998218390114665,-0.14403134676528037,-0.7131488177036864,1,0,0,2
1.4596472750280443,-0.5595970097177485,-0.5322747888867561,-1.685826455052767,-1.2345416549069648,1.6335659361492971,1.3998218390114665,-1.8000863135274052,1.3915184566129566,1,2,1,2
-0.834658595283647,1.0658796861460242,-0.7343858795188523,-1.5700372994270784,0.2339660497585023,-0.9790057465710549,1.3998218390114665,-0.6669960731112143,-0.36237093865091263,0,0,2,2
1.0425007531531914,-0.5595970097177485,0.12458625566755645,-0.15483650844643684,1.212971186202147,0.7627087085758464,-1.4454140006891936,1.5120236199968444,-1.4147045758092343,0,1,1,2
0.3969168502516327,-0.5595970097177485,-0.3301636982546599,-0.0905091997654986,-0.2555365184633201,1.6335659361492971,-0.022796080838863534,0.29177259185633153,-1.4147045758092343,1,0,1,2
-0.4572403135873515,1.0658796861460242,-0.380691470912684,1.2474988207980178,-1.2345416549069648,-1.8498629741445056,0.6885128790863014,0.8147373182022662,1.0407405775601828,1,2,1,1
-1.2220089370245826,-0.5595970097177485,-0.7849136521768764,-0.3606838962254385,-2.2135467913506095,-0.9790057465710549,1.3998218390114665,-0.05687055904095752,-1.4147045758092343,0,0,0,1
1.1716175337335037,-0.5595970097177485,0.27616957364162853,0.4498401931543831,-0.2555365184633201,1.6335659361492971,-1.4454140006891936,-1.9744078889760501,-0.36237093865091263,0,1,1,2
-1.4603783780959274,-0.5595970097177485,1.1856694814860618,1.5048080555217709,-0.7450390866851424,-0.9790057465710549,-0.7341050407640285,-0.14403134676528037,1.0407405775601828,0,0,1,2
-1.0630959763103527,-0.5595970097177485,0.12458625566755645,0.16680003495825443,0.2339660497585023,-1.8498629741445056,-0.7341050407640285,1.1633804690995562,-1.765482454862008,0,0,0,2
-0.17914263233745012,2.691356382009797,-0.1280526076225638,-0.19343289365499944,0.7234686179803247,-0.10814851899760423,0.6885128790863014,-1.189960799457149,1.3915184566129566,0,2,1,2
-0.8644547754175653,-0.5595970097177485,0.579336209589773,0.14106911148587875,0.7234686179803247,-0.9790057465710549,-1.4454140006891936,0.8147373182022662,-1.4147045758092343,0,0,1,2
0.506169510742665,-0.5595970097177485,1.2361972541440855,0.977324124338076,1.212971186202147,-0.10814851899760423,-0.7341050407640285,-1.712925525803083,1.3915184566129566,0,0,0,2
1.7079487761440282,-0.5595970097177485,0.12458625566755645,1.0159205095466406,0.2339660497585023,-0.10814851899760423,0.6885128790863014,0.030290228683364548,-1.4147045758092343,0,0,1,2
1.0524328131978304,-0.5595970097177485,-0.17858038028058765,-0.28349112580831337,0.2339660497585023,0.7627087085758464,1.3998218390114665,0.6404157427536213,0.3391848194546351,0,1,1,2
1.7079487761440282,-0.5595970097177485,0.6298639822477969,0.42410926968200746,-0.7450390866851424,1.6335659361492971,0.6885128790863014,-0.3183529222139253,-1.0639266967564602,0,1,0,2
0.853791612305044,-0.5595970097177485,-0.7343858795188523,-0.8238405187281951,-0.7450390866851424,0.7627087085758464,-0.022796080838863534,1.7735059831698121,-0.7131488177036864,0,0,1,2
-0.6161532743015814,-0.5595970097177485,-2.0481079686274777,-1.608633684635641,-0.2555365184633201,-0.9790057465710549,1.3998218390114665,-0.49267449766256943,-1.765482454862008,0,0,1,2
-1.6987478191672714,-0.5595970097177485,0.579336209589773,0.7714767365590743,-1.2345416549069648,-1.8498629741445056,-0.7341050407640285,-0.5798352853868923,1.3915184566129566,0,1,1,1
-0.9439112557746803,2.691356382009797,-0.4312192435707079,-0.9910915212986342,0.7234686179803247,-1.8498629741445056,0.6885128790863014,0.20461180413200947,-1.765482454862008,0,1,2,1
-0.0500258517571377,-0.5595970097177485,-1.9470524233114292,-1.351324449911888,0.2339660497585023,0.7627087085758464,-1.4454140006891936,-1.451443162630116,1.3915184566129566,1,2,1,2
-1.1226883365781883,-0.5595970097177485,-0.7849136521768764,-0.1419710467102481,-1.7240442231287871,-0.10814851899760423,-0.7341050407640285,-1.1028000117328263,1.3915184566129566,0,1,1,1
0.019498568555338085,1.0658796861460242,-0.380691470912684,0.17966549669444318,-1.2345416549069648,0.7627087085758464,1.3998218390114665,0.8147373182022662,-1.4147045758092343,0,1,1,2
1.251074014090617,-0.5595970097177485,1.438308344776182,0.6170911957248222,1.212971186202147,1.6335659361492971,0.6885128790863014,-0.3183529222139253,-0.7131488177036864,0,2,2,2
0.3969168502516327,-0.5595970097177485,1.7414749807243262,1.1188442034361412,0.7234686179803247,-0.9790057465710549,-0.022796080838863534,1.7735059831698121,-1.0639266967564602,1,2,1,2
1.6682205359654716,-0.5595970097177485,-0.22910815293861175,-0.9396296743538828,0.7234686179803247,0.7627087085758464,1.3998218390114665,-0.40551370993824737,0.6899626985074089,0,1,2,2
0.47637333060874765,-0.5595970097177485,0.5288084369317487,0.0767418028049405,0.7234686179803247,1.6335659361492971,-0.022796080838863534,0.8147373182022662,0.6899626985074089,1,2,2,2
0.4465771504748302,-0.5595970097177485,-1.1891358334410687,-1.0811497534519472,-0.2555365184633201,0.7627087085758464,0.6885128790863014,0.5532549550292986,0.3391848194546351,0,2,1,2
-0.1990067524267284,1.0658796861460242,0.07405848300953258,1.1831715121170796,-1.2345416549069648,-0.9790057465710549,-1.4454140006891936,-0.40551370993824737,1.3915184566129566,1,1,1,1
0.6650824714568949,-0.5595970097177485,1.1351417088280373,0.12820364974969184,-0.7450390866851424,0.7627087085758464,-1.4454140006891936,0.6404157427536213,-1.765482454862008,0,0,2,2
-0.7651341749711721,1.0658796861460242,0.17511402832558076,1.67205905809221,-0.7450390866851424,-0.9790057465710549,-0.7341050407640285,1.2505412568238783,1.3915184566129566,0,2,2,2
0.19827564935884626,-0.5595970097177485,-0.4312192435707079,-1.351324449911888,0.7234686179803247,-0.10814851899760423,0.6885128790863014,-0.3183529222139253,-0.7131488177036864,0,2,2,2
-0.496968553765909,-0.5595970097177485,-2.0481079686274777,-2.033193921929833,0.7234686179803247,-1.8498629741445056,1.3998218390114665,-0.6669960731112143,-1.765482454862008,0,1,0,2
0.684946591546175,1.0658796861460242,0.8825028455379171,0.6042257339886353,1.212971186202147,-0.10814851899760423,-1.4454140006891936,-0.3183529222139253,-0.36237093865091263,0,0,1,2
0.3273924299391569,-0.5595970097177485,-0.27963592559663586,-0.0905091997654986,0.2339660497585023,-0.10814851899760423,1.3998218390114665,1.4248628322725223,-1.765482454862008,0,2,2,2
-0.1394143921588918,-0.5595970097177485,-0.4312192435707079,-1.1326116003966975,0.2339660497585023,-1.8498629741445056,0.6885128790863014,-1.2771215871814712,1.3915184566129566,0,1,2,2
-0.0500258517571377,-0.5595970097177485,0.07405848300953258,-0.2963565875445003,-0.2555365184633201,1.6335659361492971,1.3998218390114665,-0.49267449766256943,1.3915184566129566,0,0,0,2
-1.5497669184976814,-0.5595970097177485,-0.9364969701509483,-0.24489474059975078,-1.2345416549069648,-0.10814851899760423,1.3998218390114665,0.5532549550292986,-1.4147045758092343,0,2,0,2
-0.0500258517571377,-0.5595970097177485,0.22564180098360465,0.9258622773933266,-2.2135467913506095,-0.9790057465710549,-0.7341050407640285,-0.3183529222139253,-1.765482454862008,0,1,1,2
-0.14934645220353093,-0.5595970097177485,-0.5322747888867561,-0.2706256640721246,0.7234686179803247,-0.10814851899760423,-1.4454140006891936,-0.7541568608355372,-0.011593059598138786,0,2,1,2
-0.1990067524267284,2.691356382009797,0.6803917549058213,1.0802478182275788,-1.2345416549069648,-0.10814851899760423,-1.4454140006891936,-0.7541568608355372,-0.7131488177036864,0,2,2,2
-1.092892156444271,1.0658796861460242,-1.0375525154669965,-0.45074212837875244,0.2339660497585023,-0.10814851899760423,-1.4454140006891936,1.3377020445482002,-0.36237093865091263,0,1,2,2
0.4664412705641085,-0.5595970097177485,-0.27963592559663586,0.7457458130866987,0.7234686179803247,0.7627087085758464,-0.7341050407640285,-0.7541568608355372,-0.36237093865091263,1,1,1,2
-0.37778383323023657,-0.5595970097177485,0.6298639822477969,0.41124380794582055,-0.2555365184633201,-0.10814851899760423,1.3998218390114665,-0.3183529222139253,0.6899626985074089,0,2,1,2
1.1815495937781428,-0.5595970097177485,-0.3301636982546599,-0.2706256640721246,1.212971186202147,-0.9790057465710549,-0.7341050407640285,0.8147373182022662,1.0407405775601828,0,2,1,2
-0.020229671623220265,-0.5595970097177485,2.701502661226783,1.234633359061829,1.212971186202147,-0.10814851899760423,-1.4454140006891936,0.5532549550292986,0.6899626985074089,0,2,2,2
0.04929474868925553,-0.5595970097177485,0.781447300221869,1.06738235649139,0.7234686179803247,-0.10814851899760423,-1.4454140006891936,1.7735059831698121,1.3915184566129566,0,1,2,2
1.0623648732424695,-0.5595970097177485,0.4782806642737249,0.79720766003145,0.2339660497585023,1.6335659361492971,-0.022796080838863534,0.6404157427536213,0.6899626985074089,0,0,1,2
1.7079487761440282,-0.5595970097177485,1.4888361174342057,1.1059787416999525,0.7234686179803247,1.6335659361492971,-0.7341050407640285,-0.14403134676528037,1.0407405775601828,0,2,2,2
0.7544710118586491,-0.5595970097177485,-1.0880802881250207,-0.8109750569920063,0.7234686179803247,-0.9790057465710549,-1.4454140006891936,0.11745101640768663,-0.7131488177036864,0,2,2,2
0.23800388953740284,-0.5595970097177485,0.3266973462996528,-0.8753023656729446,-1.7240442231287871,0.7627087085758464,0.6885128790863014,0.20461180413200947,-1.4147045758092343,0,0,1,2
-0.39764795331951575,1.0658796861460242,-0.3301636982546599,0.47557111662675877,-0.7450390866851424,-0.9790057465710549,1.3998218390114665,-0.23119213448960244,-1.0639266967564602,0,0,2,2
0.9630442727960764,-0.5595970097177485,-1.1386080607830447,-2.1489830775555228,1.212971186202147,-0.9790057465710549,-1.4454140006891936,-1.451443162630116,1.3915184566129566,0,2,1,2
-0.8743868354622045,2.691356382009797,1.2867250268021095,0.1539345732220675,0.2339660497585023,-0.10814851899760423,0.6885128790863014,1.7735059831698121,-0.36237093865091263,0,1,0,1
0.2280718294927637,-0.5595970097177485,-0.9870247428089725,-0.7337822865748811,-0.7450390866851424,-0.10814851899760423,1.3998218390114665,0.030290228683364548,-0.36237093865091263,1,2,2,1
1.519239635295881,-0.5595970097177485,0.4782806642737249,0.7586112748228875,-0.2555365184633201,-0.10814851899760423,-1.4454140006891936,0.20461180413200947,-0.7131488177036864,1,0,2,2
0.5260336308319451,-0.5595970097177485,1.6909472080663022,2.2767357596930298,-0.2555365184633201,-0.10814851899760423,-1.4454140006891936,1.7735059831698121,-1.0639266967564602,0,0,0,2
0.6352862913229775,-0.5595970097177485,1.640419435408278,1.9036373693435873,0.7234686179803247,-0.10814851899760423,1.3998218390114665,-0.6669960731112143,1.3915184566129566,0,1,0,2
-2.086098160908207,-0.5595970097177485,-0.9364969701509483,-0.232029278863562,1.212971186202147,-1.8498629741445056,-1.4454140006891936,0.7275765304779435,1.3915184566129566,0,0,2,2
0.2280718294927637,-0.5595970097177485,0.579336209589773,-1.2998626029671376,0.7234686179803247,-0.10814851899760423,1.3998218390114665,0.3789333795806544,0.6899626985074089,0,0,2,2
0.3075283098498786,-0.5595970097177485,-1.2396636060990927,-0.6308585926853802,1.212971186202147,0.7627087085758464,-0.7341050407640285,0.20461180413200947,-0.36237093865091263,0,0,1,2
-0.9836394959532377,-0.5595970097177485,-1.8965246506534055,-0.7337822865748811,-2.2135467913506095,-1.8498629741445056,-1.4454140006891936,0.8147373182022662,0.6899626985074089,0,0,2,1
-1.1127562765335492,-0.5595970097177485,-0.026997062306515603,-0.9653605978262585,0.7234686179803247,-0.9790057465710549,0.6885128790863014,1.2505412568238783,1.0407405775601828,0,2,2,2
1.5887640556083567,-0.5595970097177485,1.1856694814860618,1.054516894755203,0.7234686179803247,-0.9790057465710549,1.3998218390114665,-0.5798352853868923,-0.7131488177036864,0,0,2,2
1.7079487761440282,-0.5595970097177485,2.9036137518588796,1.234633359061829,0.7234686179803247,0.7627087085758464,-0.7341050407640285,1.5120236199968444,-1.4147045758092343,0,1,2,2
0.595558051144421,-0.5595970097177485,-0.6333303342028043,0.03814541759637792,0.7234686179803247,-0.10814851899760423,0.6885128790863014,1.599184407721168,-0.36237093865091263,0,2,2,2
1.7079487761440282,-0.5595970097177485,1.589891662750254,1.7878482137178995,1.212971186202147,0.7627087085758464,-0.7341050407640285,-0.49267449766256943,-1.4147045758092343,0,2,2,2
0.60549011118906,1.0658796861460242,0.27616957364162853,0.34691649926488227,-0.7450390866851424,0.7627087085758464,1.3998218390114665,-0.3183529222139253,-0.011593059598138786,0,2,1,2
1.1914816538227821,-0.5595970097177485,0.427752891615701,0.3726474227372579,-0.7450390866851424,0.7627087085758464,1.3998218390114665,-1.189960799457149,1.3915184566129566,1,2,2,2
1.082228993331748,-0.5595970097177485,0.8825028455379171,0.8872658921847639,0.2339660497585023,-0.9790057465710549,1.3998218390114665,-0.6669960731112143,-1.4147045758092343,0,1,2,2
-3.019711805104306,1.0658796861460242,1.0340861635119891,0.08960726454112926,-1.7240442231287871,-1.8498629741445056,1.3998218390114665,-0.05687055904095752,-0.011593059598138786,1,0,2,1
0.23800388953740284,-0.5595970097177485,1.2867250268021095,1.5048080555217709,0.2339660497585023,1.6335659361492971,-0.7341050407640285,1.4248628322725223,1.3915184566129566,0,2,1,2
0.38698479020699356,1.0658796861460242,1.0340861635119891,0.47557111662675877,1.212971186202147,1.6335659361492971,1.3998218390114665,-0.5798352853868923,-0.36237093865091263,0,1,1,2
-0.8942509555514837,-0.5595970097177485,-0.6838581068608282,-0.3478184344892516,0.2339660497585023,-1.8498629741445056,-0.022796080838863534,0.46609416730497644,1.0407405775601828,0,2,2,2
-0.6062212142569422,1.0658796861460242,-1.1891358334410687,-1.0554188299795724,1.212971186202147,-0.10814851899760423,-0.7341050407640285,0.9018981059265884,-1.0639266967564602,1,0,0,2
-2.105962280997485,1.0658796861460242,-0.3301636982546599,-0.6051276692130046,-2.2135467913506095,-1.8498629741445056,1.3998218390114665,-0.5798352853868923,-0.011593059598138786,0,2,1,1
1.3901228547155684,-0.5595970097177485,3.004669297174927,2.662699611778659,0.7234686179803247,1.6335659361492971,-0.022796080838863534,0.3789333795806544,-0.7131488177036864,1,2,2,2
0.49623745069802594,-0.5595970097177485,1.2867250268021095,-0.0905091997654986,1.212971186202147,0.7627087085758464,-0.7341050407640285,-0.49267449766256943,-1.4147045758092343,0,1,0,2
0.853791612305044,-0.5595970097177485,-0.7849136521768764,-0.46360759011493935,-1.2345416549069648,-0.10814851899760423,0.6885128790863014,0.3789333795806544,-1.765482454862008,0,2,1,2
0.06915886877853382,1.0658796861460242,-0.4312192435707079,-0.2963565875445003,0.7234686179803247,-0.10814851899760423,0.6885128790863014,-0.6669960731112143,0.3391848194546351,0,2,2,2
0.6750145315015359,-0.5595970097177485,-0.17858038028058765,-0.232029278863562,0.2339660497585023,1.6335659361492971,-0.7341050407640285,-1.189960799457149,1.3915184566129566,0,1,0,2
0.7743351319479291,-0.5595970097177485,-0.5322747888867561,-0.8238405187281951,-1.2345416549069648,-0.9790057465710549,-1.4454140006891936,1.7735059831698121,0.6899626985074089,0,2,2,2
1.4099869748048468,-0.5595970097177485,2.2972804799625903,1.5176735172579578,-1.2345416549069648,-0.10814851899760423,0.6885128790863014,-1.625764738078761,1.3915184566129566,0,0,0,2
0.07909092882317297,-0.5595970097177485,1.2867250268021095,1.6849245198283969,1.212971186202147,-0.10814851899760423,1.3998218390114665,-0.40551370993824737,-1.765482454862008,0,0,1,2
-0.010297611578581117,-0.5595970097177485,-1.0375525154669965,0.11533818801350493,0.2339660497585023,-0.10814851899760423,1.3998218390114665,0.7275765304779435,0.6899626985074089,0,1,0,2
-0.3678517731855974,1.0658796861460242,-1.1891358334410687,-1.4156517585928263,-0.2555365184633201,-0.9790057465710549,1.3998218390114665,1.7735059831698121,1.3915184566129566,0,1,1,2
-0.5366967939444665,-0.5595970097177485,-0.9870247428089725,-1.351324449911888,0.7234686179803247,-0.10814851899760423,-0.7341050407640285,0.030290228683364548,-1.0639266967564602,0,0,2,2
0.2876641897606003,-0.5595970097177485,1.2867250268021095,0.9515932008657022,1.212971186202147,1.6335659361492971,1.3998218390114665,-0.9284784362841814,0.3391848194546351,0,2,1,2
-1.8278645997475829,-0.5595970097177485,0.7309195275638452,0.7457458130866987,0.7234686179803247,-0.9790057465710549,1.3998218390114665,0.20461180413200947,1.3915184566129566,0,1,1,2
-0.12948233211425264,-0.5595970097177485,-0.9364969701509483,-0.6565895161577542,0.7234686179803247,-0.9790057465710549,-0.022796080838863534,-1.189960799457149,1.3915184566129566,0,1,2,2
0.45650921051946936,-0.5595970097177485,0.6298639822477969,-1.196938909077636,-0.7450390866851424,-0.10814851899760423,0.6885128790863014,-0.7541568608355372,0.6899626985074089,0,0,1,1
1.1418213535995845,-0.5595970097177485,0.3772251189576767,1.0931132799637657,1.212971186202147,1.6335659361492971,-0.022796080838863534,0.8147373182022662,1.0407405775601828,1,1,2,2
-0.2983273528731217,-0.5595970097177485,-1.6438857873632853,-1.5443063759547029,0.2339660497585023,-0.10814851899760423,-1.4454140006891936,-0.40551370993824737,-0.011593059598138786,0,0,1,2
1.5887640556083567,-0.5595970097177485,-0.026997062306515603,-0.7852441335196306,-1.2345416549069648,0.7627087085758464,-0.022796080838863534,0.9890588936509105,-0.7131488177036864,0,0,2,2
-0.3380555930516791,1.0658796861460242,-0.380691470912684,-0.8109750569920063,-0.7450390866851424,0.7627087085758464,0.6885128790863014,-0.14403134676528037,-0.7131488177036864,0,2,1,2
-0.6161532743015814,-0.5595970097177485,0.3266973462996528,0.9515932008657022,0.7234686179803247,-0.10814851899760423,-0.022796080838863534,-1.3642823749057933,1.3915184566129566,0,0,2,2
-0.6558815144801389,1.0658796861460242,0.3772251189576767,0.282589190583944,-1.2345416549069648,-0.9790057465710549,-0.022796080838863534,-1.3642823749057933,1.3915184566129566,0,2,2,2
-2.245011121622437,1.0658796861460242,-0.6333303342028043,-0.5022039753235038,-2.2135467913506095,-1.8498629741445056,1.3998218390114665,-0.5798352853868923,-0.7131488177036864,0,0,2,1
1.2709381341798969,-0.5595970097177485,-1.3407191514151409,-0.3606838962254385,0.7234686179803247,0.7627087085758464,-0.022796080838863534,1.0762196813752325,1.0407405775601828,0,0,1,2
-0.04009379171249856,-0.5595970097177485,-0.4312192435707079,0.282589190583944,0.7234686179803247,-0.10814851899760423,0.6885128790863014,-0.49267449766256943,-1.4147045758092343,0,1,1,2
-0.3678517731855974,-0.5595970097177485,-0.4312192435707079,0.5270329635715083,-1.2345416549069648,-0.10814851899760423,-0.022796080838863534,-0.9284784362841814,1.3915184566129566,0,1,2,1
-0.6558815144801389,2.691356382009797,-1.4923024693892128,-0.9910915212986342,1.212971186202147,-0.10814851899760423,-1.4454140006891936,0.20461180413200947,-1.4147045758092343,1,0,2,2
1.7079487761440282,-0.5595970097177485,0.023530710351508263,0.810073121767637,1.212971186202147,0.7627087085758464,-0.022796080838863534,-0.23119213448960244,-0.7131488177036864,0,2,1,2
1.7079487761440282,-0.5595970097177485,1.589891662750254,0.6556875809333848,0.2339660497585023,1.6335659361492971,1.3998218390114665,-0.49267449766256943,1.0407405775601828,0,2,2,2
-0.7154738747479755,-0.5595970097177485,-0.7343858795188523,-0.5022039753235038,1.212971186202147,0.7627087085758464,-0.7341050407640285,0.29177259185633153,0.3391848194546351,0,0,0,2
1.6384243558315525,-0.5595970097177485,0.27616957364162853,0.7071494278781362,-0.2555365184633201,1.6335659361492971,-1.4454140006891936,-1.8000863135274052,1.3915184566129566,0,0,1,2
1.439783154938766,-0.5595970097177485,-1.9975801959694535,-0.46360759011493935,0.7234686179803247,-0.9790057465710549,0.6885128790863014,1.7735059831698121,1.3915184566129566,0,0,2,2
1.0722969332871088,-0.5595970097177485,2.4488637979366628,1.4919425937855821,0.2339660497585023,-0.9790057465710549,-0.022796080838863534,0.11745101640768663,1.0407405775601828,0,0,2,2
0.02943062859997723,1.0658796861460242,-0.026997062306515603,-0.7723786717834438,-2.2135467913506095,0.7627087085758464,-0.7341050407640285,-0.7541568608355372,0.3391848194546351,0,1,1,2
0.9431801527067981,-0.5595970097177485,-0.0775248349645397,0.205396420166817,0.2339660497585023,1.6335659361492971,1.3998218390114665,-0.49267449766256943,-1.4147045758092343,0,2,2,2
1.6781525960101107,-0.5595970097177485,0.781447300221869,1.7621172902455238,0.2339660497585023,1.6335659361492971,-0.022796080838863534,-2.584533403046307,1.3915184566129566,1,2,2,2
0.02943062859997723,-0.5595970097177485,-0.9364969701509483,-1.248400756022387,0.2339660497585023,-0.10814851899760423,0.6885128790863014,-0.23119213448960244,0.6899626985074089,0,2,1,2
0.49623745069802594,-0.5595970097177485,-0.22910815293861175,-0.15483650844643684,1.212971186202147,-0.10814851899760423,0.6885128790863014,-0.14403134676528037,-1.4147045758092343,0,2,1,2
-1.4802424981852056,-0.5595970097177485,-0.6838581068608282,-1.2226698325500116,-0.7450390866851424,-1.8498629741445056,-0.022796080838863534,-0.14403134676528037,1.0407405775601828,1,0,0,2
0.2280718294927637,-0.5595970097177485,0.07405848300953258,0.4884365783629457,0.7234686179803247,-0.10814851899760423,1.3998218390114665,-0.7541568608355372,-1.4147045758092343,0,1,2,2
0.05922680873389467,2.691356382009797,0.9835583908539653,0.5270329635715083,0.7234686179803247,-1.8498629741445056,-1.4454140006891936,-0.3183529222139253,-0.011593059598138786,0,1,2,2
0.9233160326175198,-0.5595970097177485,-1.6438857873632853,-1.0811497534519472,-0.7450390866851424,0.7627087085758464,-0.7341050407640285,-1.712925525803083,0.6899626985074089,0,1,0,2
-0.1990067524267284,1.0658796861460242,-0.17858038028058765,-0.5536658222682533,-0.7450390866851424,-0.10814851899760423,-1.4454140006891936,-1.9744078889760501,-1.0639266967564602,0,1,2,2
-0.9836394959532377,-0.5595970097177485,-0.8859691974929245,-1.0425533682433845,1.212971186202147,-1.8498629741445056,-0.022796080838863534,0.11745101640768663,0.3391848194546351,0,1,1,2
1.3404625544923727,-0.5595970097177485,0.6298639822477969,-0.1033746615016855,0.7234686179803247,1.6335659361492971,-0.7341050407640285,0.11745101640768663,-1.765482454862008,0,1,0,2
0.8140633721264857,-0.5595970097177485,0.5288084369317487,-0.1419710467102481,-1.2345416549069648,-0.10814851899760423,-0.022796080838863534,0.9890588936509105,-0.7131488177036864,0,1,2,2
0.5756939310551409,-0.5595970097177485,0.9835583908539653,1.9036373693435873,1.212971186202147,0.7627087085758464,1.3998218390114665,-0.23119213448960244,-0.011593059598138786,0,0,2,2
-0.7750662350158113,-0.5595970097177485,-0.1280526076225638,0.205396420166817,-0.7450390866851424,0.7627087085758464,-1.4454140006891936,-0.9284784362841814,1.3915184566129566,0,1,2,2
-1.0531639162657136,-0.5595970097177485,-1.694413560021309,-0.9524951360900715,-1.2345416549069648,-1.8498629741445056,1.3998218390114665,0.46609416730497644,0.3391848194546351,0,2,0,1
0.7445389518140099,-0.5595970097177485,-1.542830242047237,0.025279955860190998,0.7234686179803247,-0.10814851899760423,-0.022796080838863534,1.5120236199968444,-0.36237093865091263,0,1,2,2
1.4993755152066008,-0.5595970097177485,-0.481747016228732,-1.1197461386605108,1.212971186202147,-0.10814851899760423,1.3998218390114665,0.11745101640768663,-0.011593059598138786,0,0,0,2
1.7079487761440282,-0.5595970097177485,-0.026997062306515603,0.3726474227372579,1.212971186202147,0.7627087085758464,-0.022796080838863534,-1.2771215871814712,1.3915184566129566,0,1,2,2
1.2312098940013387,-0.5595970097177485,1.1856694814860618,0.8615349687123883,1.212971186202147,0.7627087085758464,1.3998218390114665,-0.9284784362841814,-0.36237093865091263,0,2,1,2
1.7079487761440282,-0.5595970097177485,-0.3301636982546599,-0.06477827629312292,-1.2345416549069648,1.6335659361492971,-0.7341050407640285,-0.8413176485598592,-0.011593059598138786,0,2,2,2
-0.24866705264992592,-0.5595970097177485,0.3266973462996528,0.7071494278781362,-0.7450390866851424,-0.10814851899760423,-0.7341050407640285,-0.40551370993824737,-0.7131488177036864,0,1,2,2
-0.42744413345343407,1.0658796861460242,0.07405848300953258,-1.3255935264395124,-1.2345416549069648,-0.9790057465710549,-0.022796080838863534,1.1633804690995562,-1.0639266967564602,0,0,2,1
-1.430582197962009,-0.5595970097177485,-0.9870247428089725,-0.3864148196978142,-1.2345416549069648,-1.8498629741445056,-0.022796080838863534,1.2505412568238783,-1.0639266967564602,0,1,0,1
0.10888710895709217,-0.5595970097177485,-0.5322747888867561,-0.026181891084560337,-1.2345416549069648,-0.9790057465710549,-0.7341050407640285,-0.14403134676528037,-0.36237093865091263,1,1,1,2
1.7079487761440282,-0.5595970097177485,-1.2901913787571169,-1.6472300698442037,0.2339660497585023,-0.10814851899760423,-1.4454140006891936,-0.8413176485598592,-1.765482454862008,0,1,0,2
0.5260336308319451,-0.5595970097177485,1.438308344776182,2.032291986705464,-0.2555365184633201,1.6335659361492971,0.6885128790863014,1.7735059831698121,-0.7131488177036864,0,1,2,2
1.1716175337335037,1.0658796861460242,1.589891662750254,1.2089024355894553,1.212971186202147,-0.10814851899760423,-0.7341050407640285,-2.410211827597662,1.3915184566129566,0,1,0,2
1.2113457739120603,-0.5595970097177485,0.6803917549058213,1.054516894755203,0.7234686179803247,-0.9790057465710549,-1.4454140006891936,-1.887247101251728,1.3915184566129566,0,2,1,2
0.7941992520372074,-0.5595970097177485,0.3266973462996528,0.6042257339886353,0.2339660497585023,-0.10814851899760423,0.6885128790863014,1.7735059831698121,1.0407405775601828,1,1,0,2
0.2280718294927637,1.0658796861460242,-1.8965246506534055,-0.6951859013663185,0.2339660497585023,-0.10814851899760423,1.3998218390114665,0.030290228683364548,1.3915184566129566,0,2,1,2
0.4267130303855519,-0.5595970097177485,-1.0375525154669965,0.282589190583944,-0.2555365184633201,-0.10814851899760423,-1.4454140006891936,-1.189960799457149,1.3915184566129566,0,1,2,2
-1.7384760593458288,1.0658796861460242,-0.5322747888867561,-0.8109750569920063,-0.2555365184633201,-0.9790057465710549,-0.7341050407640285,0.8147373182022662,-0.011593059598138786,0,1,2,2
-0.42744413345343407,-0.5595970097177485,0.7309195275638452,0.6042257339886353,-0.7450390866851424,-0.10814851899760423,0.6885128790863014,-1.3642823749057933,1.0407405775601828,0,0,2,2
1.7079487761440282,-0.5595970097177485,0.22564180098360465,1.5562699024665203,0.2339660497585023,0.7627087085758464,1.3998218390114665,-0.49267449766256943,-0.011593059598138786,0,0,1,2
0.43664509043019106,-0.5595970097177485,0.3266973462996528,0.977324124338076,0.7234686179803247,1.6335659361492971,-0.022796080838863534,0.9890588936509105,-1.0639266967564602,0,1,2,2
1.022636633063913,-0.5595970097177485,0.427752891615701,0.6942839661419492,0.7234686179803247,-0.10814851899760423,-0.022796080838863534,-0.8413176485598592,-0.011593059598138786,0,2,0,2
-2.50324468278306,-0.5595970097177485,-0.7849136521768764,-0.2191638171273751,1.212971186202147,-0.9790057465710549,-0.7341050407640285,0.29177259185633153,0.3391848194546351,0,1,2,2
-0.5366967939444665,1.0658796861460242,-0.27963592559663586,-0.8109750569920063,-0.2555365184633201,-0.10814851899760423,-1.4454140006891936,1.5120236199968444,-0.011593059598138786,0,0,0,2
-1.688815759122632,1.0658796861460242,0.17511402832558076,0.5141675018353213,0.7234686179803247,-1.8498629741445056,1.3998218390114665,-2.497372615321985,-0.36237093865091263,1,1,1,1
-0.2585991126945651,1.0658796861460242,1.0846139361700136,-0.15483650844643684,1.212971186202147,-0.9790057465710549,-0.022796080838863534,-0.3183529222139253,0.3391848194546351,1,1,2,2
-0.020229671623220265,-0.5595970097177485,-0.17858038028058765,-0.013316429348371588,0.2339660497585023,-0.10814851899760423,-0.022796080838863534,0.29177259185633153,-1.4147045758092343,0,2,1,2
0.40684891029627185,-0.5595970097177485,-0.27963592559663586,0.12820364974969184,-1.7240442231287871,-0.9790057465710549,-0.7341050407640285,-1.887247101251728,-1.0639266967564602,0,1,0,2
0.4863053906533868,-0.5595970097177485,-0.8354414248349004,-1.5700372994270784,1.212971186202147,0.7627087085758464,-0.022796080838863534,1.1633804690995562,1.3915184566129566,0,0,1,2
0.60549011118906,1.0658796861460242,0.22564180098360465,-0.026181891084560337,0.7234686179803247,-0.10814851899760423,1.3998218390114665,-0.6669960731112143,1.3915184566129566,0,2,1,2
-0.506900613810549,1.0658796861460242,-0.17858038028058765,-0.9138987508815072,0.2339660497585023,0.7627087085758464,-0.022796080838863534,-1.5386039503544382,0.3391848194546351,0,2,1,2
-1.3113974774263366,1.0658796861460242,-1.4923024693892128,-0.25776020233593766,-1.2345416549069648,-0.10814851899760423,-0.7341050407640285,1.2505412568238783,-0.7131488177036864,0,2,0,1
-0.5764250341230239,1.0658796861460242,-1.542830242047237,-0.039047352820747255,0.7234686179803247,-0.10814851899760423,0.6885128790863014,0.46609416730497644,1.0407405775601828,0,0,1,2
-1.2220089370245826,-0.5595970097177485,-1.0880802881250207,-0.2191638171273751,0.2339660497585023,-0.9790057465710549,-0.022796080838863534,-0.05687055904095752,1.3915184566129566,1,1,0,2
-1.092892156444271,2.691356382009797,-0.3301636982546599,-1.0296879065071967,0.7234686179803247,-1.8498629741445056,-0.7341050407640285,-0.05687055904095752,1.3915184566129566,1,1,1,2
-1.2120768769799435,-0.5595970097177485,0.9330306181959415,0.720014889614323,-0.2555365184633201,-1.8498629741445056,-0.022796080838863534,1.0762196813752325,-1.0639266967564602,0,0,0,2
0.05922680873389467,1.0658796861460242,0.22564180098360465,0.5527638870438839,-0.2555365184633201,-1.8498629741445056,-1.4454140006891936,0.3789333795806544,1.3915184566129566,0,1,2,1
0.16847946922492704,-0.5595970097177485,-0.9870247428089725,-0.5536658222682533,1.212971186202147,-0.10814851899760423,-0.7341050407640285,0.7275765304779435,-1.0639266967564602,0,2,1,2
1.2212778339566994,-0.5595970097177485,-0.7343858795188523,-0.19343289365499944,1.212971186202147,1.6335659361492971,0.6885128790863014,-0.6669960731112143,-1.0639266967564602,0,1,1,2
1.1914816538227821,-0.5595970097177485,0.4782806642737249,0.5270329635715083,-0.7450390866851424,1.6335659361492971,-0.022796080838863534,-1.9744078889760501,1.3915184566129566,0,2,1,2
0.9233160326175198,-0.5595970097177485,0.3266973462996528,0.4498401931543831,0.7234686179803247,1.6335659361492971,-0.022796080838863534,0.6404157427536213,-0.36237093865091263,0,0,1,2
1.7079487761440282,-0.5595970097177485,-0.7343858795188523,-1.184073447341449,-0.2555365184633201,1.6335659361492971,-1.4454140006891936,1.1633804690995562,-0.011593059598138786,0,2,1,2
-0.3380555930516791,-0.5595970097177485,0.27616957364162853,-0.9010332891453202,-0.7450390866851424,1.6335659361492971,-0.7341050407640285,0.9890588936509105,-1.0639266967564602,0,1,1,2
-0.03016173166785941,2.691356382009797,-0.380691470912684,0.3211855757925066,-0.2555365184633201,-0.10814851899760423,-0.022796080838863534,-0.3183529222139253,-1.4147045758092343,0,2,2,1
0.3571886100730761,-0.5595970097177485,1.7414749807243262,-0.15483650844643684,-0.2555365184633201,0.7627087085758464,-0.022796080838863534,-0.05687055904095752,-0.011593059598138786,0,0,1,2
-1.42065013791737,1.0658796861460242,-0.380691470912684,0.5013020400991345,0.2339660497585023,-1.8498629741445056,0.6885128790863014,1.7735059831698121,-0.7131488177036864,0,2,2,1
-0.6558815144801389,-0.5595970097177485,-0.026997062306515603,0.012414494124002251,-2.2135467913506095,-0.9790057465710549,-0.022796080838863534,-0.23119213448960244,1.0407405775601828,0,1,0,1
0.6352862913229775,-0.5595970097177485,-0.22910815293861175,-0.3992802814340011,1.212971186202147,-0.10814851899760423,-0.7341050407640285,-0.3183529222139253,-1.4147045758092343,0,0,1,2
1.1914816538227821,-0.5595970097177485,0.427752891615701,1.1059787416999525,-0.7450390866851424,-0.9790057465710549,-0.7341050407640285,-1.887247101251728,0.3391848194546351,1,2,1,2
-1.3809218977388125,1.0658796861460242,-1.1386080607830447,-1.1454770621328854,-1.7240442231287871,-1.8498629741445056,-0.022796080838863534,-0.7541568608355372,-0.36237093865091263,0,2,1,1
-1.1425524566674676,-0.5595970097177485,-1.391246924073165,-0.039047352820747255,-0.2555365184633201,0.7627087085758464,1.3998218390114665,0.20461180413200947,-0.7131488177036864,1,1,2,2
0.9431801527067981,1.0658796861460242,1.0846139361700136,0.8486695069761996,1.212971186202147,-0.9790057465710549,-1.4454140006891936,-0.3183529222139253,-0.36237093865091263,1,2,1,2
-1.2915333573370575,1.0658796861460242,0.5288084369317487,0.6299566574610109,-0.2555365184633201,-0.10814851899760423,-0.7341050407640285,-0.05687055904095752,1.3915184566129566,0,0,1,2
-1.331261597515615,1.0658796861460242,-0.380691470912684,-0.07764373802930984,1.212971186202147,-0.10814851899760423,-0.022796080838863534,0.030290228683364548,-0.36237093865091263,0,1,0,2
-0.755202114926533,1.0658796861460242,-1.8965246506534055,-1.3255935264395124,-0.7450390866851424,-1.8498629741445056,0.6885128790863014,1.2505412568238783,1.0407405775601828,0,0,2,1
0.6750145315015359,-0.5595970097177485,1.3877805721181578,1.6463281346198342,-1.2345416549069648,0.7627087085758464,-0.022796080838863534,1.599184407721168,-0.36237093865091263,0,1,0,2
1.0127045730192739,-0.5595970097177485,0.781447300221869,0.4369747314181962,-0.2555365184633201,-0.10814851899760423,0.6885128790863014,0.7275765304779435,1.3915184566129566,0,0,0,2
0.58562599109978,-0.5595970097177485,0.6803917549058213,0.6170911957248222,-0.2555365184633201,-0.10814851899760423,-0.7341050407640285,0.5532549550292986,-1.765482454862008,0,1,1,2
-0.41751207340879404,-0.5595970097177485,0.22564180098360465,0.4369747314181962,-0.7450390866851424,-1.8498629741445056,-0.022796080838863534,1.5120236199968444,-1.0639266967564602,0,1,2,2
-0.3877158932748766,-0.5595970097177485,-0.7343858795188523,-0.9782260595624453,0.7234686179803247,0.7627087085758464,0.6885128790863014,-1.3642823749057933,0.6899626985074089,1,1,2,2
1.6185602357422741,-0.5595970097177485,0.27616957364162853,0.720014889614323,-1.2345416549069648,1.6335659361492971,-0.7341050407640285,0.7275765304779435,-1.0639266967564602,1,1,0,2
1.3205984344030928,-0.5595970097177485,0.8319750728798933,1.0030550478104516,0.7234686179803247,0.7627087085758464,-1.4454140006891936,-1.1028000117328263,-0.36237093865091263,1,2,0,2
-2.0563019807742884,1.0658796861460242,-0.1280526076225638,-0.3478184344892516,-2.2135467913506095,-0.9790057465710549,-0.7341050407640285,-0.5798352853868923,-0.011593059598138786,0,2,1,1
1.0127045730192739,-0.5595970097177485,0.8319750728798933,1.7878482137178995,-1.7240442231287871,-0.10814851899760423,0.6885128790863014,0.20461180413200947,-0.011593059598138786,0,0,0,2
1.7079487761440282,-0.5595970097177485,0.17511402832558076,-0.1033746615016855,-0.7450390866851424,-0.9790057465710549,0.6885128790863014,1.7735059831698121,-1.765482454862008,0,2,0,2
0.9233160326175198,1.0658796861460242,1.0340861635119891,-0.1033746615016855,1.212971186202147,0.7627087085758464,-0.7341050407640285,-0.7541568608355372,1.0407405775601828,1,2,1,2
-1.251805117158501,-0.5595970097177485,-0.6838581068608282,-1.261266217758574,-1.2345416549069648,-0.10814851899760423,0.6885128790863014,-0.05687055904095752,-1.0639266967564602,0,0,1,2
1.519239635295881,-0.5595970097177485,-0.026997062306515603,0.16680003495825443,-0.7450390866851424,-0.10814851899760423,-0.7341050407640285,-1.1028000117328263,1.3915184566129566,1,1,1,1
0.49623745069802594,-0.5595970097177485,0.579336209589773,0.0767418028049405,0.2339660497585023,1.6335659361492971,-0.7341050407640285,-0.7541568608355372,-1.0639266967564602,0,1,2,2
0.9233160326175198,1.0658796861460242,0.6803917549058213,-0.3864148196978142,1.212971186202147,-0.9790057465710549,-0.022796080838863534,-1.1028000117328263,-1.0639266967564602,0,1,2,2
0.7147427716800925,-0.5595970097177485,-0.4312192435707079,-0.9138987508815072,-0.2555365184633201,-0.9790057465710549,-1.4454140006891936,0.29177259185633153,-0.7131488177036864,0,2,2,2
-0.3579197131409583,-0.5595970097177485,-0.0775248349645397,0.6556875809333848,-1.2345416549069648,-0.10814851899760423,-0.022796080838863534,0.46609416730497644,-1.0639266967564602,0,0,0,2
-0.000365551533941971,1.0658796861460242,-1.9975801959694535,-2.4448886974878383,-0.7450390866851424,-0.10814851899760423,-0.7341050407640285,-0.7541568608355372,-1.765482454862008,0,0,2,2
-0.8942509555514837,2.691356382009797,-0.3301636982546599,-1.6343646081080168,1.212971186202147,-0.10814851899760423,-0.7341050407640285,0.5532549550292986,1.0407405775601828,0,1,1,1
-0.6558815144801389,-0.5595970097177485,-0.3301636982546599,0.7843421982952613,1.212971186202147,-0.10814851899760423,0.6885128790863014,0.11745101640768663,1.0407405775601828,0,0,1,2
-0.3678517731855974,-0.5595970097177485,-0.4312192435707079,-1.171207985605261,0.7234686179803247,-0.10814851899760423,0.6885128790863014,-0.05687055904095752,0.3391848194546351,1,2,2,2
-2.592633223184814,-0.5595970097177485,-1.1386080607830447,-1.184073447341449,-0.7450390866851424,-1.8498629741445056,-0.022796080838863534,-1.2771215871814712,0.6899626985074089,1,1,0,2
1.022636633063913,-0.5595970097177485,0.5288084369317487,0.42410926968200746,1.212971186202147,-0.10814851899760423,-0.7341050407640285,0.20461180413200947,-0.36237093865091263,0,2,2,2
1.1517534136442238,-0.5595970097177485,0.6803917549058213,-0.5022039753235038,-0.2555365184633201,1.6335659361492971,-0.022796080838863534,0.20461180413200947,-0.011593059598138786,0,0,2,2
0.6154221712336992,-0.5595970097177485,-0.0775248349645397,0.1539345732220675,1.212971186202147,0.7627087085758464,-1.4454140006891936,0.11745101640768663,0.3391848194546351,0,0,2,2
-2.165554641265322,-0.5595970097177485,-0.8354414248349004,-1.4928445290099523,0.7234686179803247,-1.8498629741445056,-0.7341050407640285,0.46609416730497644,0.6899626985074089,0,0,1,2
0.4863053906533868,-0.5595970097177485,-0.6333303342028043,-0.8367059804643819,1.212971186202147,-0.10814851899760423,0.6885128790863014,0.7275765304779435,-0.7131488177036864,1,1,2,2
0.9531122127514372,1.0658796861460242,-0.0775248349645397,1.2989606677427674,-0.7450390866851424,-0.10814851899760423,1.3998218390114665,-1.1028000117328263,1.3915184566129566,0,2,2,1
0.14861534913564875,1.0658796861460242,0.8319750728798933,0.4498401931543831,1.212971186202147,1.6335659361492971,-0.7341050407640285,-0.23119213448960244,-1.765482454862008,0,1,2,2
0.05922680873389467,-0.5595970097177485,-1.391246924073165,-1.106880676924323,0.7234686179803247,-0.9790057465710549,-0.022796080838863534,0.5532549550292986,-0.011593059598138786,1,0,2,2
0.7445389518140099,-0.5595970097177485,-0.5828025615447802,-1.2869971412309498,1.212971186202147,0.7627087085758464,0.6885128790863014,-0.23119213448960244,-1.765482454862008,0,0,2,2
-0.8545227153729262,-0.5595970097177485,0.12458625566755645,-1.4542481438013888,0.2339660497585023,-0.10814851899760423,-1.4454140006891936,1.0762196813752325,-1.0639266967564602,1,0,0,2
-1.0134356760871561,-0.5595970097177485,0.7309195275638452,1.234633359061829,-2.2135467913506095,-1.8498629741445056,-1.4454140006891936,0.11745101640768663,0.6899626985074089,0,2,1,2
-2.3145355419349114,-0.5595970097177485,-1.3407191514151409,-0.4250112049063768,0.2339660497585023,-1.8498629741445056,-1.4454140006891936,-1.9744078889760501,-0.36237093865091263,0,1,0,2
-0.8247265352390079,-0.5595970097177485,-0.7849136521768764,-0.3478184344892516,-0.7450390866851424,-0.9790057465710549,0.6885128790863014,0.9018981059265884,1.3915184566129566,0,2,0,1
-1.2816012972924182,1.0658796861460242,-2.0481079686274777,-1.5829027611632653,-1.2345416549069648,-0.9790057465710549,-0.022796080838863534,-0.05687055904095752,-0.7131488177036864,0,1,1,2
0.019498568555338085,-0.5595970097177485,1.2867250268021095,1.1317096651723282,1.212971186202147,-0.9790057465710549,-0.7341050407640285,-1.8000863135274052,0.6899626985074089,0,0,2,2
-0.3877158932748766,-0.5595970097177485,1.438308344776182,1.6334626728836474,-0.7450390866851424,0.7627087085758464,-0.7341050407640285,0.8147373182022662,-1.4147045758092343,0,2,2,2
0.1386832890910096,-0.5595970097177485,1.3877805721181578,1.157440588644704,-1.7240442231287871,-0.10814851899760423,0.6885128790863014,0.030290228683364548,0.3391848194546351,1,1,0,2
-2.2350790615777965,-0.5595970097177485,0.9835583908539653,0.34691649926488227,0.7234686179803247,-0.9790057465710549,-0.022796080838863534,0.9018981059265884,0.6899626985074089,0,0,0,2
0.38698479020699356,-0.5595970097177485,0.781447300221869,-1.5057099907461402,-0.7450390866851424,-0.10814851899760423,1.3998218390114665,0.5532549550292986,-0.7131488177036864,1,0,2,2
0.19827564935884626,1.0658796861460242,0.9330306181959415,0.4884365783629457,0.7234686179803247,-0.10814851899760423,-0.7341050407640285,-0.23119213448960244,-0.7131488177036864,0,0,0,2
-1.0332997961764343,-0.5595970097177485,-2.0481079686274777,-2.2647722331812115,-0.2555365184633201,-0.10814851899760423,1.3998218390114665,-1.2771215871814712,1.3915184566129566,0,0,0,2
0.267800069671322,1.0658796861460242,-0.6333303342028043,0.810073121767637,1.212971186202147,-0.10814851899760423,-0.022796080838863534,-0.8413176485598592,-0.7131488177036864,0,1,0,2
-1.5596989785423205,2.691356382009797,-1.7449413326793333,-1.184073447341449,0.7234686179803247,-0.10814851899760423,-0.7341050407640285,-0.8413176485598592,-0.36237093865091263,1,0,2,2
0.6551504114122558,-0.5595970097177485,-0.5322747888867561,0.810073121767637,-0.2555365184633201,0.7627087085758464,1.3998218390114665,0.8147373182022662,-1.4147045758092343,0,0,0,2
1.7079487761440282,-0.5595970097177485,1.9435860713564224,2.2638702979568412,0.7234686179803247,-0.10814851899760423,-0.7341050407640285,-0.05687055904095752,0.6899626985074089,0,1,1,2
0.16847946922492704,-0.5595970097177485,0.8319750728798933,0.9387277391295135,-0.7450390866851424,-0.10814851899760423,1.3998218390114665,-0.23119213448960244,1.0407405775601828,0,2,1,2
1.7079487761440282,-0.5595970097177485,0.3772251189576767,0.9644586626018892,1.212971186202147,0.7627087085758464,-0.022796080838863534,1.0762196813752325,-1.765482454862008,0,1,2,2
0.16847946922492704,1.0658796861460242,0.3772251189576767,0.6685530426695735,0.2339660497585023,-0.9790057465710549,0.6885128790863014,-0.49267449766256943,-0.7131488177036864,0,1,0,2
-0.8644547754175653,-0.5595970097177485,-0.1280526076225638,0.025279955860190998,1.212971186202147,-1.8498629741445056,0.6885128790863014,-1.2771215871814712,1.0407405775601828,0,0,2,2
0.3075283098498786,1.0658796861460242,0.5288084369317487,0.11533818801350493,1.212971186202147,0.7627087085758464,-0.022796080838863534,-0.3183529222139253,-1.4147045758092343,0,0,0,2
1.102093113421028,-0.5595970097177485,1.438308344776182,2.0837538336502153,0.2339660497585023,1.6335659361492971,0.6885128790863014,0.8147373182022662,-1.765482454862008,0,1,1,2
0.6551504114122558,-0.5595970097177485,0.9835583908539653,-0.3606838962254385,1.212971186202147,-0.10814851899760423,-0.022796080838863534,-0.40551370993824737,0.3391848194546351,0,2,1,2
1.7079487761440282,-0.5595970097177485,0.7309195275638452,0.6428221191971979,0.2339660497585023,1.6335659361492971,-1.4454140006891936,-1.1028000117328263,-0.36237093865091263,0,1,1,2
-0.05995791180177685,-0.5595970097177485,0.22564180098360465,-1.4799790672737645,-0.2555365184633201,0.7627087085758464,0.6885128790863014,-0.14403134676528037,1.3915184566129566,0,1,1,2
0.11881916900173131,-0.5595970097177485,2.0446416166724704,1.582000825938896,-2.2135467913506095,1.6335659361492971,0.6885128790863014,1.599184407721168,-1.4147045758092343,1,1,2,2
0.34725655002843697,-0.5595970097177485,0.27616957364162853,0.282589190583944,-0.7450390866851424,0.7627087085758464,-1.4454140006891936,0.11745101640768663,0.3391848194546351,0,2,1,2
0.516101570787306,-0.5595970097177485,0.781447300221869,-0.3478184344892516,0.7234686179803247,0.7627087085758464,0.6885128790863014,-0.7541568608355372,-1.765482454862008,0,2,2,2
-0.17914263233745012,1.0658796861460242,0.5288084369317487,0.9001313539209509,0.2339660497585023,-0.10814851899760423,-1.4454140006891936,0.11745101640768663,-1.4147045758092343,0,1,2,1
-0.6062212142569422,-0.5595970097177485,0.9835583908539653,0.26972372884775525,-1.2345416549069648,-0.10814851899760423,-0.022796080838863534,0.20461180413200947,-1.4147045758092343,0,0,0,2
0.6452183513676166,1.0658796861460242,-1.2396636060990927,-1.196938909077636,-0.2555365184633201,0.7627087085758464,1.3998218390114665,-0.14403134676528037,-0.011593059598138786,0,1,1,2
0.9332480926621589,-0.5595970097177485,1.3877805721181578,1.0416514330190143,0.7234686179803247,1.6335659361492971,1.3998218390114665,0.030290228683364548,-0.011593059598138786,1,1,0,2
0.2876641897606003,-0.5595970097177485,0.3772251189576767,1.1317096651723282,0.2339660497585023,0.7627087085758464,-0.022796080838863534,0.20461180413200947,-0.011593059598138786,0,0,0,2
-0.8942509555514837,-0.5595970097177485,0.22564180098360465,0.11533818801350493,-1.7240442231287871,-0.9790057465710549,0.6885128790863014,0.5532549550292986,-1.765482454862008,0,0,2,2
-0.1195502720696135,-0.5595970097177485,-0.7849136521768764,-1.1583425238690732,0.7234686179803247,-0.9790057465710549,1.3998218390114665,1.2505412568238783,-0.011593059598138786,0,1,1,2
-1.6292233988547964,1.0658796861460242,-0.9870247428089725,-1.4285172203290142,-2.2135467913506095,-1.8498629741445056,-0.022796080838863534,1.1633804690995562,0.6899626985074089,1,1,2,1
0.8637236723496832,-0.5595970097177485,-0.5322747888867561,-0.7209168248386923,-0.7450390866851424,-0.9790057465710549,0.6885128790863014,-1.8000863135274052,-0.36237093865091263,1,0,2,2
0.853791612305044,1.0658796861460242,0.023530710351508263,0.8872658921847639,0.7234686179803247,1.6335659361492971,-0.022796080838863534,0.3789333795806544,-0.011593059598138786,0,0,0,2
-0.18907469238208927,-0.5595970097177485,-1.391246924073165,-0.6694549778939429,-0.2555365184633201,-0.10814851899760423,-0.7341050407640285,1.7735059831698121,1.0407405775601828,0,2,2,2
-1.0630959763103527,-0.5595970097177485,1.7414749807243262,0.9129968156571379,-0.7450390866851424,-0.9790057465710549,1.3998218390114665,-0.05687055904095752,1.0407405775601828,0,2,0,1
1.3205984344030928,-0.5595970097177485,0.4782806642737249,-0.2706256640721246,-2.2135467913506095,0.7627087085758464,1.3998218390114665,0.20461180413200947,-1.4147045758092343,0,1,0,1
-0.44730825354271236,1.0658796861460242,-1.0880802881250207,-0.41214574317018987,0.7234686179803247,-0.9790057465710549,1.3998218390114665,-0.3183529222139253,-0.011593059598138786,1,2,0,2
0.516101570787306,-0.5595970097177485,0.9835583908539653,-0.0905091997654986,-0.2555365184633201,-0.10814851899760423,-0.7341050407640285,0.7275765304779435,0.3391848194546351,0,1,1,2
-0.7849982950604504,-0.5595970097177485,-0.7849136521768764,-0.4250112049063768,-1.7240442231287871,-0.10814851899760423,1.3998218390114665,-0.6669960731112143,-1.0639266967564602,0,0,2,2
0.7246748317247316,-0.5595970097177485,1.2867250268021095,0.5013020400991345,0.7234686179803247,-0.10814851899760423,0.6885128790863014,-0.05687055904095752,-1.765482454862008,0,2,2,2
0.7743351319479291,-0.5595970097177485,-0.6838581068608282,-0.1291055849740612,0.7234686179803247,1.6335659361492971,1.3998218390114665,-1.1028000117328263,1.0407405775601828,0,1,1,2
-1.579563098631599,-0.5595970097177485,0.023530710351508263,1.3890188998960813,-0.2555365184633201,-0.9790057465710549,-0.022796080838863534,-0.05687055904095752,1.0407405775601828,1,2,2,2
1.3007343143138144,-0.5595970097177485,0.8825028455379171,1.1188442034361412,-0.7450390866851424,0.7627087085758464,-0.7341050407640285,-0.40551370993824737,-0.011593059598138786,0,2,2,2
0.5558298109658626,-0.5595970097177485,0.22564180098360465,0.5656293487800726,-0.2555365184633201,0.7627087085758464,1.3998218390114665,-0.7541568608355372,1.0407405775601828,0,0,2,2
-0.4373761934980732,1.0658796861460242,-1.7954691053373573,-0.1291055849740612,1.212971186202147,-0.9790057465710549,-0.7341050407640285,-0.23119213448960244,-1.4147045758092343,0,0,0,2
-0.3479876530963191,-0.5595970097177485,-1.0880802881250207,-0.026181891084560337,-0.2555365184633201,-0.10814851899760423,1.3998218390114665,0.030290228683364548,-0.36237093865091263,0,0,2,2
-0.6360173943908606,1.0658796861460242,1.438308344776182,1.0802478182275788,0.7234686179803247,0.7627087085758464,0.6885128790863014,0.11745101640768663,-1.0639266967564602,0,0,2,2
0.7147427716800925,-0.5595970097177485,0.6298639822477969,0.8486695069761996,1.212971186202147,1.6335659361492971,1.3998218390114665,-0.14403134676528037,-1.0639266967564602,0,0,2,2
1.002772512974633,-0.5595970097177485,-0.7343858795188523,-0.5536658222682533,0.7234686179803247,0.7627087085758464,-0.7341050407640285,-0.7541568608355372,-0.7131488177036864,0,0,0,2
0.23800388953740284,-0.5595970097177485,-1.0375525154669965,-1.184073447341449,-0.2555365184633201,1.6335659361492971,0.6885128790863014,0.11745101640768663,-1.4147045758092343,0,1,1,2
-1.5001066182744849,-0.5595970097177485,-1.4417746967311889,-0.3864148196978142,-1.2345416549069648,-1.8498629741445056,-0.022796080838863534,-0.14403134676528037,-1.4147045758092343,0,1,1,2
-0.2188708725160067,-0.5595970097177485,-0.5828025615447802,-0.1033746615016855,-0.2555365184633201,-0.9790057465710549,-0.022796080838863534,1.0762196813752325,1.0407405775601828,1,1,2,1
-0.16921057229281097,-0.5595970097177485,0.3772251189576767,1.0159205095466406,0.2339660497585023,1.6335659361492971,1.3998218390114665,1.2505412568238783,-1.0639266967564602,0,1,0,2
0.2280718294927637,-0.5595970097177485,-0.1280526076225638,-0.16770197018262376,0.7234686179803247,-0.10814851899760423,-0.7341050407640285,0.6404157427536213,-0.36237093865091263,1,2,1,2
0.7048107116354533,-0.5595970097177485,0.9330306181959415,0.39837834620963175,0.7234686179803247,0.7627087085758464,1.3998218390114665,-1.3642823749057933,-0.36237093865091263,0,0,1,2
0.3273924299391569,1.0658796861460242,-0.5322747888867561,-0.5536658222682533,0.2339660497585023,0.7627087085758464,0.6885128790863014,0.6404157427536213,-0.011593059598138786,0,2,2,2
0.34725655002843697,-0.5595970097177485,-0.17858038028058765,-0.7209168248386923,-1.2345416549069648,1.6335659361492971,0.6885128790863014,0.9890588936509105,1.3915184566129566,0,1,0,2
-0.496968553765909,2.691356382009797,0.07405848300953258,1.0030550478104516,-0.2555365184633201,-0.10814851899760423,1.3998218390114665,-0.9284784362841814,-0.36237093865091263,0,2,1,1
1.3106663743584535,-0.5595970097177485,-0.5322747888867561,-0.7080513631025055,-0.2555365184633201,0.7627087085758464,-0.7341050407640285,-0.23119213448960244,0.6899626985074089,0,0,2,2
0.7147427716800925,-0.5595970097177485,0.4782806642737249,0.12820364974969184,1.212971186202147,-0.10814851899760423,-0.022796080838863534,0.20461180413200947,-0.7131488177036864,0,2,0,1
-0.48703649372126984,-0.5595970097177485,0.12458625566755645,0.1539345732220675,0.2339660497585023,-0.10814851899760423,0.6885128790863014,0.6404157427536213,-0.011593059598138786,1,2,1,2
0.7147427716800925,-0.5595970097177485,0.17511402832558076,0.8744004304485752,-0.2555365184633201,0.7627087085758464,1.3998218390114665,-1.0156392240085041,-0.36237093865091263,0,1,2,2
1.2908022542691753,1.0658796861460242,-1.0375525154669965,-1.9817320749850826,0.7234686179803247,0.7627087085758464,0.6885128790863014,1.2505412568238783,-0.36237093865091263,0,0,2,2
0.33732448998379605,-0.5595970097177485,0.781447300221869,0.9644586626018892,1.212971186202147,-0.9790057465710549,-0.7341050407640285,-2.061568676700373,1.3915184566129566,1,2,1,2
0.5260336308319451,1.0658796861460242,0.7309195275638452,-0.15483650844643684,1.212971186202147,-0.9790057465710549,-1.4454140006891936,0.6404157427536213,-1.0639266967564602,0,2,2,2
0.8041313120818465,-0.5595970097177485,-0.7849136521768764,-1.0296879065071967,-0.7450390866851424,1.6335659361492971,-0.022796080838863534,-0.5798352853868923,-1.765482454862008,0,0,1,2
0.3273924299391569,1.0658796861460242,-1.593358014705261,-1.698691916788955,1.212971186202147,-0.9790057465710549,-0.022796080838863534,0.9018981059265884,-1.4147045758092343,0,2,1,2
0.21813976944812455,1.0658796861460242,-0.1280526076225638,0.17966549669444318,-1.7240442231287871,-0.10814851899760423,-0.022796080838863534,-1.1028000117328263,-0.011593059598138786,0,0,0,2
-0.05995791180177685,2.691356382009797,0.579336209589773,-1.0425533682433845,-1.2345416549069648,1.6335659361492971,1.3998218390114665,0.11745101640768663,1.0407405775601828,0,0,2,1
0.2876641897606003,-0.5595970097177485,-0.7343858795188523,-1.1454770621328854,0.7234686179803247,0.7627087085758464,-1.4454140006891936,0.29177259185633153,-0.7131488177036864,1,1,0,2
1.6682205359654716,-0.5595970097177485,1.0846139361700136,1.6463281346198342,0.7234686179803247,0.7627087085758464,-0.7341050407640285,-0.8413176485598592,-0.36237093865091263,0,1,0,2
-0.8942509555514837,1.0658796861460242,-1.6438857873632853,-1.5829027611632653,-0.7450390866851424,-0.9790057465710549,-1.4454140006891936,-0.49267449766256943,1.0407405775601828,0,1,2,2
-0.8247265352390079,1.0658796861460242,0.27616957364162853,-0.4764730518511281,0.2339660497585023,-0.9790057465710549,-1.4454140006891936,0.20461180413200947,-0.36237093865091263,1,0,0,1
-0.48703649372126984,1.0658796861460242,-1.0880802881250207,-1.2355352942861992,-0.7450390866851424,-0.10814851899760423,-1.4454140006891936,-0.7541568608355372,-0.7131488177036864,0,1,1,2
1.1318892935549454,1.0658796861460242,0.8319750728798933,0.8229385835038258,-0.7450390866851424,-0.10814851899760423,-0.7341050407640285,0.29177259185633153,-0.011593059598138786,0,2,1,1
1.7079487761440282,-0.5595970097177485,0.7309195275638452,1.0030550478104516,-0.2555365184633201,1.6335659361492971,1.3998218390114665,-0.5798352853868923,0.3391848194546351,0,0,2,2
0.6352862913229775,-0.5595970097177485,-0.0775248349645397,-0.00045096761218466834,-0.2555365184633201,-0.10814851899760423,1.3998218390114665,1.0762196813752325,-0.011593059598138786,0,1,2,2
1.0127045730192739,1.0658796861460242,0.27616957364162853,0.4884365783629457,0.7234686179803247,-0.9790057465710549,1.3998218390114665,1.6863451954454902,-0.7131488177036864,0,1,0,1
1.7079487761440282,-0.5595970097177485,0.8319750728798933,0.6814185044057605,1.212971186202147,1.6335659361492971,-0.7341050407640285,0.9890588936509105,1.3915184566129566,0,0,0,2
0.1585474091802879,-0.5595970097177485,0.3772251189576767,0.5141675018353213,-1.2345416549069648,-0.10814851899760423,1.3998218390114665,-0.23119213448960244,-1.0639266967564602,0,1,0,2
0.12875122904637046,-0.5595970097177485,-0.0775248349645397,1.5176735172579578,-1.2345416549069648,-1.8498629741445056,1.3998218390114665,-0.9284784362841814,-0.36237093865091263,0,0,2,2
1.6682205359654716,-0.5595970097177485,0.07405848300953258,-0.7981095952558194,0.7234686179803247,0.7627087085758464,-1.4454140006891936,0.11745101640768663,0.3391848194546351,1,1,0,2
0.3273924299391569,1.0658796861460242,-0.380691470912684,0.9387277391295135,1.212971186202147,-0.9790057465710549,-0.022796080838863534,-1.8000863135274052,-0.7131488177036864,0,1,2,2
1.4497152149834052,-0.5595970097177485,0.781447300221869,1.7878482137178995,0.7234686179803247,-0.9790057465710549,-0.022796080838863534,0.7275765304779435,-1.765482454862008,0,1,0,2
0.009566508510697175,-0.5595970097177485,1.640419435408278,2.4954486092082204,1.212971186202147,-0.9790057465710549,-0.022796080838863534,0.11745101640768663,0.3391848194546351,1,1,0,2
-0.3380555930516791,1.0658796861460242,-0.380691470912684,0.21826188190300577,-0.7450390866851424,-0.10814851899760423,-1.4454140006891936,0.6404157427536213,-1.0639266967564602,0,1,2,2
-0.23873499260528677,-0.5595970097177485,1.438308344776182,1.4790771320493952,0.2339660497585023,-0.10814851899760423,-0.7341050407640285,0.11745101640768663,1.3915184566129566,1,1,1,2
0.60549011118906,2.691356382009797,-0.4312192435707079,-1.4928445290099523,1.212971186202147,-0.10814851899760423,-0.7341050407640285,-0.3183529222139253,-0.011593059598138786,0,0,0,1
0.06915886877853382,1.0658796861460242,0.27616957364162853,-0.06477827629312292,1.212971186202147,1.6335659361492971,-0.022796080838863534,1.599184407721168,-0.7131488177036864,0,0,1,2
-1.1624165767567458,1.0658796861460242,-0.4312192435707079,-0.7466477483110681,0.7234686179803247,-0.10814851899760423,1.3998218390114665,1.7735059831698121,1.3915184566129566,1,1,1,2
1.102093113421028,-0.5595970097177485,-0.026997062306515603,-0.309222049280689,-0.2555365184633201,0.7627087085758464,-0.7341050407640285,-0.3183529222139253,1.3915184566129566,0,2,0,2
1.7079487761440282,-0.5595970097177485,-1.2396636060990927,-1.4285172203290142,-0.7450390866851424,1.6335659361492971,-0.7341050407640285,-0.6669960731112143,-1.0639266967564602,1,0,2,2
0.9233160326175198,-0.5595970097177485,-0.0775248349645397,-0.20629835539118635,0.7234686179803247,1.6335659361492971,1.3998218390114665,-0.5798352853868923,1.0407405775601828,0,0,1,2
1.7079487761440282,-0.5595970097177485,0.27616957364162853,0.6814185044057605,-0.2555365184633201,0.7627087085758464,-0.7341050407640285,-0.40551370993824737,-0.36237093865091263,0,2,2,2
-0.5664929740783847,1.0658796861460242,-0.17858038028058765,-0.7595132100472568,-1.2345416549069648,-0.10814851899760423,1.3998218390114665,0.7275765304779435,-0.36237093865091263,0,2,2,2
1.0524328131978304,-0.5595970097177485,0.8319750728798933,-0.013316429348371588,1.212971186202147,-0.10814851899760423,-1.4454140006891936,-1.1028000117328263,-0.7131488177036864,0,1,1,2
-0.15927851224817183,-0.5595970097177485,-2.0481079686274777,-1.9302702280403323,-0.7450390866851424,0.7627087085758464,-0.7341050407640285,1.6863451954454902,-0.36237093865091263,0,2,0,2
0.16847946922492704,1.0658796861460242,1.3372527994601338,1.5434044407303333,-1.2345416549069648,-0.10814851899760423,-0.022796080838863534,0.7275765304779435,-1.4147045758092343,0,2,1,2
1.1815495937781428,-0.5595970097177485,0.781447300221869,0.7071494278781362,1.212971186202147,0.7627087085758464,1.3998218390114665,-0.3183529222139253,-1.4147045758092343,1,0,1,2
0.9332480926621589,-0.5595970097177485,0.6298639822477969,-1.1197461386605108,-0.7450390866851424,0.7627087085758464,-1.4454140006891936,0.9018981059265884,-0.011593059598138786,0,0,2,2
-0.5366967939444665,-0.5595970097177485,0.9835583908539653,0.6556875809333848,-0.2555365184633201,0.7627087085758464,-1.4454140006891936,-2.584533403046307,1.3915184566129566,0,1,1,2
0.5756939310551409,-0.5595970097177485,-1.2396636060990927,-1.2869971412309498,1.212971186202147,0.7627087085758464,1.3998218390114665,0.20461180413200947,1.0407405775601828,0,1,0,2
-0.30825941291776165,-0.5595970097177485,-0.3301636982546599,-0.309222049280689,-2.2135467913506095,-0.10814851899760423,-0.022796080838863534,-1.9744078889760501,0.3391848194546351,0,1,1,2
-0.9339791957300412,-0.5595970097177485,-0.1280526076225638,-0.7981095952558194,-0.7450390866851424,-0.10814851899760423,-0.022796080838863534,0.46609416730497644,1.3915184566129566,0,1,1,2
-0.04009379171249856,-0.5595970097177485,0.17511402832558076,-0.5536658222682533,-2.2135467913506095,-0.10814851899760423,1.3998218390114665,0.6404157427536213,-1.765482454862008,0,0,1,2
0.2876641897606003,-0.5595970097177485,-1.2396636060990927,-1.4928445290099523,-0.7450390866851424,-0.10814851899760423,-0.022796080838863534,-1.887247101251728,-0.36237093865091263,0,0,1,2
0.4465771504748302,-0.5595970097177485,-1.6438857873632853,-0.6308585926853802,-1.2345416549069648,-0.10814851899760423,-1.4454140006891936,1.2505412568238783,-1.4147045758092343,0,1,1,2
1.082228993331748,1.0658796861460242,0.9835583908539653,0.810073121767637,0.2339660497585023,1.6335659361492971,-0.7341050407640285,0.46609416730497644,-0.36237093865091263,0,1,2,2
1.7079487761440282,-0.5595970097177485,1.4888361174342057,0.7457458130866987,1.212971186202147,1.6335659361492971,-0.7341050407640285,1.0762196813752325,-1.4147045758092343,0,0,2,2
0.45650921051946936,-0.5595970097177485,0.8319750728798933,0.5784948105162596,-1.2345416549069648,-0.10814851899760423,-0.7341050407640285,-0.23119213448960244,1.3915184566129566,1,0,0,2
-1.7186119392565504,1.0658796861460242,0.6298639822477969,0.9129968156571379,-0.2555365184633201,-0.9790057465710549,-0.7341050407640285,-2.584533403046307,1.3915184566129566,0,2,0,2
0.247935949582042,2.691356382009797,-1.4923024693892128,-1.351324449911888,1.212971186202147,0.7627087085758464,-0.7341050407640285,-1.8000863135274052,-0.36237093865091263,0,0,0,2
1.7079487761440282,-0.5595970097177485,0.4782806642737249,0.24399280537538143,-0.2555365184633201,0.7627087085758464,0.6885128790863014,-0.5798352853868923,-0.7131488177036864,0,2,1,2
-0.4373761934980732,-0.5595970097177485,0.6803917549058213,0.24399280537538143,-0.2555365184633201,-1.8498629741445056,0.6885128790863014,-0.6669960731112143,1.0407405775601828,0,1,2,2
-0.7949303551050896,-0.5595970097177485,-0.4312192435707079,1.1188442034361412,-0.2555365184633201,-0.10814851899760423,-0.7341050407640285,0.030290228683364548,0.3391848194546351,0,0,0,2
-0.7452700548818929,-0.5595970097177485,-0.8354414248349004,-0.7080513631025055,1.212971186202147,-0.10814851899760423,1.3998218390114665,0.20461180413200947,1.3915184566129566,1,2,1,2
-0.16921057229281097,1.0658796861460242,1.1351417088280373,1.2603642825342047,-1.2345416549069648,-1.8498629741445056,-1.4454140006891936,0.3789333795806544,-1.0639266967564602,0,0,1,2
0.19827564935884626,1.0658796861460242,-0.026997062306515603,-1.2355352942861992,-0.2555365184633201,0.7627087085758464,1.3998218390114665,-1.0156392240085041,0.6899626985074089,0,0,2,2
0.16847946922492704,-0.5595970097177485,-0.481747016228732,-0.33495297275306285,0.7234686179803247,-0.10814851899760423,-0.022796080838863534,-0.7541568608355372,-0.36237093865091263,0,0,2,2
-0.1990067524267284,-0.5595970097177485,0.9835583908539653,0.7586112748228875,-1.7240442231287871,-0.10814851899760423,0.6885128790863014,0.030290228683364548,1.0407405775601828,0,0,1,2
-0.2784632327838434,-0.5595970097177485,-0.17858038028058765,0.41124380794582055,0.2339660497585023,-0.10814851899760423,-0.022796080838863534,-1.1028000117328263,-0.36237093865091263,0,1,0,2
-2.4734485026491413,1.0658796861460242,-0.481747016228732,-0.9653605978262585,-2.2135467913506095,-0.9790057465710549,-0.7341050407640285,1.1633804690995562,-0.011593059598138786,0,1,0,1
-1.0432318562210734,-0.5595970097177485,-1.6438857873632853,-0.3992802814340011,-0.2555365184633201,-0.9790057465710549,0.6885128790863014,0.8147373182022662,1.0407405775601828,0,1,2,2
0.2578680096266811,-0.5595970097177485,0.12458625566755645,0.5784948105162596,1.212971186202147,-0.10814851899760423,1.3998218390114665,-0.8413176485598592,0.6899626985074089,0,0,2,2
-2.354263782113469,2.691356382009797,-1.2396636060990927,-0.9267642126176959,-0.7450390866851424,-0.10814851899760423,-1.4454140006891936,1.7735059831698121,-0.36237093865091263,0,2,1,1
0.7743351319479291,-0.5595970097177485,0.427752891615701,0.1925309584306301,0.2339660497585023,1.6335659361492971,0.6885128790863014,0.20461180413200947,0.3391848194546351,1,0,1,2
0.43664509043019106,-0.5595970097177485,-1.1386080607830447,-0.9138987508815072,-0.2555365184633201,0.7627087085758464,-0.022796080838863534,0.46609416730497644,-1.0639266967564602,0,1,1,2
-1.41071807787273,-0.5595970097177485,-0.6838581068608282,-0.6437240544215672,-1.7240442231287871,-1.8498629741445056,0.6885128790863014,-0.5798352853868923,-0.36237093865091263,0,0,2,1
0.8835877924389615,-0.5595970097177485,0.427752891615701,0.3597819610010692,1.212971186202147,0.7627087085758464,-0.022796080838863534,-0.3183529222139253,-0.011593059598138786,0,2,1,2
-0.8147944751943688,1.0658796861460242,0.07405848300953258,0.9001313539209509,0.2339660497585023,-0.9790057465710549,-1.4454140006891936,0.11745101640768663,1.3915184566129566,0,2,1,2
1.0127045730192739,-0.5595970097177485,-0.5322747888867561,-0.28349112580831337,-0.2555365184633201,0.7627087085758464,-0.7341050407640285,0.030290228683364548,1.3915184566129566,0,1,2,2
-1.0730280363549918,-0.5595970097177485,-0.3301636982546599,-0.013316429348371588,0.2339660497585023,-0.10814851899760423,-0.022796080838863534,0.030290228683364548,0.3391848194546351,0,1,1,2
0.8239954321711248,-0.5595970097177485,1.0340861635119891,-0.25776020233593766,-0.2555365184633201,0.7627087085758464,-0.022796080838863534,-0.8413176485598592,-0.36237093865091263,1,1,2,2
0.29759624980523947,2.691356382009797,-1.1386080607830447,-1.4285172203290142,-0.7450390866851424,-0.10814851899760423,0.6885128790863014,-0.6669960731112143,-0.7131488177036864,1,0,1,1
-1.4802424981852056,-0.5595970097177485,-0.7849136521768764,-1.5957682228994532,0.7234686179803247,-0.10814851899760423,0.6885128790863014,-1.451443162630116,1.3915184566129566,1,1,2,2
-2.66215764349729,-0.5595970097177485,-0.4312192435707079,0.17966549669444318,-1.7240442231287871,-0.9790057465710549,1.3998218390114665,-0.7541568608355372,-0.011593059598138786,0,0,2,1
-0.15927851224817183,1.0658796861460242,-0.026997062306515603,-1.4285172203290142,0.7234686179803247,-0.9790057465710549,-1.4454140006891936,-1.887247101251728,1.3915184566129566,0,2,2,2
-0.20893881247136756,-0.5595970097177485,0.07405848300953258,0.17966549669444318,-0.7450390866851424,-1.8498629741445056,-1.4454140006891936,-1.0156392240085041,1.3915184566129566,1,2,1,2
-0.9836394959532377,1.0658796861460242,-0.7343858795188523,-0.00045096761218466834,-1.2345416549069648,-1.8498629741445056,-1.4454140006891936,0.030290228683364548,0.3391848194546351,1,2,1,1
0.16847946922492704,-0.5595970097177485,1.3372527994601338,2.2767357596930298,1.212971186202147,1.6335659361492971,-0.022796080838863534,1.5120236199968444,-0.011593059598138786,1,2,0,2
0.19827564935884626,-0.5595970097177485,-0.27963592559663586,-0.8109750569920063,-0.2555365184633201,-0.10814851899760423,1.3998218390114665,0.9890588936509105,-1.0639266967564602,0,2,1,2
0.7544710118586491,1.0658796861460242,1.0340861635119891,0.8229385835038258,0.7234686179803247,0.7627087085758464,1.3998218390114665,-0.3183529222139253,-1.765482454862008,0,1,0,2
0.833927492215764,1.0658796861460242,0.07405848300953258,-0.4764730518511281,0.2339660497585023,1.6335659361492971,-1.4454140006891936,-0.3183529222139253,-1.4147045758092343,1,1,2,2
0.5458977509212234,1.0658796861460242,-1.0880802881250207,-0.6051276692130046,-0.2555365184633201,-0.10814851899760423,-1.4454140006891936,-1.5386039503544382,-1.0639266967564602,0,2,2,1
-0.48703649372126984,1.0658796861460242,0.9835583908539653,1.5048080555217709,-1.2345416549069648,-0.9790057465710549,0.6885128790863014,0.030290228683364548,-0.011593059598138786,0,2,0,2
-0.06988997184641599,-0.5595970097177485,0.12458625566755645,0.0767418028049405,0.2339660497585023,0.7627087085758464,-0.022796080838863534,0.8147373182022662,0.3391848194546351,0,0,1,2
-0.2585991126945651,-0.5595970097177485,0.22564180098360465,-0.06477827629312292,-0.7450390866851424,0.7627087085758464,0.6885128790863014,-0.9284784362841814,-0.7131488177036864,1,2,0,2
-0.020229671623220265,-0.5595970097177485,0.17511402832558076,0.12820364974969184,-2.703049359572432,1.6335659361492971,1.3998218390114665,0.20461180413200947,0.6899626985074089,0,0,1,2
-1.0630959763103527,1.0658796861460242,0.9835583908539653,1.9036373693435873,-0.7450390866851424,-0.9790057465710549,0.6885128790863014,0.20461180413200947,-0.011593059598138786,0,1,0,1
0.08902298886781211,-0.5595970097177485,0.6298639822477969,0.7457458130866987,0.7234686179803247,-0.10814851899760423,1.3998218390114665,0.9018981059265884,0.6899626985074089,0,1,1,2
0.2578680096266811,-0.5595970097177485,-0.6333303342028043,-0.6437240544215672,-1.2345416549069648,-0.9790057465710549,0.6885128790863014,0.6404157427536213,-0.011593059598138786,0,0,1,2
-0.506900613810549,1.0658796861460242,0.427752891615701,1.7749827519817107,0.7234686179803247,-0.10814851899760423,0.6885128790863014,-1.3642823749057933,1.3915184566129566,0,1,2,2
-0.675745634569418,2.691356382009797,-0.5828025615447802,-0.2191638171273751,-2.2135467913506095,-0.9790057465710549,-1.4454140006891936,0.8147373182022662,0.6899626985074089,1,2,0,1
1.3106663743584535,-0.5595970097177485,0.023530710351508263,-0.24489474059975078,-2.2135467913506095,0.7627087085758464,1.3998218390114665,1.1633804690995562,-1.4147045758092343,0,0,1,2
0.05922680873389467,-0.5595970097177485,-1.2901913787571169,-2.2905031566535863,-0.2555365184633201,-0.10814851899760423,-0.022796080838863534,-0.6669960731112143,-0.7131488177036864,1,1,0,2
1.0325686931085523,1.0658796861460242,1.6909472080663022,2.16094660406734,-0.2555365184633201,-0.10814851899760423,-0.7341050407640285,1.3377020445482002,-0.7131488177036864,0,2,1,2
-0.4075800133641549,-0.5595970097177485,-0.6838581068608282,1.1831715121170796,-0.7450390866851424,-0.9790057465710549,0.6885128790863014,-1.625764738078761,-1.0639266967564602,0,2,2,2
-0.8147944751943688,1.0658796861460242,0.579336209589773,1.06738235649139,0.7234686179803247,-0.10814851899760423,-1.4454140006891936,1.1633804690995562,1.0407405775601828,0,2,2,2
0.7048107116354533,1.0658796861460242,0.6298639822477969,0.5013020400991345,-1.7240442231287871,-0.10814851899760423,-0.7341050407640285,1.5120236199968444,1.3915184566129566,1,1,1,1
1.7079487761440282,-0.5595970097177485,0.27616957364162853,0.1925309584306301,-0.7450390866851424,1.6335659361492971,0.6885128790863014,-0.14403134676528037,-1.765482454862008,0,0,1,2
-0.20893881247136756,1.0658796861460242,-0.0775248349645397,0.5141675018353213,0.2339660497585023,-0.10814851899760423,-1.4454140006891936,-0.5798352853868923,-0.011593059598138786,0,1,0,2
1.102093113421028,-0.5595970097177485,-0.8859691974929245,-0.20629835539118635,-1.2345416549069648,-0.10814851899760423,0.6885128790863014,1.7735059831698121,-1.4147045758092343,0,0,0,1
0.595558051144421,-0.5595970097177485,1.2867250268021095,1.1960369738532666,-0.2555365184633201,-0.10814851899760423,1.3998218390114665,-0.5798352853868923,-1.765482454862008,0,1,2,2
0.247935949582042,-0.5595970097177485,-0.3301636982546599,0.03814541759637792,-1.2345416549069648,0.7627087085758464,0.6885128790863014,1.4248628322725223,1.3915184566129566,1,0,2,2
0.8935198524836006,-0.5595970097177485,1.7414749807243262,0.79720766003145,1.212971186202147,-0.10814851899760423,-1.4454140006891936,-0.7541568608355372,-1.4147045758092343,0,2,1,2
0.009566508510697175,-0.5595970097177485,2.5499193432527107,1.3632879764237056,-0.2555365184633201,1.6335659361492971,-0.022796080838863534,1.7735059831698121,-0.36237093865091263,1,1,0,2
-0.8247265352390079,2.691356382009797,-0.7343858795188523,-0.9267642126176959,-0.2555365184633201,-1.8498629741445056,-0.022796080838863534,0.46609416730497644,0.3391848194546351,0,0,2,2
-0.3380555930516791,-0.5595970097177485,-0.7849136521768764,-0.051912814556936006,-0.2555365184633201,-0.9790057465710549,-1.4454140006891936,0.29177259185633153,0.6899626985074089,1,0,2,2
0.14861534913564875,-0.5595970097177485,-0.6838581068608282,-0.7209168248386923,1.212971186202147,0.7627087085758464,0.6885128790863014,-0.9284784362841814,-0.011593059598138786,0,2,2,2
-0.010297611578581117,1.0658796861460242,-0.6838581068608282,-0.46360759011493935,0.7234686179803247,-0.10814851899760423,0.6885128790863014,-1.1028000117328263,-0.7131488177036864,0,2,1,2
-0.675745634569418,-0.5595970097177485,-0.8354414248349004,-0.232029278863562,1.212971186202147,-0.10814851899760423,1.3998218390114665,1.5120236199968444,1.3915184566129566,0,0,2,2
0.3075283098498786,-0.5595970097177485,-1.1891358334410687,-1.5571718376908905,-0.2555365184633201,-0.10814851899760423,1.3998218390114665,-0.5798352853868923,1.3915184566129566,0,0,1,2
-0.6161532743015814,2.691356382009797,-0.9364969701509483,-0.28349112580831337,1.212971186202147,-1.8498629741445056,0.6885128790863014,1.7735059831698121,-1.0639266967564602,0,1,0,1
-0.23873499260528677,-0.5595970097177485,2.0446416166724704,0.7586112748228875,0.2339660497585023,-0.9790057465710549,1.3998218390114665,-0.5798352853868923,-1.765482454862008,0,1,1,2
-0.5764250341230239,-0.5595970097177485,-1.1891358334410687,0.4884365783629457,-1.2345416549069648,-0.9790057465710549,1.3998218390114665,0.29177259185633153,1.0407405775601828,1,0,1,2
-0.9935715559978768,-0.5595970097177485,-0.9364969701509483,-0.7852441335196306,0.7234686179803247,-0.10814851899760423,0.6885128790863014,-0.05687055904095752,1.3915184566129566,1,1,2,2
0.08902298886781211,-0.5595970097177485,0.427752891615701,-0.4378766666425655,-0.2555365184633201,-0.9790057465710549,-1.4454140006891936,-2.148729464424695,1.3915184566129566,0,0,2,2
-0.9041830155961228,-0.5595970097177485,0.12458625566755645,-0.37354935796162725,0.2339660497585023,-0.9790057465710549,0.6885128790863014,-0.5798352853868923,0.3391848194546351,0,1,1,2
-0.32812353300703995,1.0658796861460242,1.640419435408278,0.03814541759637792,0.2339660497585023,-0.10814851899760423,0.6885128790863014,0.20461180413200947,1.0407405775601828,0,1,1,2
1.5589678754744376,-0.5595970097177485,-0.481747016228732,-0.8495714422005689,-1.7240442231287871,1.6335659361492971,0.6885128790863014,-0.05687055904095752,-1.4147045758092343,0,2,2,2
-2.165554641265322,-0.5595970097177485,0.427752891615701,0.06387634106875359,-0.2555365184633201,-0.9790057465710549,0.6885128790863014,0.7275765304779435,-0.36237093865091263,1,1,1,2
-0.2585991126945651,1.0658796861460242,1.0340861635119891,1.5948662876750848,-1.2345416549069648,-0.10814851899760423,-0.7341050407640285,0.8147373182022662,-0.36237093865091263,0,1,1,1
-1.7285439993011895,1.0658796861460242,-0.380691470912684,0.5141675018353213,-1.7240442231287871,-1.8498629741445056,-0.7341050407640285,-0.23119213448960244,-0.36237093865091263,0,0,1,1
-0.9637753758639594,-0.5595970097177485,0.17511402832558076,0.4884365783629457,-0.7450390866851424,-0.10814851899760423,-0.022796080838863534,-1.0156392240085041,-1.0639266967564602,0,2,1,2
0.3273924299391569,-0.5595970097177485,-1.542830242047237,-2.187579462764085,-1.2345416549069648,-0.10814851899760423,0.6885128790863014,1.6863451954454902,1.3915184566129566,1,2,2,2
-1.1524845167121067,-0.5595970097177485,0.17511402832558076,0.5141675018353213,0.7234686179803247,-0.9790057465710549,-0.7341050407640285,-0.5798352853868923,-0.011593059598138786,1,0,1,2
0.3075283098498786,-0.5595970097177485,-0.7849136521768764,-1.3127280647033255,0.7234686179803247,-1.8498629741445056,-0.7341050407640285,-0.8413176485598592,1.3915184566129566,0,1,1,2
-1.430582197962009,1.0658796861460242,-1.2901913787571169,-1.6729609933165792,1.212971186202147,-1.8498629741445056,-1.4454140006891936,0.8147373182022662,-1.0639266967564602,0,1,1,2
-0.7254059347926146,-0.5595970097177485,-0.27963592559663586,-0.2191638171273751,0.7234686179803247,-0.9790057465710549,1.3998218390114665,1.4248628322725223,1.0407405775601828,1,2,0,2
-1.599427218720878,2.691356382009797,0.07405848300953258,0.5656293487800726,-1.2345416549069648,-1.8498629741445056,-0.7341050407640285,0.29177259185633153,-0.36237093865091263,0,2,2,1
-0.5366967939444665,-0.5595970097177485,-1.7954691053373573,-1.0811497534519472,0.2339660497585023,-0.10814851899760423,-0.022796080838863534,1.7735059831698121,0.6899626985074089,1,2,0,2
-2.205282881443879,-0.5595970097177485,-0.8859691974929245,-0.232029278863562,-0.2555365184633201,-1.8498629741445056,0.6885128790863014,-1.8000863135274052,-1.0639266967564602,0,1,0,2
0.019498568555338085,-0.5595970097177485,1.589891662750254,1.0802478182275788,1.212971186202147,-0.10814851899760423,1.3998218390114665,0.8147373182022662,-1.765482454862008,0,2,1,2
-0.7849982950604504,-0.5595970097177485,0.579336209589773,0.03814541759637792,0.7234686179803247,-0.10814851899760423,0.6885128790863014,0.46609416730497644,1.0407405775601828,0,1,0,2
-1.1425524566674676,-0.5595970097177485,-1.4417746967311889,-1.2998626029671376,1.212971186202147,0.7627087085758464,0.6885128790863014,-0.3183529222139253,0.3391848194546351,1,1,1,2
0.09895504891245302,1.0658796861460242,-1.8459968779953813,-1.441382682065202,0.2339660497585023,-0.9790057465710549,-0.022796080838863534,0.8147373182022662,-1.4147045758092343,0,0,1,1
0.5458977509212234,-0.5595970097177485,1.1351417088280373,1.4533462085770195,-1.2345416549069648,-0.9790057465710549,0.6885128790863014,0.6404157427536213,0.6899626985074089,0,1,1,2
1.3305304944477319,-0.5595970097177485,-0.026997062306515603,-0.07764373802930984,0.2339660497585023,1.6335659361492971,-0.022796080838863534,1.7735059831698121,0.6899626985074089,1,2,1,2
-0.07982203189105691,-0.5595970097177485,0.12458625566755645,0.5527638870438839,-0.2555365184633201,-0.10814851899760423,-0.7341050407640285,0.20461180413200947,-0.36237093865091263,0,0,1,2
-1.579563098631599,2.691356382009797,1.1856694814860618,2.4568522239996557,-0.7450390866851424,-0.9790057465710549,-0.7341050407640285,0.030290228683364548,0.6899626985074089,0,0,1,1
-1.9172531401493378,-0.5595970097177485,-0.27963592559663586,-1.3770553733842636,0.7234686179803247,-0.10814851899760423,-1.4454140006891936,-0.14403134676528037,-1.4147045758092343,0,0,2,2
1.4993755152066008,-0.5595970097177485,0.22564180098360465,-0.0905091997654986,0.7234686179803247,1.6335659361492971,1.3998218390114665,0.6404157427536213,-0.011593059598138786,0,1,1,2
0.07909092882317297,-0.5595970097177485,-0.8354414248349004,-1.5057099907461402,0.2339660497585023,-0.10814851899760423,1.3998218390114665,0.030290228683364548,0.3391848194546351,0,0,1,2
0.45650921051946936,-0.5595970097177485,-1.2901913787571169,-0.48933851358731506,-1.2345416549069648,0.7627087085758464,1.3998218390114665,0.030290228683364548,0.3391848194546351,1,0,1,2
-0.10961821202497435,-0.5595970097177485,-2.0481079686274777,-0.7466477483110681,-1.7240442231287871,-0.9790057465710549,-0.022796080838863534,0.46609416730497644,-0.36237093865091263,0,0,2,1
1.022636633063913,-0.5595970097177485,-0.7343858795188523,-1.1197461386605108,0.7234686179803247,-0.10814851899760423,-0.022796080838863534,-0.23119213448960244,-1.4147045758092343,0,2,1,2
-0.9737074359085985,-0.5595970097177485,-0.7343858795188523,0.5013020400991345,1.212971186202147,0.7627087085758464,1.3998218390114665,0.6404157427536213,0.3391848194546351,0,1,0,2
-0.755202114926533,-0.5595970097177485,-0.22910815293861175,-0.9138987508815072,-0.7450390866851424,-0.10814851899760423,-1.4454140006891936,1.6863451954454902,-0.7131488177036864,0,2,1,2
1.2312098940013387,-0.5595970097177485,-0.7343858795188523,-1.2226698325500116,-0.2555365184633201,0.7627087085758464,-0.022796080838863534,-0.05687055904095752,1.3915184566129566,1,0,0,2
0.009566508510697175,-0.5595970097177485,0.6803917549058213,-0.33495297275306285,0.7234686179803247,-0.10814851899760423,1.3998218390114665,0.6404157427536213,1.3915184566129566,0,0,2,2
-1.3113974774263366,-0.5595970097177485,1.0340861635119891,0.6428221191971979,1.212971186202147,-0.10814851899760423,-1.4454140006891936,-0.6669960731112143,-0.7131488177036864,1,1,1,2
0.9928404529299938,-0.5595970097177485,0.8825028455379171,1.5948662876750848,1.212971186202147,1.6335659361492971,-0.022796080838863534,-0.5798352853868923,-1.4147045758092343,0,2,1,2
-0.06988997184641599,-0.5595970097177485,1.5393638900922297,0.8358040452400126,-1.7240442231287871,-0.10814851899760423,0.6885128790863014,-2.235890252149017,1.3915184566129566,0,1,1,1
0.60549011118906,-0.5595970097177485,0.07405848300953258,-0.16770197018262376,-0.7450390866851424,0.7627087085758464,-1.4454140006891936,-0.23119213448960244,0.3391848194546351,0,0,2,2
-1.0134356760871561,-0.5595970097177485,-0.5322747888867561,-0.1805674319188125,-1.2345416549069648,-1.8498629741445056,1.3998218390114665,1.599184407721168,1.3915184566129566,0,1,2,2
0.4465771504748302,-0.5595970097177485,-0.481747016228732,0.17966549669444318,1.212971186202147,-0.10814851899760423,-1.4454140006891936,-0.9284784362841814,-0.7131488177036864,0,1,1,2
0.8736557323943223,-0.5595970097177485,0.7309195275638452,1.3375570529513316,1.212971186202147,0.7627087085758464,1.3998218390114665,1.599184407721168,-1.0639266967564602,0,1,2,2
0.29759624980523947,1.0658796861460242,0.12458625566755645,-0.19343289365499944,0.2339660497585023,-0.10814851899760423,1.3998218390114665,-0.49267449766256943,-1.4147045758092343,1,1,2,2
-0.39764795331951575,1.0658796861460242,-0.5828025615447802,-0.9138987508815072,-0.2555365184633201,-0.10814851899760423,-0.7341050407640285,0.030290228683364548,1.0407405775601828,1,2,0,2
1.1914816538227821,-0.5595970097177485,-0.8354414248349004,-0.2191638171273751,0.7234686179803247,0.7627087085758464,-0.022796080838863534,0.8147373182022662,0.6899626985074089,0,2,1,2
-0.6459494544354997,-0.5595970097177485,-0.026997062306515603,-1.4027862968566385,-1.2345416549069648,-0.9790057465710549,-0.022796080838863534,0.5532549550292986,1.3915184566129566,0,1,2,1
-0.0500258517571377,-0.5595970097177485,-0.27963592559663586,0.08960726454112926,0.2339660497585023,0.7627087085758464,-0.7341050407640285,0.9890588936509105,-0.011593059598138786,0,2,1,2
0.6551504114122558,-0.5595970097177485,1.1856694814860618,1.234633359061829,1.212971186202147,0.7627087085758464,-0.022796080838863534,-1.8000863135274052,-0.011593059598138786,0,2,2,2
1.0921610533763888,-0.5595970097177485,-0.17858038028058765,-0.039047352820747255,0.7234686179803247,-0.10814851899760423,0.6885128790863014,-1.451443162630116,0.6899626985074089,1,2,0,2
1.1716175337335037,-0.5595970097177485,-0.27963592559663586,0.6942839661419492,1.212971186202147,-0.10814851899760423,-0.7341050407640285,1.2505412568238783,0.6899626985074089,0,2,1,2
0.6253542312783383,-0.5595970097177485,0.12458625566755645,0.5141675018353213,0.2339660497585023,-0.10814851899760423,-0.7341050407640285,-0.7541568608355372,0.6899626985074089,0,2,2,2
0.516101570787306,-0.5595970097177485,0.9330306181959415,1.2603642825342047,-0.7450390866851424,0.7627087085758464,-0.022796080838863534,-0.6669960731112143,0.3391848194546351,0,2,2,2
0.833927492215764,-0.5595970097177485,1.79200275338235,2.379659453582531,-0.7450390866851424,0.7627087085758464,0.6885128790863014,-1.2771215871814712,0.6899626985074089,1,2,1,2
1.1120251734656672,-0.5595970097177485,-1.1891358334410687,-0.7981095952558194,0.2339660497585023,0.7627087085758464,1.3998218390114665,-0.40551370993824737,-0.011593059598138786,0,0,0,2
-0.7750662350158113,-0.5595970097177485,1.1856694814860618,1.749251828509335,-1.2345416549069648,-0.10814851899760423,1.3998218390114665,-0.3183529222139253,0.6899626985074089,0,1,2,2
-0.14934645220353093,-0.5595970097177485,0.781447300221869,0.25685826711156834,1.212971186202147,-0.10814851899760423,-0.022796080838863534,-0.9284784362841814,0.6899626985074089,1,1,2,2
-1.0035036160425168,-0.5595970097177485,-1.2901913787571169,-0.33495297275306285,-1.2345416549069648,-0.9790057465710549,-1.4454140006891936,-1.1028000117328263,-0.36237093865091263,0,1,1,1
0.2578680096266811,4.31683307787357,-1.0375525154669965,-0.5536658222682533,-1.2345416549069648,1.6335659361492971,-0.022796080838863534,0.3789333795806544,1.3915184566129566,1,2,1,1
-0.4771044336766307,1.0658796861460242,0.9330306181959415,0.5784948105162596,0.7234686179803247,-0.9790057465710549,-0.022796080838863534,-0.8413176485598592,1.0407405775601828,0,2,0,2
-1.579563098631599,-0.5595970097177485,0.5288084369317487,0.977324124338076,0.7234686179803247,-0.9790057465710549,-0.022796080838863534,-0.5798352853868923,1.3915184566129566,0,2,1,2
0.019498568555338085,-0.5595970097177485,-0.8859691974929245,-1.2869971412309498,-2.703049359572432,-0.9790057465710549,-0.022796080838863534,1.7735059831698121,0.3391848194546351,0,0,0,1
0.853791612305044,-0.5595970097177485,0.5288084369317487,0.1925309584306301,1.212971186202147,-0.9790057465710549,0.6885128790863014,0.9890588936509105,-0.7131488177036864,0,2,0,2
0.1585474091802879,-0.5595970097177485,0.9330306181959415,0.6428221191971979,-0.7450390866851424,-0.10814851899760423,-1.4454140006891936,-0.49267449766256943,-0.011593059598138786,0,1,1,2
0.7941992520372074,-0.5595970097177485,-2.0481079686274777,-0.8624369039367576,-1.2345416549069648,1.6335659361492971,-1.4454140006891936,0.030290228683364548,0.6899626985074089,0,0,2,2
0.08902298886781211,-0.5595970097177485,-1.0375525154669965,0.012414494124002251,1.212971186202147,-1.8498629741445056,-1.4454140006891936,-1.2771215871814712,0.3391848194546351,0,1,1,2
-1.251805117158501,1.0658796861460242,-0.481747016228732,-0.3992802814340011,0.7234686179803247,0.7627087085758464,1.3998218390114665,-0.49267449766256943,0.3391848194546351,0,1,2,2
-2.105962280997485,-0.5595970097177485,0.12458625566755645,-1.0039569830348212,-2.2135467913506095,-0.9790057465710549,-1.4454140006891936,0.20461180413200947,-0.36237093865091263,0,1,2,1
0.23800388953740284,-0.5595970097177485,-1.1891358334410687,-0.8109750569920063,0.2339660497585023,0.7627087085758464,-0.022796080838863534,0.20461180413200947,-0.7131488177036864,0,1,2,1
-2.9104591446132737,-0.5595970097177485,0.8825028455379171,-0.5022039753235038,0.7234686179803247,-0.9790057465710549,-0.022796080838863534,-1.0156392240085041,-0.7131488177036864,1,2,1,2
0.38698479020699356,-0.5595970097177485,0.17511402832558076,-0.1291055849740612,-0.7450390866851424,-0.10814851899760423,1.3998218390114665,0.8147373182022662,0.3391848194546351,1,2,1,2
-1.4405142580066481,1.0658796861460242,-0.1280526076225638,-0.7080513631025055,-1.7240442231287871,-0.10814851899760423,-0.022796080838863534,-0.40551370993824737,1.3915184566129566,0,2,1,1
-0.48703649372126984,-0.5595970097177485,-0.6333303342028043,-1.261266217758574,0.2339660497585023,-0.10814851899760423,-0.7341050407640285,1.7735059831698121,-1.4147045758092343,0,1,2,2
1.598696115652996,-0.5595970097177485,1.589891662750254,1.06738235649139,0.2339660497585023,1.6335659361492971,0.6885128790863014,-0.8413176485598592,0.3391848194546351,1,1,2,2
-0.9836394959532377,2.691356382009797,-0.6838581068608282,-1.6472300698442037,-1.7240442231287871,-0.10814851899760423,-0.7341050407640285,-0.05687055904095752,1.0407405775601828,0,0,2,1
-0.46717237363199154,1.0658796861460242,-1.1386080607830447,-1.2098043708138237,-0.2555365184633201,-1.8498629741445056,-0.7341050407640285,-1.5386039503544382,0.3391848194546351,0,0,1,2
0.019498568555338085,-0.5595970097177485,-1.0880802881250207,-1.0682842917157593,0.2339660497585023,0.7627087085758464,1.3998218390114665,1.7735059831698121,0.3391848194546351,0,2,1,2
0.6551504114122558,-0.5595970097177485,-0.9870247428089725,-0.11624012323787426,0.2339660497585023,0.7627087085758464,0.6885128790863014,0.20461180413200947,-1.4147045758092343,0,0,0,2
0.6352862913229775,2.691356382009797,0.3266973462996528,0.4369747314181962,-0.7450390866851424,-0.10814851899760423,0.6885128790863014,-0.7541568608355372,-0.011593059598138786,0,1,2,1
0.2876641897606003,-0.5595970097177485,-1.3407191514151409,-1.3641899116480758,-1.7240442231287871,-0.9790057465710549,-1.4454140006891936,0.46609416730497644,-0.011593059598138786,0,0,0,2
-1.4504463180512872,-0.5595970097177485,-0.5828025615447802,-0.7852441335196306,0.2339660497585023,-0.10814851899760423,-1.4454140006891936,0.20461180413200947,1.3915184566129566,0,0,1,2
0.29759624980523947,-0.5595970097177485,-0.5828025615447802,-1.1583425238690732,0.2339660497585023,-0.9790057465710549,0.6885128790863014,-0.3183529222139253,-0.011593059598138786,0,0,0,2
0.31746036989451776,-0.5595970097177485,-0.22910815293861175,-0.1805674319188125,1.212971186202147,0.7627087085758464,-0.022796080838863534,-1.451443162630116,-0.011593059598138786,0,1,1,2
1.608628175697635,-0.5595970097177485,0.427752891615701,0.29545465232013096,1.212971186202147,0.7627087085758464,-0.022796080838863534,1.7735059831698121,-0.36237093865091263,0,2,1,2
-1.1326203966228285,1.0658796861460242,-0.1280526076225638,-0.48933851358731506,-0.7450390866851424,-1.8498629741445056,-0.7341050407640285,-1.3642823749057933,-0.011593059598138786,0,1,1,2
-1.1922127568906642,-0.5595970097177485,0.17511402832558076,-0.5408003605320664,-1.2345416549069648,-0.9790057465710549,-0.022796080838863534,1.7735059831698121,-0.011593059598138786,0,2,2,1
-0.37778383323023657,-0.5595970097177485,0.12458625566755645,0.7586112748228875,-0.2555365184633201,-0.9790057465710549,-1.4454140006891936,0.8147373182022662,-0.36237093865091263,0,1,0,2
0.7941992520372074,-0.5595970097177485,0.22564180098360465,-0.232029278863562,-0.2555365184633201,-0.9790057465710549,1.3998218390114665,0.5532549550292986,-0.36237093865091263,0,1,2,2
-0.6360173943908606,-0.5595970097177485,2.398336025278639,0.8358040452400126,-1.2345416549069648,0.7627087085758464,1.3998218390114665,0.7275765304779435,-1.0639266967564602,0,1,0,2
1.4199190348494877,-0.5595970097177485,1.438308344776182,0.1925309584306301,-1.7240442231287871,0.7627087085758464,-0.7341050407640285,-1.625764738078761,0.3391848194546351,0,1,2,2
1.7079487761440282,-0.5595970097177485,1.2361972541440855,1.5562699024665203,0.7234686179803247,0.7627087085758464,-0.7341050407640285,-0.6669960731112143,-1.0639266967564602,1,2,1,2
1.2808701942245362,1.0658796861460242,-0.9870247428089725,-1.3770553733842636,-1.2345416549069648,0.7627087085758464,1.3998218390114665,-1.3642823749057933,1.3915184566129566,1,2,2,2
-0.7949303551050896,1.0658796861460242,0.12458625566755645,0.6814185044057605,1.212971186202147,-0.9790057465710549,-0.7341050407640285,0.20461180413200947,-0.011593059598138786,1,0,2,2
1.2113457739120603,-0.5595970097177485,0.6298639822477969,0.34691649926488227,-0.2555365184633201,1.6335659361492971,-0.022796080838863534,-1.3642823749057933,1.3915184566129566,1,1,1,2
0.1386832890910096,-0.5595970097177485,0.9330306181959415,1.4404807468408325,-1.7240442231287871,-0.9790057465710549,1.3998218390114665,-2.061568676700373,1.3915184566129566,1,0,1,2
-0.4373761934980732,-0.5595970097177485,-0.8354414248349004,-1.3899208351204506,1.212971186202147,-0.9790057465710549,-1.4454140006891936,-0.23119213448960244,1.3915184566129566,0,1,2,2
-0.2585991126945651,-0.5595970097177485,-0.8354414248349004,-1.685826455052767,0.2339660497585023,-0.10814851899760423,-0.7341050407640285,-2.32305103987334,1.3915184566129566,0,1,2,2
1.7079487761440282,-0.5595970097177485,0.8825028455379171,0.7586112748228875,0.7234686179803247,0.7627087085758464,-1.4454140006891936,0.29177259185633153,-0.7131488177036864,0,2,1,2
-1.351125717604894,-0.5595970097177485,-1.0375525154669965,0.012414494124002251,0.2339660497585023,0.7627087085758464,-0.022796080838863534,-1.2771215871814712,1.0407405775601828,0,0,1,2
0.2578680096266811,-0.5595970097177485,-0.3301636982546599,0.08960726454112926,1.212971186202147,-0.10814851899760423,-0.7341050407640285,-0.8413176485598592,-1.0639266967564602,0,0,1,2
0.45650921051946936,-0.5595970097177485,-1.4923024693892128,-1.196938909077636,-0.7450390866851424,-0.10814851899760423,0.6885128790863014,-2.32305103987334,1.3915184566129566,0,0,2,2
-1.599427218720878,-0.5595970097177485,-0.27963592559663586,-1.196938909077636,0.7234686179803247,-0.9790057465710549,-0.022796080838863534,-1.5386039503544382,1.3915184566129566,0,2,2,2
-0.44730825354271236,-0.5595970097177485,-0.17858038028058765,0.16680003495825443,-2.2135467913506095,-0.10814851899760423,0.6885128790863014,-0.3183529222139253,1.0407405775601828,0,2,2,1
-1.609359278765517,1.0658796861460242,0.12458625566755645,0.12820364974969184,1.212971186202147,0.7627087085758464,-1.4454140006891936,-1.887247101251728,-0.7131488177036864,0,2,2,2
-0.37778383323023657,-0.5595970097177485,-0.17858038028058765,-0.45074212837875244,-0.2555365184633201,-0.9790057465710549,-1.4454140006891936,-0.8413176485598592,-0.36237093865091263,1,2,0,2
-0.5466288539891055,-0.5595970097177485,0.8825028455379171,-0.32208751101687594,-0.2555365184633201,-0.9790057465710549,-0.022796080838863534,1.7735059831698121,-1.765482454862008,0,1,1,2
-0.26853117273920424,-0.5595970097177485,1.2361972541440855,1.3761534381598943,-1.2345416549069648,-0.10814851899760423,-0.022796080838863534,0.3789333795806544,0.6899626985074089,0,0,1,2
-0.844590655328287,1.0658796861460242,-1.694413560021309,-1.8788083810955818,0.7234686179803247,-1.8498629741445056,-0.7341050407640285,0.030290228683364548,-0.7131488177036864,0,2,1,2
1.7079487761440282,-0.5595970097177485,0.9835583908539653,0.9387277391295135,-0.2555365184633201,1.6335659361492971,-0.7341050407640285,-0.05687055904095752,-0.011593059598138786,0,1,0,2
0.267800069671322,1.0658796861460242,-0.8354414248349004,-1.248400756022387,0.7234686179803247,-0.10814851899760423,0.6885128790863014,0.8147373182022662,-0.7131488177036864,1,1,0,2
-0.24866705264992592,-0.5595970097177485,-0.3301636982546599,0.38551288447344484,0.2339660497585023,-0.10814851899760423,-0.7341050407640285,-0.3183529222139253,1.0407405775601828,1,1,1,2
0.21813976944812455,-0.5595970097177485,0.9330306181959415,0.7071494278781362,-1.2345416549069648,0.7627087085758464,-0.022796080838863534,0.29177259185633153,-1.0639266967564602,1,2,1,1
1.6483564158761916,-0.5595970097177485,0.427752891615701,-0.6308585926853802,-0.2555365184633201,-0.10814851899760423,-1.4454140006891936,-0.3183529222139253,-1.0639266967564602,1,2,0,2
-1.0630959763103527,2.691356382009797,0.023530710351508263,0.205396420166817,0.2339660497585023,0.7627087085758464,0.6885128790863014,-0.7541568608355372,1.0407405775601828,0,1,0,2
0.31746036989451776,-0.5595970097177485,-0.5322747888867561,-0.7337822865748811,0.2339660497585023,0.7627087085758464,-1.4454140006891936,-0.49267449766256943,-0.36237093865091263,0,0,1,2
-1.0531639162657136,2.691356382009797,0.17511402832558076,0.06387634106875359,-0.7450390866851424,-0.9790057465710549,-1.4454140006891936,0.7275765304779435,-0.36237093865091263,0,2,2,1
-1.678883699077993,1.0658796861460242,0.07405848300953258,1.06738235649139,-1.7240442231287871,-0.9790057465710549,-0.022796080838863534,0.8147373182022662,-0.011593059598138786,0,1,1,2
0.49623745069802594,-0.5595970097177485,0.6298639822477969,0.810073121767637,1.212971186202147,1.6335659361492971,-0.022796080838863534,-1.189960799457149,-0.011593059598138786,1,2,1,2
-2.3840599622473873,-0.5595970097177485,-1.4417746967311889,-0.7595132100472568,0.7234686179803247,-1.8498629741445056,-0.022796080838863534,-0.7541568608355372,0.6899626985074089,0,1,2,2
1.3106663743584535,-0.5595970097177485,-1.391246924073165,-0.8881678274091334,0.2339660497585023,1.6335659361492971,-0.022796080838863534,0.29177259185633153,-1.4147045758092343,0,2,1,2
-1.3908539577834516,1.0658796861460242,-1.0375525154669965,-0.7337822865748811,-0.7450390866851424,0.7627087085758464,-0.7341050407640285,1.2505412568238783,-0.36237093865091263,0,1,2,2
0.04929474868925553,2.691356382009797,0.6298639822477969,0.17966549669444318,-1.7240442231287871,1.6335659361492971,1.3998218390114665,-1.0156392240085041,-0.7131488177036864,0,0,1,1
1.52917169534052,-0.5595970097177485,-0.5322747888867561,-0.5279348987958776,-0.7450390866851424,-0.10814851899760423,-0.022796080838863534,0.030290228683364548,0.6899626985074089,0,2,0,2
1.4894434551619617,-0.5595970097177485,0.07405848300953258,1.144575126908517,-2.2135467913506095,0.7627087085758464,0.6885128790863014,0.6404157427536213,-0.7131488177036864,0,1,1,2
-2.1258264010867642,-0.5595970097177485,0.4782806642737249,0.3726474227372579,0.2339660497585023,-1.8498629741445056,0.6885128790863014,-1.0156392240085041,-0.011593059598138786,0,2,1,2
-0.3479876530963191,4.31683307787357,0.4782806642737249,-0.7852441335196306,-0.7450390866851424,-0.10814851899760423,0.6885128790863014,0.030290228683364548,1.3915184566129566,0,2,1,1
0.247935949582042,-0.5595970097177485,-0.6838581068608282,-1.3127280647033255,0.2339660497585023,0.7627087085758464,-0.022796080838863534,1.1633804690995562,0.6899626985074089,0,1,1,2
0.9233160326175198,-0.5595970097177485,-0.22910815293861175,1.221767897325642,-0.2555365184633201,-0.10814851899760423,-1.4454140006891936,-0.8413176485598592,-1.765482454862008,0,1,1,2
-1.510038678319124,2.691356382009797,1.640419435408278,0.6428221191971979,-2.2135467913506095,-0.9790057465710549,1.3998218390114665,1.7735059831698121,0.3391848194546351,0,1,0,1
-0.0500258517571377,-0.5595970097177485,-0.22910815293861175,-0.7466477483110681,1.212971186202147,0.7627087085758464,1.3998218390114665,-1.189960799457149,1.3915184566129566,0,2,2,2
0.6452183513676166,-0.5595970097177485,0.579336209589773,0.5784948105162596,1.212971186202147,-0.10814851899760423,1.3998218390114665,0.20461180413200947,-1.0639266967564602,0,2,0,2
0.6452183513676166,-0.5595970097177485,1.0846139361700136,0.6299566574610109,-1.7240442231287871,-0.10814851899760423,-0.7341050407640285,-0.9284784362841814,1.3915184566129566,0,1,1,2
0.8041313120818465,-0.5595970097177485,0.8825028455379171,0.25685826711156834,1.212971186202147,-0.10814851899760423,1.3998218390114665,0.8147373182022662,0.3391848194546351,1,2,1,2
0.33732448998379605,-0.5595970097177485,0.023530710351508263,0.9129968156571379,0.2339660497585023,0.7627087085758464,1.3998218390114665,-0.14403134676528037,0.6899626985074089,0,1,2,2
0.29759624980523947,-0.5595970097177485,0.4782806642737249,0.42410926968200746,0.2339660497585023,-0.10814851899760423,-0.7341050407640285,0.46609416730497644,-0.36237093865091263,0,2,0,2
1.6582884759208307,-0.5595970097177485,2.4993915705946868,2.0708883719140263,-0.7450390866851424,0.7627087085758464,1.3998218390114665,-2.32305103987334,1.3915184566129566,1,2,0,2
0.7048107116354533,-0.5595970097177485,-0.5322747888867561,-0.309222049280689,-0.2555365184633201,0.7627087085758464,-0.7341050407640285,-0.7541568608355372,-0.011593059598138786,0,1,1,2
-0.5168326738551882,-0.5595970097177485,-1.0880802881250207,-0.6051276692130046,0.7234686179803247,0.7627087085758464,-0.7341050407640285,0.29177259185633153,0.6899626985074089,0,2,1,2
1.7079487761440282,-0.5595970097177485,-0.026997062306515603,0.6170911957248222,0.2339660497585023,-0.10814851899760423,1.3998218390114665,1.3377020445482002,-0.36237093865091263,0,2,1,2
-1.7285439993011895,1.0658796861460242,-1.391246924073165,-1.2226698325500116,-1.2345416549069648,-1.8498629741445056,0.6885128790863014,0.29177259185633153,-1.4147045758092343,0,0,1,1
-1.3014654173816975,1.0658796861460242,1.2361972541440855,0.5784948105162596,-0.7450390866851424,0.7627087085758464,-0.7341050407640285,-0.8413176485598592,-0.011593059598138786,0,0,1,1
-0.9339791957300412,1.0658796861460242,1.0340861635119891,1.916502831079776,-2.2135467913506095,-0.9790057465710549,-1.4454140006891936,-0.14403134676528037,-1.0639266967564602,0,0,2,2
-3.0793041653721427,-0.5595970097177485,-1.694413560021309,-2.1747140010278976,0.7234686179803247,-1.8498629741445056,0.6885128790863014,-1.2771215871814712,1.3915184566129566,1,1,2,2
-0.5664929740783847,-0.5595970097177485,-0.17858038028058765,0.205396420166817,1.212971186202147,-0.9790057465710549,0.6885128790863014,-1.0156392240085041,-1.0639266967564602,0,0,2,2
1.4497152149834052,-0.5595970097177485,1.2361972541440855,1.5176735172579578,0.2339660497585023,1.6335659361492971,1.3998218390114665,0.3789333795806544,-0.011593059598138786,0,1,0,2
0.7147427716800925,-0.5595970097177485,0.8319750728798933,1.6463281346198342,-0.7450390866851424,0.7627087085758464,-1.4454140006891936,-0.49267449766256943,1.3915184566129566,0,1,1,2
0.09895504891245302,-0.5595970097177485,-1.0880802881250207,-0.00045096761218466834,0.7234686179803247,-0.10814851899760423,-0.7341050407640285,-1.0156392240085041,-0.36237093865091263,0,1,1,2
-1.6292233988547964,-0.5595970097177485,0.27616957364162853,1.0802478182275788,-1.2345416549069648,-1.8498629741445056,1.3998218390114665,-0.40551370993824737,0.3391848194546351,0,0,1,2
1.5887640556083567,-0.5595970097177485,1.0340861635119891,0.3211855757925066,1.212971186202147,1.6335659361492971,-0.022796080838863534,-1.712925525803083,0.6899626985074089,0,2,1,2
-1.4405142580066481,-0.5595970097177485,-0.380691470912684,0.3211855757925066,-1.2345416549069648,-0.9790057465710549,-1.4454140006891936,0.20461180413200947,1.3915184566129566,1,0,2,2
0.7147427716800925,-0.5595970097177485,-0.7849136521768764,-0.8238405187281951,0.7234686179803247,-0.10814851899760423,-0.022796080838863534,0.9890588936509105,-0.011593059598138786,0,1,1,2
0.23800388953740284,1.0658796861460242,-0.3301636982546599,0.5013020400991345,1.212971186202147,-0.10814851899760423,-1.4454140006891936,1.7735059831698121,0.3391848194546351,0,2,1,2
-0.8644547754175653,1.0658796861460242,-0.5828025615447802,-0.2706256640721246,0.2339660497585023,-0.10814851899760423,-1.4454140006891936,-1.1028000117328263,-0.7131488177036864,0,1,0,2
0.33732448998379605,1.0658796861460242,0.22564180098360465,0.03814541759637792,-1.7240442231287871,-0.10814851899760423,1.3998218390114665,0.9890588936509105,1.3915184566129566,0,2,1,1
-0.20893881247136756,-0.5595970097177485,-1.4923024693892128,-1.3127280647033255,-1.2345416549069648,0.7627087085758464,-0.022796080838863534,-0.6669960731112143,-0.7131488177036864,0,0,2,2
1.4993755152066008,-0.5595970097177485,1.640419435408278,1.569135364202709,-0.7450390866851424,0.7627087085758464,-0.7341050407640285,-1.189960799457149,0.3391848194546351,0,1,1,2
-0.7254059347926146,-0.5595970097177485,-0.5828025615447802,-0.7723786717834438,1.212971186202147,-0.9790057465710549,0.6885128790863014,-1.189960799457149,-0.7131488177036864,0,1,1,2
-0.24866705264992592,1.0658796861460242,-1.0375525154669965,-1.788750148942268,1.212971186202147,-0.9790057465710549,-0.7341050407640285,0.20461180413200947,1.3915184566129566,1,0,1,1
-1.3113974774263366,-0.5595970097177485,-0.4312192435707079,0.38551288447344484,0.7234686179803247,0.7627087085758464,-0.022796080838863534,-0.9284784362841814,1.3915184566129566,0,1,2,2
1.1418213535995845,-0.5595970097177485,0.22564180098360465,-0.026181891084560337,0.7234686179803247,-0.10814851899760423,0.6885128790863014,-0.5798352853868923,1.3915184566129566,1,1,2,2
0.4664412705641085,-0.5595970097177485,-0.0775248349645397,0.17966549669444318,0.7234686179803247,-0.10814851899760423,-0.022796080838863534,-0.8413176485598592,1.0407405775601828,0,0,0,2
0.58562599109978,-0.5595970097177485,-0.6838581068608282,0.4884365783629457,0.7234686179803247,-0.10814851899760423,-0.022796080838863534,-2.497372615321985,1.3915184566129566,0,1,0,2
-0.8743868354622045,-0.5595970097177485,-0.9870247428089725,-1.0296879065071967,0.2339660497585023,0.7627087085758464,0.6885128790863014,0.11745101640768663,1.3915184566129566,0,1,2,2
1.7079487761440282,-0.5595970097177485,0.9330306181959415,1.2860952060065804,0.2339660497585023,0.7627087085758464,-0.022796080838863534,0.11745101640768663,1.0407405775601828,0,1,1,2
1.7079487761440282,-0.5595970097177485,0.9330306181959415,0.8229385835038258,0.7234686179803247,1.6335659361492971,0.6885128790863014,-0.8413176485598592,0.6899626985074089,0,2,0,2
-0.30825941291776165,-0.5595970097177485,0.5288084369317487,0.16680003495825443,-1.7240442231287871,-0.10814851899760423,-0.022796080838863534,1.5120236199968444,1.3915184566129566,1,0,2,2
-1.5398348584530415,-0.5595970097177485,-1.2396636060990927,-1.4542481438013888,-0.2555365184633201,-1.8498629741445056,-0.022796080838863534,0.030290228683364548,-0.36237093865091263,0,2,1,2
-1.0233677361317952,1.0658796861460242,-0.026997062306515603,-0.3864148196978142,0.2339660497585023,-0.10814851899760423,1.3998218390114665,1.4248628322725223,0.6899626985074089,0,2,2,1
0.4465771504748302,-0.5595970097177485,-1.2396636060990927,-2.187579462764085,0.7234686179803247,0.7627087085758464,0.6885128790863014,1.7735059831698121,-0.36237093865091263,0,1,2,2
-0.3678517731855974,-0.5595970097177485,-1.0375525154669965,-0.5150694370596907,0.7234686179803247,-0.9790057465710549,-1.4454140006891936,-1.189960799457149,-0.011593059598138786,0,0,2,2
-0.3579197131409583,-0.5595970097177485,0.22564180098360465,-0.2191638171273751,-1.7240442231287871,1.6335659361492971,-1.4454140006891936,-1.189960799457149,-0.7131488177036864,0,0,0,2
-2.463516442604502,-0.5595970097177485,0.7309195275638452,0.4884365783629457,0.7234686179803247,-1.8498629741445056,1.3998218390114665,-0.40551370993824737,-0.7131488177036864,0,0,2,2
0.8637236723496832,-0.5595970097177485,0.6803917549058213,0.9644586626018892,0.7234686179803247,1.6335659361492971,-1.4454140006891936,0.20461180413200947,-0.36237093865091263,0,1,0,2
0.2082077094034854,-0.5595970097177485,0.27616957364162853,0.14106911148587875,1.212971186202147,0.7627087085758464,1.3998218390114665,1.6863451954454902,-0.011593059598138786,0,2,0,2
-0.06988997184641599,1.0658796861460242,-1.0375525154669965,-0.28349112580831337,-1.2345416549069648,-0.9790057465710549,-0.7341050407640285,0.7275765304779435,-0.7131488177036864,0,1,1,1
0.9233160326175198,-0.5595970097177485,-0.6333303342028043,-0.7080513631025055,0.7234686179803247,-0.10814851899760423,0.6885128790863014,-0.5798352853868923,-0.36237093865091263,1,0,2,2
-1.4504463180512872,1.0658796861460242,0.3266973462996528,0.4369747314181962,0.2339660497585023,-0.9790057465710549,1.3998218390114665,-0.05687055904095752,-0.011593059598138786,0,1,0,2
-1.3809218977388125,1.0658796861460242,-0.3301636982546599,-0.37354935796162725,1.212971186202147,-0.10814851899760423,1.3998218390114665,0.030290228683364548,0.3391848194546351,0,1,2,2
-0.010297611578581117,-0.5595970097177485,-0.7849136521768764,-0.8624369039367576,1.212971186202147,0.7627087085758464,1.3998218390114665,-0.9284784362841814,-0.36237093865091263,0,0,2,2
0.08902298886781211,-0.5595970097177485,1.0340861635119891,1.2474988207980178,-1.2345416549069648,-0.9790057465710549,0.6885128790863014,0.46609416730497644,-0.011593059598138786,1,0,2,2
0.3969168502516327,-0.5595970097177485,1.7414749807243262,1.0931132799637657,1.212971186202147,-1.8498629741445056,-0.022796080838863534,0.46609416730497644,1.3915184566129566,0,0,2,2
0.6750145315015359,-0.5595970097177485,0.6298639822477969,1.0030550478104516,1.212971186202147,1.6335659361492971,1.3998218390114665,0.11745101640768663,-0.36237093865091263,0,0,0,2
-0.17914263233745012,-0.5595970097177485,0.8319750728798933,0.79720766003145,0.7234686179803247,1.6335659361492971,-0.7341050407640285,0.20461180413200947,-0.011593059598138786,1,2,0,2
0.506169510742665,-0.5595970097177485,-0.026997062306515603,0.3726474227372579,0.2339660497585023,-0.9790057465710549,0.6885128790863014,0.11745101640768663,0.6899626985074089,0,2,2,2
-0.7949303551050896,-0.5595970097177485,-0.5322747888867561,-0.3478184344892516,-0.7450390866851424,-0.10814851899760423,1.3998218390114665,0.20461180413200947,-1.0639266967564602,1,1,1,2
1.3305304944477319,-0.5595970097177485,1.0340861635119891,0.6814185044057605,1.212971186202147,0.7627087085758464,1.3998218390114665,-0.14403134676528037,0.3391848194546351,1,2,2,2
-1.0432318562210734,2.691356382009797,-0.17858038028058765,-0.8624369039367576,0.2339660497585023,-1.8498629741445056,-0.022796080838863534,-2.235890252149017,-0.7131488177036864,0,0,0,1
-0.5466288539891055,-0.5595970097177485,-1.3407191514151409,-1.1583425238690732,0.2339660497585023,1.6335659361492971,-0.7341050407640285,1.2505412568238783,0.3391848194546351,1,2,2,2
-0.4075800133641549,1.0658796861460242,0.07405848300953258,-0.32208751101687594,-0.7450390866851424,1.6335659361492971,-0.7341050407640285,0.46609416730497644,-0.7131488177036864,0,1,2,2
0.33732448998379605,-0.5595970097177485,-0.380691470912684,0.34691649926488227,-0.2555365184633201,-0.10814851899760423,-1.4454140006891936,-1.2771215871814712,-1.0639266967564602,0,1,1,2
-1.0730280363549918,1.0658796861460242,-1.0375525154669965,-0.3992802814340011,0.2339660497585023,-1.8498629741445056,-0.022796080838863534,1.5120236199968444,0.3391848194546351,1,1,1,2
-0.46717237363199154,1.0658796861460242,0.27616957364162853,-0.9910915212986342,0.7234686179803247,0.7627087085758464,1.3998218390114665,-0.5798352853868923,-0.7131488177036864,1,0,0,2
-0.03016173166785941,-0.5595970097177485,0.427752891615701,1.5176735172579578,-0.2555365184633201,-0.10814851899760423,-1.4454140006891936,-0.05687055904095752,0.3391848194546351,0,2,2,2
-0.8048624151497296,-0.5595970097177485,-2.0481079686274777,-1.106880676924323,0.2339660497585023,0.7627087085758464,-0.7341050407640285,1.0762196813752325,-0.7131488177036864,1,0,1,2
0.23800388953740284,-0.5595970097177485,1.0846139361700136,0.6814185044057605,-0.7450390866851424,-0.10814851899760423,1.3998218390114665,0.29177259185633153,1.3915184566129566,0,1,2,2
-0.6459494544354997,-0.5595970097177485,0.9835583908539653,1.1703060503808909,-0.7450390866851424,0.7627087085758464,1.3998218390114665,1.4248628322725223,-0.7131488177036864,0,1,2,2
-0.8743868354622045,1.0658796861460242,-0.1280526076225638,-0.7209168248386923,1.212971186202147,-1.8498629741445056,0.6885128790863014,-0.3183529222139253,1.0407405775601828,0,0,1,1
-0.15927851224817183,-0.5595970097177485,-0.8354414248349004,-1.171207985605261,0.7234686179803247,0.7627087085758464,-0.022796080838863534,1.7735059831698121,0.3391848194546351,0,0,2,2
0.03936268864461638,1.0658796861460242,-0.026997062306515603,-0.039047352820747255,-0.2555365184633201,-0.10814851899760423,-0.022796080838863534,1.4248628322725223,-1.4147045758092343,0,0,1,2
0.4267130303855519,-0.5595970097177485,-0.5828025615447802,0.21826188190300577,0.7234686179803247,-0.10814851899760423,-0.7341050407640285,-2.32305103987334,0.3391848194546351,0,2,2,2
-0.4572403135873515,1.0658796861460242,0.17511402832558076,0.23112734363919268,1.212971186202147,0.7627087085758464,0.6885128790863014,0.3789333795806544,-1.4147045758092343,0,0,1,2
1.0127045730192739,-0.5595970097177485,1.3372527994601338,1.144575126908517,0.7234686179803247,0.7627087085758464,0.6885128790863014,-0.40551370993824737,1.0407405775601828,0,1,0,2
-0.3678517731855974,1.0658796861460242,-1.3407191514151409,0.23112734363919268,-0.7450390866851424,-0.10814851899760423,-1.4454140006891936,-0.05687055904095752,-0.36237093865091263,0,2,2,2
1.102093113421028,-0.5595970097177485,0.27616957364162853,1.0287859712828273,1.212971186202147,0.7627087085758464,-0.022796080838863534,0.030290228683364548,0.3391848194546351,1,0,1,2
1.7079487761440282,-0.5595970097177485,-0.9364969701509483,-1.2226698325500116,-0.7450390866851424,1.6335659361492971,-0.7341050407640285,-1.189960799457149,1.3915184566129566,1,0,1,2
-0.05995791180177685,-0.5595970097177485,0.27616957364162853,-0.5922622074768159,-0.2555365184633201,0.7627087085758464,0.6885128790863014,-1.1028000117328263,1.3915184566129566,0,2,1,2
1.4099869748048468,-0.5595970097177485,0.579336209589773,0.47557111662675877,-1.2345416549069648,0.7627087085758464,-1.4454140006891936,0.29177259185633153,0.3391848194546351,0,0,2,2
-0.46717237363199154,-0.5595970097177485,0.5288084369317487,1.06738235649139,-1.7240442231287871,-0.10814851899760423,1.3998218390114665,1.4248628322725223,-0.36237093865091263,0,0,1,2
-0.16921057229281097,-0.5595970097177485,0.22564180098360465,-0.24489474059975078,1.212971186202147,-0.10814851899760423,1.3998218390114665,-0.14403134676528037,-1.0639266967564602,0,2,1,2
-0.5565609140337456,1.0658796861460242,1.2867250268021095,1.7749827519817107,-1.2345416549069648,1.6335659361492971,0.6885128790863014,0.8147373182022662,-1.765482454862008,0,2,1,2
-0.6062212142569422,-0.5595970097177485,0.427752891615701,-0.41214574317018987,-0.2555365184633201,1.6335659361492971,-0.022796080838863534,-2.061568676700373,0.6899626985074089,1,1,0,2
1.7079487761440282,-0.5595970097177485,1.3877805721181578,1.1831715121170796,-0.2555365184633201,1.6335659361492971,-0.022796080838863534,1.2505412568238783,0.3391848194546351,0,0,0,2
-1.2319409970692217,-0.5595970097177485,-1.8459968779953813,-1.7244228402613297,-1.2345416549069648,-0.10814851899760423,-0.7341050407640285,-1.0156392240085041,1.3915184566129566,0,2,1,2
0.9133839725728788,-0.5595970097177485,-1.593358014705261,-0.6308585926853802,-0.7450390866851424,0.7627087085758464,1.3998218390114665,-0.40551370993824737,-0.7131488177036864,0,2,2,2
1.7079487761440282,-0.5595970097177485,-0.1280526076225638,-0.1805674319188125,0.7234686179803247,0.7627087085758464,0.6885128790863014,-0.14403134676528037,1.3915184566129566,0,1,2,2
0.6154221712336992,-0.5595970097177485,-1.694413560021309,-1.261266217758574,-0.2555365184633201,-0.10814851899760423,-1.4454140006891936,1.0762196813752325,-1.765482454862008,0,0,1,2
0.4267130303855519,-0.5595970097177485,-0.0775248349645397,-1.094015215188135,1.212971186202147,0.7627087085758464,-1.4454140006891936,0.030290228683364548,0.6899626985074089,1,1,1,2
0.7743351319479291,-0.5595970097177485,-0.7849136521768764,-1.1197461386605108,0.7234686179803247,-0.9790057465710549,-1.4454140006891936,-0.14403134676528037,-1.0639266967564602,0,1,2,1
1.1517534136442238,-0.5595970097177485,-1.3407191514151409,-1.8788083810955818,-0.7450390866851424,0.7627087085758464,-1.4454140006891936,1.0762196813752325,-1.765482454862008,0,1,2,2
-2.0463699207296493,-0.5595970097177485,-0.17858038028058765,-0.24489474059975078,1.212971186202147,-1.8498629741445056,-0.7341050407640285,0.6404157427536213,-0.7131488177036864,0,1,0,2
0.6650824714568949,-0.5595970097177485,0.6803917549058213,-0.5150694370596907,0.7234686179803247,-0.10814851899760423,-0.7341050407640285,-0.7541568608355372,1.0407405775601828,0,0,2,2
1.1418213535995845,-0.5595970097177485,1.8425305260403742,0.6170911957248222,0.7234686179803247,0.7627087085758464,-0.7341050407640285,-1.189960799457149,0.6899626985074089,0,2,0,2
0.16847946922492704,-0.5595970097177485,2.095169389330494,2.4568522239996557,0.7234686179803247,0.7627087085758464,-0.7341050407640285,-0.8413176485598592,-0.011593059598138786,0,2,0,2
1.3205984344030928,-0.5595970097177485,1.2361972541440855,1.0287859712828273,0.7234686179803247,1.6335659361492971,-0.022796080838863534,-0.05687055904095752,0.3391848194546351,0,2,0,2
1.4596472750280443,1.0658796861460242,0.27616957364162853,-0.013316429348371588,0.7234686179803247,0.7627087085758464,0.6885128790863014,-1.2771215871814712,-1.0639266967564602,0,2,1,2
-0.3877158932748766,-0.5595970097177485,-0.1280526076225638,-0.5279348987958776,-0.7450390866851424,1.6335659361492971,-0.022796080838863534,0.11745101640768663,-0.36237093865091263,0,1,1,2
-1.1425524566674676,-0.5595970097177485,0.12458625566755645,-0.5150694370596907,-1.7240442231287871,-0.10814851899760423,0.6885128790863014,-0.14403134676528037,-0.36237093865091263,1,0,2,2
1.7079487761440282,-0.5595970097177485,0.12458625566755645,1.2989606677427674,-0.7450390866851424,-0.10814851899760423,-1.4454140006891936,-2.584533403046307,-0.011593059598138786,0,2,2,2
-0.6558815144801389,1.0658796861460242,1.0846139361700136,0.5913602722524466,-1.2345416549069648,0.7627087085758464,-0.022796080838863534,-1.451443162630116,1.0407405775601828,0,1,1,2
-0.8247265352390079,-0.5595970097177485,1.589891662750254,-0.026181891084560337,0.7234686179803247,-1.8498629741445056,-0.022796080838863534,-2.584533403046307,-0.7131488177036864,0,1,0,2
-0.0500258517571377,-0.5595970097177485,-1.1891358334410687,-1.5185754524823272,-1.7240442231287871,-0.10814851899760423,1.3998218390114665,-0.3183529222139253,-0.36237093865091263,0,1,0,2
-2.254943181667076,-0.5595970097177485,-0.3301636982546599,0.46270565489057003,-0.2555365184633201,-0.10814851899760423,0.6885128790863014,1.1633804690995562,0.3391848194546351,0,2,2,2
-0.03016173166785941,-0.5595970097177485,0.9330306181959415,1.6077317494112717,0.7234686179803247,-0.10814851899760423,-1.4454140006891936,-1.9744078889760501,-0.36237093865091263,0,0,1,2
0.8736557323943223,-0.5595970097177485,-0.17858038028058765,-1.2998626029671376,0.2339660497585023,-0.10814851899760423,-0.7341050407640285,-1.3642823749057933,-0.7131488177036864,0,0,0,2
0.2777321297159612,-0.5595970097177485,-0.5322747888867561,-1.4799790672737645,-0.7450390866851424,0.7627087085758464,-0.022796080838863534,-1.1028000117328263,0.3391848194546351,0,1,0,2
0.8935198524836006,-0.5595970097177485,0.6298639822477969,0.8615349687123883,1.212971186202147,1.6335659361492971,-1.4454140006891936,0.5532549550292986,-0.7131488177036864,0,1,2,2
-0.9439112557746803,-0.5595970097177485,-0.3301636982546599,-0.1033746615016855,1.212971186202147,-0.9790057465710549,-1.4454140006891936,-0.49267449766256943,0.6899626985074089,0,1,1,1
0.3770527301623544,-0.5595970097177485,2.196224934646543,1.5305389789941466,1.212971186202147,1.6335659361492971,-0.7341050407640285,-1.5386039503544382,-0.7131488177036864,0,2,0,2
0.506169510742665,-0.5595970097177485,1.2361972541440855,0.6942839661419492,0.7234686179803247,0.7627087085758464,1.3998218390114665,-2.148729464424695,-0.011593059598138786,0,2,1,2
0.1883435893142071,-0.5595970097177485,-0.380691470912684,0.06387634106875359,1.212971186202147,0.7627087085758464,-1.4454140006891936,1.7735059831698121,-0.36237093865091263,0,1,2,2
-0.07982203189105691,1.0658796861460242,0.27616957364162853,0.5141675018353213,1.212971186202147,1.6335659361492971,-0.022796080838863534,1.2505412568238783,1.0407405775601828,0,0,2,2
0.12875122904637046,-0.5595970097177485,-0.4312192435707079,-0.11624012323787426,1.212971186202147,-0.9790057465710549,1.3998218390114665,0.11745101640768663,-1.765482454862008,0,1,1,2
0.4664412705641085,-0.5595970097177485,-0.3301636982546599,1.2603642825342047,1.212971186202147,1.6335659361492971,-0.7341050407640285,-0.49267449766256943,-0.7131488177036864,0,2,0,2
0.43664509043019106,-0.5595970097177485,-1.4417746967311889,-0.5665312840044421,1.212971186202147,-0.10814851899760423,0.6885128790863014,-0.5798352853868923,0.3391848194546351,0,2,1,2
1.7079487761440282,-0.5595970097177485,0.9330306181959415,2.6112377648339082,1.212971186202147,1.6335659361492971,0.6885128790863014,1.5120236199968444,-0.7131488177036864,0,1,0,2
-0.924047135685402,-0.5595970097177485,-0.7849136521768764,-0.0905091997654986,0.2339660497585023,-0.10814851899760423,1.3998218390114665,1.3377020445482002,-1.765482454862008,0,2,2,2
1.5490358154297983,-0.5595970097177485,1.3372527994601338,0.9129968156571379,-0.2555365184633201,1.6335659361492971,-0.7341050407640285,-0.3183529222139253,-0.36237093865091263,0,0,1,2
1.4795113951173227,-0.5595970097177485,0.12458625566755645,0.5784948105162596,-0.2555365184633201,1.6335659361492971,0.6885128790863014,-0.5798352853868923,-1.0639266967564602,0,0,0,2
-2.1158943410421243,1.0658796861460242,-0.1280526076225638,-1.4285172203290142,-0.7450390866851424,-0.9790057465710549,0.6885128790863014,-1.9744078889760501,1.3915184566129566,0,2,2,1
-0.8843188955068445,-0.5595970097177485,-0.1280526076225638,-0.1291055849740612,0.2339660497585023,-0.10814851899760423,0.6885128790863014,0.11745101640768663,-0.36237093865091263,0,1,1,2
-1.0233677361317952,1.0658796861460242,1.438308344776182,1.0287859712828273,-1.2345416549069648,-0.10814851899760423,1.3998218390114665,0.46609416730497644,0.3391848194546351,0,0,0,1
0.1585474091802879,-0.5595970097177485,0.427752891615701,0.5527638870438839,-0.2555365184633201,-1.8498629741445056,-0.7341050407640285,-0.7541568608355372,0.6899626985074089,0,2,2,2
0.7544710118586491,-0.5595970097177485,-0.17858038028058765,-0.7595132100472568,0.7234686179803247,0.7627087085758464,0.6885128790863014,1.3377020445482002,-1.4147045758092343,0,0,0,2
-0.7254059347926146,1.0658796861460242,-0.026997062306515603,0.03814541759637792,-0.7450390866851424,-0.9790057465710549,-0.7341050407640285,0.7275765304779435,-1.4147045758092343,0,1,2,1
0.11881916900173131,-0.5595970097177485,-0.3301636982546599,-0.48933851358731506,-0.7450390866851424,0.7627087085758464,-0.7341050407640285,1.4248628322725223,1.3915184566129566,0,1,2,2
-2.0463699207296493,1.0658796861460242,-0.380691470912684,-0.6179931309491915,0.7234686179803247,-0.10814851899760423,1.3998218390114665,-0.05687055904095752,-1.765482454862008,0,0,0,2
1.102093113421028,-0.5595970097177485,-0.5322747888867561,-0.9267642126176959,1.212971186202147,1.6335659361492971,1.3998218390114665,-0.5798352853868923,1.0407405775601828,1,2,0,2
0.07909092882317297,1.0658796861460242,0.427752891615701,0.24399280537538143,0.2339660497585023,-0.10814851899760423,-0.7341050407640285,-0.49267449766256943,-0.011593059598138786,0,1,1,2
0.5657618710105017,-0.5595970097177485,-0.026997062306515603,0.26972372884775525,0.2339660497585023,-1.8498629741445056,-1.4454140006891936,0.030290228683364548,-1.0639266967564602,0,2,1,2
-1.0233677361317952,-0.5595970097177485,-0.9364969701509483,-1.0296879065071967,0.2339660497585023,-0.10814851899760423,0.6885128790863014,-0.14403134676528037,-1.765482454862008,0,1,1,2
1.7079487761440282,-0.5595970097177485,0.17511402832558076,-0.5408003605320664,-0.2555365184633201,1.6335659361492971,0.6885128790863014,0.8147373182022662,-1.0639266967564602,0,0,1,2
-0.914115075640762,-0.5595970097177485,-0.8354414248349004,-0.8495714422005689,0.2339660497585023,0.7627087085758464,-0.7341050407640285,0.5532549550292986,1.0407405775601828,0,2,2,2
0.9034519125282398,-0.5595970097177485,-1.694413560021309,-1.2355352942861992,0.2339660497585023,-0.10814851899760423,0.6885128790863014,-0.9284784362841814,1.0407405775601828,1,1,0,1
1.1914816538227821,-0.5595970097177485,0.781447300221869,-0.7595132100472568,0.2339660497585023,-0.10814851899760423,1.3998218390114665,-0.9284784362841814,-1.0639266967564602,0,1,2,2
-0.7055418147033354,-0.5595970097177485,-1.2901913787571169,-1.0554188299795724,0.2339660497585023,-0.10814851899760423,-0.7341050407640285,-0.40551370993824737,1.0407405775601828,0,0,2,2
1.439783154938766,-0.5595970097177485,-0.380691470912684,-1.0039569830348212,0.2339660497585023,-0.10814851899760423,-1.4454140006891936,-1.3642823749057933,1.0407405775601828,0,0,2,2
-0.020229671623220265,1.0658796861460242,-0.9364969701509483,-0.9138987508815072,1.212971186202147,-0.9790057465710549,1.3998218390114665,-0.49267449766256943,-1.765482454862008,0,0,2,2
1.439783154938766,-0.5595970097177485,-0.9870247428089725,-0.9782260595624453,-1.7240442231287871,1.6335659361492971,-1.4454140006891936,1.599184407721168,-1.765482454862008,0,1,1,2
1.4199190348494877,-0.5595970097177485,0.3266973462996528,-0.15483650844643684,1.212971186202147,-0.10814851899760423,-0.022796080838863534,0.030290228683364548,-0.011593059598138786,1,2,1,2
-1.3213295374709757,2.691356382009797,-0.6838581068608282,-0.7852441335196306,0.2339660497585023,-0.10814851899760423,-0.022796080838863534,-0.7541568608355372,-0.7131488177036864,0,1,1,1
-1.1524845167121067,-0.5595970097177485,-0.22910815293861175,0.5913602722524466,0.2339660497585023,-0.10814851899760423,-0.7341050407640285,1.7735059831698121,0.6899626985074089,0,2,2,2
-1.0630959763103527,1.0658796861460242,-1.8459968779953813,-1.5957682228994532,-2.703049359572432,-0.9790057465710549,-0.7341050407640285,-0.9284784362841814,-0.36237093865091263,1,0,0,2
0.2082077094034854,-0.5595970097177485,1.7414749807243262,3.3059726985880418,1.212971186202147,0.7627087085758464,-1.4454140006891936,-1.0156392240085041,1.0407405775601828,1,1,2,2
0.60549011118906,1.0658796861460242,0.3266973462996528,-0.1033746615016855,-0.2555365184633201,-0.10814851899760423,1.3998218390114665,1.3377020445482002,0.6899626985074089,0,1,0,2
0.5558298109658626,-0.5595970097177485,1.2867250268021095,1.659193596356023,0.7234686179803247,-0.9790057465710549,0.6885128790863014,-0.14403134676528037,-1.0639266967564602,0,2,2,2
1.2808701942245362,-0.5595970097177485,1.1856694814860618,0.26972372884775525,0.7234686179803247,0.7627087085758464,1.3998218390114665,0.9018981059265884,-1.765482454862008,0,1,0,2
0.8239954321711248,-0.5595970097177485,-0.27963592559663586,-0.5150694370596907,-0.7450390866851424,-0.10814851899760423,-1.4454140006891936,0.3789333795806544,0.3391848194546351,0,2,2,2
-0.4075800133641549,-0.5595970097177485,0.023530710351508263,-1.3899208351204506,-2.2135467913506095,0.7627087085758464,-0.7341050407640285,-1.189960799457149,-1.0639266967564602,0,0,0,1
-1.579563098631599,-0.5595970097177485,-1.0375525154669965,-0.9267642126176959,0.2339660497585023,-0.10814851899760423,0.6885128790863014,-2.497372615321985,1.3915184566129566,0,1,2,2
-0.3579197131409583,-0.5595970097177485,0.07405848300953258,1.4404807468408325,-0.2555365184633201,-0.10814851899760423,1.3998218390114665,-0.5798352853868923,0.6899626985074089,0,0,1,2
0.40684891029627185,-0.5595970097177485,-1.2901913787571169,-0.6437240544215672,0.7234686179803247,0.7627087085758464,1.3998218390114665,1.1633804690995562,-0.7131488177036864,1,1,1,2
-0.6260853343462205,-0.5595970097177485,1.3877805721181578,0.977324124338076,0.7234686179803247,-1.8498629741445056,1.3998218390114665,-0.40551370993824737,-0.7131488177036864,0,0,2,2
-0.05995791180177685,-0.5595970097177485,0.8825028455379171,0.282589190583944,0.7234686179803247,-0.9790057465710549,-0.022796080838863534,0.5532549550292986,1.0407405775601828,0,2,0,2
-1.8179325397029438,7.567786469601115,-0.5828025615447802,0.8872658921847639,0.7234686179803247,-0.9790057465710549,-1.4454140006891936,-1.712925525803083,0.6899626985074089,0,2,2,1
-1.182280696846025,1.0658796861460242,1.1351417088280373,-0.45074212837875244,1.212971186202147,0.7627087085758464,0.6885128790863014,-0.40551370993824737,-0.011593059598138786,1,1,2,2
1.3503946145370118,-0.5595970097177485,0.12458625566755645,0.3083201140563197,-0.7450390866851424,-0.9790057465710549,-1.4454140006891936,-0.3183529222139253,-1.765482454862008,0,2,1,2
0.3969168502516327,2.691356382009797,1.640419435408278,2.341063068373968,-0.2555365184633201,-0.10814851899760423,0.6885128790863014,0.46609416730497644,-1.0639266967564602,0,2,1,1
0.7147427716800925,-0.5595970097177485,1.1856694814860618,2.3667939918463436,-1.2345416549069648,-0.10814851899760423,1.3998218390114665,-0.9284784362841814,0.3391848194546351,0,0,2,2
-1.0332997961764343,1.0658796861460242,-0.5828025615447802,-0.5150694370596907,1.212971186202147,-1.8498629741445056,0.6885128790863014,-0.49267449766256943,-1.0639266967564602,0,0,2,2
0.8140633721264857,1.0658796861460242,0.427752891615701,-0.5150694370596907,-0.2555365184633201,0.7627087085758464,0.6885128790863014,0.030290228683364548,0.3391848194546351,0,0,2,1
-2.50324468278306,4.31683307787357,0.8825028455379171,0.5270329635715083,0.2339660497585023,-1.8498629741445056,0.6885128790863014,1.4248628322725223,0.6899626985074089,0,1,2,1
-0.9538433158193195,1.0658796861460242,0.27616957364162853,0.47557111662675877,1.212971186202147,-0.9790057465710549,0.6885128790863014,-0.49267449766256943,1.3915184566129566,0,1,0,2
0.02943062859997723,-0.5595970097177485,0.3266973462996528,1.3890188998960813,-0.7450390866851424,-0.10814851899760423,-1.4454140006891936,-1.8000863135274052,1.0407405775601828,1,2,0,2
0.8835877924389615,-0.5595970097177485,0.4782806642737249,0.16680003495825443,-1.2345416549069648,0.7627087085758464,0.6885128790863014,0.46609416730497644,-0.011593059598138786,1,1,0,2
0.3273924299391569,-0.5595970097177485,-0.6838581068608282,-0.9653605978262585,0.7234686179803247,-0.9790057465710549,1.3998218390114665,-0.7541568608355372,1.3915184566129566,0,2,1,2
-0.6956097546586963,-0.5595970097177485,-0.6838581068608282,0.16680003495825443,0.2339660497585023,0.7627087085758464,-0.022796080838863534,-1.2771215871814712,0.6899626985074089,1,1,0,2
0.4267130303855519,1.0658796861460242,0.781447300221869,0.6299566574610109,-0.2555365184633201,-0.9790057465710549,-0.022796080838863534,0.030290228683364548,-1.765482454862008,0,0,2,2
-0.37778383323023657,-0.5595970097177485,-0.6333303342028043,-0.5022039753235038,-0.7450390866851424,-0.10814851899760423,1.3998218390114665,1.0762196813752325,-0.011593059598138786,0,0,1,2
0.33732448998379605,-0.5595970097177485,-1.3407191514151409,-2.303368618389774,0.7234686179803247,-0.10814851899760423,0.6885128790863014,0.5532549550292986,-0.7131488177036864,1,2,2,2
0.03936268864461638,-0.5595970097177485,1.4888361174342057,0.7457458130866987,0.2339660497585023,1.6335659361492971,-1.4454140006891936,0.9018981059265884,-0.7131488177036864,0,1,1,2
0.4664412705641085,-0.5595970097177485,0.17511402832558076,-0.2963565875445003,-1.7240442231287871,1.6335659361492971,0.6885128790863014,-0.7541568608355372,-0.011593059598138786,0,2,2,2
0.2578680096266811,-0.5595970097177485,1.1856694814860618,1.06738235649139,0.7234686179803247,1.6335659361492971,-1.4454140006891936,-1.1028000117328263,1.3915184566129566,0,1,2,2
1.7079487761440282,-0.5595970097177485,1.6909472080663022,-0.3606838962254385,-0.7450390866851424,-0.10814851899760423,-0.7341050407640285,-1.0156392240085041,1.3915184566129566,0,1,0,2
-0.20893881247136756,-0.5595970097177485,0.8825028455379171,-0.013316429348371588,1.212971186202147,-0.10814851899760423,-0.022796080838863534,0.8147373182022662,1.0407405775601828,0,1,2,2
0.07909092882317297,1.0658796861460242,0.427752891615701,0.33405103752869353,0.2339660497585023,-0.10814851899760423,-0.7341050407640285,0.7275765304779435,-0.36237093865091263,0,0,2,2
-1.0432318562210734,-0.5595970097177485,-0.1280526076225638,0.21826188190300577,-1.2345416549069648,-0.10814851899760423,0.6885128790863014,-0.9284784362841814,1.3915184566129566,0,0,1,2
1.52917169534052,-0.5595970097177485,-0.22910815293861175,-0.24489474059975078,1.212971186202147,1.6335659361492971,-0.022796080838863534,1.7735059831698121,0.6899626985074089,0,0,2,2
-0.1990067524267284,-0.5595970097177485,-0.3301636982546599,-1.106880676924323,-0.7450390866851424,0.7627087085758464,-0.022796080838863534,-1.1028000117328263,1.3915184566129566,0,1,1,2
0.7941992520372074,-0.5595970097177485,1.0846139361700136,0.5784948105162596,0.2339660497585023,0.7627087085758464,0.6885128790863014,1.0762196813752325,-0.7131488177036864,0,2,0,2
1.7079487761440282,-0.5595970097177485,0.17511402832558076,0.7714767365590743,0.7234686179803247,0.7627087085758464,-0.022796080838863534,1.599184407721168,-0.7131488177036864,0,0,1,2
1.6284922957869132,-0.5595970097177485,0.8319750728798933,1.3504225146875186,0.2339660497585023,-0.9790057465710549,1.3998218390114665,0.11745101640768663,-1.0639266967564602,0,1,1,2
-0.8048624151497296,-0.5595970097177485,1.640419435408278,0.9129968156571379,0.7234686179803247,-1.8498629741445056,-0.022796080838863534,-0.7541568608355372,-0.36237093865091263,0,0,1,2
1.698016716099389,-0.5595970097177485,1.9435860713564224,0.6814185044057605,-0.7450390866851424,-0.10814851899760423,0.6885128790863014,-0.7541568608355372,0.6899626985074089,0,2,0,2
1.3106663743584535,1.0658796861460242,0.6803917549058213,1.6463281346198342,0.2339660497585023,-0.10814851899760423,-0.022796080838863534,-0.23119213448960244,0.6899626985074089,0,2,0,2
-1.5398348584530415,-0.5595970097177485,0.6803917549058213,2.16094660406734,-1.7240442231287871,-0.9790057465710549,-1.4454140006891936,1.1633804690995562,1.0407405775601828,0,2,1,1
1.5887640556083567,-0.5595970097177485,-0.22910815293861175,0.16680003495825443,0.2339660497585023,1.6335659361492971,-1.4454140006891936,-1.189960799457149,-1.0639266967564602,0,1,1,2
-0.37778383323023657,-0.5595970097177485,0.9330306181959415,0.6814185044057605,1.212971186202147,-0.9790057465710549,-0.7341050407640285,-1.887247101251728,0.3391848194546351,1,0,2,2
0.1883435893142071,-0.5595970097177485,-0.8859691974929245,-1.4542481438013888,1.212971186202147,-0.10814851899760423,-0.022796080838863534,0.3789333795806544,-0.011593059598138786,0,2,0,2
-0.32812353300703995,-0.5595970097177485,0.07405848300953258,0.1925309584306301,0.2339660497585023,-0.10814851899760423,-0.7341050407640285,0.6404157427536213,-0.36237093865091263,0,0,1,2
-0.14934645220353093,-0.5595970097177485,-1.3407191514151409,-1.5443063759547029,-1.2345416549069648,0.7627087085758464,-0.7341050407640285,-1.451443162630116,-0.36237093865091263,0,0,1,2
1.2411419540459778,-0.5595970097177485,0.27616957364162853,-0.2963565875445003,-0.7450390866851424,1.6335659361492971,-0.022796080838863534,-0.14403134676528037,-1.4147045758092343,0,1,2,2
-0.5466288539891055,1.0658796861460242,-1.0375525154669965,-1.248400756022387,-1.2345416549069648,0.7627087085758464,0.6885128790863014,1.2505412568238783,1.0407405775601828,0,1,1,2
-1.3014654173816975,1.0658796861460242,0.9330306181959415,1.5048080555217709,1.212971186202147,-0.9790057465710549,1.3998218390114665,0.8147373182022662,-0.7131488177036864,0,0,2,1
1.1616854736888629,-0.5595970097177485,1.9435860713564224,1.3761534381598943,1.212971186202147,0.7627087085758464,-0.022796080838863534,-0.5798352853868923,-1.765482454862008,0,2,0,2
-0.4075800133641549,-0.5595970097177485,-1.9470524233114292,-1.3127280647033255,-1.7240442231287871,0.7627087085758464,-0.7341050407640285,0.9018981059265884,-1.765482454862008,0,1,0,2
-1.8377966597922228,1.0658796861460242,-0.8859691974929245,-0.8109750569920063,1.212971186202147,-1.8498629741445056,-0.7341050407640285,-1.2771215871814712,1.3915184566129566,0,1,2,2
-1.2319409970692217,1.0658796861460242,-1.9470524233114292,-2.316234080125962,-0.7450390866851424,-1.8498629741445056,1.3998218390114665,-1.5386039503544382,1.3915184566129566,0,1,0,1
-1.2915333573370575,-0.5595970097177485,-1.2901913787571169,-0.6823204396301298,0.2339660497585023,-0.9790057465710549,0.6885128790863014,-0.23119213448960244,-0.7131488177036864,0,0,1,2
-0.586357094167663,2.691356382009797,0.4782806642737249,-0.07764373802930984,0.7234686179803247,0.7627087085758464,1.3998218390114665,-2.584533403046307,1.3915184566129566,1,0,2,2
0.10888710895709217,-0.5595970097177485,-1.6438857873632853,-2.2905031566535863,-0.2555365184633201,-0.10814851899760423,0.6885128790863014,-1.8000863135274052,0.6899626985074089,0,0,2,2
-0.5366967939444665,1.0658796861460242,0.3266973462996528,0.7714767365590743,0.7234686179803247,-0.9790057465710549,1.3998218390114665,0.29177259185633153,-1.0639266967564602,1,0,0,2
-0.2784632327838434,-0.5595970097177485,1.5393638900922297,1.5176735172579578,-1.2345416549069648,-0.9790057465710549,-1.4454140006891936,0.20461180413200947,-0.011593059598138786,0,2,0,2
0.03936268864461638,-0.5595970097177485,-1.0880802881250207,-1.4027862968566385,0.2339660497585023,-0.10814851899760423,-1.4454140006891936,-0.05687055904095752,0.3391848194546351,0,1,2,2
0.5260336308319451,1.0658796861460242,0.3772251189576767,0.39837834620963175,1.212971186202147,-0.10814851899760423,-1.4454140006891936,0.46609416730497644,-1.765482454862008,0,1,2,2
1.2014137138674212,1.0658796861460242,1.589891662750254,1.2474988207980178,-1.2345416549069648,-0.10814851899760423,-0.022796080838863534,0.20461180413200947,0.6899626985074089,0,1,0,2
-0.42744413345343407,-0.5595970097177485,-0.9364969701509483,0.5527638870438839,-0.7450390866851424,-0.9790057465710549,-0.022796080838863534,-0.3183529222139253,-0.011593059598138786,0,2,1,2
0.4863053906533868,-0.5595970097177485,-0.1280526076225638,-0.2963565875445003,-0.7450390866851424,0.7627087085758464,1.3998218390114665,1.7735059831698121,1.3915184566129566,1,0,2,2
-3.1190324055507,-0.5595970097177485,-1.4923024693892128,-1.0296879065071967,0.7234686179803247,-1.8498629741445056,-0.7341050407640285,0.46609416730497644,-0.7131488177036864,0,2,1,1
-0.010297611578581117,-0.5595970097177485,1.3372527994601338,0.23112734363919268,0.2339660497585023,1.6335659361492971,0.6885128790863014,0.8147373182022662,-1.4147045758092343,0,1,0,2
0.45650921051946936,1.0658796861460242,-0.22910815293861175,0.5141675018353213,0.7234686179803247,0.7627087085758464,-0.022796080838863534,1.7735059831698121,-1.4147045758092343,0,1,2,2
0.1386832890910096,-0.5595970097177485,-0.8354414248349004,-0.4250112049063768,0.2339660497585023,-0.10814851899760423,-0.7341050407640285,-0.6669960731112143,-0.36237093865091263,0,1,2,2
-0.2188708725160067,1.0658796861460242,0.17511402832558076,0.3597819610010692,1.212971186202147,-0.10814851899760423,1.3998218390114665,-0.23119213448960244,0.6899626985074089,1,1,0,2
0.3075283098498786,-0.5595970097177485,0.8825028455379171,0.8229385835038258,0.7234686179803247,-0.10814851899760423,1.3998218390114665,-0.7541568608355372,0.3391848194546351,0,1,1,2
0.8239954321711248,1.0658796861460242,0.427752891615701,-0.8495714422005689,0.7234686179803247,-0.9790057465710549,-0.022796080838863534,0.7275765304779435,-0.7131488177036864,0,2,0,2
-1.609359278765517,1.0658796861460242,-1.4923024693892128,-0.6308585926853802,1.212971186202147,0.7627087085758464,-1.4454140006891936,-0.9284784362841814,0.6899626985074089,0,2,0,1
0.516101570787306,1.0658796861460242,0.9835583908539653,0.8229385835038258,1.212971186202147,-0.10814851899760423,0.6885128790863014,0.11745101640768663,1.3915184566129566,0,1,2,2
1.002772512974633,-0.5595970097177485,1.1856694814860618,0.7457458130866987,-1.2345416549069648,1.6335659361492971,-1.4454140006891936,0.6404157427536213,0.3391848194546351,1,2,2,2
0.1883435893142071,-0.5595970097177485,-0.026997062306515603,0.5270329635715083,1.212971186202147,-0.10814851899760423,1.3998218390114665,-0.9284784362841814,1.3915184566129566,0,0,1,2
-0.08975409193569606,1.0658796861460242,-0.5828025615447802,0.8358040452400126,-1.2345416549069648,-0.10814851899760423,0.6885128790863014,0.7275765304779435,-1.4147045758092343,0,1,1,2
-0.8743868354622045,1.0658796861460242,-0.481747016228732,-0.7209168248386923,-1.7240442231287871,1.6335659361492971,1.3998218390114665,-2.584533403046307,1.3915184566129566,0,1,1,2
0.019498568555338085,-0.5595970097177485,0.12458625566755645,-1.0039569830348212,-0.2555365184633201,-0.10814851899760423,-0.022796080838863534,-1.0156392240085041,1.3915184566129566,0,1,1,2
0.60549011118906,-0.5595970097177485,0.9330306181959415,-0.15483650844643684,-0.7450390866851424,-0.9790057465710549,-0.022796080838863534,1.5120236199968444,-1.765482454862008,0,0,2,2
0.07909092882317297,-0.5595970097177485,1.2361972541440855,0.9644586626018892,-1.2345416549069648,-0.9790057465710549,-0.022796080838863534,1.599184407721168,-1.4147045758092343,0,0,2,1
-0.6956097546586963,2.691356382009797,-0.7343858795188523,-0.232029278863562,0.2339660497585023,-0.9790057465710549,-1.4454140006891936,0.5532549550292986,-0.7131488177036864,0,2,0,1
-0.1990067524267284,1.0658796861460242,0.781447300221869,0.11533818801350493,0.2339660497585023,-0.10814851899760423,-1.4454140006891936,-0.23119213448960244,-0.011593059598138786,0,1,2,1
0.6253542312783383,1.0658796861460242,0.023530710351508263,-0.37354935796162725,0.2339660497585023,-0.9790057465710549,0.6885128790863014,0.46609416730497644,-1.765482454862008,0,0,2,2
-0.8247265352390079,1.0658796861460242,-1.391246924073165,-0.7723786717834438,0.7234686179803247,1.6335659361492971,-1.4454140006891936,0.11745101640768663,0.3391848194546351,0,1,2,2
-0.7452700548818929,-0.5595970097177485,-1.0375525154669965,-0.15483650844643684,1.212971186202147,-0.9790057465710549,-0.022796080838863534,-0.14403134676528037,0.3391848194546351,1,1,1,2
1.7079487761440282,-0.5595970097177485,0.9835583908539653,0.4884365783629457,0.2339660497585023,1.6335659361492971,-0.7341050407640285,1.2505412568238783,-0.36237093865091263,0,1,1,2
0.23800388953740284,-0.5595970097177485,0.427752891615701,0.5270329635715083,-0.7450390866851424,0.7627087085758464,-1.4454140006891936,1.1633804690995562,-0.011593059598138786,0,0,1,2
0.7048107116354533,-0.5595970097177485,0.5288084369317487,0.33405103752869353,1.212971186202147,-0.10814851899760423,0.6885128790863014,0.7275765304779435,0.6899626985074089,0,2,1,2
-1.1226883365781883,-0.5595970097177485,0.427752891615701,0.7586112748228875,-1.2345416549069648,-0.9790057465710549,-0.022796080838863534,0.7275765304779435,-0.011593059598138786,0,1,2,2
0.009566508510697175,-0.5595970097177485,0.427752891615701,0.6685530426695735,0.2339660497585023,-0.9790057465710549,-0.7341050407640285,-0.9284784362841814,-1.0639266967564602,0,0,2,2
-2.50324468278306,1.0658796861460242,-1.1891358334410687,-0.6694549778939429,-2.2135467913506095,-0.9790057465710549,-0.022796080838863534,-1.451443162630116,-0.011593059598138786,1,1,1,1
-0.834658595283647,-0.5595970097177485,-0.7343858795188523,-1.1583425238690732,0.2339660497585023,0.7627087085758464,-0.022796080838863534,-0.7541568608355372,1.0407405775601828,0,1,1,2
1.1318892935549454,-0.5595970097177485,0.22564180098360465,1.1188442034361412,1.212971186202147,-0.9790057465710549,-1.4454140006891936,0.46609416730497644,-1.0639266967564602,0,2,1,2
-0.06988997184641599,-0.5595970097177485,-1.694413560021309,-0.7723786717834438,-1.2345416549069648,-0.10814851899760423,-1.4454140006891936,0.46609416730497644,1.3915184566129566,0,0,1,2
0.08902298886781211,2.691356382009797,1.0340861635119891,0.79720766003145,-1.7240442231287871,1.6335659361492971,-1.4454140006891936,-1.887247101251728,0.3391848194546351,0,0,1,1
-0.10961821202497435,1.0658796861460242,-0.3301636982546599,-0.2706256640721246,0.2339660497585023,-0.10814851899760423,1.3998218390114665,1.2505412568238783,1.3915184566129566,0,1,0,2
0.58562599109978,-0.5595970097177485,0.579336209589773,-0.2191638171273751,-0.7450390866851424,-0.10814851899760423,-1.4454140006891936,-0.40551370993824737,1.0407405775601828,0,2,0,2
-1.8278645997475829,-0.5595970097177485,-0.4312192435707079,0.5013020400991345,-1.2345416549069648,-0.9790057465710549,0.6885128790863014,0.20461180413200947,0.6899626985074089,0,1,2,2
-0.7055418147033354,-0.5595970097177485,1.0340861635119891,0.10247272627731617,1.212971186202147,-0.9790057465710549,0.6885128790863014,0.20461180413200947,1.0407405775601828,0,0,0,2
-0.2585991126945651,-0.5595970097177485,0.12458625566755645,-0.6051276692130046,0.2339660497585023,0.7627087085758464,-1.4454140006891936,-0.6669960731112143,1.0407405775601828,0,1,0,2
1.0921610533763888,-0.5595970097177485,-0.4312192435707079,0.12820364974969184,-0.2555365184633201,-0.10814851899760423,0.6885128790863014,0.11745101640768663,-0.7131488177036864,0,1,1,2
1.7079487761440282,-0.5595970097177485,-0.27963592559663586,-0.37354935796162725,-0.7450390866851424,1.6335659361492971,0.6885128790863014,-2.410211827597662,1.3915184566129566,0,1,2,2
0.45650921051946936,1.0658796861460242,1.640419435408278,0.7071494278781362,1.212971186202147,0.7627087085758464,-0.022796080838863534,-1.451443162630116,-0.7131488177036864,0,1,0,2
-0.010297611578581117,-0.5595970097177485,1.6909472080663022,0.6942839661419492,-0.7450390866851424,-0.10814851899760423,-0.7341050407640285,0.3789333795806544,1.0407405775601828,0,1,2,2
-0.3380555930516791,1.0658796861460242,1.640419435408278,1.3375570529513316,1.212971186202147,-0.10814851899760423,1.3998218390114665,-0.49267449766256943,1.3915184566129566,0,1,1,2
-0.3181914729624008,1.0658796861460242,0.023530710351508263,0.9515932008657022,-1.2345416549069648,0.7627087085758464,0.6885128790863014,-0.05687055904095752,-1.4147045758092343,0,0,1,1
-0.15927851224817183,1.0658796861460242,0.8825028455379171,0.7071494278781362,0.2339660497585023,-0.10814851899760423,-0.022796080838863534,1.7735059831698121,0.3391848194546351,0,1,2,2
-0.755202114926533,-0.5595970097177485,-0.17858038028058765,0.9001313539209509,0.2339660497585023,-0.9790057465710549,-0.7341050407640285,1.7735059831698121,1.3915184566129566,1,0,2,2
-0.23873499260528677,-0.5595970097177485,-0.4312192435707079,-0.7080513631025055,-0.7450390866851424,-0.9790057465710549,-1.4454140006891936,-0.9284784362841814,1.0407405775601828,0,1,0,1
-0.03016173166785941,1.0658796861460242,-0.4312192435707079,-1.0296879065071967,0.2339660497585023,-0.10814851899760423,-1.4454140006891936,-0.49267449766256943,0.6899626985074089,0,0,1,2
0.5260336308319451,-0.5595970097177485,0.6803917549058213,-0.0905091997654986,-1.7240442231287871,1.6335659361492971,-0.7341050407640285,-0.8413176485598592,0.3391848194546351,0,0,1,2
0.3273924299391569,-0.5595970097177485,0.5288084369317487,0.3597819610010692,-0.2555365184633201,-0.10814851899760423,1.3998218390114665,-0.23119213448960244,-1.4147045758092343,1,0,1,2
-0.41751207340879404,-0.5595970097177485,-0.7343858795188523,0.9644586626018892,-0.2555365184633201,-0.10814851899760423,-1.4454140006891936,-0.3183529222139253,0.3391848194546351,1,2,2,2
0.9133839725728788,-0.5595970097177485,0.8825028455379171,0.24399280537538143,1.212971186202147,-0.10814851899760423,1.3998218390114665,1.7735059831698121,-1.0639266967564602,0,2,1,2
1.68808465605475,-0.5595970097177485,0.3266973462996528,0.24399280537538143,-1.2345416549069648,0.7627087085758464,-0.7341050407640285,-1.3642823749057933,-0.7131488177036864,0,0,2,2
-0.30825941291776165,-0.5595970097177485,-0.9870247428089725,-0.1033746615016855,-0.2555365184633201,0.7627087085758464,-0.7341050407640285,-0.05687055904095752,-0.36237093865091263,1,1,2,2
0.33732448998379605,-0.5595970097177485,-0.9364969701509483,-1.4928445290099523,0.2339660497585023,-0.10814851899760423,-0.022796080838863534,0.3789333795806544,-0.011593059598138786,0,1,2,2
0.595558051144421,-0.5595970097177485,0.8825028455379171,1.2860952060065804,-1.2345416549069648,0.7627087085758464,-0.7341050407640285,-1.3642823749057933,1.3915184566129566,1,1,1,2
0.34725655002843697,1.0658796861460242,1.4888361174342057,0.9644586626018892,0.7234686179803247,-1.8498629741445056,-1.4454140006891936,1.1633804690995562,0.6899626985074089,0,0,0,2
-0.5168326738551882,-0.5595970097177485,-2.0481079686274777,-1.0425533682433845,-1.7240442231287871,-0.9790057465710549,-1.4454140006891936,-0.23119213448960244,-0.36237093865091263,0,2,2,2
-0.755202114926533,-0.5595970097177485,1.2867250268021095,2.3153321449015927,0.7234686179803247,-0.10814851899760423,1.3998218390114665,-2.148729464424695,-0.36237093865091263,1,0,1,2
-1.0531639162657136,-0.5595970097177485,-0.3301636982546599,-0.4378766666425655,-1.2345416549069648,-0.9790057465710549,1.3998218390114665,-1.0156392240085041,1.3915184566129566,1,2,2,2
1.0722969332871088,-0.5595970097177485,0.07405848300953258,-0.5279348987958776,0.7234686179803247,1.6335659361492971,-0.7341050407640285,0.46609416730497644,-1.0639266967564602,0,1,2,2
-1.4802424981852056,2.691356382009797,0.27616957364162853,-0.8753023656729446,0.2339660497585023,-1.8498629741445056,0.6885128790863014,-0.49267449766256943,0.3391848194546351,0,1,1,1
0.4863053906533868,1.0658796861460242,1.0846139361700136,0.5656293487800726,-0.7450390866851424,-0.10814851899760423,-1.4454140006891936,0.9890588936509105,-0.7131488177036864,0,1,2,2
-0.3579197131409583,-0.5595970097177485,-0.0775248349645397,0.5013020400991345,-1.2345416549069648,-0.9790057465710549,1.3998218390114665,-1.189960799457149,1.3915184566129566,1,1,0,2
0.3770527301623544,-0.5595970097177485,-0.8859691974929245,-0.06477827629312292,-1.7240442231287871,-0.9790057465710549,1.3998218390114665,-2.584533403046307,-1.0639266967564602,0,1,2,1
0.9133839725728788,-0.5595970097177485,0.5288084369317487,-0.00045096761218466834,0.7234686179803247,0.7627087085758464,-1.4454140006891936,0.29177259185633153,0.3391848194546351,0,1,1,2
-1.6987478191672714,1.0658796861460242,-0.17858038028058765,-0.32208751101687594,0.7234686179803247,-0.9790057465710549,-1.4454140006891936,-1.3642823749057933,1.3915184566129566,0,2,2,1
1.251074014090617,-0.5595970097177485,0.5288084369317487,0.7071494278781362,0.2339660497585023,0.7627087085758464,0.6885128790863014,-0.5798352853868923,-1.4147045758092343,0,1,1,2
1.1219572335103063,-0.5595970097177485,0.8825028455379171,-0.013316429348371588,0.2339660497585023,0.7627087085758464,-1.4454140006891936,0.8147373182022662,-1.0639266967564602,0,1,1,2
-1.2716692372477791,1.0658796861460242,1.1856694814860618,-1.01682244477101,-0.7450390866851424,-0.10814851899760423,-0.7341050407640285,-0.6669960731112143,-1.0639266967564602,0,1,0,1
-0.5267647338998273,-0.5595970097177485,1.1856694814860618,1.4404807468408325,1.212971186202147,0.7627087085758464,1.3998218390114665,0.11745101640768663,-0.7131488177036864,0,1,1,2
1.2312098940013387,-0.5595970097177485,1.1856694814860618,1.0159205095466406,-1.2345416549069648,0.7627087085758464,-1.4454140006891936,-0.7541568608355372,0.3391848194546351,0,1,2,2
-0.010297611578581117,-0.5595970097177485,-0.1280526076225638,-0.026181891084560337,0.7234686179803247,-0.10814851899760423,-0.022796080838863534,-1.1028000117328263,1.0407405775601828,0,2,2,2
0.11881916900173131,-0.5595970097177485,0.781447300221869,-0.039047352820747255,-1.7240442231287871,0.7627087085758464,-1.4454140006891936,-0.9284784362841814,1.3915184566129566,0,1,2,1
-3.208420945952454,1.0658796861460242,-1.9470524233114292,-1.4542481438013888,-2.2135467913506095,-1.8498629741445056,-0.7341050407640285,0.9890588936509105,1.3915184566129566,0,2,1,1
-0.05995791180177685,-0.5595970097177485,0.6298639822477969,0.11533818801350493,0.2339660497585023,-1.8498629741445056,-1.4454140006891936,0.030290228683364548,1.0407405775601828,1,2,1,2
-0.30825941291776165,2.691356382009797,0.6803917549058213,0.012414494124002251,1.212971186202147,-0.9790057465710549,-1.4454140006891936,1.3377020445482002,-0.011593059598138786,0,2,0,1
-1.2816012972924182,1.0658796861460242,0.8319750728798933,1.324691591215143,1.212971186202147,-0.9790057465710549,0.6885128790863014,0.5532549550292986,-0.011593059598138786,0,1,1,2
1.1616854736888629,-0.5595970097177485,0.8825028455379171,0.10247272627731617,-0.2555365184633201,0.7627087085758464,1.3998218390114665,1.6863451954454902,-0.36237093865091263,0,2,2,2
0.5756939310551409,-0.5595970097177485,0.8825028455379171,0.6556875809333848,0.2339660497585023,-0.10814851899760423,0.6885128790863014,0.9018981059265884,-1.0639266967564602,1,0,2,2
-0.7651341749711721,1.0658796861460242,-0.27963592559663586,-0.6823204396301298,-1.7240442231287871,-0.9790057465710549,-0.022796080838863534,-0.05687055904095752,-0.011593059598138786,0,1,2,2
0.5359656908765843,1.0658796861460242,0.6803917549058213,0.26972372884775525,-0.2555365184633201,-0.10814851899760423,-0.022796080838863534,1.7735059831698121,-0.36237093865091263,0,2,2,2
0.009566508510697175,-0.5595970097177485,-1.7954691053373573,-1.0039569830348212,-1.2345416549069648,-0.10814851899760423,0.6885128790863014,0.11745101640768663,-0.011593059598138786,0,1,2,2
0.2082077094034854,-0.5595970097177485,-1.4923024693892128,-0.3478184344892516,0.7234686179803247,-1.8498629741445056,1.3998218390114665,-2.061568676700373,0.3391848194546351,0,0,2,2
0.5359656908765843,1.0658796861460242,-0.6333303342028043,-0.5022039753235038,-1.2345416549069648,-0.10814851899760423,-0.7341050407640285,0.29177259185633153,-0.7131488177036864,0,1,0,2
-0.08975409193569606,-0.5595970097177485,-0.4312192435707079,-0.013316429348371588,0.2339660497585023,-1.8498629741445056,0.6885128790863014,-1.0156392240085041,-0.36237093865091263,0,1,1,2
-0.8147944751943688,-0.5595970097177485,0.27616957364162853,-0.1419710467102481,1.212971186202147,-0.9790057465710549,-1.4454140006891936,1.0762196813752325,-1.4147045758092343,1,1,0,2
1.1815495937781428,1.0658796861460242,2.095169389330494,1.2860952060065804,0.2339660497585023,0.7627087085758464,0.6885128790863014,0.8147373182022662,-0.7131488177036864,0,2,1,2
-1.2021448169353033,1.0658796861460242,-0.481747016228732,-0.9138987508815072,-0.7450390866851424,-0.9790057465710549,-1.4454140006891936,-0.14403134676528037,1.0407405775601828,0,2,2,1
1.1418213535995845,-0.5595970097177485,0.6803917549058213,0.33405103752869353,0.7234686179803247,1.6335659361492971,-0.7341050407640285,0.8147373182022662,-0.7131488177036864,0,1,1,2
0.6650824714568949,1.0658796861460242,-0.6333303342028043,-0.9782260595624453,-0.7450390866851424,0.7627087085758464,-0.7341050407640285,1.7735059831698121,-1.4147045758092343,0,0,2,2
-0.7452700548818929,1.0658796861460242,-2.0481079686274777,-1.4027862968566385,-2.2135467913506095,-1.8498629741445056,-1.4454140006891936,-0.40551370993824737,0.6899626985074089,0,2,1,1
0.7743351319479291,-0.5595970097177485,-0.7849136521768764,-0.9782260595624453,0.7234686179803247,1.6335659361492971,1.3998218390114665,-0.3183529222139253,1.3915184566129566,1,1,2,2
1.2014137138674212,-0.5595970097177485,-0.481747016228732,0.25685826711156834,1.212971186202147,1.6335659361492971,-0.7341050407640285,-0.05687055904095752,1.3915184566129566,1,2,1,2
1.2610060741352578,-0.5595970097177485,0.07405848300953258,0.7457458130866987,0.2339660497585023,1.6335659361492971,-0.7341050407640285,1.0762196813752325,-0.36237093865091263,0,0,1,2
-0.7849982950604504,1.0658796861460242,-0.7849136521768764,-1.3641899116480758,1.212971186202147,-1.8498629741445056,1.3998218390114665,-0.23119213448960244,1.3915184566129566,0,2,1,2
1.1517534136442238,-0.5595970097177485,1.1856694814860618,0.6556875809333848,-1.2345416549069648,0.7627087085758464,1.3998218390114665,0.6404157427536213,-1.4147045758092343,0,1,0,2
-1.4802424981852056,-0.5595970097177485,-0.481747016228732,-0.4250112049063768,0.2339660497585023,-0.10814851899760423,0.6885128790863014,-0.49267449766256943,1.3915184566129566,0,1,1,2
-0.7452700548818929,-0.5595970097177485,-0.7849136521768764,0.5141675018353213,0.7234686179803247,-0.9790057465710549,-0.7341050407640285,-0.7541568608355372,1.3915184566129566,0,1,2,2
-0.28839529282848253,-0.5595970097177485,1.1856694814860618,-0.1419710467102481,-2.2135467913506095,-0.10814851899760423,-1.4454140006891936,1.0762196813752325,0.6899626985074089,0,1,1,2
-0.16921057229281097,-0.5595970097177485,-0.0775248349645397,-0.1291055849740612,-0.7450390866851424,0.7627087085758464,-1.4454140006891936,0.030290228683364548,1.3915184566129566,0,1,0,1
-2.274807301756354,-0.5595970097177485,-0.3301636982546599,-0.6179931309491915,0.2339660497585023,-0.9790057465710549,-0.7341050407640285,0.030290228683364548,1.0407405775601828,0,0,1,2
1.7079487761440282,-0.5595970097177485,0.17511402832558076,0.1539345732220675,-1.7240442231287871,1.6335659361492971,0.6885128790863014,-0.5798352853868923,-0.011593059598138786,0,1,0,2
1.022636633063913,-0.5595970097177485,1.0340861635119891,0.8358040452400126,-0.7450390866851424,0.7627087085758464,-1.4454140006891936,-0.05687055904095752,0.3391848194546351,1,0,1,2
-0.05995791180177685,-0.5595970097177485,-0.7343858795188523,-0.5922622074768159,-1.7240442231287871,-0.9790057465710549,0.6885128790863014,1.4248628322725223,1.0407405775601828,1,1,2,1
1.2808701942245362,-0.5595970097177485,0.07405848300953258,0.06387634106875359,1.212971186202147,-0.9790057465710549,-0.022796080838863534,0.8147373182022662,0.3391848194546351,0,1,2,2
0.8637236723496832,1.0658796861460242,-0.9364969701509483,0.6556875809333848,0.2339660497585023,1.6335659361492971,-0.022796080838863534,-0.14403134676528037,-1.765482454862008,0,0,1,2
0.4664412705641085,-0.5595970097177485,0.3266973462996528,0.16680003495825443,-0.2555365184633201,-0.10814851899760423,-1.4454140006891936,0.11745101640768663,1.3915184566129566,0,2,2,2
-0.755202114926533,-0.5595970097177485,0.3772251189576767,0.7714767365590743,1.212971186202147,-0.9790057465710549,-1.4454140006891936,-0.9284784362841814,1.3915184566129566,0,0,1,2
1.439783154938766,-0.5595970097177485,0.427752891615701,0.33405103752869353,-0.7450390866851424,0.7627087085758464,0.6885128790863014,-1.9744078889760501,1.3915184566129566,0,1,2,2
0.04929474868925553,-0.5595970097177485,0.781447300221869,0.34691649926488227,-0.7450390866851424,1.6335659361492971,1.3998218390114665,-0.8413176485598592,0.3391848194546351,0,1,2,2
0.5558298109658626,1.0658796861460242,0.9835583908539653,-0.5022039753235038,1.212971186202147,-0.10814851899760423,-0.022796080838863534,-0.7541568608355372,1.3915184566129566,0,1,2,2
-0.42744413345343407,-0.5595970097177485,0.4782806642737249,-0.1419710467102481,0.2339660497585023,1.6335659361492971,-1.4454140006891936,-0.23119213448960244,1.0407405775601828,0,2,1,2
-0.9041830155961228,-0.5595970097177485,-0.8859691974929245,-1.5829027611632653,-1.2345416549069648,-1.8498629741445056,1.3998218390114665,1.7735059831698121,1.0407405775601828,0,0,1,2
-0.1394143921588918,4.31683307787357,-0.7343858795188523,-0.5793967457406289,-1.2345416549069648,-0.10814851899760423,0.6885128790863014,-0.5798352853868923,-1.765482454862008,0,2,0,2
-0.2585991126945651,-0.5595970097177485,1.3372527994601338,1.2603642825342047,0.2339660497585023,1.6335659361492971,0.6885128790863014,0.46609416730497644,0.3391848194546351,0,0,2,2
0.3571886100730761,-0.5595970097177485,-0.9364969701509483,-0.6051276692130046,0.2339660497585023,0.7627087085758464,0.6885128790863014,1.1633804690995562,-0.36237093865091263,1,1,1,2
1.598696115652996,-0.5595970097177485,-0.026997062306515603,0.0767418028049405,0.7234686179803247,0.7627087085758464,-0.022796080838863534,0.6404157427536213,1.3915184566129566,0,1,2,2
-1.3908539577834516,-0.5595970097177485,-0.8354414248349004,-0.4764730518511281,-1.7240442231287871,-1.8498629741445056,-1.4454140006891936,-2.061568676700373,-0.7131488177036864,0,0,0,1
-1.0233677361317952,-0.5595970097177485,-0.7849136521768764,-0.8367059804643819,-2.703049359572432,-0.9790057465710549,-1.4454140006891936,0.5532549550292986,-0.7131488177036864,0,2,0,1
0.2578680096266811,1.0658796861460242,0.9835583908539653,0.6428221191971979,-1.2345416549069648,0.7627087085758464,1.3998218390114665,-1.0156392240085041,0.6899626985074089,0,1,1,1
1.7079487761440282,-0.5595970097177485,-1.4923024693892128,-1.6600955315803914,-0.7450390866851424,1.6335659361492971,-0.7341050407640285,-0.3183529222139253,-0.36237093865091263,1,0,2,2
-0.7750662350158113,1.0658796861460242,0.427752891615701,-0.7852441335196306,-0.7450390866851424,-0.9790057465710549,-1.4454140006891936,0.7275765304779435,1.3915184566129566,0,1,0,1
0.8438595522604049,-0.5595970097177485,0.9835583908539653,0.9258622773933266,0.2339660497585023,-0.10814851899760423,-0.022796080838863534,1.2505412568238783,1.0407405775601828,0,0,1,2
1.3007343143138144,-0.5595970097177485,0.17511402832558076,0.8358040452400126,0.2339660497585023,1.6335659361492971,-0.7341050407640285,-0.3183529222139253,-1.765482454862008,0,2,1,2
0.4267130303855519,-0.5595970097177485,1.4888361174342057,0.9387277391295135,0.7234686179803247,0.7627087085758464,-1.4454140006891936,1.7735059831698121,1.3915184566129566,0,2,1,2
0.267800069671322,2.691356382009797,0.023530710351508263,-0.5922622074768159,0.7234686179803247,-1.8498629741445056,-0.7341050407640285,0.11745101640768663,0.3391848194546351,0,0,0,1
0.2876641897606003,1.0658796861460242,0.9330306181959415,0.720014889614323,-0.2555365184633201,-0.10814851899760423,0.6885128790863014,1.7735059831698121,1.0407405775601828,0,1,2,2
0.5260336308319451,-0.5595970097177485,0.17511402832558076,-0.37354935796162725,0.7234686179803247,-0.10814851899760423,0.6885128790863014,1.2505412568238783,-1.0639266967564602,0,1,1,2
-1.4405142580066481,1.0658796861460242,0.023530710351508263,-0.8367059804643819,-1.7240442231287871,-0.10814851899760423,-1.4454140006891936,-0.5798352853868923,0.3391848194546351,1,2,0,2
0.31746036989451776,-0.5595970097177485,1.1856694814860618,0.205396420166817,1.212971186202147,-0.9790057465710549,-0.7341050407640285,-1.3642823749057933,1.3915184566129566,0,2,1,2
-0.010297611578581117,-0.5595970097177485,0.07405848300953258,0.205396420166817,-1.7240442231287871,-0.9790057465710549,-0.7341050407640285,0.11745101640768663,1.0407405775601828,0,1,0,1
0.5359656908765843,-0.5595970097177485,0.12458625566755645,0.24399280537538143,1.212971186202147,0.7627087085758464,-1.4454140006891936,-0.5798352853868923,-0.7131488177036864,0,2,1,2
-0.6856776946140571,-0.5595970097177485,-0.7343858795188523,-0.1805674319188125,0.2339660497585023,0.7627087085758464,-1.4454140006891936,1.6863451954454902,0.6899626985074089,0,1,1,2
0.4664412705641085,-0.5595970097177485,0.023530710351508263,0.1925309584306301,-1.7240442231287871,0.7627087085758464,-0.022796080838863534,-0.23119213448960244,0.6899626985074089,0,1,1,2
0.2082077094034854,2.691356382009797,-2.0481079686274777,-0.7852441335196306,0.7234686179803247,0.7627087085758464,1.3998218390114665,-0.3183529222139253,0.3391848194546351,0,2,2,2
1.7079487761440282,-0.5595970097177485,-0.481747016228732,0.6428221191971979,0.2339660497585023,0.7627087085758464,-1.4454140006891936,-1.451443162630116,0.6899626985074089,0,1,1,2
-1.0134356760871561,1.0658796861460242,-0.17858038028058765,-0.5279348987958776,-0.7450390866851424,-0.9790057465710549,-0.7341050407640285,-1.189960799457149,-0.011593059598138786,0,1,0,1
0.05922680873389467,1.0658796861460242,-0.22910815293861175,0.06387634106875359,0.7234686179803247,-0.10814851899760423,0.6885128790863014,0.46609416730497644,1.0407405775601828,0,0,0,2
0.58562599109978,-0.5595970097177485,0.5288084369317487,0.205396420166817,0.2339660497585023,0.7627087085758464,-1.4454140006891936,0.6404157427536213,1.3915184566129566,0,1,2,2
0.1585474091802879,1.0658796861460242,1.5393638900922297,1.3504225146875186,0.7234686179803247,-0.9790057465710549,-0.022796080838863534,-0.7541568608355372,0.3391848194546351,0,2,0,2
0.02943062859997723,-0.5595970097177485,-0.4312192435707079,-0.3478184344892516,0.7234686179803247,-0.10814851899760423,-0.022796080838863534,0.9890588936509105,0.6899626985074089,0,1,0,2
-0.23873499260528677,-0.5595970097177485,0.8319750728798933,0.5913602722524466,-1.7240442231287871,0.7627087085758464,1.3998218390114665,-0.23119213448960244,-0.011593059598138786,0,2,2,2
-1.42065013791737,-0.5595970097177485,-0.026997062306515603,0.17966549669444318,1.212971186202147,-1.8498629741445056,-0.022796080838863534,-1.5386039503544382,-1.0639266967564602,0,0,2,2
1.4000549147602077,-0.5595970097177485,0.4782806642737249,1.582000825938896,0.7234686179803247,-0.10814851899760423,1.3998218390114665,1.6863451954454902,1.0407405775601828,0,1,0,2
1.7079487761440282,-0.5595970097177485,1.9941138440144464,1.94223375455215,-0.2555365184633201,1.6335659361492971,-1.4454140006891936,-0.9284784362841814,-0.36237093865091263,0,2,2,2
-0.28839529282848253,-0.5595970097177485,1.2361972541440855,1.0030550478104516,0.7234686179803247,-0.9790057465710549,-1.4454140006891936,0.46609416730497644,1.0407405775601828,0,0,1,2
-1.5001066182744849,-0.5595970097177485,-0.4312192435707079,0.5527638870438839,1.212971186202147,-0.9790057465710549,1.3998218390114665,0.46609416730497644,-0.7131488177036864,0,1,1,2
-0.4373761934980732,-0.5595970097177485,-0.1280526076225638,-0.6179931309491915,0.7234686179803247,-0.10814851899760423,-0.7341050407640285,0.3789333795806544,0.6899626985074089,0,1,0,2
0.019498568555338085,-0.5595970097177485,-1.1386080607830447,-0.4250112049063768,-2.2135467913506095,-0.10814851899760423,-1.4454140006891936,-1.0156392240085041,-0.011593059598138786,0,0,2,2
-0.44730825354271236,1.0658796861460242,-0.6333303342028043,1.2089024355894553,0.7234686179803247,-0.9790057465710549,-1.4454140006891936,1.7735059831698121,-1.4147045758092343,0,2,0,2
0.9829083928853547,-0.5595970097177485,0.17511402832558076,0.4369747314181962,0.7234686179803247,1.6335659361492971,0.6885128790863014,0.9890588936509105,-0.36237093865091263,0,2,2,2
-0.8942509555514837,-0.5595970097177485,-0.7343858795188523,-0.9396296743538828,0.2339660497585023,-0.10814851899760423,1.3998218390114665,0.5532549550292986,-1.0639266967564602,0,1,1,2
0.684946591546175,-0.5595970097177485,0.22564180098360465,-0.4378766666425655,0.2339660497585023,-0.10814851899760423,-0.7341050407640285,-1.3642823749057933,-0.011593059598138786,0,2,2,2
0.009566508510697175,-0.5595970097177485,0.12458625566755645,0.810073121767637,-1.7240442231287871,0.7627087085758464,0.6885128790863014,0.7275765304779435,-1.4147045758092343,1,2,1,2
-0.10961821202497435,1.0658796861460242,0.6298639822477969,1.0416514330190143,-1.7240442231287871,0.7627087085758464,0.6885128790863014,-2.061568676700373,-0.011593059598138786,0,0,0,1
0.8239954321711248,-0.5595970097177485,0.579336209589773,0.33405103752869353,0.2339660497585023,0.7627087085758464,-1.4454140006891936,0.3789333795806544,1.0407405775601828,0,0,2,2
1.7079487761440282,-0.5595970097177485,0.3772251189576767,0.8744004304485752,0.2339660497585023,0.7627087085758464,-0.7341050407640285,-1.3642823749057933,1.3915184566129566,1,0,0,2
0.247935949582042,-0.5595970097177485,1.3372527994601338,1.7235209050369613,0.7234686179803247,0.7627087085758464,-0.7341050407640285,-0.8413176485598592,0.3391848194546351,1,0,1,2
0.21813976944812455,-0.5595970097177485,-1.8965246506534055,-1.3770553733842636,0.2339660497585023,-0.10814851899760423,0.6885128790863014,-1.451443162630116,1.3915184566129566,0,1,2,2
1.1418213535995845,-0.5595970097177485,-0.0775248349645397,-0.37354935796162725,0.7234686179803247,0.7627087085758464,-0.022796080838863534,0.29177259185633153,1.0407405775601828,0,1,1,1
-0.5764250341230239,-0.5595970097177485,0.781447300221869,2.0451574484416524,0.7234686179803247,0.7627087085758464,0.6885128790863014,1.1633804690995562,-0.7131488177036864,0,0,2,2
-1.4405142580066481,-0.5595970097177485,-2.0481079686274777,-2.457754159224026,0.2339660497585023,-0.9790057465710549,-1.4454140006891936,0.3789333795806544,0.3391848194546351,1,0,1,2
0.7743351319479291,-0.5595970097177485,1.7414749807243262,1.4662116703132082,1.212971186202147,-0.10814851899760423,-0.022796080838863534,0.46609416730497644,-1.0639266967564602,0,1,2,2
0.2082077094034854,-0.5595970097177485,-0.7343858795188523,-0.16770197018262376,0.7234686179803247,-0.10814851899760423,-0.7341050407640285,0.7275765304779435,1.3915184566129566,1,2,1,2
-0.665813574524778,-0.5595970097177485,0.7309195275638452,0.8486695069761996,-1.2345416549069648,-0.10814851899760423,-0.7341050407640285,0.5532549550292986,1.3915184566129566,0,0,2,2
0.23800388953740284,-0.5595970097177485,-0.7849136521768764,-1.0554188299795724,1.212971186202147,-0.9790057465710549,1.3998218390114665,-2.584533403046307,1.3915184566129566,1,2,2,2
-0.5366967939444665,-0.5595970097177485,1.3372527994601338,0.5656293487800726,1.212971186202147,-0.10814851899760423,1.3998218390114665,0.9890588936509105,-0.36237093865091263,0,2,2,2
-0.000365551533941971,1.0658796861460242,-0.026997062306515603,-0.039047352820747255,-0.7450390866851424,-0.9790057465710549,-0.022796080838863534,0.9018981059265884,0.6899626985074089,0,2,2,1
0.6352862913229775,-0.5595970097177485,1.3877805721181578,1.7621172902455238,0.7234686179803247,-0.10814851899760423,-0.7341050407640285,-0.3183529222139253,1.0407405775601828,0,2,0,2
-0.9935715559978768,1.0658796861460242,1.2361972541440855,0.5913602722524466,0.7234686179803247,0.7627087085758464,-1.4454140006891936,-2.061568676700373,-0.36237093865091263,1,2,0,1
0.4863053906533868,-0.5595970097177485,0.07405848300953258,-0.11624012323787426,0.2339660497585023,0.7627087085758464,-0.7341050407640285,0.29177259185633153,0.3391848194546351,0,0,1,2
-0.14934645220353093,-0.5595970097177485,-0.7343858795188523,-0.25776020233593766,1.212971186202147,-0.9790057465710549,-0.022796080838863534,0.3789333795806544,-1.4147045758092343,0,2,1,2
0.06915886877853382,-0.5595970097177485,1.7414749807243262,2.289601221429217,0.7234686179803247,1.6335659361492971,0.6885128790863014,-0.40551370993824737,0.3391848194546351,0,2,2,2
-1.5696310385869596,4.31683307787357,-0.380691470912684,-1.5700372994270784,-0.2555365184633201,-0.10814851899760423,1.3998218390114665,1.1633804690995562,1.0407405775601828,1,1,1,1
0.5260336308319451,-0.5595970097177485,0.8319750728798933,-0.2706256640721246,0.7234686179803247,0.7627087085758464,-0.022796080838863534,1.7735059831698121,-0.7131488177036864,0,1,1,2
-1.6987478191672714,1.0658796861460242,-1.4923024693892128,-1.77588468720608,0.7234686179803247,-0.10814851899760423,0.6885128790863014,0.20461180413200947,1.0407405775601828,0,1,1,2
-0.26853117273920424,-0.5595970097177485,-1.2396636060990927,-1.6729609933165792,0.2339660497585023,-0.10814851899760423,-0.022796080838863534,0.3789333795806544,-0.36237093865091263,1,1,2,2
0.267800069671322,-0.5595970097177485,-0.22910815293861175,0.7328803513505118,-0.2555365184633201,0.7627087085758464,-1.4454140006891936,-0.8413176485598592,-1.4147045758092343,0,2,1,2
1.0325686931085523,-0.5595970097177485,-1.9470524233114292,-0.8624369039367576,-0.2555365184633201,-0.10814851899760423,0.6885128790863014,-0.14403134676528037,-0.36237093865091263,0,1,0,2
1.1517534136442238,-0.5595970097177485,1.1351417088280373,0.7071494278781362,1.212971186202147,1.6335659361492971,-0.022796080838863534,1.2505412568238783,0.6899626985074089,0,1,0,2
0.14861534913564875,-0.5595970097177485,-0.17858038028058765,-0.232029278863562,1.212971186202147,-0.10814851899760423,-1.4454140006891936,0.9018981059265884,-1.0639266967564602,0,0,0,2
0.21813976944812455,-0.5595970097177485,0.6803917549058213,0.17966549669444318,0.2339660497585023,0.7627087085758464,-0.7341050407640285,1.7735059831698121,1.0407405775601828,0,0,1,2
1.439783154938766,-0.5595970097177485,0.27616957364162853,0.539898425307697,1.212971186202147,0.7627087085758464,-0.7341050407640285,1.1633804690995562,-1.0639266967564602,0,1,1,2
-0.37778383323023657,-0.5595970097177485,0.12458625566755645,-0.051912814556936006,1.212971186202147,-0.10814851899760423,-0.7341050407640285,1.5120236199968444,1.0407405775601828,1,0,1,2
-0.6161532743015814,-0.5595970097177485,0.6298639822477969,0.5913602722524466,0.2339660497585023,-0.10814851899760423,-1.4454140006891936,0.030290228683364548,-0.011593059598138786,0,2,0,2
-1.7285439993011895,-0.5595970097177485,0.6803917549058213,0.7457458130866987,-0.2555365184633201,-0.9790057465710549,0.6885128790863014,-2.584533403046307,0.6899626985074089,0,2,0,2
0.009566508510697175,-0.5595970097177485,-1.1891358334410687,-0.8881678274091334,-1.7240442231287871,0.7627087085758464,-0.022796080838863534,-0.7541568608355372,-1.4147045758092343,0,2,0,2
-0.2188708725160067,1.0658796861460242,0.17511402832558076,1.4919425937855821,-0.2555365184633201,-0.10814851899760423,1.3998218390114665,0.3789333795806544,0.6899626985074089,0,0,2,2
-0.9041830155961228,1.0658796861460242,-0.17858038028058765,-0.46360759011493935,0.7234686179803247,-1.8498629741445056,-0.022796080838863534,-0.9284784362841814,1.3915184566129566,1,1,2,2
-0.32812353300703995,2.691356382009797,0.3772251189576767,-0.013316429348371588,0.7234686179803247,-0.10814851899760423,0.6885128790863014,0.20461180413200947,-1.4147045758092343,0,1,2,1
0.38698479020699356,1.0658796861460242,-0.3301636982546599,-0.9138987508815072,0.7234686179803247,-0.10814851899760423,-0.7341050407640285,1.7735059831698121,-0.36237093865091263,1,2,0,2
0.267800069671322,-0.5595970097177485,0.023530710351508263,0.1539345732220675,0.2339660497585023,1.6335659361492971,-1.4454140006891936,1.5120236199968444,-0.36237093865091263,0,2,2,2
0.9531122127514372,-0.5595970097177485,-0.481747016228732,1.1059787416999525,-0.7450390866851424,0.7627087085758464,0.6885128790863014,-0.49267449766256943,-1.4147045758092343,0,0,2,2
-1.2915333573370575,1.0658796861460242,-2.0481079686274777,-1.8144810724146436,1.212971186202147,0.7627087085758464,1.3998218390114665,0.8147373182022662,0.3391848194546351,0,0,1,2
0.8637236723496832,-0.5595970097177485,-0.5828025615447802,-1.274131679494762,-0.2555365184633201,0.7627087085758464,1.3998218390114665,0.030290228683364548,-0.36237093865091263,0,1,0,2
-0.05995791180177685,-0.5595970097177485,-1.1386080607830447,-1.01682244477101,-1.7240442231287871,-0.10814851899760423,1.3998218390114665,0.11745101640768663,-1.4147045758092343,0,0,2,1
-0.12948233211425264,-0.5595970097177485,1.9435860713564224,0.5013020400991345,-1.7240442231287871,0.7627087085758464,-0.7341050407640285,-1.625764738078761,1.3915184566129566,1,0,2,1
0.6154221712336992,-0.5595970097177485,-0.4312192435707079,-1.2098043708138237,0.7234686179803247,0.7627087085758464,-0.7341050407640285,0.8147373182022662,-0.36237093865091263,0,0,1,2
-0.9439112557746803,-0.5595970097177485,0.6298639822477969,0.3083201140563197,-2.703049359572432,-0.9790057465710549,0.6885128790863014,-1.1028000117328263,1.3915184566129566,0,1,1,2
-1.3213295374709757,-0.5595970097177485,-1.0880802881250207,-1.3127280647033255,0.2339660497585023,-1.8498629741445056,0.6885128790863014,0.29177259185633153,-1.765482454862008,0,2,2,2
-0.4572403135873515,1.0658796861460242,0.7309195275638452,0.4369747314181962,1.212971186202147,0.7627087085758464,-0.022796080838863534,0.46609416730497644,0.3391848194546351,0,1,1,2
-0.6856776946140571,-0.5595970097177485,0.7309195275638452,-0.051912814556936006,-0.7450390866851424,-0.10814851899760423,1.3998218390114665,0.5532549550292986,-1.765482454862008,0,0,0,2
-0.506900613810549,1.0658796861460242,1.5393638900922297,0.6556875809333848,-2.2135467913506095,1.6335659361492971,0.6885128790863014,0.6404157427536213,-0.011593059598138786,0,0,2,2
-0.8147944751943688,1.0658796861460242,0.5288084369317487,0.5013020400991345,-0.7450390866851424,-0.10814851899760423,1.3998218390114665,0.7275765304779435,-0.011593059598138786,0,0,2,2
-0.1394143921588918,1.0658796861460242,-1.8965246506534055,-1.0554188299795724,0.7234686179803247,-1.8498629741445056,-1.4454140006891936,-0.5798352853868923,-1.765482454862008,0,0,0,2
-1.7881363595690254,-0.5595970097177485,1.1351417088280373,0.012414494124002251,-0.2555365184633201,-0.9790057465710549,1.3998218390114665,-1.5386039503544382,1.0407405775601828,0,0,0,2
-0.32812353300703995,1.0658796861460242,-0.0775248349645397,-0.232029278863562,1.212971186202147,-0.9790057465710549,-0.7341050407640285,0.8147373182022662,-0.7131488177036864,1,1,0,2
0.3075283098498786,-0.5595970097177485,-0.5322747888867561,-0.2706256640721246,0.7234686179803247,1.6335659361492971,-0.022796080838863534,-1.0156392240085041,-1.0639266967564602,0,2,1,2
-0.7949303551050896,1.0658796861460242,0.3266973462996528,1.144575126908517,1.212971186202147,-0.10814851899760423,-0.7341050407640285,-1.887247101251728,-1.0639266967564602,0,1,2,2
-0.7849982950604504,2.691356382009797,-0.5828025615447802,-0.5665312840044421,0.2339660497585023,-0.9790057465710549,-0.7341050407640285,-1.189960799457149,1.3915184566129566,1,0,1,2
-1.1922127568906642,-0.5595970097177485,0.3266973462996528,-0.5408003605320664,-0.2555365184633201,-0.10814851899760423,-0.7341050407640285,1.0762196813752325,-0.7131488177036864,0,2,2,2
1.2312098940013387,-0.5595970097177485,0.3266973462996528,1.414749823368457,1.212971186202147,-0.10814851899760423,-0.022796080838863534,-0.7541568608355372,0.3391848194546351,0,1,2,2
1.7079487761440282,-0.5595970097177485,1.8930582986983981,2.714161458723409,1.212971186202147,1.6335659361492971,-0.022796080838863534,-1.8000863135274052,0.3391848194546351,0,0,2,2
0.2082077094034854,-0.5595970097177485,-0.4312192435707079,-0.8367059804643819,-0.7450390866851424,-0.9790057465710549,1.3998218390114665,-0.49267449766256943,1.0407405775601828,0,2,1,2
-1.6490875189440746,1.0658796861460242,-1.2901913787571169,-0.48933851358731506,1.212971186202147,-0.10814851899760423,0.6885128790863014,0.5532549550292986,1.0407405775601828,0,1,0,2
0.5260336308319451,-0.5595970097177485,0.27616957364162853,1.5048080555217709,1.212971186202147,-0.10814851899760423,0.6885128790863014,-1.887247101251728,1.0407405775601828,1,0,2,2
-0.32812353300703995,-0.5595970097177485,-0.1280526076225638,0.08960726454112926,0.2339660497585023,0.7627087085758464,-0.7341050407640285,0.9890588936509105,-0.36237093865091263,0,2,1,2
-1.331261597515615,1.0658796861460242,1.8425305260403742,1.659193596356023,0.7234686179803247,0.7627087085758464,0.6885128790863014,-1.451443162630116,1.3915184566129566,0,2,0,2
-0.23873499260528677,-0.5595970097177485,0.8319750728798933,1.3890188998960813,-0.2555365184633201,0.7627087085758464,0.6885128790863014,-0.40551370993824737,-1.765482454862008,0,1,1,2
1.102093113421028,-0.5595970097177485,-0.17858038028058765,0.7328803513505118,1.212971186202147,1.6335659361492971,-1.4454140006891936,-0.40551370993824737,-0.7131488177036864,0,1,2,2
0.1585474091802879,-0.5595970097177485,0.9835583908539653,1.2089024355894553,-0.2555365184633201,1.6335659361492971,-0.022796080838863534,-0.5798352853868923,-0.36237093865091263,0,1,2,2
-1.172348636801386,-0.5595970097177485,-0.9870247428089725,-1.4671136055375766,-1.7240442231287871,-0.9790057465710549,-1.4454140006891936,0.8147373182022662,-1.4147045758092343,0,0,1,1
0.09895504891245302,-0.5595970097177485,0.427752891615701,0.17966549669444318,-1.2345416549069648,0.7627087085758464,1.3998218390114665,0.030290228683364548,-1.0639266967564602,1,1,0,2
0.5558298109658626,1.0658796861460242,2.196224934646543,2.598372303097721,0.2339660497585023,1.6335659361492971,1.3998218390114665,-0.5798352853868923,-1.0639266967564602,0,2,1,2
-1.2319409970692217,1.0658796861460242,-1.542830242047237,-1.9302702280403323,-0.7450390866851424,-0.9790057465710549,1.3998218390114665,0.46609416730497644,-1.0639266967564602,0,0,1,2
-0.03016173166785941,-0.5595970097177485,-0.7849136521768764,-0.6823204396301298,-0.7450390866851424,0.7627087085758464,1.3998218390114665,0.20461180413200947,0.3391848194546351,0,2,2,2
-0.06988997184641599,-0.5595970097177485,-0.22910815293861175,0.5141675018353213,-0.7450390866851424,-0.9790057465710549,0.6885128790863014,-0.6669960731112143,-1.765482454862008,0,2,2,2
0.9531122127514372,-0.5595970097177485,0.4782806642737249,-0.1291055849740612,1.212971186202147,-0.9790057465710549,-0.022796080838863534,0.11745101640768663,-1.4147045758092343,0,0,2,2
-0.15927851224817183,-0.5595970097177485,0.3266973462996528,-0.051912814556936006,0.2339660497585023,1.6335659361492971,-0.7341050407640285,-0.7541568608355372,-1.765482454862008,0,2,0,2
0.05922680873389467,-0.5595970097177485,0.17511402832558076,-0.8624369039367576,1.212971186202147,-0.9790057465710549,-0.7341050407640285,-0.8413176485598592,1.0407405775601828,0,0,1,2
-0.8843188955068445,2.691356382009797,-0.22910815293861175,-0.6179931309491915,-1.2345416549069648,-0.10814851899760423,-0.7341050407640285,0.9018981059265884,1.3915184566129566,0,2,2,1
-1.6192913388101564,-0.5595970097177485,0.27616957364162853,-0.3606838962254385,-2.2135467913506095,-0.10814851899760423,-1.4454140006891936,0.46609416730497644,1.3915184566129566,1,2,2,1
1.7079487761440282,-0.5595970097177485,1.3877805721181578,1.0030550478104516,-2.2135467913506095,1.6335659361492971,-1.4454140006891936,0.8147373182022662,-1.0639266967564602,0,0,1,2
0.2777321297159612,-0.5595970097177485,1.6909472080663022,0.6299566574610109,-1.2345416549069648,-0.10814851899760423,1.3998218390114665,0.7275765304779435,-1.0639266967564602,0,2,0,2
-0.4373761934980732,-0.5595970097177485,1.0846139361700136,1.5562699024665203,0.7234686179803247,-0.10814851899760423,-1.4454140006891936,-0.9284784362841814,-1.0639266967564602,0,2,0,2
0.9829083928853547,-0.5595970097177485,1.1856694814860618,0.24399280537538143,0.7234686179803247,0.7627087085758464,0.6885128790863014,1.0762196813752325,-0.011593059598138786,1,1,1,2
0.2280718294927637,-0.5595970097177485,0.07405848300953258,-0.2191638171273751,0.2339660497585023,-0.10814851899760423,-0.022796080838863534,-0.3183529222139253,-1.0639266967564602,0,0,2,2
-0.22880293256064585,1.0658796861460242,2.6004471159107343,1.5305389789941466,0.2339660497585023,1.6335659361492971,-0.022796080838863534,0.9890588936509105,-1.4147045758092343,0,0,2,2
-0.44730825354271236,-0.5595970097177485,-1.4923024693892128,-1.4156517585928263,-1.7240442231287871,-0.9790057465710549,-1.4454140006891936,-0.14403134676528037,-1.0639266967564602,0,1,1,1
-1.599427218720878,4.31683307787357,0.22564180098360465,1.9679646780245255,-0.2555365184633201,-1.8498629741445056,1.3998218390114665,0.3789333795806544,0.6899626985074089,0,2,0,1
-0.8644547754175653,1.0658796861460242,0.7309195275638452,0.051010879332566664,-2.2135467913506095,-0.10814851899760423,-0.022796080838863534,0.3789333795806544,0.6899626985074089,0,2,2,1
1.7079487761440282,-0.5595970097177485,0.023530710351508263,0.39837834620963175,0.7234686179803247,-0.10814851899760423,-0.7341050407640285,0.9018981059265884,-1.765482454862008,0,1,2,2
-1.1226883365781883,1.0658796861460242,1.0846139361700136,0.14106911148587875,-0.7450390866851424,0.7627087085758464,0.6885128790863014,-1.712925525803083,-0.36237093865091263,1,1,1,2
-0.6956097546586963,-0.5595970097177485,-0.17858038028058765,0.6556875809333848,-1.7240442231287871,-0.10814851899760423,-1.4454140006891936,-1.625764738078761,-0.7131488177036864,1,0,1,1
0.1386832890910096,-0.5595970097177485,1.2867250268021095,1.1188442034361412,1.212971186202147,0.7627087085758464,-1.4454140006891936,0.7275765304779435,1.0407405775601828,1,0,1,2
-0.6956097546586963,-0.5595970097177485,0.12458625566755645,0.29545465232013096,-2.703049359572432,0.7627087085758464,-1.4454140006891936,0.3789333795806544,-1.765482454862008,0,1,2,2
-1.2220089370245826,-0.5595970097177485,-0.4312192435707079,0.06387634106875359,-1.2345416549069648,-0.10814851899760423,0.6885128790863014,-0.7541568608355372,-0.011593059598138786,0,1,2,2
-1.4504463180512872,1.0658796861460242,0.27616957364162853,1.2732297442703935,-0.2555365184633201,-1.8498629741445056,-1.4454140006891936,-1.451443162630116,1.3915184566129566,0,2,1,1
-0.3678517731855974,1.0658796861460242,-0.6333303342028043,0.4369747314181962,-0.7450390866851424,0.7627087085758464,0.6885128790863014,1.7735059831698121,0.6899626985074089,0,1,1,2
-1.2120768769799435,-0.5595970097177485,-2.0481079686274777,-2.2004449245002733,0.2339660497585023,-0.9790057465710549,-0.7341050407640285,1.4248628322725223,0.3391848194546351,0,1,2,2
-1.0829600963996309,2.691356382009797,-1.9470524233114292,-0.8881678274091334,-1.7240442231287871,-1.8498629741445056,-0.022796080838863534,0.6404157427536213,0.6899626985074089,0,0,2,1
-0.0500258517571377,-0.5595970097177485,-0.5322747888867561,-0.4764730518511281,-0.2555365184633201,-1.8498629741445056,1.3998218390114665,0.11745101640768663,0.6899626985074089,0,2,1,1
-0.586357094167663,1.0658796861460242,1.2361972541440855,-0.3606838962254385,-1.2345416549069648,-0.10814851899760423,-0.7341050407640285,-1.3642823749057933,-0.36237093865091263,0,2,1,1
0.23800388953740284,-0.5595970097177485,0.3266973462996528,0.41124380794582055,1.212971186202147,1.6335659361492971,-0.7341050407640285,-0.05687055904095752,-1.4147045758092343,0,1,1,2
1.0722969332871088,-0.5595970097177485,0.12458625566755645,-0.7337822865748811,-0.7450390866851424,-0.10814851899760423,-1.4454140006891936,-0.8413176485598592,-0.7131488177036864,0,1,2,2
0.8637236723496832,-0.5595970097177485,2.8530859792008547,1.8135791371902734,-0.2555365184633201,0.7627087085758464,-0.022796080838863534,-1.451443162630116,-0.36237093865091263,1,0,1,2
-0.7949303551050896,-0.5595970097177485,-0.026997062306515603,-0.6951859013663185,0.7234686179803247,-0.9790057465710549,0.6885128790863014,0.29177259185633153,1.0407405775601828,1,1,2,2
0.7346068917693708,2.691356382009797,0.9330306181959415,-0.48933851358731506,-0.7450390866851424,-0.9790057465710549,0.6885128790863014,-0.40551370993824737,0.6899626985074089,0,2,0,1
-0.7949303551050896,2.691356382009797,0.023530710351508263,-0.41214574317018987,0.7234686179803247,-1.8498629741445056,-1.4454140006891936,0.5532549550292986,-0.7131488177036864,0,0,0,1
1.5887640556083567,-0.5595970097177485,0.579336209589773,0.6170911957248222,-0.2555365184633201,0.7627087085758464,-0.7341050407640285,0.46609416730497644,-0.011593059598138786,1,0,0,1
-0.39764795331951575,-0.5595970097177485,-1.4417746967311889,-0.7981095952558194,-1.7240442231287871,-0.10814851899760423,1.3998218390114665,0.29177259185633153,-0.36237093865091263,0,2,2,1
0.02943062859997723,-0.5595970097177485,0.3772251189576767,0.17966549669444318,-0.2555365184633201,-0.9790057465710549,-0.022796080838863534,1.7735059831698121,-0.36237093865091263,0,0,2,2
1.1219572335103063,-0.5595970097177485,0.07405848300953258,-0.16770197018262376,1.212971186202147,-0.10814851899760423,-0.7341050407640285,0.9018981059265884,1.3915184566129566,1,1,2,2
0.5260336308319451,-0.5595970097177485,0.07405848300953258,0.41124380794582055,1.212971186202147,1.6335659361492971,-0.022796080838863534,-1.2771215871814712,1.3915184566129566,0,1,0,2
1.7079487761440282,-0.5595970097177485,1.0846139361700136,2.5469104561529696,0.2339660497585023,1.6335659361492971,-0.022796080838863534,0.5532549550292986,-0.7131488177036864,0,1,0,2
0.7246748317247316,-0.5595970097177485,-1.6438857873632853,-0.9782260595624453,0.7234686179803247,1.6335659361492971,1.3998218390114665,-0.05687055904095752,-1.765482454862008,0,2,1,2
-0.9439112557746803,2.691356382009797,-0.481747016228732,-1.0039569830348212,-1.2345416549069648,0.7627087085758464,-0.7341050407640285,-1.3642823749057933,1.3915184566129566,0,1,1,1
-0.9637753758639594,-0.5595970097177485,-2.0481079686274777,-2.393426850543088,0.2339660497585023,-0.10814851899760423,1.3998218390114665,-1.451443162630116,-1.0639266967564602,0,2,1,2
0.19827564935884626,-0.5595970097177485,-0.27963592559663586,-0.3478184344892516,-0.2555365184633201,0.7627087085758464,-1.4454140006891936,0.46609416730497644,0.3391848194546351,0,2,2,2
0.2082077094034854,-0.5595970097177485,1.0846139361700136,1.2989606677427674,-0.2555365184633201,0.7627087085758464,-1.4454140006891936,0.7275765304779435,-0.7131488177036864,0,2,2,2
1.3503946145370118,-0.5595970097177485,0.9835583908539653,0.25685826711156834,1.212971186202147,1.6335659361492971,-1.4454140006891936,-1.1028000117328263,-0.7131488177036864,1,0,0,2
-0.7651341749711721,2.691356382009797,-0.22910815293861175,-0.7080513631025055,0.7234686179803247,-0.10814851899760423,-0.022796080838863534,1.0762196813752325,-0.7131488177036864,0,0,1,1
-0.04009379171249856,-0.5595970097177485,0.17511402832558076,-0.4764730518511281,-1.7240442231287871,0.7627087085758464,-0.7341050407640285,0.29177259185633153,0.3391848194546351,0,0,1,2
-0.4373761934980732,-0.5595970097177485,-0.380691470912684,-0.9138987508815072,-0.2555365184633201,1.6335659361492971,0.6885128790863014,1.2505412568238783,0.6899626985074089,0,1,0,2
-0.0500258517571377,-0.5595970097177485,0.023530710351508263,0.47557111662675877,0.2339660497585023,-0.10814851899760423,0.6885128790863014,1.1633804690995562,-1.4147045758092343,0,2,1,2
0.2082077094034854,-0.5595970097177485,1.0846139361700136,0.539898425307697,-1.7240442231287871,-1.8498629741445056,-1.4454140006891936,-0.14403134676528037,1.0407405775601828,0,1,1,1
0.3075283098498786,-0.5595970097177485,1.6909472080663022,1.7363863667731483,1.212971186202147,-0.9790057465710549,-1.4454140006891936,1.7735059831698121,-0.36237093865091263,0,2,2,2
-0.7949303551050896,1.0658796861460242,-0.0775248349645397,-1.01682244477101,1.212971186202147,-0.9790057465710549,-1.4454140006891936,1.7735059831698121,-1.0639266967564602,1,1,1,1
0.5756939310551409,-0.5595970097177485,1.7414749807243262,2.8042196908767227,1.212971186202147,1.6335659361492971,-1.4454140006891936,-0.9284784362841814,-0.7131488177036864,0,2,1,2
-0.7254059347926146,-0.5595970097177485,-0.27963592559663586,0.34691649926488227,1.212971186202147,-1.8498629741445056,-1.4454140006891936,-0.5798352853868923,-0.36237093865091263,1,2,2,2
0.03936268864461638,2.691356382009797,-0.17858038028058765,-0.20629835539118635,-0.2555365184633201,-0.10814851899760423,-0.022796080838863534,-0.40551370993824737,-1.0639266967564602,0,0,1,1
-0.05995791180177685,1.0658796861460242,-0.481747016228732,0.6685530426695735,-1.2345416549069648,0.7627087085758464,-1.4454140006891936,1.7735059831698121,-0.36237093865091263,0,2,1,2
-0.18907469238208927,-0.5595970097177485,0.27616957364162853,1.4404807468408325,-1.2345416549069648,0.7627087085758464,-0.7341050407640285,0.9018981059265884,-1.765482454862008,0,2,2,2
0.47637333060874765,-0.5595970097177485,0.17511402832558076,0.24399280537538143,1.212971186202147,0.7627087085758464,1.3998218390114665,-0.23119213448960244,-0.36237093865091263,1,0,1,2
-0.37778383323023657,-0.5595970097177485,-0.6333303342028043,-0.8881678274091334,-1.2345416549069648,-0.10814851899760423,0.6885128790863014,0.9890588936509105,0.3391848194546351,1,1,1,2
1.7079487761440282,-0.5595970097177485,1.9941138440144464,1.1960369738532666,-0.7450390866851424,1.6335659361492971,-0.7341050407640285,-0.5798352853868923,-0.011593059598138786,0,2,1,2
1.7079487761440282,-0.5595970097177485,-0.17858038028058765,0.42410926968200746,0.2339660497585023,0.7627087085758464,0.6885128790863014,0.29177259185633153,-1.4147045758092343,0,2,1,2
-0.5168326738551882,2.691356382009797,1.1351417088280373,0.03814541759637792,-0.7450390866851424,1.6335659361492971,-1.4454140006891936,0.7275765304779435,-0.011593059598138786,0,0,1,1
-0.48703649372126984,2.691356382009797,-1.0375525154669965,-1.0554188299795724,0.2339660497585023,-0.9790057465710549,0.6885128790863014,-0.7541568608355372,-0.36237093865091263,1,1,2,2
0.47637333060874765,-0.5595970097177485,0.5288084369317487,-0.00045096761218466834,0.2339660497585023,1.6335659361492971,-1.4454140006891936,1.7735059831698121,1.3915184566129566,0,1,0,2
1.1616854736888629,-0.5595970097177485,-0.6333303342028043,-1.106880676924323,1.212971186202147,1.6335659361492971,1.3998218390114665,0.7275765304779435,-1.765482454862008,0,0,0,2
