gender,branch,cgpa,tenth_percentage,twelfth_percentage,backlogs,study_hours_per_day,attendance_percentage,projects_completed,internships_completed,coding_skill_rating,communication_skill_rating,aptitude_skill_rating,hackathons_participated,certifications_count,sleep_hours,stress_level,part_time_job,family_income_level,city_tier,internet_access,extracurricular_involvement,target
1,3,0.6406309417101472,1.068374030305999,0.7302632768002828,-0.5542314101429997,-0.2684656962653813,0.13446558934654007,1.2112215543033884,0.8080654114309073,0.9929207532211743,-0.7279906171826318,1.2488289140936326,1.4367153043512546,2.3214976361167174,0.9153251971423606,-1.4412089360936984,0,1,0,0,0,2
0,2,0.3263192800056518,-0.26073573177600795,0.1870601869783958,-0.5542314101429997,1.7006386634447368,1.7367062802978075,1.2112215543033884,-0.9603289765600365,0.9929207532211743,-1.4426665270811523,-0.13984646294441605,0.17530213262641298,0.6514320823877386,1.804329423240135,-0.3741376248912309,0,0,2,1,2,2
0,1,1.3807842095949259,0.3102892030444095,1.2339606873623956,-0.5542314101429997,-0.06650627475665133,-0.40388728281308617,0.22556861152669114,1.6922626054263792,0.9929207532211743,-0.013314707284111467,-0.13984646294441605,0.8060087184888338,-0.4619449534315806,1.448727732801025,0.6929336863112365,0,2,2,1,1,2
0,0,0.8839690023845951,0.46781332299487044,0.5623641399462448,-0.5542314101429997,-0.7733642500372064,-0.45515898492352563,-1.2529108026383546,-0.0761317825645646,-1.3630417508376695,0.7013612026144089,1.2488289140936326,-1.7168176249608496,-1.0186334713412402,0.38192266148369614,-1.7968993731611875,0,1,2,1,1,2
1,3,1.7559303864680318,2.515626882350851,1.8067930366291127,-0.5542314101429997,2.0035777957078316,1.941793088739569,-0.2672578598616575,1.6922626054263792,0.20759991853489304,-1.4426665270811523,1.2488289140936326,-0.45540445323600787,-0.4619449534315806,-0.9515836776629657,-0.3741376248912309,0,2,2,1,2,2
0,3,-1.2148217709325162,-1.3929403439199397,-0.7314468558113402,-0.5542314101429997,1.4986792419360064,0.4805495785920142,1.2112215543033884,-0.0761317825645646,0.9929207532211743,-0.7279906171826318,-1.5285218399824647,1.4367153043512546,0.09474356447807901,-0.2403802967847462,0.6929336863112365,1,0,1,0,2,2
1,3,-0.5152248464934797,-0.014604294353414097,-0.16849092635956747,2.568331938917986,1.1452502542957288,0.044740110653268717,-0.7600843312500061,1.6922626054263792,0.20759991853489304,-1.4426665270811523,-0.13984646294441605,-0.45540445323600787,-0.4619449534315806,0.7375243519228055,-0.018447187823741776,0,1,0,1,1,1
1,2,-0.41383398787912595,-0.71361757663358,-0.5042892000676422,-0.5542314101429997,0.3879024236379912,0.9548128231135897,1.2112215543033884,0.8080654114309073,0.20759991853489304,0.7013612026144089,1.2488289140936326,-0.45540445323600787,0.09474356447807901,-1.573886635931408,1.4043145604462148,0,0,1,1,1,2
0,3,-0.555781189939221,-1.097582619012827,-0.06972672821013347,-0.5542314101429997,0.3374125682608089,1.1983534081381813,1.2112215543033884,-0.9603289765600365,0.9929207532211743,-0.013314707284111467,-0.13984646294441605,1.4367153043512546,0.09474356447807901,0.20412181626414108,1.4043145604462148,0,2,0,1,0,2
0,2,1.7559303864680318,1.7181610251016475,1.3228484656968869,-0.5542314101429997,0.9432908327869991,0.4805495785920142,1.2112215543033884,1.6922626054263792,0.9929207532211743,-1.4426665270811523,1.2488289140936326,0.8060087184888338,-1.0186334713412402,0.6486239293130284,-1.4412089360936984,0,2,2,1,2,2
0,3,0.2756238506984745,-0.1425926418131626,-0.16849092635956747,-0.5542314101429997,-0.6218946839056589,-0.6346099423100683,-1.2529108026383546,-0.9603289765600365,-0.5777209161513882,0.7013612026144089,-0.13984646294441605,-1.0861110390984288,-0.4619449534315806,0.6486239293130284,-0.018447187823741776,0,2,0,1,1,2
0,1,-1.4378816598840938,-1.2354162239694795,-1.5808189598964735,1.0070502643874932,-0.36944540701974643,0.5061854296472348,0.22556861152669114,-1.8445261705555083,0.9929207532211743,0.7013612026144089,-0.13984646294441605,0.8060087184888338,-1.0186334713412402,1.804329423240135,-0.7298280619587201,0,0,2,1,2,1
1,2,1.5937050126850665,0.3496702330320251,1.9648157536682078,-0.5542314101429997,-0.36944540701974643,-0.35261558070264487,-0.7600843312500061,0.8080654114309073,-1.3630417508376695,1.4160371125129294,1.2488289140936326,-0.45540445323600787,0.09474356447807901,1.804329423240135,0.6929336863112365,1,0,1,1,1,2
1,2,-0.09952232617463148,0.08384828061562345,1.1055672297681318,-0.5542314101429997,-0.36944540701974643,0.5190033551748442,-0.7600843312500061,1.6922626054263792,-0.5777209161513882,-1.4426665270811523,-0.13984646294441605,-1.0861110390984288,0.09474356447807901,-1.3071853681020758,-0.7298280619587201,0,2,1,1,1,2
0,1,-1.2655172002396935,-0.546248199186216,-1.6499538986010769,-0.5542314101429997,-0.41993526239692874,-0.2244363254265435,1.2112215543033884,-0.0761317825645646,0.9929207532211743,-1.4426665270811523,-0.13984646294441605,0.17530213262641298,-0.4619449534315806,0.11522139365436314,-1.4412089360936984,0,0,1,1,2,2
1,2,1.7559303864680318,1.7280062825985507,1.0364322910635277,-0.5542314101429997,0.5898618451467215,0.019104259598048075,-1.2529108026383546,-0.9603289765600365,-0.5777209161513882,-1.4426665270811523,1.2488289140936326,-1.7168176249608496,-1.5753219892508998,1.359827310191248,0.3372432492437474,0,2,1,1,2,2
1,1,-2.6140156198105897,-2.407001866101026,-1.57094254008153,1.0070502643874932,0.6908415559010865,0.6087288338681156,0.7183950829150397,-1.8445261705555083,0.9929207532211743,0.7013612026144089,-1.5285218399824647,1.4367153043512546,1.2081206002973983,-0.4181811420043013,-0.3741376248912309,0,2,1,1,2,2
0,2,0.02214670416259154,0.36936074802583285,0.019161050124357693,-0.5542314101429997,-1.1772830930546665,-0.8781505273346617,-1.7457372740267034,0.8080654114309073,-2.1483625855239508,-0.013314707284111467,1.2488289140936326,-2.3475242108232703,0.09474356447807901,-0.7737828324434114,-1.4412089360936984,0,2,2,1,0,2
1,4,-0.2211913565118545,0.054312508124912465,0.13767808790367878,-0.5542314101429997,-0.1674859855110162,-0.4679769104511369,0.22556861152669114,-0.9603289765600365,0.20759991853489304,1.4160371125129294,-1.5285218399824647,-0.45540445323600787,0.6514320823877386,-0.5959819872238563,1.4043145604462148,0,2,0,0,1,2
1,2,-1.1032918264567282,-0.44779562421717845,-1.1462564880389634,2.568331938917986,1.0442705435413637,0.8650873444203184,-1.2529108026383546,-1.8445261705555083,-1.3630417508376695,-0.7279906171826318,-0.13984646294441605,-1.7168176249608496,-0.4619449534315806,0.20412181626414108,-0.7298280619587201,0,1,0,0,2,1
0,2,-0.41383398787912595,0.3792060055227361,-0.6524354972917933,-0.5542314101429997,0.3879024236379912,0.7497260146718264,-2.238563745415052,0.8080654114309073,-2.1483625855239508,-0.7279906171826318,-0.13984646294441605,-2.3475242108232703,-0.4619449534315806,1.804329423240135,-0.3741376248912309,1,1,1,1,1,2
1,4,1.7356522147451616,2.1710428699592197,1.0858143901382447,-0.5542314101429997,2.2055372172165617,2.3135129290402636,0.7183950829150397,1.6922626054263792,0.9929207532211743,-0.013314707284111467,1.2488289140936326,0.17530213262641298,0.6514320823877386,0.9153251971423606,1.4043145604462148,0,2,1,1,0,2
0,0,1.0664725478904304,1.3145054677285928,0.8784095740244339,-0.5542314101429997,1.0442705435413637,0.929176972058369,0.7183950829150397,0.8080654114309073,0.20759991853489304,-0.7279906171826318,1.2488289140936326,-0.45540445323600787,-0.4619449534315806,0.11522139365436314,-1.4412089360936984,0,2,2,1,2,2
0,1,0.5493791689572295,-0.457640881714083,-0.07960314802507631,-0.5542314101429997,2.0035777957078316,1.0060845252240291,0.22556861152669114,0.8080654114309073,0.9929207532211743,-1.4426665270811523,1.2488289140936326,0.8060087184888338,0.09474356447807901,0.6486239293130284,-0.018447187823741776,1,0,1,1,2,2
1,4,-1.5392725184984466,-1.324023541441613,-0.7018175963665103,1.0070502643874932,0.43839227901517397,0.07037596170848937,0.7183950829150397,-0.9603289765600365,0.9929207532211743,1.4160371125129294,-1.5285218399824647,0.8060087184888338,-0.4619449534315806,0.8264247745325835,-0.3741376248912309,0,2,2,1,2,1
0,3,0.03228579002402845,-0.49702191170169724,0.08829598882896178,-0.5542314101429997,0.8928009774098163,1.5059836208008253,0.7183950829150397,-0.0761317825645646,0.9929207532211743,-0.013314707284111467,-1.5285218399824647,0.8060087184888338,0.09474356447807901,-2.1072891715900735,0.3372432492437474,0,2,2,1,0,2
1,0,0.6102136841258401,0.24137240056608436,-0.0005917895055293878,-0.5542314101429997,-0.6723845392828413,0.4933675041196236,0.7183950829150397,-0.0761317825645646,0.9929207532211743,-0.013314707284111467,-0.13984646294441605,1.4367153043512546,0.09474356447807901,-2.5517912846389605,1.4043145604462148,0,1,1,1,0,2
1,2,1.7559303864680318,1.875685145052107,2.330243286821114,-0.5542314101429997,0.3879024236379912,0.8779052699479278,0.22556861152669114,0.8080654114309073,-0.5777209161513882,-0.7279906171826318,1.2488289140936326,0.8060087184888338,0.09474356447807901,-1.396085790711853,1.4043145604462148,1,0,0,1,0,2
0,2,0.46826648206574684,0.5465753829701002,0.9376680929140937,-0.5542314101429997,1.4481893865588242,0.7112722380889963,0.7183950829150397,-0.0761317825645646,0.9929207532211743,0.7013612026144089,-0.13984646294441605,0.17530213262641298,1.7648091182070578,-0.2403802967847462,-1.7968993731611875,0,2,1,1,0,2
1,1,0.863690830661723,0.9699214553369613,1.1648257486577915,-0.5542314101429997,1.0947603989185466,1.262443035776232,0.7183950829150397,0.8080654114309073,0.9929207532211743,-1.4426665270811523,1.2488289140936326,0.8060087184888338,0.6514320823877386,0.11522139365436314,-0.3741376248912309,0,2,0,1,1,2
0,2,-0.31244312926477313,0.20199137057846878,-0.3660193226584355,-0.5542314101429997,-2.035610634466769,-2.4163015906478775,-0.2672578598616575,-0.9603289765600365,0.9929207532211743,-0.013314707284111467,-0.13984646294441605,0.17530213262641298,-1.0186334713412402,0.11522139365436314,-0.7298280619587201,1,2,1,0,2,2
1,2,-1.2857953719625637,-1.2747972539570944,-1.3339084645228885,-0.5542314101429997,-0.6723845392828413,0.5702750572852855,-0.2672578598616575,-0.9603289765600365,-0.5777209161513882,-0.7279906171826318,-0.13984646294441605,-1.7168176249608496,-1.5753219892508998,0.026320971044586007,0.6929336863112365,0,2,0,0,1,2
1,1,0.630491855848712,1.3735770127100162,0.1870601869783958,-0.5542314101429997,2.1550473618393795,1.4803477697456047,0.7183950829150397,-0.9603289765600365,0.20759991853489304,-1.4426665270811523,1.2488289140936326,0.17530213262641298,1.2081206002973983,0.4708230840934733,0.6929336863112365,0,2,1,1,1,2
1,4,-1.6710806346971057,-1.767060128802282,-1.4326726626723225,2.568331938917986,-2.035610634466769,-1.1985986655249143,0.22556861152669114,-1.8445261705555083,0.20759991853489304,0.7013612026144089,-1.5285218399824647,0.17530213262641298,1.2081206002973983,0.6486239293130284,1.0486241233787257,0,2,2,1,1,1
1,4,0.04242487588546355,0.3595154905289283,-0.18824376598945317,-0.5542314101429997,-0.41993526239692874,-0.33979765517503546,0.7183950829150397,-0.0761317825645646,0.9929207532211743,-0.013314707284111467,-0.13984646294441605,0.17530213262641298,-0.4619449534315806,1.0042256197521378,0.6929336863112365,0,0,1,1,0,2
1,2,0.7927172296316773,1.0585287728090957,0.009284630309414855,1.0070502643874932,0.23643285750644377,0.660000535978555,0.22556861152669114,0.8080654114309073,0.9929207532211743,-0.013314707284111467,-0.13984646294441605,0.8060087184888338,1.2081206002973983,-1.0404841002727436,-0.7298280619587201,0,0,0,1,2,2
1,3,0.6609091134330174,0.9600761978400582,0.6907575975405087,-0.5542314101429997,-1.732671502203674,-2.1983968566785057,0.7183950829150397,-0.9603289765600365,0.9929207532211743,-1.4426665270811523,-0.13984646294441605,0.8060087184888338,0.6514320823877386,1.715429000630358,1.4043145604462148,0,1,2,1,1,2
1,2,-0.9917618819809394,-1.0680468465221153,-1.1067508087791897,2.568331938917986,-0.6723845392828413,-1.6344081334636589,-1.7457372740267034,-0.0761317825645646,-1.3630417508376695,-0.7279906171826318,-1.5285218399824647,-1.7168176249608496,-1.5753219892508998,-0.06257945156519114,1.0486241233787257,0,2,0,1,2,1
1,1,0.0018685324397213377,-0.546248199186216,0.7895217956899426,-0.5542314101429997,1.7006386634447368,0.6984543125613869,-0.7600843312500061,-0.0761317825645646,-1.3630417508376695,-0.7279906171826318,-0.13984646294441605,-0.45540445323600787,0.6514320823877386,0.38192266148369614,1.0486241233787257,0,2,1,1,2,2
0,4,0.0018685324397213377,0.182300855584661,0.4537235219818679,-0.5542314101429997,1.3472096758044592,0.2370089935674208,0.22556861152669114,1.6922626054263792,0.20759991853489304,0.7013612026144089,-0.13984646294441605,-0.45540445323600787,-0.4619449534315806,0.8264247745325835,-1.4412089360936984,0,0,1,1,0,2
1,1,0.5189619113729224,0.8320878503803096,0.31545364457265973,-0.5542314101429997,1.3976995311816414,1.262443035776232,0.7183950829150397,-0.9603289765600365,0.9929207532211743,1.4160371125129294,-0.13984646294441605,1.4367153043512546,-1.0186334713412402,0.5597235067032504,1.4043145604462148,0,1,2,1,2,2
1,4,-1.4378816598840938,-1.2452614814663834,-1.6302010589711906,-0.5542314101429997,-0.5209149731512939,1.0317203762792497,-0.2672578598616575,-1.8445261705555083,-0.5777209161513882,1.4160371125129294,-0.13984646294441605,-1.7168176249608496,-1.0186334713412402,1.626528578020581,-1.0855184990262092,0,2,2,1,1,2
0,4,-0.6368938768307036,0.4579680654979658,-0.6228062378469633,-0.5542314101429997,-0.7733642500372064,-0.45515898492352563,1.2112215543033884,-0.0761317825645646,0.9929207532211743,0.7013612026144089,-1.5285218399824647,0.17530213262641298,0.6514320823877386,-1.1293845228825208,0.6929336863112365,0,2,2,1,2,2
1,4,0.11339847691551107,0.3792060055227361,0.2957008049427726,-0.5542314101429997,1.751128518821919,1.6854345781873663,-0.2672578598616575,0.8080654114309073,-0.5777209161513882,0.7013612026144089,-0.13984646294441605,-1.0861110390984288,0.6514320823877386,1.2709268875814708,0.3372432492437474,0,2,2,1,1,2
0,2,0.8941080882460302,0.8714688803679238,0.8882859938393767,-0.5542314101429997,-0.3189555516425639,-0.7243354210033397,-0.2672578598616575,0.8080654114309073,0.9929207532211743,-0.013314707284111467,-0.13984646294441605,1.4367153043512546,1.7648091182070578,-0.6848824098336335,-0.3741376248912309,0,1,1,1,1,2
0,1,-0.2617476999575967,-0.8022248941057144,-0.9289752521102083,-0.5542314101429997,-0.823854105414389,-0.6089740912548477,1.2112215543033884,-0.0761317825645646,0.9929207532211743,1.4160371125129294,-0.13984646294441605,0.17530213262641298,0.6514320823877386,-0.7737828324434114,-1.4412089360936984,0,1,0,1,1,2
1,1,-0.39355581615625573,-1.5307739488765921,-0.8993459926653783,1.0070502643874932,-0.3189555516425639,0.4805495785920142,-0.7600843312500061,-0.9603289765600365,0.20759991853489304,1.4160371125129294,1.2488289140936326,0.17530213262641298,-0.4619449534315806,-0.2403802967847462,-1.0855184990262092,0,1,0,1,2,2
1,1,-0.43411215960199706,-0.6250102591614471,-0.08947956784001915,-0.5542314101429997,-0.11699613013383389,-0.6089740912548477,0.7183950829150397,-0.0761317825645646,0.9929207532211743,-0.7279906171826318,-1.5285218399824647,0.8060087184888338,0.09474356447807901,0.38192266148369614,0.6929336863112365,0,2,1,1,0,2
1,2,-0.1806350130661141,-0.5659387141800237,-0.16849092635956747,1.0070502643874932,0.2869227128836261,0.3139165467330827,-1.7457372740267034,-1.8445261705555083,-1.3630417508376695,-0.013314707284111467,-0.13984646294441605,-0.45540445323600787,-1.5753219892508998,-0.2403802967847462,-1.0855184990262092,0,2,1,1,1,2
0,3,-0.9106491950894567,-1.4224761164106507,-1.4030434032274919,-0.5542314101429997,-0.36944540701974643,-0.19880047437132284,-1.7457372740267034,-0.9603289765600365,-0.5777209161513882,-0.013314707284111467,-0.13984646294441605,-0.45540445323600787,2.3214976361167174,0.11522139365436314,-0.7298280619587201,0,1,2,1,0,2
1,1,0.41757105275856954,0.6154921854484268,0.22656586623816855,1.0070502643874932,-0.1674859855110162,-0.3782514317578655,1.2112215543033884,0.8080654114309073,0.9929207532211743,-0.7279906171826318,-0.13984646294441605,0.8060087184888338,-1.0186334713412402,-1.662787058541186,-0.3741376248912309,0,1,0,1,2,2
1,1,0.46826648206574684,0.6154921854484268,-0.13886166691473614,1.0070502643874932,0.9432908327869991,1.2239892591934018,-0.2672578598616575,0.8080654114309073,0.20759991853489304,1.4160371125129294,-0.13984646294441605,0.17530213262641298,-1.0186334713412402,0.11522139365436314,-0.7298280619587201,1,2,1,0,2,2
1,1,0.9448035175532057,1.3735770127100162,0.6018698192060189,-0.5542314101429997,0.3374125682608089,1.5188015463284348,1.2112215543033884,-0.9603289765600365,0.9929207532211743,-0.7279906171826318,1.2488289140936326,0.8060087184888338,0.09474356447807901,-0.15147987417496905,-0.018447187823741776,0,2,0,1,1,2
1,1,1.4112014671792312,0.7434805329081753,1.342601305326774,1.0070502643874932,0.7918212666554512,-0.5064306870339669,0.7183950829150397,-0.0761317825645646,0.9929207532211743,-0.013314707284111467,-0.13984646294441605,1.4367153043512546,0.09474356447807901,-0.2403802967847462,-1.0855184990262092,0,0,1,1,1,2
1,1,0.9549426034146425,0.36936074802583285,0.3845885832772638,-0.5542314101429997,-0.21797584088819877,0.5318212807024536,1.2112215543033884,0.8080654114309073,0.9929207532211743,0.7013612026144089,-0.13984646294441605,1.4367153043512546,0.09474356447807901,-0.8626832550531885,0.3372432492437474,0,0,1,1,1,2
0,4,-1.062735483010987,-0.39856933673265965,-0.6425590774768505,1.0070502643874932,-0.47042511777411133,-1.1729628144696946,-1.2529108026383546,-0.9603289765600365,-0.5777209161513882,-1.4426665270811523,1.2488289140936326,-1.0861110390984288,0.09474356447807901,-0.06257945156519114,-1.4412089360936984,1,1,0,1,0,1
0,1,-0.819397422336539,-1.146808906497346,-0.7413232756262844,-0.5542314101429997,-0.06650627475665133,0.39082409989874284,1.2112215543033884,-0.9603289765600365,0.9929207532211743,-0.7279906171826318,-0.13984646294441605,0.17530213262641298,-0.4619449534315806,-1.484986213321631,1.4043145604462148,0,1,0,1,0,2
1,2,-0.6166157051078325,-0.04414006684412508,-0.3857721622883212,-0.5542314101429997,-1.9851207790895866,-1.2370524421077453,-0.7600843312500061,-0.9603289765600365,-0.5777209161513882,-0.013314707284111467,-1.5285218399824647,-1.0861110390984288,0.09474356447807901,1.804329423240135,0.6929336863112365,0,1,1,1,2,2
1,3,0.14381573449981636,0.07400302311872026,0.24631870586805563,-0.5542314101429997,-0.41993526239692874,-0.10907499567805332,1.2112215543033884,-0.9603289765600365,0.9929207532211743,1.4160371125129294,-1.5285218399824647,0.8060087184888338,-0.4619449534315806,0.11522139365436314,-1.7968993731611875,0,2,1,0,1,2
1,3,-0.44425124546343214,-0.15243789931006582,-0.6228062378469633,-0.5542314101429997,-0.6723845392828413,-1.262688293162965,1.2112215543033884,-0.0761317825645646,0.9929207532211743,-0.7279906171826318,-1.5285218399824647,0.8060087184888338,1.7648091182070578,0.8264247745325835,1.0486241233787257,1,1,1,1,1,2
1,4,-0.2211913565118545,0.536730125473197,-0.22774944524922733,1.0070502643874932,-1.4297323699405788,-1.4805930271323378,-1.7457372740267034,-0.0761317825645646,-1.3630417508376695,0.7013612026144089,-0.13984646294441605,-1.0861110390984288,0.6514320823877386,0.38192266148369614,-1.0855184990262092,0,0,1,1,0,1
0,1,1.2996715227034432,1.5803274201449944,0.9080388334692637,-0.5542314101429997,-2.035610634466769,-1.1601448889420842,-1.2529108026383546,1.6922626054263792,-0.5777209161513882,0.7013612026144089,1.2488289140936326,0.17530213262641298,0.09474356447807901,1.804329423240135,0.3372432492437474,1,2,1,1,2,2
1,3,-0.7788410788907978,-0.5757839716769284,-0.9981101908148123,-0.5542314101429997,-0.36944540701974643,-0.3013438785922054,1.2112215543033884,0.8080654114309073,0.9929207532211743,1.4160371125129294,-1.5285218399824647,1.4367153043512546,-1.0186334713412402,0.7375243519228055,-0.3741376248912309,0,0,1,1,1,2
0,1,0.7825781437702404,0.6548732154360409,1.2932192062520569,-0.5542314101429997,-0.1674859855110162,-0.7499712720585603,0.7183950829150397,0.8080654114309073,0.9929207532211743,0.7013612026144089,1.2488289140936326,0.8060087184888338,1.2081206002973983,1.359827310191248,-1.4412089360936984,0,2,0,1,0,2
0,1,-0.6673111344150089,0.04446725062800927,-1.1462564880389634,-0.5542314101429997,-0.9248338161687538,-1.3524137718562363,-0.2672578598616575,1.6922626054263792,0.9929207532211743,1.4160371125129294,-0.13984646294441605,0.8060087184888338,2.3214976361167174,0.4708230840934733,0.6929336863112365,0,2,1,1,1,2
0,4,0.853551744800288,0.536730125473197,2.241355508486623,-0.5542314101429997,0.8423111220326339,0.044740110653268717,0.22556861152669114,-0.9603289765600365,0.20759991853489304,0.7013612026144089,-0.13984646294441605,-0.45540445323600787,-1.0186334713412402,1.804329423240135,-1.7968993731611875,0,0,1,0,0,2
1,3,-1.2857953719625637,-1.0385110740314043,-1.07712154933436,1.0070502643874932,-0.6218946839056589,-1.7754053142673705,-0.2672578598616575,-0.9603289765600365,0.20759991853489304,-0.013314707284111467,-1.5285218399824647,-0.45540445323600787,0.6514320823877386,-0.06257945156519114,0.6929336863112365,0,1,0,1,2,1
1,2,0.6609091134330174,0.8616236228710206,0.43397068235198083,-0.5542314101429997,-0.21797584088819877,-0.39106935728547493,1.2112215543033884,-0.0761317825645646,0.9929207532211743,-0.7279906171826318,-0.13984646294441605,0.8060087184888338,-0.4619449534315806,-0.32928071939452414,-1.4412089360936984,0,0,0,1,1,2
0,0,-0.14007866962037188,0.1330745681001422,-0.03022104895035931,-0.5542314101429997,-0.823854105414389,-1.1601448889420842,0.22556861152669114,-0.0761317825645646,0.9929207532211743,-1.4426665270811523,-0.13984646294441605,1.4367153043512546,-0.4619449534315806,-0.7737828324434114,-0.7298280619587201,1,0,2,1,1,2
0,1,-1.6203852053899293,-2.0328820812186836,-1.6598303184160204,4.1296136134484795,0.23643285750644377,1.9674289397947897,-0.2672578598616575,-1.8445261705555083,-1.3630417508376695,1.4160371125129294,-1.5285218399824647,-1.0861110390984288,0.09474356447807901,0.38192266148369614,0.6929336863112365,0,1,2,1,0,1
1,1,1.7559303864680318,0.02477673563420148,1.638893899775076,-0.5542314101429997,1.1452502542957288,1.6982525037149774,-0.2672578598616575,-0.0761317825645646,0.20759991853489304,-1.4426665270811523,1.2488289140936326,0.8060087184888338,0.6514320823877386,-0.2403802967847462,1.0486241233787257,0,0,2,1,0,2
0,1,1.1070288913361708,0.9600761978400582,0.6611283380956787,-0.5542314101429997,2.1550473618393795,1.9289751632119596,1.2112215543033884,-0.0761317825645646,0.9929207532211743,-0.7279906171826318,-0.13984646294441605,0.8060087184888338,0.09474356447807901,-0.15147987417496905,1.4043145604462148,0,1,1,1,0,2
0,3,-1.8130278367571997,-1.5603097213673032,-1.2153914267435675,-0.5542314101429997,1.1452502542957288,0.019104259598048075,-0.2672578598616575,-0.9603289765600365,0.9929207532211743,1.4160371125129294,-1.5285218399824647,0.17530213262641298,0.6514320823877386,-1.573886635931408,1.0486241233787257,0,2,0,1,0,2
1,3,-0.48480758890917347,-1.0286658165345004,-0.30676080376877424,2.568331938917986,-1.025813526923119,-1.0447835591935932,0.22556861152669114,-0.9603289765600365,0.9929207532211743,0.7013612026144089,-0.13984646294441605,1.4367153043512546,-0.4619449534315806,-0.7737828324434114,-0.3741376248912309,1,1,1,0,2,2
1,2,-3.0601353977137444,-2.407001866101026,-2.4005618045367756,-0.5542314101429997,-1.126793237677484,-0.2628901020093735,0.7183950829150397,-1.8445261705555083,0.9929207532211743,-0.7279906171826318,-2.9171972170205134,1.4367153043512546,1.2081206002973983,-0.4181811420043013,0.3372432492437474,1,2,2,0,1,2
1,0,-0.06910506859032618,0.2905986880506031,-0.3660193226584355,-0.5542314101429997,-1.7831613575808567,-0.7884250486413904,0.7183950829150397,-0.9603289765600365,0.9929207532211743,-1.4426665270811523,-0.13984646294441605,1.4367153043512546,-1.0186334713412402,-0.2403802967847462,0.6929336863112365,0,2,1,1,1,2
1,2,0.22492842139129898,1.216052892759555,0.05866672938413186,1.0070502643874932,1.9530879403306491,0.9163590465307578,-1.2529108026383546,-0.0761317825645646,-2.1483625855239508,-0.013314707284111467,-0.13984646294441605,-1.7168176249608496,-1.0186334713412402,-0.5070815646140784,-1.0855184990262092,0,1,2,1,2,1
1,1,1.2084197499505256,1.2258981502564599,0.8191510551347726,-0.5542314101429997,-0.7228743946600239,-0.03216744251239139,-0.2672578598616575,0.8080654114309073,0.20759991853489304,-0.013314707284111467,1.2488289140936326,0.17530213262641298,1.7648091182070578,-0.5959819872238563,-1.4412089360936984,1,0,2,1,2,2
0,2,0.10325939105407415,0.3201344605413141,0.8685331542094896,-0.5542314101429997,-1.025813526923119,0.019104259598048075,1.2112215543033884,-1.8445261705555083,0.9929207532211743,-1.4426665270811523,1.2488289140936326,1.4367153043512546,0.6514320823877386,-1.3071853681020758,0.3372432492437474,0,1,1,1,1,2
1,2,-1.8231669226186358,-1.6292265238456296,-2.0351342713838694,2.568331938917986,0.3879024236379912,1.6213449505493156,-2.238563745415052,-0.9603289765600365,-2.1483625855239508,-0.7279906171826318,-0.13984646294441605,-0.45540445323600787,0.09474356447807901,0.4708230840934733,1.4043145604462148,1,0,2,1,1,1
1,4,0.03228579002402845,-0.30996201926052674,1.0858143901382447,-0.5542314101429997,-1.6316917914493092,-1.8779487184882522,0.22556861152669114,0.8080654114309073,0.20759991853489304,-0.7279906171826318,-0.13984646294441605,0.17530213262641298,0.09474356447807901,-0.7737828324434114,-0.7298280619587201,0,1,1,1,1,2
1,1,0.8839690023845951,1.3538864977162084,0.3549593238324339,-0.5542314101429997,-0.7228743946600239,-0.814060899696611,-0.7600843312500061,0.8080654114309073,-0.5777209161513882,-0.013314707284111467,1.2488289140936326,-0.45540445323600787,-0.4619449534315806,1.804329423240135,-0.7298280619587201,0,1,0,1,1,2
0,4,0.16409390622268658,-0.30996201926052674,0.6808811777255658,-0.5542314101429997,-0.6723845392828413,-0.7115174954757284,1.2112215543033884,0.8080654114309073,0.20759991853489304,0.7013612026144089,-0.13984646294441605,0.8060087184888338,0.6514320823877386,-0.9515836776629657,-0.018447187823741776,0,0,2,0,2,2
0,2,-0.6774502202764449,-0.516712426695505,-0.47465994062281236,-0.5542314101429997,0.5393719897695386,1.0701741528620798,-0.2672578598616575,-0.0761317825645646,-0.5777209161513882,1.4160371125129294,-0.13984646294441605,0.17530213262641298,-1.0186334713412402,0.5597235067032504,1.0486241233787257,0,2,0,0,0,2
0,0,-0.058965982728889275,-0.26073573177600795,0.30557722475771687,1.0070502643874932,-1.025813526923119,-0.27570802753698476,-1.2529108026383546,-0.9603289765600365,-1.3630417508376695,-0.7279906171826318,-0.13984646294441605,-0.45540445323600787,-1.5753219892508998,0.7375243519228055,-0.7298280619587201,0,2,1,1,1,1
1,1,-0.41383398787912595,-0.5265576841924096,0.27594796531288557,-0.5542314101429997,-1.328752659186214,-0.9550580805003218,0.7183950829150397,0.8080654114309073,0.20759991853489304,-0.013314707284111467,-0.13984646294441605,-0.45540445323600787,-1.0186334713412402,0.20412181626414108,-1.4412089360936984,0,1,0,1,1,2
0,4,0.5493791689572295,0.1724555980877578,0.2858243851278298,1.0070502643874932,0.13545314675207865,0.7497260146718264,0.22556861152669114,-0.0761317825645646,0.20759991853489304,-0.013314707284111467,-0.13984646294441605,0.17530213262641298,0.09474356447807901,0.6486239293130284,-0.018447187823741776,0,2,1,1,2,2
1,3,-1.072874568872422,-0.7529986066211957,-0.5042892000676422,1.0070502643874932,0.9937806881641814,1.903339312156739,-0.7600843312500061,-0.9603289765600365,-1.3630417508376695,0.7013612026144089,-1.5285218399824647,-1.0861110390984288,0.6514320823877386,0.20412181626414108,-0.018447187823741776,0,2,1,1,0,1
1,3,0.38715379517426424,-0.1819736718007782,0.04879030956918762,-0.5542314101429997,1.7006386634447368,2.3647846311507053,1.2112215543033884,-0.9603289765600365,0.9929207532211743,0.7013612026144089,-0.13984646294441605,1.4367153043512546,1.7648091182070578,1.0042256197521378,0.3372432492437474,1,2,1,0,0,2
1,2,-1.072874568872422,-1.6390717813425335,-0.7314468558113402,1.0070502643874932,-1.8336512129580391,-1.5831364313532184,-2.7313902168034008,-0.9603289765600365,-2.1483625855239508,-0.7279906171826318,-2.9171972170205134,-1.0861110390984288,-1.5753219892508998,-0.9515836776629657,-0.3741376248912309,1,2,0,0,0,2
0,0,-1.3263517154083049,-2.1017988836970094,-0.45490710099292525,1.0070502643874932,-0.9248338161687538,-0.4423410593959162,-1.2529108026383546,-0.9603289765600365,-0.5777209161513882,-0.7279906171826318,-0.13984646294441605,-1.7168176249608496,0.6514320823877386,1.1820264649716936,-1.4412089360936984,0,2,2,0,0,1
1,2,-0.6064766192463974,-0.22135470178839237,0.5821169795761318,1.0070502643874932,0.034473435997713554,-0.6730637188928984,-0.7600843312500061,-0.9603289765600365,0.20759991853489304,-1.4426665270811523,-0.13984646294441605,-0.45540445323600787,2.3214976361167174,0.026320971044586007,-0.3741376248912309,0,0,1,1,0,2
0,3,0.38715379517426424,0.1330745681001422,0.07841956901401753,1.0070502643874932,1.8016183741991014,1.1598996315553511,0.7183950829150397,-0.0761317825645646,0.9929207532211743,-1.4426665270811523,-0.13984646294441605,0.8060087184888338,0.6514320823877386,-1.2182849454922986,1.4043145604462148,1,2,0,1,2,2
0,0,0.853551744800288,0.8616236228710206,0.6710047579106215,-0.5542314101429997,-0.36944540701974643,0.2370089935674208,1.2112215543033884,-0.0761317825645646,0.9929207532211743,0.7013612026144089,1.2488289140936326,1.4367153043512546,0.09474356447807901,-0.7737828324434114,-1.0855184990262092,0,1,2,1,2,2
0,0,0.33645836586708694,0.6351827004422346,-0.5240420396975294,1.0070502643874932,1.1957401096729117,1.6982525037149774,-1.2529108026383546,-0.0761317825645646,-1.3630417508376695,-1.4426665270811523,1.2488289140936326,-1.0861110390984288,-0.4619449534315806,0.20412181626414108,-0.7298280619587201,0,2,0,1,0,1
0,1,1.7559303864680318,1.0486835153121912,1.4314890836612637,-0.5542314101429997,0.23643285750644377,1.557255322911265,0.22556861152669114,0.8080654114309073,0.20759991853489304,1.4160371125129294,1.2488289140936326,0.17530213262641298,-0.4619449534315806,-0.5070815646140784,-0.018447187823741776,0,2,0,1,1,2
1,2,0.8434126589388529,1.0979098027967098,0.9277916730991509,-0.5542314101429997,2.4579864941024745,3.044134684114042,-0.7600843312500061,0.8080654114309073,-1.3630417508376695,-0.013314707284111467,-0.13984646294441605,-2.3475242108232703,-1.0186334713412402,1.1820264649716936,-0.018447187823741776,0,2,1,0,2,2
1,0,0.600074598264405,0.03462199313110467,0.6512519182807359,-0.5542314101429997,-0.01601641937946878,-0.05780329356761203,-0.7600843312500061,-1.8445261705555083,-0.5777209161513882,-0.013314707284111467,-0.13984646294441605,0.17530213262641298,0.09474356447807901,0.7375243519228055,-0.018447187823741776,0,2,1,1,1,2
1,3,-0.6368938768307036,-0.516712426695505,-1.7388416769355675,1.0070502643874932,-0.5209149731512939,-0.3654335062302561,0.7183950829150397,0.8080654114309073,0.9929207532211743,-0.013314707284111467,-0.13984646294441605,1.4367153043512546,0.09474356447807901,0.026320971044586007,-0.3741376248912309,0,2,2,1,1,2
0,0,0.0018685324397213377,-0.3493430492481409,0.24631870586805563,1.0070502643874932,-0.5714048285284764,-0.45515898492352563,0.7183950829150397,1.6922626054263792,0.9929207532211743,0.7013612026144089,-0.13984646294441605,0.8060087184888338,-0.4619449534315806,-0.8626832550531885,-0.7298280619587201,0,2,1,1,2,2
0,4,-0.9106491950894567,-1.127118391503538,-0.8993459926653783,-0.5542314101429997,-1.9851207790895866,-1.3652316973838465,-0.2672578598616575,-0.9603289765600365,-0.5777209161513882,1.4160371125129294,-0.13984646294441605,-1.0861110390984288,0.09474356447807901,0.8264247745325835,0.6929336863112365,0,0,0,1,1,2
1,0,-1.448020745745529,-1.353559313932324,-1.3437848843378313,1.0070502643874932,-1.2782628038090316,-1.6600439845188795,1.2112215543033884,-1.8445261705555083,0.9929207532211743,-1.4426665270811523,-1.5285218399824647,1.4367153043512546,2.3214976361167174,0.8264247745325835,-1.0855184990262092,0,2,1,1,1,2
0,1,0.4784055679271819,-0.034294809347221886,-0.2870079641388872,-0.5542314101429997,0.7918212666554512,0.4292778764815729,1.2112215543033884,-0.9603289765600365,0.9929207532211743,1.4160371125129294,-0.13984646294441605,0.17530213262641298,-1.0186334713412402,1.2709268875814708,-0.3741376248912309,0,2,1,1,1,2
0,2,-0.5963375333849623,0.11338405310633443,-1.254897106003341,1.0070502643874932,-1.328752659186214,-1.0319656336659828,-0.2672578598616575,0.8080654114309073,-0.5777209161513882,-0.013314707284111467,-0.13984646294441605,-0.45540445323600787,-1.0186334713412402,-1.0404841002727436,1.4043145604462148,0,2,0,1,0,2
1,4,0.22492842139129898,0.38905126301964066,0.24631870586805563,-0.5542314101429997,1.0947603989185466,0.5446392062300649,-1.7457372740267034,-1.8445261705555083,-2.1483625855239508,-1.4426665270811523,1.2488289140936326,-1.7168176249608496,-1.0186334713412402,-0.15147987417496905,1.0486241233787257,0,2,1,1,1,1
1,2,-0.68758930613788,-0.8120701516026176,-0.45490710099292525,-0.5542314101429997,-1.126793237677484,-1.0319656336659828,0.22556861152669114,-1.8445261705555083,0.9929207532211743,-0.7279906171826318,-1.5285218399824647,0.8060087184888338,0.6514320823877386,-1.396085790711853,-0.7298280619587201,0,0,1,1,1,1
0,3,0.12353756277694616,0.1330745681001422,0.09817240864390461,2.568331938917986,-1.227772948431849,-0.4807948359787463,0.22556861152669114,1.6922626054263792,0.9929207532211743,-0.7279906171826318,1.2488289140936326,0.8060087184888338,0.09474356447807901,-1.2182849454922986,0.3372432492437474,0,2,1,1,1,2
0,1,0.7825781437702404,0.9994572278276723,0.9672973523589236,-0.5542314101429997,-1.6821816468264914,-0.8268788252242204,0.22556861152669114,-0.9603289765600365,0.20759991853489304,1.4160371125129294,1.2488289140936326,0.17530213262641298,-1.0186334713412402,-0.32928071939452414,-0.7298280619587201,0,0,0,1,2,2
0,1,0.2350675072527341,-0.4281051092233721,-0.010468209320472228,-0.5542314101429997,-0.5209149731512939,0.3651882488435222,1.2112215543033884,-0.0761317825645646,0.9929207532211743,1.4160371125129294,1.2488289140936326,1.4367153043512546,1.2081206002973983,0.026320971044586007,-0.018447187823741776,1,1,0,1,1,2
1,2,-0.5861984475235263,0.3201344605413141,-0.4154014217331525,-0.5542314101429997,-0.9753236715459364,-1.0447835591935932,0.7183950829150397,-1.8445261705555083,0.9929207532211743,-0.7279906171826318,-0.13984646294441605,0.8060087184888338,2.878186154026377,1.359827310191248,-0.3741376248912309,0,2,2,1,2,2
1,1,-2.543042018780543,-2.407001866101026,-1.5511897004516428,4.1296136134484795,0.8928009774098163,0.5318212807024536,0.22556861152669114,-1.8445261705555083,-0.5777209161513882,0.7013612026144089,-2.9171972170205134,0.8060087184888338,0.09474356447807901,1.448727732801025,0.6929336863112365,0,2,1,1,2,1
1,3,-1.0525963971495509,-0.6250102591614471,-0.5141656198825865,2.568331938917986,-0.1674859855110162,-0.8525146762794411,0.22556861152669114,-1.8445261705555083,0.9929207532211743,-0.013314707284111467,-1.5285218399824647,1.4367153043512546,1.7648091182070578,-2.2850900168096273,-0.7298280619587201,0,2,0,1,0,1
0,3,0.3263192800056518,-0.6447007741552535,0.947544512729038,1.0070502643874932,0.13545314675207865,-0.698699569948119,-0.2672578598616575,-0.9603289765600365,-0.5777209161513882,0.7013612026144089,-0.13984646294441605,-0.45540445323600787,-0.4619449534315806,0.5597235067032504,-0.3741376248912309,0,2,1,1,2,2
1,2,-0.6368938768307036,0.2709081730567953,-0.3956485821032654,-0.5542314101429997,2.407496638725292,0.8394514933650977,-1.2529108026383546,0.8080654114309073,-1.3630417508376695,1.4160371125129294,-0.13984646294441605,0.17530213262641298,0.09474356447807901,0.7375243519228055,-1.0855184990262092,0,2,1,1,0,2
1,1,-1.3466298871311753,-1.3929403439199397,-1.7388416769355675,-0.5542314101429997,1.751128518821919,1.8136138334634677,-0.2672578598616575,-1.8445261705555083,0.9929207532211743,-0.7279906171826318,-0.13984646294441605,0.8060087184888338,0.09474356447807901,0.38192266148369614,-0.018447187823741776,0,2,0,0,2,2
1,2,-2.2997039581060954,-1.6587622963363406,-1.422796242857379,-0.5542314101429997,0.3879024236379912,0.45491372753679354,-0.2672578598616575,-0.9603289765600365,-0.5777209161513882,1.4160371125129294,-1.5285218399824647,-1.0861110390984288,0.6514320823877386,1.5376281554108022,-0.018447187823741776,0,1,0,1,2,2
1,3,-1.1742654274867748,-1.2649519964601905,-0.8302110539607742,1.0070502643874932,-0.41993526239692874,-0.7371533465309491,0.7183950829150397,-0.0761317825645646,0.9929207532211743,1.4160371125129294,-1.5285218399824647,0.8060087184888338,0.6514320823877386,1.804329423240135,1.4043145604462148,1,0,1,0,1,2
0,2,1.2286979216733958,1.1865171202688443,0.5821169795761318,-0.5542314101429997,-1.126793237677484,-0.6089740912548477,1.2112215543033884,0.8080654114309073,0.9929207532211743,-1.4426665270811523,-0.13984646294441605,0.8060087184888338,1.2081206002973983,0.026320971044586007,0.6929336863112365,0,0,1,1,0,2
1,2,-1.062735483010987,-0.6939270616397722,-0.7907053747010014,1.0070502643874932,0.5393719897695386,1.1598996315553511,1.2112215543033884,-0.0761317825645646,0.9929207532211743,-1.4426665270811523,-0.13984646294441605,1.4367153043512546,2.3214976361167174,-1.0404841002727436,1.0486241233787257,1,1,1,1,1,2
1,3,-0.7687019930293626,-1.2255709664725756,0.03891388975424478,2.568331938917986,-0.21797584088819877,-0.698699569948119,0.7183950829150397,-0.0761317825645646,0.9929207532211743,-0.013314707284111467,-1.5285218399824647,0.8060087184888338,-0.4619449534315806,1.093126042361915,-0.7298280619587201,0,1,0,1,1,1
1,1,-1.072874568872422,-0.7431533491242911,-0.8302110539607742,-0.5542314101429997,1.7006386634447368,0.5574571317576743,1.2112215543033884,-1.8445261705555083,0.9929207532211743,-1.4426665270811523,-1.5285218399824647,1.4367153043512546,-0.4619449534315806,0.6486239293130284,1.0486241233787257,0,2,0,1,2,2
0,1,-1.8231669226186358,-1.6292265238456296,-1.6400774787861334,-0.5542314101429997,-0.6218946839056589,-1.2498703676353546,0.7183950829150397,-1.8445261705555083,0.9929207532211743,0.7013612026144089,-2.9171972170205134,0.17530213262641298,1.2081206002973983,-0.4181811420043013,-1.4412089360936984,0,0,1,1,1,2
1,3,-1.4176034881612227,-1.4421666314044586,-1.225267846558511,2.568331938917986,-0.21797584088819877,-1.0576014847212025,-0.7600843312500061,-1.8445261705555083,-1.3630417508376695,-0.013314707284111467,-0.13984646294441605,-0.45540445323600787,-0.4619449534315806,-0.7737828324434114,-0.7298280619587201,0,2,1,1,1,1
0,4,-0.7687019930293626,-1.0385110740314043,-0.9684809313699824,-0.5542314101429997,-2.035610634466769,-0.9806939315555424,-1.7457372740267034,-0.9603289765600365,-2.1483625855239508,-0.013314707284111467,-1.5285218399824647,-1.0861110390984288,-1.5753219892508998,-0.15147987417496905,1.0486241233787257,0,0,1,0,1,1
1,2,0.3060411082827816,0.46781332299487044,0.7006340173554529,-0.5542314101429997,-1.328752659186214,-1.3524137718562363,-1.7457372740267034,-0.9603289765600365,-1.3630417508376695,-1.4426665270811523,-0.13984646294441605,-1.0861110390984288,1.2081206002973983,0.4708230840934733,-0.018447187823741776,0,1,0,1,0,2
1,4,1.7559303864680318,1.4720295876790537,1.2043314279175659,-0.5542314101429997,-0.47042511777411133,0.1729193659293701,-1.2529108026383546,-0.0761317825645646,-0.5777209161513882,-0.013314707284111467,1.2488289140936326,0.17530213262641298,-1.0186334713412402,-0.4181811420043013,1.4043145604462148,0,0,2,1,2,2
1,2,0.7116045427401947,0.2905986880506031,-0.33639006321360415,1.0070502643874932,-0.9753236715459364,-0.7371533465309491,1.2112215543033884,-0.0761317825645646,0.9929207532211743,-0.7279906171826318,1.2488289140936326,0.17530213262641298,-1.0186334713412402,0.4708230840934733,-0.3741376248912309,0,1,0,0,1,2
1,4,-0.8903710233665866,-1.2944877689509022,0.05866672938413186,-0.5542314101429997,0.8928009774098163,-0.3013438785922054,0.7183950829150397,-0.9603289765600365,0.9929207532211743,-0.013314707284111467,-0.13984646294441605,1.4367153043512546,-0.4619449534315806,1.1820264649716936,-1.4412089360936984,1,2,1,1,0,2
0,3,-0.44425124546343214,-0.7726891216150035,-0.0993559876549634,-0.5542314101429997,-0.1674859855110162,-0.3654335062302561,1.2112215543033884,-1.8445261705555083,0.9929207532211743,-1.4426665270811523,-0.13984646294441605,0.8060087184888338,0.6514320823877386,0.8264247745325835,-1.0855184990262092,0,0,1,1,1,2
0,0,-0.545642104077785,-0.5856292291738315,-0.6524354972917933,-0.5542314101429997,-0.2684656962653813,0.2754627701502509,0.7183950829150397,-0.0761317825645646,0.9929207532211743,-0.7279906171826318,-0.13984646294441605,0.17530213262641298,1.7648091182070578,-0.4181811420043013,-1.4412089360936984,0,2,1,1,1,2
0,1,-0.25160861409616164,-1.776905386299186,0.5228584606864706,-0.5542314101429997,1.4481893865588242,1.762342131353028,1.2112215543033884,-0.9603289765600365,0.9929207532211743,-0.013314707284111467,-1.5285218399824647,0.8060087184888338,0.6514320823877386,-0.9515836776629657,0.6929336863112365,0,2,0,1,0,2
0,1,1.7559303864680318,1.1274455752874222,1.550006121440585,-0.5542314101429997,0.9432908327869991,1.0701741528620798,1.2112215543033884,0.8080654114309073,0.9929207532211743,0.7013612026144089,-0.13984646294441605,0.8060087184888338,1.7648091182070578,-0.5070815646140784,1.4043145604462148,0,2,1,1,2,2
1,0,-0.555781189939221,0.4973490954855814,-0.7907053747010014,-0.5542314101429997,0.034473435997713554,0.46773165306440295,0.22556861152669114,-0.0761317825645646,0.20759991853489304,-1.4426665270811523,-1.5285218399824647,0.17530213262641298,0.09474356447807901,0.9153251971423606,1.0486241233787257,0,1,0,1,1,2
1,0,1.248976093396266,1.1569813477781332,0.029037469939300533,1.0070502643874932,-0.7228743946600239,-0.5064306870339669,-1.2529108026383546,1.6922626054263792,-1.3630417508376695,-1.4426665270811523,1.2488289140936326,-0.45540445323600787,0.09474356447807901,0.8264247745325835,0.3372432492437474,0,2,2,1,2,2
1,2,0.4277101386200046,0.08384828061562345,-0.3166372235837185,-0.5542314101429997,1.8016183741991014,2.3647846311507053,-0.7600843312500061,-0.0761317825645646,-1.3630417508376695,-1.4426665270811523,-0.13984646294441605,-1.7168176249608496,-1.0186334713412402,1.093126042361915,-1.7968993731611875,0,0,1,1,1,2
1,3,0.4074319668971344,-0.5659387141800237,0.6314990786508489,1.0070502643874932,-0.3189555516425639,-0.9037863783898805,0.7183950829150397,-0.0761317825645646,0.9929207532211743,-0.7279906171826318,-0.13984646294441605,1.4367153043512546,0.09474356447807901,1.804329423240135,-0.3741376248912309,1,2,2,1,0,2
0,3,0.3770147093128291,-0.36903356424194866,0.8586567343945467,-0.5542314101429997,1.751128518821919,-0.14752877226088337,-0.2672578598616575,0.8080654114309073,-0.5777209161513882,-0.013314707284111467,-0.13984646294441605,0.17530213262641298,1.2081206002973983,-0.06257945156519114,-0.018447187823741776,0,2,0,1,1,2
1,4,-1.6406633771127994,-0.900677469074752,-1.7684709363803979,-0.5542314101429997,-2.035610634466769,-2.3650298885374372,0.7183950829150397,-0.0761317825645646,0.9929207532211743,-0.7279906171826318,-0.13984646294441605,0.8060087184888338,0.6514320823877386,0.8264247745325835,0.6929336863112365,0,2,2,0,1,2
1,4,1.3503669520106187,0.3398249755351219,1.0364322910635277,-0.5542314101429997,0.7918212666554512,1.262443035776232,-0.7600843312500061,0.8080654114309073,-1.3630417508376695,-1.4426665270811523,1.2488289140936326,0.17530213262641298,-1.0186334713412402,-0.06257945156519114,0.3372432492437474,0,2,0,1,0,2
0,2,-0.39355581615625573,-0.4084145942295643,0.5623641399462448,1.0070502643874932,-0.5714048285284764,0.2626448446226414,0.7183950829150397,-0.0761317825645646,0.9929207532211743,0.7013612026144089,-0.13984646294441605,0.8060087184888338,-0.4619449534315806,0.6486239293130284,0.6929336863112365,0,1,2,0,0,2
0,0,0.19451116380699368,0.5268848679762924,0.07841956901401753,-0.5542314101429997,0.13545314675207865,1.6341628760769267,1.2112215543033884,-0.9603289765600365,0.9929207532211743,-0.7279906171826318,-0.13984646294441605,0.17530213262641298,0.6514320823877386,-0.32928071939452414,-0.7298280619587201,0,0,0,1,2,2
0,2,-0.941066452673763,-0.6348555166583504,-0.6228062378469633,-0.5542314101429997,0.5898618451467215,0.03192218512565931,0.7183950829150397,-0.9603289765600365,0.9929207532211743,-1.4426665270811523,-1.5285218399824647,0.17530213262641298,0.09474356447807901,-0.15147987417496905,-0.7298280619587201,0,1,2,1,0,2
1,2,0.346597451728522,0.8911593953617316,0.7598925362451128,-0.5542314101429997,-0.5209149731512939,-0.9166043039174917,1.2112215543033884,-0.0761317825645646,0.9929207532211743,-0.7279906171826318,-0.13984646294441605,0.8060087184888338,0.6514320823877386,0.11522139365436314,-0.018447187823741776,0,1,0,1,2,2
0,1,-1.3567689729926111,-1.127118391503538,-1.9264936534194925,2.568331938917986,-1.0763033823003014,-0.09625707015044209,-0.2672578598616575,-1.8445261705555083,-0.5777209161513882,-0.7279906171826318,-0.13984646294441605,-0.45540445323600787,-1.0186334713412402,-1.2182849454922986,1.0486241233787257,0,0,1,0,2,1
0,2,0.04242487588546355,-0.24104521678220017,-0.1289852470997933,-0.5542314101429997,0.3374125682608089,1.3906222910523334,-0.7600843312500061,-0.0761317825645646,-0.5777209161513882,-1.4426665270811523,1.2488289140936326,-1.0861110390984288,0.6514320823877386,-1.8405879037607402,1.0486241233787257,1,0,2,1,0,2
1,0,-0.7180065637221862,-0.4084145942295643,-0.7215704359963974,-0.5542314101429997,-0.823854105414389,-0.21161839989893408,0.7183950829150397,0.8080654114309073,0.9929207532211743,-0.7279906171826318,-0.13984646294441605,0.8060087184888338,1.7648091182070578,-0.06257945156519114,1.4043145604462148,0,1,2,1,2,2
0,4,-0.8295365081979742,-0.43795036672027526,-0.05985030839518923,1.0070502643874932,-1.3792425145633966,-0.7627891975861697,0.7183950829150397,1.6922626054263792,0.20759991853489304,-1.4426665270811523,-0.13984646294441605,0.17530213262641298,0.6514320823877386,0.11522139365436314,0.3372432492437474,0,1,1,1,2,2
1,3,1.5734268409621963,0.3496702330320251,1.3821069845865468,-0.5542314101429997,-0.21797584088819877,-0.23725425095415473,1.2112215543033884,1.6922626054263792,0.9929207532211743,-0.013314707284111467,1.2488289140936326,0.8060087184888338,0.6514320823877386,1.804329423240135,0.6929336863112365,0,2,0,1,2,2
0,3,0.8129954013545475,0.2709081730567953,1.1944550081026228,2.568331938917986,0.7413314112782688,1.2496251102486227,0.7183950829150397,-0.0761317825645646,0.9929207532211743,0.7013612026144089,1.2488289140936326,0.8060087184888338,0.6514320823877386,1.2709268875814708,1.4043145604462148,0,2,2,1,2,1
1,1,-1.3567689729926111,-1.0483563315283082,-1.4030434032274919,1.0070502643874932,-0.5714048285284764,-0.9935118570831518,-0.2672578598616575,-0.9603289765600365,-1.3630417508376695,-1.4426665270811523,-0.13984646294441605,-1.0861110390984288,-1.0186334713412402,-0.7737828324434114,-0.018447187823741776,0,2,1,1,1,1
0,3,-0.1299395837589368,0.21183662807537199,0.019161050124357693,1.0070502643874932,1.0947603989185466,0.044740110653268717,0.7183950829150397,0.8080654114309073,0.9929207532211743,0.7013612026144089,-0.13984646294441605,0.17530213262641298,0.6514320823877386,-1.396085790711853,-0.7298280619587201,1,0,1,1,1,2
1,4,0.08298121933120396,0.2905986880506031,-0.3660193226584355,1.0070502643874932,-0.6218946839056589,-0.6858816444205096,0.7183950829150397,-0.0761317825645646,0.9929207532211743,0.7013612026144089,-0.13984646294441605,1.4367153043512546,1.7648091182070578,1.093126042361915,-1.0855184990262092,0,0,1,1,2,2
1,0,0.48854465378861706,0.8025520778895973,0.46359994179681074,-0.5542314101429997,-1.4297323699405788,-1.9164024950710823,-1.2529108026383546,-0.9603289765600365,-0.5777209161513882,1.4160371125129294,1.2488289140936326,-0.45540445323600787,-1.5753219892508998,0.026320971044586007,1.0486241233787257,0,1,2,1,0,2
0,1,1.522731411655019,1.3440412402193038,0.34508290401748964,-0.5542314101429997,0.7413314112782688,0.4805495785920142,0.7183950829150397,1.6922626054263792,0.9929207532211743,-0.7279906171826318,1.2488289140936326,1.4367153043512546,-0.4619449534315806,0.026320971044586007,-0.018447187823741776,0,1,1,1,2,2
0,3,-0.44425124546343214,-0.46748613921098625,-0.42527784154809534,1.0070502643874932,-0.06650627475665133,0.7240901636166057,-0.7600843312500061,-0.9603289765600365,-1.3630417508376695,0.7013612026144089,-0.13984646294441605,-0.45540445323600787,0.09474356447807901,0.026320971044586007,-1.7968993731611875,0,1,2,1,0,2
1,4,0.9042471741074652,0.10353879560943123,0.7401396966152257,-0.5542314101429997,-0.11699613013383389,0.5190033551748442,1.2112215543033884,0.8080654114309073,0.9929207532211743,1.4160371125129294,-0.13984646294441605,1.4367153043512546,0.09474356447807901,0.20412181626414108,0.6929336863112365,0,0,1,1,2,2
1,4,-2.8066582511778613,-1.6193812663487257,-2.4005618045367756,-0.5542314101429997,-0.6723845392828413,-0.814060899696611,-1.2529108026383546,-1.8445261705555083,-1.3630417508376695,-0.7279906171826318,-2.9171972170205134,-1.0861110390984288,-1.0186334713412402,1.715429000630358,-0.018447187823741776,0,1,0,0,2,2
1,3,-2.0158095539859064,-0.9695942715530785,-1.0869979691493035,4.1296136134484795,-0.2684656962653813,-0.17316462331610402,-1.2529108026383546,-0.9603289765600365,-1.3630417508376695,-0.7279906171826318,-1.5285218399824647,-1.0861110390984288,-1.0186334713412402,-0.9515836776629657,1.0486241233787257,0,0,1,0,1,1
0,2,-0.6368938768307036,-1.1172731340066342,-0.19812018580439741,1.0070502643874932,1.4481893865588242,1.0829920783896911,0.7183950829150397,0.8080654114309073,0.9929207532211743,0.7013612026144089,1.2488289140936326,0.17530213262641298,0.6514320823877386,0.11522139365436314,-1.0855184990262092,0,2,0,1,2,2
1,1,0.45812739620431175,0.5662658979639079,-0.5339184595124722,1.0070502643874932,-1.4802222253177615,-1.7625873887397603,-0.7600843312500061,1.6922626054263792,-0.5777209161513882,-0.7279906171826318,-0.13984646294441605,-0.45540445323600787,1.2081206002973983,-0.15147987417496905,-0.3741376248912309,0,2,2,1,2,2
0,2,-0.5659202758006561,-0.49702191170169724,-0.35614290284349126,1.0070502643874932,-0.1674859855110162,-0.7499712720585603,-1.2529108026383546,-0.0761317825645646,-1.3630417508376695,1.4160371125129294,-0.13984646294441605,-1.7168176249608496,0.09474356447807901,0.7375243519228055,-0.3741376248912309,0,2,2,1,2,2
1,1,-0.43411215960199706,-0.7234628341304847,-0.6425590774768505,1.0070502643874932,-0.1674859855110162,-0.2244363254265435,1.2112215543033884,-0.9603289765600365,0.9929207532211743,1.4160371125129294,1.2488289140936326,0.17530213262641298,-0.4619449534315806,-2.6406917072487377,1.0486241233787257,0,2,0,1,2,2
0,4,-0.6470329626921387,-0.8120701516026176,0.2166894464232257,-0.5542314101429997,-0.01601641937946878,-1.3908675484390665,-1.2529108026383546,-0.9603289765600365,0.20759991853489304,-0.013314707284111467,-0.13984646294441605,-0.45540445323600787,-0.4619449534315806,0.5597235067032504,1.4043145604462148,0,1,1,1,2,1
1,1,0.7420218003245,0.5564206404670033,0.08829598882896178,-0.5542314101429997,1.1957401096729117,2.3647846311507053,-1.2529108026383546,-0.0761317825645646,-0.5777209161513882,1.4160371125129294,1.2488289140936326,-1.0861110390984288,-1.5753219892508998,-0.9515836776629657,0.3372432492437474,0,0,0,1,2,2
0,1,0.09312030519263906,0.06415776562181566,0.05866672938413186,1.0070502643874932,1.2462299650500939,0.660000535978555,0.22556861152669114,-0.0761317825645646,0.9929207532211743,-1.4426665270811523,-0.13984646294441605,0.8060087184888338,1.2081206002973983,-0.5070815646140784,0.3372432492437474,0,1,2,1,0,1
0,3,-1.843445094341506,-0.7825343791119066,-2.1536513091631906,-0.5542314101429997,0.13545314675207865,-0.4167052083406956,-1.2529108026383546,-1.8445261705555083,-1.3630417508376695,-1.4426665270811523,-0.13984646294441605,-1.7168176249608496,-1.0186334713412402,1.2709268875814708,-0.7298280619587201,0,2,1,1,2,1
0,4,-1.478438003329835,-1.3830950864230358,-1.8573587147148884,-0.5542314101429997,0.6403517005239038,-0.6346099423100683,0.22556861152669114,0.8080654114309073,0.9929207532211743,1.4160371125129294,-0.13984646294441605,0.8060087184888338,0.09474356447807901,0.20412181626414108,1.0486241233787257,0,1,0,1,2,2
1,1,-0.2414695282347265,-0.8612964390871364,0.3352064842025468,2.568331938917986,-0.7733642500372064,-0.8268788252242204,0.22556861152669114,0.8080654114309073,0.20759991853489304,0.7013612026144089,-0.13984646294441605,0.17530213262641298,1.2081206002973983,1.1820264649716936,1.0486241233787257,1,1,0,1,1,2
0,3,-2.127339498461695,-2.1313346561877213,-0.6030533982170763,-0.5542314101429997,-1.6821816468264914,-1.6984977611017096,-1.2529108026383546,-0.0761317825645646,-1.3630417508376695,1.4160371125129294,-1.5285218399824647,-0.45540445323600787,-0.4619449534315806,0.11522139365436314,1.4043145604462148,0,1,2,1,0,2
0,1,0.2857629365599114,0.6745637304298487,1.0364322910635277,-0.5542314101429997,1.4986792419360064,0.9676307486411991,1.2112215543033884,-0.9603289765600365,0.9929207532211743,0.7013612026144089,-0.13984646294441605,0.17530213262641298,-0.4619449534315806,-0.32928071939452414,1.0486241233787257,0,0,0,1,1,2
1,4,-0.68758930613788,-1.5307739488765921,-0.2475022848791144,-0.5542314101429997,-1.5307120806949441,-1.4677751016047274,-0.2672578598616575,-0.0761317825645646,0.20759991853489304,-1.4426665270811523,-0.13984646294441605,0.17530213262641298,-0.4619449534315806,0.2930222388739182,-0.3741376248912309,0,0,0,1,1,2
1,2,-1.1032918264567282,-0.6939270616397722,-1.6400774787861334,-0.5542314101429997,-1.025813526923119,-1.108873186831644,0.22556861152669114,-0.9603289765600365,-0.5777209161513882,1.4160371125129294,-1.5285218399824647,-1.7168176249608496,0.09474356447807901,0.20412181626414108,0.3372432492437474,1,2,0,1,2,2
1,1,0.3567365375899571,0.12322931060323902,1.1549493288428487,-0.5542314101429997,-2.035610634466769,-1.1985986655249143,0.7183950829150397,-0.0761317825645646,0.9929207532211743,0.7013612026144089,-1.5285218399824647,0.8060087184888338,-1.0186334713412402,1.804329423240135,-0.7298280619587201,0,0,0,1,1,2
1,4,-0.30230404340333805,-1.1566541639942491,0.05866672938413186,1.0070502643874932,-0.823854105414389,-0.4679769104511369,0.7183950829150397,1.6922626054263792,0.20759991853489304,-0.013314707284111467,-0.13984646294441605,0.17530213262641298,0.6514320823877386,0.6486239293130284,0.6929336863112365,1,2,1,1,0,2
0,2,-0.1603568413432439,-0.053985324341028276,-0.6820647567366231,-0.5542314101429997,-0.47042511777411133,-0.03216744251239139,0.7183950829150397,-0.9603289765600365,-0.5777209161513882,-0.013314707284111467,-0.13984646294441605,-0.45540445323600787,-1.5753219892508998,-1.3071853681020758,0.3372432492437474,0,1,2,1,0,2
1,4,0.7318827144630649,0.4776585804917736,0.37471216346231956,-0.5542314101429997,-0.41993526239692874,-0.9806939315555424,1.2112215543033884,0.8080654114309073,0.9929207532211743,0.7013612026144089,1.2488289140936326,1.4367153043512546,0.09474356447807901,0.7375243519228055,-0.3741376248912309,0,2,0,1,0,2
1,2,-1.4682989174683991,-1.6784528113301485,-1.6499538986010769,2.568331938917986,-1.4297323699405788,-1.1601448889420842,-1.7457372740267034,-0.0761317825645646,-2.1483625855239508,-0.7279906171826318,-1.5285218399824647,-2.3475242108232703,-1.5753219892508998,-0.6848824098336335,-1.7968993731611875,0,0,1,1,2,1
0,2,-1.4987161750527054,-0.900677469074752,-1.0474922898895294,-0.5542314101429997,-1.732671502203674,-2.0317638248195733,-0.7600843312500061,-0.9603289765600365,-1.3630417508376695,0.7013612026144089,-1.5285218399824647,0.17530213262641298,-1.0186334713412402,0.8264247745325835,0.3372432492437474,0,2,0,1,1,2
1,2,-0.5659202758006561,0.04446725062800927,-0.7511996954412273,-0.5542314101429997,-1.5307120806949441,-0.9678760060279312,0.22556861152669114,-0.9603289765600365,0.20759991853489304,-1.4426665270811523,-0.13984646294441605,0.8060087184888338,0.09474356447807901,-0.15147987417496905,-1.4412089360936984,1,0,1,1,2,2
1,1,1.6342613561308088,1.8067683425737804,2.1722205697820187,-0.5542314101429997,1.0442705435413637,0.32673447226069213,1.2112215543033884,1.6922626054263792,0.9929207532211743,-0.013314707284111467,1.2488289140936326,1.4367153043512546,-0.4619449534315806,-1.751687481150963,0.6929336863112365,0,2,2,1,1,2
0,2,-0.08938324031319639,-0.07367583933483607,0.75001611643017,-0.5542314101429997,-2.035610634466769,-1.6856798355741,-0.2672578598616575,-0.9603289765600365,-0.5777209161513882,-1.4426665270811523,-0.13984646294441605,-0.45540445323600787,0.09474356447807901,-0.32928071939452414,0.6929336863112365,0,2,2,1,2,2
1,0,0.8231344872159826,1.6000179351388022,0.5228584606864706,-0.5542314101429997,-0.5209149731512939,-0.5192486125615763,-0.7600843312500061,1.6922626054263792,-0.5777209161513882,1.4160371125129294,1.2488289140936326,-0.45540445323600787,1.7648091182070578,-2.3739904394194054,-0.3741376248912309,1,2,1,1,2,2
1,1,1.6241222702693718,1.816613600070685,0.5821169795761318,-0.5542314101429997,-1.6316917914493092,-2.006127973764354,0.22556861152669114,-0.9603289765600365,0.9929207532211743,-1.4426665270811523,1.2488289140936326,0.17530213262641298,1.7648091182070578,1.804329423240135,-0.018447187823741776,0,2,1,1,1,2
0,1,0.7521608861859351,0.4973490954855814,1.2240842675474528,-0.5542314101429997,0.8423111220326339,2.3776025566783145,0.22556861152669114,-0.0761317825645646,0.20759991853489304,-1.4426665270811523,1.2488289140936326,0.17530213262641298,-1.0186334713412402,0.8264247745325835,0.3372432492437474,0,1,0,1,2,2
1,3,0.16409390622268658,-0.053985324341028276,-0.2475022848791144,-0.5542314101429997,0.6908415559010865,1.262443035776232,-0.7600843312500061,0.8080654114309073,-1.3630417508376695,-0.7279906171826318,1.2488289140936326,-1.7168176249608496,-0.4619449534315806,-0.2403802967847462,1.4043145604462148,0,2,0,1,0,1
0,1,-0.25160861409616164,0.44812280800106263,-0.6820647567366231,-0.5542314101429997,-1.5307120806949441,-1.0832373357764231,0.7183950829150397,-0.0761317825645646,0.9929207532211743,-0.7279906171826318,-0.13984646294441605,0.17530213262641298,-0.4619449534315806,0.11522139365436314,-1.4412089360936984,0,2,1,1,2,2
1,2,-0.43411215960199706,-0.6250102591614471,-0.3956485821032654,-0.5542314101429997,0.6908415559010865,0.07037596170848937,0.7183950829150397,-0.9603289765600365,0.20759991853489304,-0.013314707284111467,-0.13984646294441605,-0.45540445323600787,0.09474356447807901,1.0042256197521378,0.6929336863112365,0,0,2,1,1,2
1,2,-0.2414695282347265,-0.10321161182554704,0.1870601869783958,-0.5542314101429997,0.3879024236379912,-0.044985368040002624,1.2112215543033884,0.8080654114309073,0.9929207532211743,-0.013314707284111467,-0.13984646294441605,1.4367153043512546,0.6514320823877386,-1.0404841002727436,-1.0855184990262092,0,2,1,1,0,2
1,1,1.2996715227034432,1.8855304025490103,0.4240942625370366,-0.5542314101429997,0.08496329137489633,0.7497260146718264,0.22556861152669114,1.6922626054263792,0.9929207532211743,-0.7279906171826318,1.2488289140936326,-0.45540445323600787,-1.0186334713412402,1.093126042361915,-0.3741376248912309,0,2,0,1,1,2
1,2,0.6913263710173226,0.4875038379886782,0.4142178427220937,-0.5542314101429997,0.6403517005239038,1.2239892591934018,1.2112215543033884,-0.9603289765600365,0.9929207532211743,-0.7279906171826318,-0.13984646294441605,1.4367153043512546,-1.0186334713412402,-2.2850900168096273,1.4043145604462148,0,0,2,1,2,2
1,1,-0.46452941718630325,-0.10321161182554704,-0.25737870469405727,2.568331938917986,0.13545314675207865,-0.6217920167824589,0.7183950829150397,-0.0761317825645646,0.9929207532211743,1.4160371125129294,-0.13984646294441605,0.8060087184888338,0.6514320823877386,1.804329423240135,-0.7298280619587201,0,1,1,1,0,2
1,2,-1.6203852053899293,-1.0582015890252114,-1.422796242857379,1.0070502643874932,-0.5209149731512939,0.37800617437113343,0.7183950829150397,-0.9603289765600365,0.9929207532211743,0.7013612026144089,-0.13984646294441605,0.17530213262641298,0.6514320823877386,0.11522139365436314,-0.7298280619587201,0,2,1,1,0,2
1,2,0.5392400830957944,-0.06383058183793287,0.019161050124357693,2.568331938917986,0.5393719897695386,0.09601181276371,1.2112215543033884,1.6922626054263792,0.9929207532211743,-0.7279906171826318,1.2488289140936326,0.8060087184888338,-0.4619449534315806,-1.8405879037607402,0.3372432492437474,0,2,1,1,1,2
1,1,-0.5760593616620912,-0.9203679840685598,-0.5833005585871892,-0.5542314101429997,1.3472096758044592,-0.3782514317578655,0.22556861152669114,0.8080654114309073,0.20759991853489304,-0.013314707284111467,-0.13984646294441605,0.17530213262641298,0.6514320823877386,0.2930222388739182,-0.3741376248912309,0,0,2,1,2,2
1,0,-1.8535841802029411,-1.4126308589137468,-1.373414143782662,-0.5542314101429997,-0.41993526239692874,0.5061854296472348,-1.2529108026383546,-0.9603289765600365,-1.3630417508376695,0.7013612026144089,-1.5285218399824647,-1.7168176249608496,1.2081206002973983,0.20412181626414108,0.6929336863112365,0,2,1,1,2,2
1,1,-0.018409639283148867,-0.3788788217388533,-0.3857721622883212,-0.5542314101429997,0.034473435997713554,0.660000535978555,-1.7457372740267034,0.8080654114309073,-1.3630417508376695,-0.013314707284111467,-0.13984646294441605,-1.7168176249608496,-0.4619449534315806,-0.06257945156519114,0.6929336863112365,0,2,1,1,1,2
1,1,-2.9587445390993916,-2.407001866101026,-2.4005618045367756,-0.5542314101429997,0.8928009774098163,-0.4936127615063575,0.7183950829150397,-0.9603289765600365,0.9929207532211743,-0.013314707284111467,-2.9171972170205134,0.8060087184888338,-1.0186334713412402,-1.0404841002727436,-0.7298280619587201,1,2,2,1,1,2
1,4,-0.5963375333849623,-0.6939270616397722,-1.422796242857379,-0.5542314101429997,-0.11699613013383389,0.2241910680398114,1.2112215543033884,0.8080654114309073,0.9929207532211743,1.4160371125129294,-0.13984646294441605,0.8060087184888338,0.09474356447807901,-0.6848824098336335,-0.018447187823741776,0,2,1,1,2,2
0,3,0.2857629365599114,0.23152714306917976,-0.9388516719251525,-0.5542314101429997,0.48888213439235634,0.13446558934654007,1.2112215543033884,0.8080654114309073,0.9929207532211743,-0.7279906171826318,-0.13984646294441605,1.4367153043512546,1.2081206002973983,0.9153251971423606,-0.3741376248912309,0,0,0,1,0,2
1,4,-0.68758930613788,-0.7726891216150035,-0.3166372235837185,-0.5542314101429997,-0.7228743946600239,-0.17316462331610402,0.22556861152669114,0.8080654114309073,0.20759991853489304,-1.4426665270811523,-0.13984646294441605,-1.0861110390984288,1.2081206002973983,1.715429000630358,0.6929336863112365,0,2,1,1,1,2
0,2,-0.6368938768307036,-0.1721284143038736,-0.5042892000676422,-0.5542314101429997,0.43839227901517397,-0.09625707015044209,-1.2529108026383546,-0.0761317825645646,-0.5777209161513882,-1.4426665270811523,-0.13984646294441605,-0.45540445323600787,-0.4619449534315806,-0.4181811420043013,1.0486241233787257,1,2,1,0,1,2
1,3,-1.1539872557639046,-1.3929403439199397,-0.6030533982170763,-0.5542314101429997,0.6403517005239038,0.10882973829131941,-2.238563745415052,-1.8445261705555083,-1.3630417508376695,-1.4426665270811523,-0.13984646294441605,-1.0861110390984288,-1.0186334713412402,-2.0183887489802954,0.6929336863112365,0,2,0,0,0,2
1,3,-0.09952232617463148,0.20199137057846878,-0.6524354972917933,-0.5542314101429997,-0.47042511777411133,-0.6346099423100683,0.7183950829150397,0.8080654114309073,0.9929207532211743,0.7013612026144089,-0.13984646294441605,1.4367153043512546,-0.4619449534315806,-0.6848824098336335,0.6929336863112365,1,0,0,1,2,2
1,2,-0.20091318478898432,0.06415776562181566,0.4240942625370366,-0.5542314101429997,-0.41993526239692874,-0.044985368040002624,-1.2529108026383546,0.8080654114309073,-1.3630417508376695,-0.7279906171826318,-0.13984646294441605,-0.45540445323600787,0.09474356447807901,-0.06257945156519114,-1.0855184990262092,0,2,0,1,2,2
0,4,0.630491855848712,0.44812280800106263,0.15743092753356586,2.568331938917986,0.3879024236379912,0.8266335678374883,0.7183950829150397,0.8080654114309073,0.9929207532211743,1.4160371125129294,1.2488289140936326,0.8060087184888338,1.2081206002973983,0.2930222388739182,-1.0855184990262092,1,1,1,1,1,1
1,1,1.7559303864680318,2.102126067480893,1.5598825412555277,-0.5542314101429997,0.2869227128836261,0.019104259598048075,1.2112215543033884,1.6922626054263792,0.9929207532211743,-1.4426665270811523,1.2488289140936326,0.8060087184888338,1.2081206002973983,0.38192266148369614,-0.3741376248912309,0,2,0,1,1,2
1,3,-1.2959344578239989,-0.7923796366088098,-1.995628592124096,-0.5542314101429997,-1.227772948431849,-0.660245793365289,1.2112215543033884,-0.9603289765600365,0.9929207532211743,-1.4426665270811523,-1.5285218399824647,0.8060087184888338,-0.4619449534315806,0.11522139365436314,1.4043145604462148,0,2,2,1,2,2
1,4,0.8738299165231599,0.6844089879267533,-0.2870079641388872,-0.5542314101429997,0.23643285750644377,0.6471826104509456,-0.7600843312500061,0.8080654114309073,-0.5777209161513882,-0.013314707284111467,1.2488289140936326,0.17530213262641298,0.09474356447807901,-0.5959819872238563,-1.7968993731611875,0,2,2,1,1,2
0,2,1.5632877551007613,1.403112785200727,0.996926611803755,-0.5542314101429997,-1.0763033823003014,-1.531864729242778,1.2112215543033884,1.6922626054263792,0.9929207532211743,-1.4426665270811523,1.2488289140936326,0.17530213262641298,0.09474356447807901,-0.15147987417496905,-1.7968993731611875,0,0,1,1,1,2
1,1,-0.25160861409616164,0.25121765806298757,-0.4055250019182083,-0.5542314101429997,0.23643285750644377,-0.05780329356761203,-0.7600843312500061,0.8080654114309073,0.20759991853489304,0.7013612026144089,1.2488289140936326,0.17530213262641298,0.6514320823877386,-0.9515836776629657,-0.7298280619587201,1,1,2,1,0,2
1,1,-0.6267547909692676,-0.6742365466459659,-0.8203346341458314,1.0070502643874932,-0.36944540701974643,-0.544884463616797,-0.7600843312500061,-1.8445261705555083,-1.3630417508376695,-0.7279906171826318,-0.13984646294441605,-1.0861110390984288,-1.0186334713412402,1.715429000630358,-1.7968993731611875,0,0,1,1,2,1
1,0,1.6849567854379843,1.3932675277038225,1.2833427864371127,-0.5542314101429997,-0.47042511777411133,0.5959109083405043,1.2112215543033884,0.8080654114309073,0.9929207532211743,0.7013612026144089,1.2488289140936326,0.8060087184888338,0.09474356447807901,1.1820264649716936,0.3372432492437474,1,2,2,1,1,2
1,3,-0.7788410788907978,-0.7825343791119066,-1.4820547617470394,-0.5542314101429997,-0.11699613013383389,0.21137314251220016,-0.7600843312500061,0.8080654114309073,-0.5777209161513882,-1.4426665270811523,-0.13984646294441605,-0.45540445323600787,-1.0186334713412402,-0.9515836776629657,1.4043145604462148,0,0,1,0,2,2
0,1,-0.14007866962037188,-0.26073573177600795,-0.5833005585871892,1.0070502643874932,-2.035610634466769,-1.7754053142673705,0.22556861152669114,0.8080654114309073,0.20759991853489304,-0.7279906171826318,1.2488289140936326,0.8060087184888338,-0.4619449534315806,0.7375243519228055,-0.018447187823741776,1,2,0,1,1,2
1,4,-1.072874568872422,-0.6250102591614471,-0.7413232756262844,2.568331938917986,0.034473435997713554,0.21137314251220016,0.22556861152669114,0.8080654114309073,0.9929207532211743,0.7013612026144089,-0.13984646294441605,1.4367153043512546,-0.4619449534315806,-0.7737828324434114,1.0486241233787257,0,2,1,1,0,2
1,0,-0.1806350130661141,-0.9892847865468849,-0.7314468558113402,-0.5542314101429997,0.9432908327869991,0.39082409989874284,-2.238563745415052,-0.0761317825645646,-2.1483625855239508,-0.013314707284111467,-0.13984646294441605,-2.3475242108232703,1.2081206002973983,0.9153251971423606,0.6929336863112365,0,1,2,1,1,1
0,4,0.5696573406800997,-0.1721284143038736,1.1845785882876787,-0.5542314101429997,0.9937806881641814,2.057154418488061,0.7183950829150397,0.8080654114309073,0.9929207532211743,-0.7279906171826318,1.2488289140936326,1.4367153043512546,-0.4619449534315806,-0.8626832550531885,-1.0855184990262092,0,1,2,0,0,2
0,2,-2.238869442937484,-2.407001866101026,-1.719088837305681,-0.5542314101429997,-0.8743439607915715,-0.2244363254265435,-0.2672578598616575,-1.8445261705555083,0.20759991853489304,0.7013612026144089,-1.5285218399824647,-1.0861110390984288,-1.5753219892508998,-1.8405879037607402,-1.0855184990262092,0,0,1,1,0,2
0,2,0.2756238506984745,0.3299797180382173,-0.5240420396975294,1.0070502643874932,-0.01601641937946878,-0.8268788252242204,0.22556861152669114,-0.0761317825645646,0.9929207532211743,-0.013314707284111467,-0.13984646294441605,1.4367153043512546,1.7648091182070578,-0.5070815646140784,-1.0855184990262092,1,1,1,1,1,2
1,4,0.052563961746898646,0.8813141378648284,0.8586567343945467,-0.5542314101429997,-0.11699613013383389,0.6471826104509456,-0.2672578598616575,-1.8445261705555083,0.20759991853489304,0.7013612026144089,1.2488289140936326,0.17530213262641298,-0.4619449534315806,0.20412181626414108,-0.7298280619587201,0,2,1,1,2,2
0,4,1.5328704975164542,1.3046602102316895,1.0858143901382447,-0.5542314101429997,2.861905337119934,1.91615723768435,-0.2672578598616575,-0.0761317825645646,-0.5777209161513882,0.7013612026144089,1.2488289140936326,-0.45540445323600787,0.09474356447807901,-0.5959819872238563,-1.4412089360936984,0,0,1,1,2,2
1,0,0.620352769987277,0.38905126301964066,1.2339606873623956,-0.5542314101429997,0.8928009774098163,1.2880788868314526,-1.2529108026383546,0.8080654114309073,-1.3630417508376695,-0.7279906171826318,-0.13984646294441605,-1.0861110390984288,-1.0186334713412402,-1.396085790711853,1.4043145604462148,1,1,1,1,1,2
1,4,1.1070288913361708,1.5311011326604755,0.75001611643017,-0.5542314101429997,2.4579864941024745,1.4931656952732142,0.22556861152669114,-0.9603289765600365,0.20759991853489304,-0.013314707284111467,1.2488289140936326,0.17530213262641298,1.2081206002973983,0.11522139365436314,1.0486241233787257,0,2,0,1,2,2
1,2,-0.6064766192463974,-1.1566541639942491,-0.33639006321360415,1.0070502643874932,0.6403517005239038,0.9035411210031484,0.22556861152669114,0.8080654114309073,0.20759991853489304,-0.7279906171826318,-0.13984646294441605,0.17530213262641298,0.6514320823877386,0.2930222388739182,-1.4412089360936984,0,2,1,1,1,2
1,2,0.9448035175532057,-0.7529986066211957,0.9574209325439808,-0.5542314101429997,-1.5812019360721266,-0.6217920167824589,-0.7600843312500061,0.8080654114309073,-1.3630417508376695,1.4160371125129294,1.2488289140936326,-1.7168176249608496,-1.5753219892508998,-0.4181811420043013,-0.7298280619587201,0,2,2,0,2,2
1,2,0.346597451728522,-0.1721284143038736,0.5327348805014148,-0.5542314101429997,-0.5209149731512939,0.45491372753679354,1.2112215543033884,0.8080654114309073,0.9929207532211743,1.4160371125129294,-0.13984646294441605,0.8060087184888338,-1.0186334713412402,-0.5959819872238563,1.4043145604462148,0,0,1,1,1,2
1,2,0.2654847648370394,0.10353879560943123,0.20681302660828288,4.1296136134484795,-0.47042511777411133,-0.9166043039174917,-0.7600843312500061,-0.9603289765600365,-0.5777209161513882,-1.4426665270811523,1.2488289140936326,0.17530213262641298,-0.4619449534315806,-2.5517912846389605,1.4043145604462148,0,0,2,1,0,1
1,2,0.600074598264405,-0.516712426695505,1.026555871248585,-0.5542314101429997,-0.01601641937946878,-0.18598254884371343,-0.7600843312500061,0.8080654114309073,-0.5777209161513882,1.4160371125129294,1.2488289140936326,0.17530213262641298,0.09474356447807901,1.804329423240135,-1.7968993731611875,0,1,2,1,1,2
0,1,-0.9512055385351981,-0.7431533491242911,-1.0079866106297566,-0.5542314101429997,0.5393719897695386,-0.19880047437132284,-0.2672578598616575,0.8080654114309073,0.20759991853489304,0.7013612026144089,-0.13984646294441605,1.4367153043512546,0.6514320823877386,1.093126042361915,-1.0855184990262092,1,1,1,1,1,2
1,2,0.2756238506984745,-0.71361757663358,1.5796353808854147,-0.5542314101429997,1.1957401096729117,1.0701741528620798,0.7183950829150397,1.6922626054263792,0.9929207532211743,-1.4426665270811523,-0.13984646294441605,0.17530213262641298,0.09474356447807901,-1.1293845228825208,1.4043145604462148,0,2,1,1,2,2
1,2,0.2350675072527341,0.792706820392694,0.9574209325439808,-0.5542314101429997,0.43839227901517397,0.5702750572852855,-1.2529108026383546,-0.0761317825645646,-2.1483625855239508,-0.013314707284111467,-0.13984646294441605,-1.7168176249608496,-1.0186334713412402,-0.15147987417496905,-0.7298280619587201,0,0,1,1,0,2
0,2,0.48854465378861706,0.3004439455475063,0.3845885832772638,-0.5542314101429997,0.3879024236379912,-0.044985368040002624,0.22556861152669114,1.6922626054263792,0.20759991853489304,0.7013612026144089,-1.5285218399824647,0.17530213262641298,2.3214976361167174,0.20412181626414108,-0.018447187823741776,0,2,2,0,1,2
1,1,-0.1502177554818088,0.10353879560943123,0.22656586623816855,1.0070502643874932,0.8928009774098163,0.7112722380889963,0.22556861152669114,-0.0761317825645646,0.20759991853489304,-0.013314707284111467,1.2488289140936326,-0.45540445323600787,0.6514320823877386,1.804329423240135,0.3372432492437474,0,2,1,1,2,2
1,3,0.5696573406800997,0.8911593953617316,0.6808811777255658,-0.5542314101429997,0.5898618451467215,0.6856363870337757,1.2112215543033884,0.8080654114309073,0.9929207532211743,1.4160371125129294,-0.13984646294441605,0.17530213262641298,0.09474356447807901,0.9153251971423606,-0.018447187823741776,0,2,0,1,2,2
0,0,-0.018409639283148867,-0.12290212681935483,-0.06972672821013347,-0.5542314101429997,0.9432908327869991,1.608527025021706,0.7183950829150397,-0.0761317825645646,0.9929207532211743,-1.4426665270811523,-0.13984646294441605,0.17530213262641298,1.2081206002973983,-2.0183887489802954,-0.3741376248912309,0,2,0,0,1,2
1,2,-0.25160861409616164,0.1724555980877578,-0.4154014217331525,-0.5542314101429997,-0.5714048285284764,-1.0319656336659828,0.7183950829150397,-0.9603289765600365,0.9929207532211743,-0.013314707284111467,1.2488289140936326,0.8060087184888338,1.7648091182070578,-0.32928071939452414,-0.018447187823741776,0,0,1,1,0,2
1,1,-1.204682685071081,-1.8950484762620305,-0.3857721622883212,-0.5542314101429997,0.18594300212926143,-0.5320665380891876,-1.2529108026383546,-0.9603289765600365,-0.5777209161513882,-0.013314707284111467,-0.13984646294441605,0.17530213262641298,0.09474356447807901,1.804329423240135,-0.018447187823741776,0,0,2,1,2,1
1,3,-0.5355030182163499,-0.2016641867945846,-0.6623119171067375,1.0070502643874932,0.23643285750644377,0.2626448446226414,0.7183950829150397,-0.0761317825645646,0.9929207532211743,-0.013314707284111467,-0.13984646294441605,0.8060087184888338,-0.4619449534315806,-1.1293845228825208,1.4043145604462148,0,0,0,1,1,2
1,3,-0.48480758890917347,-0.487176654204794,-0.08947956784001915,-0.5542314101429997,-2.035610634466769,-1.9420383461263029,0.7183950829150397,-1.8445261705555083,0.9929207532211743,-0.013314707284111467,-0.13984646294441605,1.4367153043512546,0.6514320823877386,-0.8626832550531885,-0.018447187823741776,0,2,1,1,1,2
1,3,0.14381573449981636,0.09369353811252804,0.5129820408715278,2.568331938917986,-0.47042511777411133,-0.6858816444205096,-0.2672578598616575,-0.0761317825645646,0.20759991853489304,-1.4426665270811523,1.2488289140936326,0.8060087184888338,-1.5753219892508998,-0.7737828324434114,0.3372432492437474,1,2,1,1,2,2
1,1,0.48854465378861706,-0.43795036672027526,-0.049973888580246394,-0.5542314101429997,-0.2684656962653813,0.7497260146718264,0.7183950829150397,0.8080654114309073,0.9929207532211743,-0.7279906171826318,-0.13984646294441605,1.4367153043512546,0.09474356447807901,-0.7737828324434114,-0.3741376248912309,1,0,1,1,1,2
1,2,-0.799119250613668,-0.16228315680697042,-0.30676080376877424,2.568331938917986,0.034473435997713554,-0.40388728281308617,0.7183950829150397,-1.8445261705555083,0.9929207532211743,-1.4426665270811523,-1.5285218399824647,0.8060087184888338,1.7648091182070578,0.5597235067032504,-0.7298280619587201,0,2,0,1,0,1
1,4,1.7559303864680318,0.9305404253493471,0.6808811777255658,-0.5542314101429997,-0.36944540701974643,0.2370089935674208,-1.2529108026383546,-0.0761317825645646,-1.3630417508376695,-0.7279906171826318,1.2488289140936326,-0.45540445323600787,-1.0186334713412402,-1.3071853681020758,-0.018447187823741776,1,2,2,1,1,2
0,1,0.4277101386200046,1.216052892759555,0.25619512568299985,-0.5542314101429997,-0.7228743946600239,-0.2500721764817641,0.22556861152669114,-0.0761317825645646,-0.5777209161513882,-1.4426665270811523,-0.13984646294441605,0.17530213262641298,-1.0186334713412402,0.026320971044586007,-0.018447187823741776,0,0,2,1,1,2
1,2,0.33645836586708694,0.3201344605413141,0.04879030956918762,1.0070502643874932,-0.01601641937946878,-0.5192486125615763,1.2112215543033884,-0.0761317825645646,0.9929207532211743,-0.013314707284111467,1.2488289140936326,0.8060087184888338,0.09474356447807901,-0.32928071939452414,-1.4412089360936984,0,2,2,1,1,2
0,2,-2.0665049832930826,-2.407001866101026,-1.0672451295194163,-0.5542314101429997,-0.47042511777411133,-0.5577023891444082,-2.238563745415052,-1.8445261705555083,-2.1483625855239508,-0.013314707284111467,-1.5285218399824647,-2.3475242108232703,-0.4619449534315806,0.38192266148369614,1.4043145604462148,0,2,2,1,1,2
1,1,-1.224960856793952,-0.36903356424194866,-0.8005817945159442,-0.5542314101429997,1.5491690973131889,0.5446392062300649,-1.2529108026383546,-0.9603289765600365,-1.3630417508376695,-0.013314707284111467,-1.5285218399824647,-1.0861110390984288,0.09474356447807901,1.804329423240135,0.3372432492437474,0,0,0,1,1,1
1,0,0.6710481992944525,1.3341959827224006,0.3845885832772638,-0.5542314101429997,1.0947603989185466,0.6343646849233362,-1.7457372740267034,-0.0761317825645646,-1.3630417508376695,-0.7279906171826318,-0.13984646294441605,-1.0861110390984288,0.09474356447807901,-0.9515836776629657,1.4043145604462148,0,2,1,1,1,2
1,0,-1.0120400537038106,-0.5068671691986019,-1.3339084645228885,2.568331938917986,0.2869227128836261,-0.03216744251239139,-2.238563745415052,-0.9603289765600365,-2.1483625855239508,-1.4426665270811523,-0.13984646294441605,-1.7168176249608496,-1.5753219892508998,-0.9515836776629657,1.4043145604462148,0,0,2,1,2,1
1,2,-1.2655172002396935,-0.9499037565592707,-0.6228062378469633,1.0070502643874932,-2.035610634466769,-1.6984977611017096,1.2112215543033884,-0.9603289765600365,0.9929207532211743,-1.4426665270811523,-1.5285218399824647,-0.45540445323600787,0.09474356447807901,1.0042256197521378,0.6929336863112365,1,1,1,1,2,2
0,1,-0.6166157051078325,-0.8514511815902333,-1.225267846558511,-0.5542314101429997,2.861905337119934,3.2492214925558036,1.2112215543033884,-0.0761317825645646,0.9929207532211743,-0.013314707284111467,-0.13984646294441605,0.8060087184888338,-1.0186334713412402,-0.5959819872238563,1.4043145604462148,0,1,1,1,1,2
0,2,-0.2414695282347265,-0.6939270616397722,-0.3758957424733783,1.0070502643874932,-0.7733642500372064,-0.5705203146720176,-1.2529108026383546,-0.0761317825645646,-1.3630417508376695,-0.013314707284111467,-0.13984646294441605,-1.7168176249608496,-1.0186334713412402,-0.2403802967847462,1.0486241233787257,0,1,0,1,1,2
1,1,0.7318827144630649,-0.014604294353414097,0.6314990786508489,-0.5542314101429997,-0.5209149731512939,-0.3013438785922054,-0.2672578598616575,0.8080654114309073,-0.5777209161513882,-0.7279906171826318,-0.13984646294441605,-1.0861110390984288,-0.4619449534315806,-0.7737828324434114,-0.018447187823741776,0,1,1,0,1,2
1,4,-0.25160861409616164,-0.13274738431625943,-0.17836734617451033,-0.5542314101429997,0.5898618451467215,0.2754627701502509,1.2112215543033884,-0.9603289765600365,0.9929207532211743,-0.7279906171826318,-0.13984646294441605,0.17530213262641298,1.2081206002973983,-0.15147987417496905,0.3372432492437474,0,1,2,1,2,2
0,2,0.49868373965005214,1.068374030305999,0.5228584606864706,-0.5542314101429997,1.4481893865588242,0.45491372753679354,1.2112215543033884,-0.0761317825645646,0.9929207532211743,-0.013314707284111467,-0.13984646294441605,1.4367153043512546,0.09474356447807901,0.11522139365436314,-1.0855184990262092,0,2,1,1,0,2
1,0,1.7559303864680318,1.2849696952378817,1.2142078477325087,-0.5542314101429997,0.7413314112782688,1.0060845252240291,-0.2672578598616575,1.6922626054263792,-0.5777209161513882,1.4160371125129294,1.2488289140936326,-1.0861110390984288,-1.0186334713412402,-0.5959819872238563,0.3372432492437474,0,2,0,1,2,2
1,1,-0.9106491950894567,-0.49702191170169724,-0.3857721622883212,1.0070502643874932,-0.1674859855110162,-0.45515898492352563,0.7183950829150397,-1.8445261705555083,0.9929207532211743,-0.013314707284111467,-1.5285218399824647,-0.45540445323600787,-0.4619449534315806,-0.9515836776629657,1.4043145604462148,1,2,1,1,2,2
1,2,1.4213405530406662,1.4720295876790537,0.7598925362451128,-0.5542314101429997,-1.0763033823003014,-0.13471084673327213,0.22556861152669114,1.6922626054263792,-0.5777209161513882,-0.013314707284111467,-0.13984646294441605,-1.0861110390984288,-0.4619449534315806,0.2930222388739182,0.6929336863112365,1,2,2,1,2,2
0,1,-0.20091318478898432,-0.8219154090995222,-0.3956485821032654,1.0070502643874932,-0.06650627475665133,0.6343646849233362,0.7183950829150397,-0.0761317825645646,0.20759991853489304,0.7013612026144089,1.2488289140936326,0.8060087184888338,1.7648091182070578,-1.8405879037607402,-0.7298280619587201,1,2,1,1,2,2
0,1,0.6710481992944525,0.1921461130815656,1.441365503476208,1.0070502643874932,-1.227772948431849,-1.185780739997304,-0.2672578598616575,0.8080654114309073,0.20759991853489304,1.4160371125129294,-0.13984646294441605,1.4367153043512546,0.6514320823877386,-0.15147987417496905,-0.018447187823741776,0,1,1,1,1,2
1,3,0.7420218003245,0.15276508309395,0.19693660679333863,1.0070502643874932,-1.4297323699405788,-0.8396967507518298,0.7183950829150397,0.8080654114309073,0.20759991853489304,-0.013314707284111467,1.2488289140936326,0.8060087184888338,0.6514320823877386,-0.06257945156519114,1.4043145604462148,0,2,0,1,1,2
1,2,-0.9613446243966332,-1.1074278765097303,-0.6721883369216803,-0.5542314101429997,-0.823854105414389,-0.7243354210033397,-1.7457372740267034,-0.0761317825645646,-0.5777209161513882,1.4160371125129294,1.2488289140936326,0.8060087184888338,-1.0186334713412402,0.6486239293130284,-1.4412089360936984,0,1,2,1,1,2
1,4,0.17423299208412169,-0.33949779175123773,0.6018698192060189,-0.5542314101429997,1.3472096758044592,0.4933675041196236,1.2112215543033884,-0.9603289765600365,0.9929207532211743,-0.013314707284111467,-0.13984646294441605,0.17530213262641298,-0.4619449534315806,0.2930222388739182,-1.0855184990262092,1,1,1,1,0,2
1,4,1.654539527853679,1.176671862771941,1.8166694564440569,-0.5542314101429997,1.2967198204272763,1.416258142107554,-0.7600843312500061,1.6922626054263792,0.20759991853489304,-1.4426665270811523,1.2488289140936326,-0.45540445323600787,0.6514320823877386,1.093126042361915,-1.7968993731611875,0,1,1,1,1,2
0,1,-0.30230404340333805,0.11338405310633443,0.09817240864390461,-0.5542314101429997,-2.035610634466769,-1.224234516580135,-0.7600843312500061,-0.0761317825645646,-0.5777209161513882,0.7013612026144089,-0.13984646294441605,0.8060087184888338,0.09474356447807901,-1.1293845228825208,-0.018447187823741776,0,1,0,1,0,2
1,2,-0.9309273668123279,-0.3493430492481409,-1.0968743889642463,1.0070502643874932,-1.025813526923119,-1.416503399494287,-0.7600843312500061,-0.9603289765600365,-0.5777209161513882,-1.4426665270811523,-0.13984646294441605,-1.7168176249608496,0.09474356447807901,1.804329423240135,-0.018447187823741776,0,1,2,1,1,2
1,4,-0.7585629071679275,0.39889652051654384,-0.8993459926653783,1.0070502643874932,-0.2684656962653813,-0.18598254884371343,-2.238563745415052,-0.9603289765600365,-2.1483625855239508,-0.7279906171826318,-0.13984646294441605,-0.45540445323600787,-1.5753219892508998,0.11522139365436314,1.4043145604462148,1,1,1,1,1,1
1,4,-1.3466298871311753,-1.3141782839447091,-1.3437848843378313,-0.5542314101429997,-1.4297323699405788,0.32673447226069213,0.22556861152669114,-1.8445261705555083,0.20759991853489304,-0.7279906171826318,-0.13984646294441605,-1.0861110390984288,1.7648091182070578,1.804329423240135,-0.3741376248912309,0,2,2,1,0,1
1,4,-0.30230404340333805,-0.457640881714083,-0.17836734617451033,-0.5542314101429997,-0.6723845392828413,-1.0319656336659828,0.22556861152669114,0.8080654114309073,0.20759991853489304,-0.013314707284111467,-0.13984646294441605,-0.45540445323600787,0.09474356447807901,-1.3071853681020758,0.6929336863112365,0,2,1,1,1,2
0,4,-0.5760593616620912,-0.6939270616397722,0.05866672938413186,-0.5542314101429997,-0.823854105414389,-0.5705203146720176,-0.7600843312500061,1.6922626054263792,-0.5777209161513882,-0.7279906171826318,-0.13984646294441605,-0.45540445323600787,-0.4619449534315806,0.38192266148369614,-0.018447187823741776,0,1,1,1,2,2
1,3,0.22492842139129898,-0.1721284143038736,0.2166894464232257,-0.5542314101429997,0.2869227128836261,0.14728351487414948,1.2112215543033884,0.8080654114309073,0.9929207532211743,1.4160371125129294,1.2488289140936326,0.8060087184888338,-1.0186334713412402,1.715429000630358,-0.018447187823741776,0,0,2,1,0,2
1,2,0.2756238506984745,0.39889652051654384,-0.10923240746990623,-0.5542314101429997,-0.3189555516425639,0.09601181276371,1.2112215543033884,-0.0761317825645646,0.9929207532211743,-0.7279906171826318,-0.13984646294441605,0.8060087184888338,0.09474356447807901,-0.8626832550531885,-1.0855184990262092,0,2,0,1,1,2
1,2,1.005638032721818,0.5268848679762924,0.31545364457265973,-0.5542314101429997,0.48888213439235634,0.18573729145698134,0.7183950829150397,-0.0761317825645646,0.9929207532211743,1.4160371125129294,1.2488289140936326,1.4367153043512546,0.6514320823877386,0.9153251971423606,-1.7968993731611875,0,1,0,1,1,2
1,1,0.3060411082827816,0.02477673563420148,0.40434142290715086,1.0070502643874932,0.08496329137489633,0.44209580200918414,0.22556861152669114,0.8080654114309073,-0.5777209161513882,-1.4426665270811523,-0.13984646294441605,-1.0861110390984288,0.09474356447807901,0.38192266148369614,-0.3741376248912309,0,2,2,1,1,2
0,3,0.2756238506984745,0.1330745681001422,0.4142178427220937,-0.5542314101429997,-0.11699613013383389,-0.3141618041198148,1.2112215543033884,1.6922626054263792,0.9929207532211743,0.7013612026144089,1.2488289140936326,0.8060087184888338,0.09474356447807901,1.093126042361915,-0.7298280619587201,0,1,1,1,1,2
1,2,1.5632877551007613,1.7772325700830696,2.330243286821114,-0.5542314101429997,-1.5812019360721266,-1.1729628144696946,1.2112215543033884,-0.0761317825645646,0.9929207532211743,0.7013612026144089,1.2488289140936326,1.4367153043512546,1.7648091182070578,0.6486239293130284,-1.0855184990262092,0,0,0,1,2,2
1,1,0.0018685324397213377,0.4973490954855814,-0.17836734617451033,-0.5542314101429997,-0.7733642500372064,-0.8525146762794411,1.2112215543033884,0.8080654114309073,0.9929207532211743,1.4160371125129294,1.2488289140936326,0.8060087184888338,-0.4619449534315806,-0.9515836776629657,-0.3741376248912309,0,2,0,1,2,2
1,2,0.41757105275856954,0.9108499103555394,0.47347636161175355,2.568331938917986,1.650148808067554,2.3391487800954844,-0.2672578598616575,-0.0761317825645646,-1.3630417508376695,0.7013612026144089,-0.13984646294441605,-1.0861110390984288,-0.4619449534315806,0.4708230840934733,-1.0855184990262092,0,1,2,1,1,1
1,1,1.7559303864680318,0.8320878503803096,0.6512519182807359,-0.5542314101429997,0.3374125682608089,-0.23725425095415473,0.7183950829150397,-0.0761317825645646,0.9929207532211743,0.7013612026144089,1.2488289140936326,1.4367153043512546,0.09474356447807901,-1.484986213321631,-0.018447187823741776,0,0,0,1,2,2
0,1,0.03228579002402845,-0.09336635432864385,-0.5536712991423592,-0.5542314101429997,0.6908415559010865,1.8520676100462994,1.2112215543033884,-0.0761317825645646,0.9929207532211743,-0.013314707284111467,1.2488289140936326,1.4367153043512546,0.6514320823877386,1.804329423240135,-1.4412089360936984,0,1,1,1,1,2
1,2,-0.5152248464934797,-0.30996201926052674,-0.4944127802526994,-0.5542314101429997,-0.47042511777411133,0.6471826104509456,-0.7600843312500061,-0.0761317825645646,-1.3630417508376695,1.4160371125129294,-0.13984646294441605,-1.0861110390984288,0.09474356447807901,0.20412181626414108,0.6929336863112365,0,2,1,1,0,2
1,1,-1.204682685071081,-0.7431533491242911,-1.4524255023022088,-0.5542314101429997,0.3374125682608089,-0.5320665380891876,-0.2672578598616575,-0.0761317825645646,0.20759991853489304,-0.7279906171826318,-0.13984646294441605,0.8060087184888338,0.6514320823877386,1.093126042361915,-0.7298280619587201,0,2,2,1,2,2
1,3,-0.545642104077785,-0.4281051092233721,-0.4154014217331525,-0.5542314101429997,-1.328752659186214,-1.1473269634144738,0.22556861152669114,1.6922626054263792,0.20759991853489304,-0.7279906171826318,-0.13984646294441605,0.17530213262641298,-1.0186334713412402,1.2709268875814708,0.3372432492437474,1,2,2,1,2,2
0,2,-0.36313855857194954,-0.8612964390871364,0.2957008049427726,1.0070502643874932,-2.035610634466769,-0.6858816444205096,-0.2672578598616575,1.6922626054263792,-0.5777209161513882,1.4160371125129294,-1.5285218399824647,-0.45540445323600787,-1.5753219892508998,1.804329423240135,0.3372432492437474,0,1,1,1,0,2
1,1,1.1070288913361708,0.9206951678524425,0.9277916730991509,-0.5542314101429997,0.08496329137489633,-0.5192486125615763,0.7183950829150397,1.6922626054263792,0.9929207532211743,-0.7279906171826318,-0.13984646294441605,0.8060087184888338,0.6514320823877386,0.4708230840934733,-1.0855184990262092,0,0,1,1,2,2
1,1,0.5291009972343574,0.3102892030444095,1.1154436495830746,-0.5542314101429997,1.2462299650500939,0.9804486741688085,1.2112215543033884,-0.0761317825645646,0.9929207532211743,-0.7279906171826318,-0.13984646294441605,1.4367153043512546,0.09474356447807901,-1.751687481150963,1.4043145604462148,0,2,0,1,0,2
1,0,-0.8396755940594093,-0.6545460316521581,-0.9586045115550396,-0.5542314101429997,2.1045575064621964,1.416258142107554,-1.7457372740267034,-1.8445261705555083,-0.5777209161513882,-0.7279906171826318,-0.13984646294441605,-0.45540445323600787,-0.4619449534315806,1.1820264649716936,1.0486241233787257,1,1,2,1,2,2
1,4,0.6406309417101472,0.5564206404670033,0.4240942625370366,-0.5542314101429997,0.6908415559010865,0.14728351487414948,-0.2672578598616575,-0.9603289765600365,-0.5777209161513882,-0.013314707284111467,-0.13984646294441605,0.17530213262641298,-1.0186334713412402,0.11522139365436314,-0.018447187823741776,0,1,1,0,2,2
0,0,0.2350675072527341,-0.24104521678220017,-0.040097468765302145,-0.5542314101429997,0.13545314675207865,0.10882973829131941,0.22556861152669114,0.8080654114309073,0.20759991853489304,0.7013612026144089,-1.5285218399824647,0.17530213262641298,0.6514320823877386,-0.5070815646140784,1.4043145604462148,0,2,0,1,1,2
1,2,-1.5696897760827528,-1.6882980688270524,-1.6598303184160204,4.1296136134484795,-1.934630923712404,-0.6346099423100683,-2.238563745415052,-1.8445261705555083,-2.1483625855239508,0.7013612026144089,-0.13984646294441605,-1.0861110390984288,-1.5753219892508998,0.20412181626414108,-1.7968993731611875,0,2,0,0,2,1
0,3,0.3263192800056518,0.6942542454236565,0.7105104371703957,-0.5542314101429997,-1.1772830930546665,-1.5446826547703885,-0.2672578598616575,-0.0761317825645646,-0.5777209161513882,1.4160371125129294,-0.13984646294441605,-1.7168176249608496,-1.0186334713412402,-0.5959819872238563,1.4043145604462148,0,2,0,1,1,2
1,1,-0.1806350130661141,0.8813141378648284,-0.47465994062281236,1.0070502643874932,-0.1674859855110162,0.3523703233159128,0.7183950829150397,0.8080654114309073,0.20759991853489304,0.7013612026144089,-0.13984646294441605,-0.45540445323600787,0.6514320823877386,-1.751687481150963,1.4043145604462148,0,2,0,1,2,2
1,3,-0.423973073740562,0.02477673563420148,-0.8598403134056055,-0.5542314101429997,0.48888213439235634,-0.13471084673327213,0.22556861152669114,1.6922626054263792,0.9929207532211743,-1.4426665270811523,1.2488289140936326,0.8060087184888338,0.09474356447807901,-0.2403802967847462,1.0486241233787257,0,1,2,1,1,2
0,4,0.3263192800056518,0.4973490954855814,0.6216226588359046,-0.5542314101429997,-0.5209149731512939,-0.4936127615063575,1.2112215543033884,-0.9603289765600365,0.9929207532211743,1.4160371125129294,-0.13984646294441605,0.17530213262641298,-0.4619449534315806,0.20412181626414108,-0.7298280619587201,0,0,2,1,1,2
0,2,0.12353756277694616,0.2709081730567953,-0.30676080376877424,1.0070502643874932,0.5393719897695386,-0.08343914462283268,-0.2672578598616575,-0.0761317825645646,-0.5777209161513882,-0.013314707284111467,-0.13984646294441605,-0.45540445323600787,-1.0186334713412402,-0.8626832550531885,-0.018447187823741776,0,2,1,1,2,2
1,0,0.2857629365599114,0.4973490954855814,0.2660715454979427,2.568331938917986,0.034473435997713554,-0.583338240199627,0.7183950829150397,-1.8445261705555083,0.20759991853489304,-0.7279906171826318,-0.13984646294441605,0.8060087184888338,-0.4619449534315806,0.11522139365436314,0.3372432492437474,0,1,0,1,0,1
0,0,0.2959020224213465,0.1724555980877578,0.2166894464232257,-0.5542314101429997,1.5491690973131889,0.2882806956778621,0.22556861152669114,-0.0761317825645646,0.20759991853489304,1.4160371125129294,-0.13984646294441605,0.17530213262641298,1.2081206002973983,-0.06257945156519114,1.0486241233787257,0,0,2,0,1,2
1,3,-0.9816227961195043,-1.3043330264478052,-0.5931769784021335,-0.5542314101429997,-0.21797584088819877,0.7497260146718264,-0.7600843312500061,-0.9603289765600365,-0.5777209161513882,1.4160371125129294,-0.13984646294441605,-0.45540445323600787,1.2081206002973983,-1.484986213321631,0.6929336863112365,0,2,1,1,2,2
0,0,1.0259162044446883,0.8714688803679238,1.2339606873623956,-0.5542314101429997,-0.5209149731512939,1.339350588941894,-0.2672578598616575,0.8080654114309073,-0.5777209161513882,-0.013314707284111467,1.2488289140936326,-1.0861110390984288,0.09474356447807901,1.626528578020581,0.3372432492437474,0,2,1,1,2,1
0,3,1.7559303864680318,1.0585287728090957,1.2240842675474528,-0.5542314101429997,-0.01601641937946878,-0.9935118570831518,0.22556861152669114,0.8080654114309073,0.9929207532211743,-0.013314707284111467,1.2488289140936326,1.4367153043512546,-0.4619449534315806,0.026320971044586007,1.4043145604462148,0,2,1,1,0,2
1,2,-0.008270553421713765,0.1724555980877578,0.4833527814266978,1.0070502643874932,-0.9248338161687538,-0.9037863783898805,1.2112215543033884,-0.9603289765600365,0.9929207532211743,1.4160371125129294,-0.13984646294441605,0.17530213262641298,-0.4619449534315806,-0.5070815646140784,-1.7968993731611875,0,0,0,1,2,2
0,1,-0.8802319375051506,-0.8908322115778474,-0.5141656198825865,2.568331938917986,1.2967198204272763,0.1601014404017607,0.22556861152669114,-0.0761317825645646,0.20759991853489304,0.7013612026144089,-1.5285218399824647,0.17530213262641298,-0.4619449534315806,1.804329423240135,-0.3741376248912309,0,0,1,1,0,1
1,2,0.49868373965005214,0.5465753829701002,1.1648257486577915,-0.5542314101429997,-0.2684656962653813,-0.6474278678376777,0.22556861152669114,-0.0761317825645646,0.20759991853489304,-1.4426665270811523,1.2488289140936326,0.8060087184888338,0.09474356447807901,-0.5959819872238563,0.3372432492437474,0,1,0,1,0,2
1,0,1.2084197499505256,1.2751244377409785,1.5697589610704719,1.0070502643874932,-1.0763033823003014,-1.6728619100464899,0.22556861152669114,-0.9603289765600365,0.20759991853489304,0.7013612026144089,1.2488289140936326,0.8060087184888338,0.6514320823877386,1.093126042361915,-1.7968993731611875,0,2,1,1,0,2
1,2,0.17423299208412169,0.7533257904050784,0.3549593238324339,-0.5542314101429997,0.43839227901517397,0.5574571317576743,-0.2672578598616575,-1.8445261705555083,-0.5777209161513882,-0.7279906171826318,-0.13984646294441605,-0.45540445323600787,0.09474356447807901,-0.7737828324434114,0.6929336863112365,0,2,2,1,2,2
0,3,-0.423973073740562,-1.0089753015406928,-0.29688438395383143,2.568331938917986,-0.5209149731512939,0.1601014404017607,1.2112215543033884,-0.0761317825645646,0.9929207532211743,-0.7279906171826318,-1.5285218399824647,0.17530213262641298,1.7648091182070578,-0.15147987417496905,-1.4412089360936984,0,2,1,0,2,1
0,1,0.2350675072527341,0.44812280800106263,0.25619512568299985,-0.5542314101429997,-1.5307120806949441,-0.9037863783898805,-0.7600843312500061,0.8080654114309073,-0.5777209161513882,1.4160371125129294,-0.13984646294441605,-0.45540445323600787,-1.5753219892508998,0.9153251971423606,-0.018447187823741776,0,2,1,1,2,2
0,0,0.995498946860383,0.4284322930072548,1.2043314279175659,-0.5542314101429997,-1.126793237677484,-1.5703185058256082,1.2112215543033884,1.6922626054263792,0.9929207532211743,0.7013612026144089,-0.13984646294441605,1.4367153043512546,1.2081206002973983,-0.2403802967847462,0.3372432492437474,0,1,2,1,1,2
1,1,1.7559303864680318,1.649244222623321,1.73765809792451,-0.5542314101429997,0.13545314675207865,1.300896812359062,-0.7600843312500061,-0.0761317825645646,-0.5777209161513882,-1.4426665270811523,1.2488289140936326,-1.0861110390984288,-0.4619449534315806,-2.6406917072487377,-0.018447187823741776,0,1,2,1,2,2
0,3,-1.2350999426553873,-1.1763446789880567,0.13767808790367878,1.0070502643874932,-0.9248338161687538,-0.9550580805003218,-1.2529108026383546,-0.0761317825645646,-1.3630417508376695,-1.4426665270811523,1.2488289140936326,-2.3475242108232703,0.6514320823877386,1.093126042361915,1.0486241233787257,0,2,2,1,2,2
1,2,0.9042471741074652,0.25121765806298757,0.3845885832772638,-0.5542314101429997,-0.5714048285284764,-0.39106935728547493,-0.7600843312500061,-0.9603289765600365,-0.5777209161513882,-0.013314707284111467,-0.13984646294441605,-0.45540445323600787,0.09474356447807901,1.0042256197521378,-0.018447187823741776,0,1,0,1,1,2
1,3,0.8028563154931124,1.0585287728090957,-0.010468209320472228,-0.5542314101429997,0.43839227901517397,0.19855521698459075,0.22556861152669114,1.6922626054263792,0.9929207532211743,0.7013612026144089,-0.13984646294441605,0.8060087184888338,-0.4619449534315806,0.20412181626414108,0.3372432492437474,1,2,0,1,1,2
1,3,0.16409390622268658,-0.5856292291738315,0.019161050124357693,-0.5542314101429997,0.3374125682608089,0.3523703233159128,-0.2672578598616575,-0.0761317825645646,0.9929207532211743,-0.7279906171826318,1.2488289140936326,0.8060087184888338,-0.4619449534315806,-1.9294883263705183,1.0486241233787257,1,2,2,0,2,2
1,4,-1.072874568872422,-0.04414006684412508,-0.7610761152561716,-0.5542314101429997,0.08496329137489633,-1.2498703676353546,0.7183950829150397,-0.0761317825645646,0.20759991853489304,-0.013314707284111467,-0.13984646294441605,0.17530213262641298,-1.0186334713412402,-0.32928071939452414,1.4043145604462148,1,2,1,1,1,2
1,2,0.3060411082827816,-0.2508904742791034,0.19693660679333863,-0.5542314101429997,-1.227772948431849,-1.4805930271323378,-0.7600843312500061,-0.0761317825645646,-0.5777209161513882,-0.013314707284111467,1.2488289140936326,0.8060087184888338,-0.4619449534315806,-1.9294883263705183,-0.3741376248912309,0,1,0,1,1,2
0,4,1.7559303864680318,1.49172010267286,1.9253100744084337,-0.5542314101429997,-0.1674859855110162,-1.531864729242778,-0.7600843312500061,-0.0761317825645646,-0.5777209161513882,1.4160371125129294,-0.13984646294441605,-1.0861110390984288,-0.4619449534315806,-0.2403802967847462,0.3372432492437474,0,1,2,1,2,2
1,1,0.02214670416259154,-0.07367583933483607,-0.6623119171067375,-0.5542314101429997,0.13545314675207865,0.8138156423098771,-1.7457372740267034,0.8080654114309073,-1.3630417508376695,0.7013612026144089,-0.13984646294441605,-0.45540445323600787,-1.0186334713412402,0.7375243519228055,-1.4412089360936984,1,2,2,1,1,2
1,1,1.1577243206433483,1.2849696952378817,0.3648357436473767,-0.5542314101429997,-0.5209149731512939,-0.17316462331610402,0.7183950829150397,0.8080654114309073,0.9929207532211743,-0.7279906171826318,1.2488289140936326,0.8060087184888338,1.7648091182070578,0.8264247745325835,-1.4412089360936984,1,1,1,1,2,2
0,4,1.360506037872054,1.7476967975923585,0.7006340173554529,-0.5542314101429997,0.8423111220326339,1.0060845252240291,0.7183950829150397,0.8080654114309073,0.9929207532211743,-1.4426665270811523,1.2488289140936326,0.8060087184888338,-1.0186334713412402,-1.1293845228825208,-0.3741376248912309,1,1,2,1,0,2
0,3,-0.38341673029482065,-0.1425926418131626,-0.0993559876549634,-0.5542314101429997,0.6908415559010865,0.8138156423098771,1.2112215543033884,0.8080654114309073,0.9929207532211743,-0.013314707284111467,-0.13984646294441605,0.8060087184888338,0.09474356447807901,0.8264247745325835,1.0486241233787257,0,1,2,0,2,2
0,2,0.2654847648370394,-0.4084145942295643,0.16730734734850872,-0.5542314101429997,-0.3189555516425639,0.044740110653268717,-1.2529108026383546,0.8080654114309073,-1.3630417508376695,0.7013612026144089,-0.13984646294441605,0.8060087184888338,-0.4619449534315806,1.448727732801025,1.4043145604462148,1,1,0,1,2,2
1,2,-0.8396755940594093,-0.71361757663358,-1.0672451295194163,-0.5542314101429997,-1.2782628038090316,-2.58293462250681,1.2112215543033884,-0.9603289765600365,0.9929207532211743,-1.4426665270811523,-0.13984646294441605,0.8060087184888338,0.6514320823877386,-0.6848824098336335,-0.3741376248912309,0,1,1,1,1,2
0,4,-0.23133044237329142,-0.4281051092233721,-0.15861450654462325,1.0070502643874932,0.18594300212926143,0.2626448446226414,-2.7313902168034008,-0.0761317825645646,-2.1483625855239508,0.7013612026144089,-0.13984646294441605,-2.3475242108232703,-1.5753219892508998,-2.6406917072487377,1.4043145604462148,1,0,0,1,1,1
1,4,-1.8941405236486824,-1.1960351939818645,-1.6894595778608503,1.0070502643874932,-2.035610634466769,-2.095853452457624,-0.7600843312500061,-0.9603289765600365,-1.3630417508376695,-0.7279906171826318,-0.13984646294441605,-1.0861110390984288,0.6514320823877386,-0.06257945156519114,-0.3741376248912309,0,2,1,0,1,1
0,2,-0.3225822151262082,-0.27058098927291113,0.19693660679333863,1.0070502643874932,1.650148808067554,0.044740110653268717,0.22556861152669114,-0.0761317825645646,0.9929207532211743,0.7013612026144089,-1.5285218399824647,0.8060087184888338,0.09474356447807901,0.20412181626414108,1.0486241233787257,0,0,1,1,1,2
0,1,-0.3225822151262082,0.2905986880506031,-1.4524255023022088,-0.5542314101429997,-0.11699613013383389,0.09601181276371,0.22556861152669114,0.8080654114309073,0.9929207532211743,-0.7279906171826318,-0.13984646294441605,0.8060087184888338,1.7648091182070578,1.0042256197521378,-0.3741376248912309,0,2,2,1,1,2
0,3,0.22492842139129898,0.03462199313110467,-1.1067508087791897,-0.5542314101429997,0.43839227901517397,0.21137314251220016,0.7183950829150397,-0.0761317825645646,0.9929207532211743,1.4160371125129294,-0.13984646294441605,1.4367153043512546,-0.4619449534315806,-0.9515836776629657,-0.7298280619587201,0,1,0,1,1,2
1,0,0.8332735730774177,1.0486835153121912,-0.13886166691473614,-0.5542314101429997,0.8928009774098163,0.1601014404017607,1.2112215543033884,0.8080654114309073,0.9929207532211743,-0.013314707284111467,1.2488289140936326,0.17530213262641298,-1.5753219892508998,1.804329423240135,-0.3741376248912309,0,2,0,1,1,2
1,1,-0.38341673029482065,1.009302485324577,0.7993982155048869,-0.5542314101429997,-0.06650627475665133,-0.21161839989893408,-0.2672578598616575,0.8080654114309073,-1.3630417508376695,-1.4426665270811523,-1.5285218399824647,-1.7168176249608496,0.09474356447807901,-2.1072891715900735,1.4043145604462148,0,2,2,1,1,2
1,2,-0.09952232617463148,0.3496702330320251,-0.4944127802526994,1.0070502643874932,0.6403517005239038,1.0445383018068592,-1.7457372740267034,0.8080654114309073,-2.1483625855239508,0.7013612026144089,-0.13984646294441605,-1.0861110390984288,0.6514320823877386,-2.1072891715900735,-0.018447187823741776,0,2,0,1,0,1
1,2,-1.721776064004282,-0.871141696584041,-1.847482294899945,1.0070502643874932,0.23643285750644377,-0.9550580805003218,-2.238563745415052,-0.9603289765600365,-2.1483625855239508,1.4160371125129294,-1.5285218399824647,-1.0861110390984288,-1.0186334713412402,-2.1072891715900735,-1.0855184990262092,0,2,2,1,0,1
0,3,1.7559303864680318,1.4720295876790537,2.488266003860208,-0.5542314101429997,0.8928009774098163,0.7625439401994376,0.7183950829150397,0.8080654114309073,0.9929207532211743,-1.4426665270811523,1.2488289140936326,1.4367153043512546,-0.4619449534315806,0.2930222388739182,-0.7298280619587201,0,2,2,1,1,2
1,3,-1.4987161750527054,-0.8317606665964254,-2.3413032856471148,1.0070502643874932,-2.035610634466769,-0.698699569948119,-1.2529108026383546,-1.8445261705555083,-1.3630417508376695,-1.4426665270811523,-0.13984646294441605,-1.0861110390984288,-0.4619449534315806,0.5597235067032504,-1.4412089360936984,0,0,2,1,1,1
1,2,-0.5152248464934797,-0.8908322115778474,-0.33639006321360415,2.568331938917986,1.7006386634447368,1.0445383018068592,-0.2672578598616575,-0.9603289765600365,-0.5777209161513882,-0.013314707284111467,-0.13984646294441605,-0.45540445323600787,1.2081206002973983,-0.8626832550531885,-0.7298280619587201,0,2,1,1,1,1
1,2,0.6406309417101472,0.8911593953617316,0.4142178427220937,-0.5542314101429997,-0.1674859855110162,0.21137314251220016,1.2112215543033884,-0.0761317825645646,0.9929207532211743,-1.4426665270811523,-0.13984646294441605,0.8060087184888338,-1.0186334713412402,0.38192266148369614,1.4043145604462148,1,1,2,1,0,2
0,1,-1.194543599209646,-0.9794395290499818,-0.48453636043775516,1.0070502643874932,1.1452502542957288,-0.4423410593959162,1.2112215543033884,0.8080654114309073,0.9929207532211743,0.7013612026144089,-0.13984646294441605,1.4367153043512546,-1.0186334713412402,-0.4181811420043013,-0.018447187823741776,1,2,1,1,2,2
1,4,0.2452065931141692,0.6450279579391377,-0.05985030839518923,-0.5542314101429997,0.43839227901517397,1.0573562273344705,1.2112215543033884,1.6922626054263792,0.9929207532211743,1.4160371125129294,-0.13984646294441605,0.8060087184888338,0.09474356447807901,0.9153251971423606,0.3372432492437474,0,2,0,1,1,2
0,1,1.1982806640890886,1.1865171202688443,0.4537235219818679,-0.5542314101429997,-0.9248338161687538,-0.9037863783898805,1.2112215543033884,-0.0761317825645646,0.9929207532211743,0.7013612026144089,1.2488289140936326,0.17530213262641298,0.6514320823877386,-0.5959819872238563,-1.7968993731611875,0,2,1,1,0,2
1,2,-1.9549750388172948,-1.6587622963363406,-1.5116840211918694,1.0070502643874932,-1.5307120806949441,-1.8138590908502015,-1.7457372740267034,-1.8445261705555083,-2.1483625855239508,0.7013612026144089,-1.5285218399824647,-2.3475242108232703,-1.0186334713412402,0.38192266148369614,-1.0855184990262092,0,1,0,1,1,2
0,1,-0.1603568413432439,-0.10321161182554704,-0.2771315443239443,-0.5542314101429997,1.0442705435413637,0.4805495785920142,-0.7600843312500061,-0.9603289765600365,-0.5777209161513882,-0.7279906171826318,-0.13984646294441605,-1.0861110390984288,-0.4619449534315806,0.38192266148369614,1.0486241233787257,0,2,0,1,0,2
1,1,-1.7319151498657182,-1.4717024038951694,-1.353661304152775,-0.5542314101429997,-0.1674859855110162,-0.33979765517503546,0.22556861152669114,-1.8445261705555083,0.20759991853489304,0.7013612026144089,-1.5285218399824647,1.4367153043512546,-1.5753219892508998,-0.4181811420043013,1.4043145604462148,0,2,1,1,2,2
1,2,1.5734268409621963,1.4720295876790537,1.9450629140383209,-0.5542314101429997,0.9937806881641814,1.1214458549725212,0.22556861152669114,0.8080654114309073,0.20759991853489304,-0.7279906171826318,1.2488289140936326,0.17530213262641298,-1.5753219892508998,-0.32928071939452414,-0.7298280619587201,0,1,0,1,1,2
1,1,-1.2857953719625637,-0.8809869540809442,-1.1561329078539069,1.0070502643874932,1.1957401096729117,-1.0063297826107631,-0.7600843312500061,-0.0761317825645646,-0.5777209161513882,-0.7279906171826318,-1.5285218399824647,-0.45540445323600787,-1.5753219892508998,-0.6848824098336335,-1.0855184990262092,0,2,1,1,0,1
1,4,0.10325939105407415,1.068374030305999,0.11792524827379171,-0.5542314101429997,0.6403517005239038,0.7497260146718264,0.7183950829150397,-0.0761317825645646,-0.5777209161513882,1.4160371125129294,-0.13984646294441605,-0.45540445323600787,-1.5753219892508998,0.9153251971423606,0.6929336863112365,0,2,1,1,1,2
0,3,-0.1299395837589368,-0.8416059240933286,0.9179152532842066,1.0070502643874932,0.6908415559010865,0.3139165467330827,-0.7600843312500061,0.8080654114309073,-0.5777209161513882,-1.4426665270811523,-0.13984646294441605,-1.7168176249608496,1.2081206002973983,-1.751687481150963,-1.0855184990262092,0,2,2,1,1,2
0,0,1.7356522147451616,1.1077550602936144,0.7006340173554529,-0.5542314101429997,0.3374125682608089,0.24982691909503205,-1.2529108026383546,0.8080654114309073,-0.5777209161513882,-0.7279906171826318,1.2488289140936326,0.17530213262641298,0.09474356447807901,-1.396085790711853,-0.7298280619587201,0,2,0,1,2,2
1,4,-1.0120400537038106,-0.38872407923575647,-0.9684809313699824,1.0070502643874932,-2.035610634466769,-2.057399675874794,-0.2672578598616575,-0.0761317825645646,-0.5777209161513882,0.7013612026144089,-0.13984646294441605,0.17530213262641298,0.09474356447807901,0.4708230840934733,0.6929336863112365,0,2,2,1,2,2
1,4,-1.8535841802029411,-0.6939270616397722,-1.9758757524942094,-0.5542314101429997,0.7413314112782688,0.7497260146718264,0.7183950829150397,-0.9603289765600365,0.20759991853489304,1.4160371125129294,-1.5285218399824647,0.17530213262641298,0.09474356447807901,0.20412181626414108,1.4043145604462148,0,2,1,1,1,2
0,1,1.0766116337518656,1.7181610251016475,0.7401396966152257,-0.5542314101429997,0.18594300212926143,-0.7371533465309491,1.2112215543033884,0.8080654114309073,0.9929207532211743,0.7013612026144089,1.2488289140936326,1.4367153043512546,0.09474356447807901,1.804329423240135,0.6929336863112365,1,2,1,1,2,2
1,3,1.0867507196133006,0.8419331078772128,1.1648257486577915,-0.5542314101429997,-0.6218946839056589,-0.3141618041198148,1.2112215543033884,0.8080654114309073,0.9929207532211743,1.4160371125129294,-0.13984646294441605,0.17530213262641298,0.09474356447807901,-1.484986213321631,0.6929336863112365,0,0,2,1,1,2
1,1,1.269254265119136,0.4284322930072548,0.19693660679333863,-0.5542314101429997,3.013374903251482,1.6341628760769267,1.2112215543033884,-0.0761317825645646,0.9929207532211743,-0.7279906171826318,-0.13984646294441605,1.4367153043512546,-0.4619449534315806,1.5376281554108022,-1.7968993731611875,0,2,2,1,1,2
0,3,-1.2655172002396935,-1.2747972539570944,-0.8302110539607742,1.0070502643874932,-1.0763033823003014,-1.378049622911456,1.2112215543033884,-1.8445261705555083,0.9929207532211743,-0.7279906171826318,-1.5285218399824647,1.4367153043512546,0.6514320823877386,-0.2403802967847462,0.6929336863112365,0,2,0,1,1,1
0,4,1.4112014671792312,0.6548732154360409,1.8956808149636037,-0.5542314101429997,-1.025813526923119,-0.4936127615063575,0.7183950829150397,0.8080654114309073,0.9929207532211743,-1.4426665270811523,-0.13984646294441605,0.17530213262641298,-1.0186334713412402,1.2709268875814708,0.3372432492437474,0,1,0,1,1,2
1,2,-0.33272130098764335,0.5761111554608112,-1.0079866106297566,-0.5542314101429997,2.4579864941024745,1.9289751632119596,0.22556861152669114,-0.0761317825645646,0.9929207532211743,0.7013612026144089,-1.5285218399824647,1.4367153043512546,1.2081206002973983,1.5376281554108022,1.4043145604462148,1,0,0,1,1,2
1,0,0.863690830661723,0.9206951678524425,0.5426113003163576,-0.5542314101429997,1.5996589526903715,1.6341628760769267,0.22556861152669114,1.6922626054263792,0.20759991853489304,0.7013612026144089,1.2488289140936326,0.8060087184888338,-0.4619449534315806,1.093126042361915,0.6929336863112365,0,2,0,1,1,2
1,1,1.1070288913361708,1.1077550602936144,1.4018598242164337,-0.5542314101429997,-0.3189555516425639,0.37800617437113343,0.7183950829150397,0.8080654114309073,0.9929207532211743,1.4160371125129294,-0.13984646294441605,0.8060087184888338,0.09474356447807901,-0.4181811420043013,-1.4412089360936984,0,2,1,1,0,2
0,4,-0.06910506859032618,-0.71361757663358,-0.5734241387722464,-0.5542314101429997,1.0947603989185466,1.4803477697456047,-1.2529108026383546,-0.0761317825645646,-2.1483625855239508,-1.4426665270811523,-1.5285218399824647,-0.45540445323600787,-1.5753219892508998,0.026320971044586007,-0.7298280619587201,0,2,1,1,1,2
0,3,-0.1502177554818088,-0.44779562421717845,-0.6425590774768505,-0.5542314101429997,0.034473435997713554,0.019104259598048075,1.2112215543033884,0.8080654114309073,0.9929207532211743,-0.7279906171826318,-1.5285218399824647,1.4367153043512546,-1.0186334713412402,0.11522139365436314,1.0486241233787257,1,1,2,1,1,2
0,1,-1.0525963971495509,-1.7178338413177634,-0.7116940161814546,-0.5542314101429997,-1.4802222253177615,-1.5703185058256082,-0.2672578598616575,-0.0761317825645646,-0.5777209161513882,-0.7279906171826318,-1.5285218399824647,0.17530213262641298,2.3214976361167174,0.6486239293130284,-1.0855184990262092,0,2,2,1,1,2
0,1,-0.2718867858190318,-0.1819736718007782,0.39446500309220667,-0.5542314101429997,-1.732671502203674,-1.531864729242778,-0.7600843312500061,-0.0761317825645646,0.20759991853489304,1.4160371125129294,-1.5285218399824647,0.8060087184888338,0.09474356447807901,1.626528578020581,-0.7298280619587201,0,2,1,1,0,2
1,1,0.7825781437702404,0.8911593953617316,1.7475345177394528,1.0070502643874932,1.0442705435413637,0.8266335678374883,0.7183950829150397,0.8080654114309073,0.9929207532211743,1.4160371125129294,1.2488289140936326,1.4367153043512546,-0.4619449534315806,-0.32928071939452414,-1.7968993731611875,0,0,1,1,0,2
1,0,1.7356522147451616,0.9403856828462503,1.5796353808854147,1.0070502643874932,-0.41993526239692874,1.7238883547701982,0.7183950829150397,0.8080654114309073,0.9929207532211743,-0.013314707284111467,-0.13984646294441605,1.4367153043512546,0.09474356447807901,1.715429000630358,1.0486241233787257,1,1,1,1,2,2
1,1,-0.6774502202764449,-0.6742365466459659,-0.45490710099292525,-0.5542314101429997,-0.06650627475665133,0.9419948975859785,1.2112215543033884,0.8080654114309073,0.9929207532211743,0.7013612026144089,1.2488289140936326,1.4367153043512546,0.6514320823877386,0.2930222388739182,-1.4412089360936984,0,1,0,1,1,2
1,1,0.6406309417101472,-0.23119995928529696,0.6117462390209617,-0.5542314101429997,-0.06650627475665133,0.1601014404017607,1.2112215543033884,0.8080654114309073,0.9929207532211743,-1.4426665270811523,1.2488289140936326,0.8060087184888338,-0.4619449534315806,0.11522139365436314,0.3372432492437474,0,0,0,1,2,2
1,3,1.7559303864680318,2.4368648223756213,1.7475345177394528,-0.5542314101429997,0.6403517005239038,0.7497260146718264,0.22556861152669114,1.6922626054263792,0.20759991853489304,0.7013612026144089,-0.13984646294441605,-1.0861110390984288,-0.4619449534315806,-0.15147987417496905,0.3372432492437474,0,0,1,1,2,2
1,1,0.22492842139129898,-0.1918189292976814,0.4537235219818679,1.0070502643874932,0.6403517005239038,0.775361865727047,-0.7600843312500061,-0.9603289765600365,-0.5777209161513882,-1.4426665270811523,-0.13984646294441605,-1.7168176249608496,1.7648091182070578,-2.6406917072487377,1.0486241233787257,0,2,0,1,2,2
1,2,-0.10966141203606658,-0.546248199186216,1.4709947629210378,-0.5542314101429997,-0.47042511777411133,-0.8781505273346617,1.2112215543033884,-0.9603289765600365,0.9929207532211743,0.7013612026144089,-1.5285218399824647,0.17530213262641298,-1.0186334713412402,-1.751687481150963,-1.0855184990262092,0,2,0,1,2,2
0,3,-0.31244312926477313,1.0486835153121912,-0.2870079641388872,5.6908952879789725,-2.035610634466769,-2.5316629203963688,1.2112215543033884,-0.9603289765600365,0.9929207532211743,0.7013612026144089,-0.13984646294441605,0.8060087184888338,-1.0186334713412402,-1.0404841002727436,-0.3741376248912309,1,1,2,1,2,2
0,2,1.117167977197606,1.4424938151883413,0.6216226588359046,-0.5542314101429997,0.8928009774098163,0.890723195475539,0.22556861152669114,-0.9603289765600365,-0.5777209161513882,1.4160371125129294,1.2488289140936326,0.17530213262641298,-0.4619449534315806,-0.6848824098336335,-1.4412089360936984,0,1,1,1,2,2
1,1,0.3770147093128291,0.03462199313110467,0.5623641399462448,-0.5542314101429997,0.3879024236379912,0.2626448446226414,1.2112215543033884,-0.0761317825645646,0.9929207532211743,1.4160371125129294,-0.13984646294441605,0.8060087184888338,0.6514320823877386,-0.6848824098336335,-0.7298280619587201,0,2,2,1,2,2
0,2,-0.09952232617463148,-0.7037723191366769,0.2166894464232257,1.0070502643874932,0.18594300212926143,0.1729193659293701,-1.7457372740267034,-1.8445261705555083,-1.3630417508376695,-0.7279906171826318,-0.13984646294441605,-1.7168176249608496,0.09474356447807901,1.093126042361915,1.0486241233787257,0,2,2,1,1,1
1,0,-0.25160861409616164,-0.3591883067450455,-0.9783573511849252,-0.5542314101429997,0.13545314675207865,0.05755803618087995,-0.2672578598616575,0.8080654114309073,-0.5777209161513882,-1.4426665270811523,-0.13984646294441605,-0.45540445323600787,0.6514320823877386,0.6486239293130284,0.3372432492437474,0,0,2,1,1,2
1,3,1.2793933509805713,0.595801670454619,1.668523159219906,-0.5542314101429997,0.8928009774098163,0.3139165467330827,1.2112215543033884,0.8080654114309073,0.9929207532211743,-0.013314707284111467,1.2488289140936326,0.8060087184888338,0.6514320823877386,0.4708230840934733,-0.018447187823741776,0,2,0,1,0,2
0,3,0.3060411082827816,-0.024449551850317292,0.6314990786508489,1.0070502643874932,0.3879024236379912,-0.5705203146720176,0.22556861152669114,-0.9603289765600365,0.20759991853489304,0.7013612026144089,1.2488289140936326,-1.0861110390984288,0.6514320823877386,0.4708230840934733,-0.3741376248912309,0,1,1,1,1,2
1,2,-0.2617476999575967,-1.0089753015406928,-0.8697167332205483,-0.5542314101429997,0.13545314675207865,-0.8012429741689998,0.22556861152669114,-0.0761317825645646,0.20759991853489304,0.7013612026144089,-0.13984646294441605,0.8060087184888338,-1.0186334713412402,-0.5959819872238563,1.0486241233787257,0,1,0,1,1,2
1,1,1.360506037872054,1.0880645452998066,1.9746921734831508,-0.5542314101429997,-0.21797584088819877,0.5702750572852855,1.2112215543033884,0.8080654114309073,0.9929207532211743,-0.013314707284111467,1.2488289140936326,0.8060087184888338,2.3214976361167174,0.20412181626414108,-1.0855184990262092,1,2,2,1,1,2
1,3,0.7318827144630649,1.3932675277038225,1.1351964892129618,-0.5542314101429997,-0.2684656962653813,1.262443035776232,-0.2672578598616575,1.6922626054263792,-0.5777209161513882,-1.4426665270811523,-0.13984646294441605,-0.45540445323600787,-0.4619449534315806,0.2930222388739182,-1.4412089360936984,0,1,2,1,1,2
1,2,0.9143862599689003,0.9502309403431536,1.1845785882876787,-0.5542314101429997,1.3472096758044592,0.6343646849233362,1.2112215543033884,0.8080654114309073,0.9929207532211743,1.4160371125129294,1.2488289140936326,0.8060087184888338,-0.4619449534315806,0.7375243519228055,-0.3741376248912309,0,2,2,1,1,2
0,2,0.4479883103428766,0.08384828061562345,0.009284630309414855,-0.5542314101429997,-1.025813526923119,0.2882806956778621,-0.2672578598616575,-0.0761317825645646,-0.5777209161513882,-1.4426665270811523,1.2488289140936326,0.17530213262641298,-1.5753219892508998,-1.2182849454922986,1.4043145604462148,0,1,1,1,2,2
1,4,0.01200761830115644,-0.22135470178839237,0.05866672938413186,1.0070502643874932,-0.41993526239692874,-0.019349516984781982,-0.2672578598616575,-0.9603289765600365,-1.3630417508376695,0.7013612026144089,1.2488289140936326,-2.3475242108232703,1.2081206002973983,-1.573886635931408,-0.018447187823741776,0,0,1,1,2,1
0,1,0.17423299208412169,0.6351827004422346,-0.6721883369216803,1.0070502643874932,-0.3189555516425639,0.1729193659293701,-0.7600843312500061,-0.0761317825645646,-0.5777209161513882,-0.7279906171826318,-0.13984646294441605,-0.45540445323600787,-0.4619449534315806,0.11522139365436314,0.3372432492437474,1,2,2,1,1,2
1,2,0.8941080882460302,0.02477673563420148,-0.5536712991423592,1.0070502643874932,0.3879024236379912,-0.6474278678376777,-0.7600843312500061,-0.0761317825645646,0.20759991853489304,-0.7279906171826318,-0.13984646294441605,0.8060087184888338,0.09474356447807901,-1.3071853681020758,1.0486241233787257,1,2,0,1,0,2
1,2,0.02214670416259154,-0.26073573177600795,-0.45490710099292525,-0.5542314101429997,0.6908415559010865,-0.3269797296474242,0.7183950829150397,-0.0761317825645646,0.9929207532211743,1.4160371125129294,-0.13984646294441605,0.17530213262641298,0.6514320823877386,0.6486239293130284,1.4043145604462148,0,2,0,1,2,2
1,3,1.7559303864680318,1.0585287728090957,2.093209211262472,-0.5542314101429997,0.18594300212926143,0.775361865727047,0.7183950829150397,0.8080654114309073,0.9929207532211743,-0.013314707284111467,1.2488289140936326,1.4367153043512546,1.2081206002973983,1.626528578020581,-0.7298280619587201,0,0,0,1,1,2
1,1,-0.1907740989275492,0.04446725062800927,-0.48453636043775516,1.0070502643874932,-0.1674859855110162,0.4805495785920142,0.7183950829150397,0.8080654114309073,0.9929207532211743,-1.4426665270811523,-0.13984646294441605,0.8060087184888338,0.09474356447807901,0.4708230840934733,-1.7968993731611875,0,0,1,1,0,2
1,4,-0.14007866962037188,-0.959749014056174,-0.6721883369216803,-0.5542314101429997,-1.328752659186214,-1.531864729242778,-1.2529108026383546,0.8080654114309073,-0.5777209161513882,-0.7279906171826318,1.2488289140936326,0.17530213262641298,-0.4619449534315806,-1.484986213321631,-0.3741376248912309,0,2,0,1,1,2
0,2,0.8434126589388529,1.0289930003183847,1.4611183431060937,-0.5542314101429997,-0.2684656962653813,0.40364202542635225,-0.7600843312500061,-0.9603289765600365,-1.3630417508376695,-0.013314707284111467,-0.13984646294441605,-1.0861110390984288,-0.4619449534315806,-0.6848824098336335,-0.018447187823741776,0,2,0,1,2,2
0,2,1.4821750682092787,0.9305404253493471,2.4685131642303206,-0.5542314101429997,0.43839227901517397,0.33955239778830154,-0.7600843312500061,0.8080654114309073,-1.3630417508376695,0.7013612026144089,-0.13984646294441605,-1.7168176249608496,-0.4619449534315806,-2.0183887489802954,1.4043145604462148,0,2,1,1,2,2
0,2,0.38715379517426424,0.5071943529824846,0.47347636161175355,-0.5542314101429997,-0.5714048285284764,0.08319388723609877,-0.7600843312500061,-0.9603289765600365,-0.5777209161513882,1.4160371125129294,1.2488289140936326,-0.45540445323600787,-0.4619449534315806,-0.9515836776629657,-0.3741376248912309,0,0,1,1,2,2
0,0,-1.7116369781428469,-1.5603097213673032,-2.0351342713838694,2.568331938917986,-1.2782628038090316,-0.39106935728547493,-1.7457372740267034,-0.9603289765600365,-2.1483625855239508,1.4160371125129294,1.2488289140936326,-2.3475242108232703,-1.0186334713412402,1.2709268875814708,1.0486241233787257,1,1,1,1,2,1
1,3,-0.8498146799208453,-0.9499037565592707,-0.29688438395383143,1.0070502643874932,-1.4297323699405788,-1.8138590908502015,0.22556861152669114,0.8080654114309073,0.9929207532211743,-0.7279906171826318,-0.13984646294441605,0.8060087184888338,-0.4619449534315806,0.2930222388739182,1.4043145604462148,0,1,1,1,0,2
0,4,-1.5189943467755764,-1.333868798938517,-1.0573687097044728,2.568331938917986,-1.328752659186214,-1.301142069745796,0.7183950829150397,0.8080654114309073,0.9929207532211743,0.7013612026144089,-1.5285218399824647,1.4367153043512546,2.878186154026377,1.2709268875814708,1.4043145604462148,0,2,0,1,2,2
1,1,0.03228579002402845,-0.2016641867945846,-0.6129298180320205,-0.5542314101429997,1.2967198204272763,0.9932665996964197,-1.2529108026383546,0.8080654114309073,-1.3630417508376695,0.7013612026144089,-0.13984646294441605,-1.0861110390984288,0.09474356447807901,0.7375243519228055,-0.018447187823741776,1,0,1,1,0,2
0,1,1.1577243206433483,1.0979098027967098,1.4314890836612637,-0.5542314101429997,0.8928009774098163,-0.006531591457170748,0.22556861152669114,0.8080654114309073,0.9929207532211743,-1.4426665270811523,-0.13984646294441605,1.4367153043512546,2.3214976361167174,0.8264247745325835,-1.0855184990262092,0,0,1,1,1,2
1,0,0.9853598609989479,0.5761111554608112,1.441365503476208,-0.5542314101429997,1.0947603989185466,0.3010986212054715,1.2112215543033884,0.8080654114309073,0.9929207532211743,-1.4426665270811523,1.2488289140936326,1.4367153043512546,1.2081206002973983,0.9153251971423606,-0.3741376248912309,0,1,2,1,2,2
1,1,0.7521608861859351,0.5859564129577157,1.2833427864371127,1.0070502643874932,0.9937806881641814,0.4292778764815729,0.7183950829150397,0.8080654114309073,0.9929207532211743,0.7013612026144089,-0.13984646294441605,1.4367153043512546,-1.0186334713412402,0.9153251971423606,-0.3741376248912309,0,1,1,1,0,2
1,1,0.8839690023845951,0.4087417780134471,0.49322920124164066,-0.5542314101429997,0.3879024236379912,-0.33979765517503546,0.22556861152669114,0.8080654114309073,0.20759991853489304,-0.7279906171826318,1.2488289140936326,-1.0861110390984288,2.878186154026377,1.804329423240135,-0.3741376248912309,0,2,0,1,0,2
1,2,-0.8396755940594093,-0.16228315680697042,-1.0869979691493035,-0.5542314101429997,0.5393719897695386,1.10862792944491,-1.2529108026383546,1.6922626054263792,-1.3630417508376695,0.7013612026144089,-0.13984646294441605,-1.0861110390984288,-0.4619449534315806,0.38192266148369614,-1.4412089360936984,0,0,2,1,0,2
1,2,-0.170495927204679,1.216052892759555,-0.5635477189573035,-0.5542314101429997,-1.6316917914493092,-0.8781505273346617,-1.2529108026383546,-0.9603289765600365,-1.3630417508376695,0.7013612026144089,-0.13984646294441605,-1.7168176249608496,0.09474356447807901,0.6486239293130284,-0.018447187823741776,0,1,2,1,2,2
0,2,0.7420218003245,1.2849696952378817,0.6117462390209617,-0.5542314101429997,0.13545314675207865,0.14728351487414948,0.7183950829150397,1.6922626054263792,0.9929207532211743,-0.7279906171826318,-0.13984646294441605,0.8060087184888338,0.09474356447807901,-1.751687481150963,-0.7298280619587201,1,0,1,1,0,2
1,1,0.41757105275856954,-0.2016641867945846,0.6512519182807359,-0.5542314101429997,-0.3189555516425639,-0.08343914462283268,-0.2672578598616575,1.6922626054263792,0.9929207532211743,-0.013314707284111467,-0.13984646294441605,1.4367153043512546,0.6514320823877386,0.2930222388739182,-1.4412089360936984,1,2,0,0,1,2
1,3,1.117167977197606,1.481874845175957,0.7006340173554529,1.0070502643874932,0.08496329137489633,0.05755803618087995,1.2112215543033884,1.6922626054263792,0.20759991853489304,-0.7279906171826318,-0.13984646294441605,0.8060087184888338,1.2081206002973983,-1.8405879037607402,-0.3741376248912309,1,1,1,1,2,2
1,1,-0.9005101092280217,-1.146808906497346,-0.8697167332205483,1.0070502643874932,0.23643285750644377,0.14728351487414948,-0.2672578598616575,-0.9603289765600365,0.9929207532211743,0.7013612026144089,-0.13984646294441605,1.4367153043512546,0.09474356447807901,0.026320971044586007,-0.7298280619587201,0,2,2,0,2,2
1,2,0.7116045427401947,0.23152714306917976,0.7993982155048869,1.0070502643874932,0.5393719897695386,1.5188015463284348,0.22556861152669114,-0.0761317825645646,0.9929207532211743,-0.013314707284111467,1.2488289140936326,0.17530213262641298,2.3214976361167174,-0.06257945156519114,-1.4412089360936984,0,0,1,1,0,2
0,2,-0.8498146799208453,-1.3043330264478052,-1.9561229128643225,-0.5542314101429997,-1.2782628038090316,-0.5064306870339669,0.22556861152669114,0.8080654114309073,0.20759991853489304,0.7013612026144089,-1.5285218399824647,0.8060087184888338,-0.4619449534315806,-1.3071853681020758,1.0486241233787257,0,2,0,1,2,2
1,3,-0.7687019930293626,-0.487176654204794,-0.6129298180320205,-0.5542314101429997,-0.1674859855110162,0.24982691909503205,-1.7457372740267034,-0.9603289765600365,-1.3630417508376695,-0.013314707284111467,-1.5285218399824647,-2.3475242108232703,-1.0186334713412402,-2.1961895941998506,0.6929336863112365,0,2,2,0,1,2
1,1,0.3161801941442167,-0.16228315680697042,1.026555871248585,-0.5542314101429997,0.8423111220326339,1.5444373973836554,-0.2672578598616575,-0.9603289765600365,0.20759991853489304,-0.013314707284111467,-0.13984646294441605,0.8060087184888338,-0.4619449534315806,-1.1293845228825208,-0.7298280619587201,1,0,2,1,0,2
0,3,-0.7484238213064915,-0.8514511815902333,-0.7215704359963974,2.568331938917986,-1.5812019360721266,-1.7754053142673705,-0.7600843312500061,0.8080654114309073,-0.5777209161513882,-0.7279906171826318,-0.13984646294441605,-0.45540445323600787,-0.4619449534315806,-0.06257945156519114,-0.3741376248912309,0,2,1,1,2,1
0,4,0.2452065931141692,0.4284322930072548,0.3648357436473767,-0.5542314101429997,1.650148808067554,1.2368071847210114,1.2112215543033884,0.8080654114309073,0.9929207532211743,1.4160371125129294,1.2488289140936326,-0.45540445323600787,-0.4619449534315806,0.7375243519228055,0.3372432492437474,0,0,0,1,2,2
1,3,-0.5760593616620912,-0.546248199186216,-0.6524354972917933,-0.5542314101429997,0.7918212666554512,2.0443364929604515,0.7183950829150397,0.8080654114309073,0.9929207532211743,0.7013612026144089,-0.13984646294441605,0.8060087184888338,0.6514320823877386,1.1820264649716936,-0.7298280619587201,0,2,0,0,2,2
1,2,-0.6166157051078325,0.1330745681001422,-0.049973888580246394,-0.5542314101429997,0.6403517005239038,0.5959109083405043,0.22556861152669114,-0.0761317825645646,-0.5777209161513882,-1.4426665270811523,-1.5285218399824647,0.17530213262641298,0.09474356447807901,0.026320971044586007,-0.018447187823741776,0,0,2,1,0,2
0,3,-0.2110522706504194,-0.1918189292976814,-0.05985030839518923,-0.5542314101429997,0.034473435997713554,-0.9294222294451011,-1.2529108026383546,1.6922626054263792,-1.3630417508376695,-1.4426665270811523,-0.13984646294441605,-1.0861110390984288,-1.0186334713412402,-0.06257945156519114,0.6929336863112365,1,1,0,1,2,2
0,2,-0.8092583364751039,-0.053985324341028276,-0.3956485821032654,-0.5542314101429997,-0.3189555516425639,0.10882973829131941,-1.7457372740267034,-1.8445261705555083,-1.3630417508376695,1.4160371125129294,-1.5285218399824647,-1.0861110390984288,0.09474356447807901,0.026320971044586007,1.4043145604462148,1,1,1,1,2,1
1,1,-0.008270553421713765,0.536730125473197,0.2858243851278298,-0.5542314101429997,-0.1674859855110162,-0.006531591457170748,0.22556861152669114,-0.0761317825645646,0.9929207532211743,-0.013314707284111467,-0.13984646294441605,0.8060087184888338,0.09474356447807901,0.2930222388739182,-1.4412089360936984,0,0,2,1,1,2
0,4,0.7825781437702404,0.7040995029205597,0.9179152532842066,1.0070502643874932,0.48888213439235634,0.621546759395725,0.7183950829150397,0.8080654114309073,0.9929207532211743,-1.4426665270811523,1.2488289140936326,0.17530213262641298,-1.0186334713412402,0.20412181626414108,0.3372432492437474,0,2,0,1,1,1
0,4,-0.02854872514458397,-0.4084145942295643,-0.2870079641388872,-0.5542314101429997,0.18594300212926143,-0.544884463616797,-2.238563745415052,-0.0761317825645646,-1.3630417508376695,1.4160371125129294,-0.13984646294441605,-0.45540445323600787,-1.5753219892508998,0.6486239293130284,-1.7968993731611875,0,2,0,1,1,2
1,2,-0.07924415445176128,-0.39856933673265965,0.947544512729038,-0.5542314101429997,-0.41993526239692874,-0.583338240199627,-2.238563745415052,-0.0761317825645646,-2.1483625855239508,-0.013314707284111467,-1.5285218399824647,-1.7168176249608496,0.09474356447807901,0.6486239293130284,1.4043145604462148,1,1,2,1,1,2
1,2,0.2452065931141692,0.04446725062800927,-0.8795931530354912,-0.5542314101429997,-1.6316917914493092,-1.5831364313532184,0.7183950829150397,0.8080654114309073,0.9929207532211743,-0.7279906171826318,-0.13984646294441605,0.8060087184888338,0.09474356447807901,-1.396085790711853,1.4043145604462148,0,2,0,0,2,2
1,3,0.0018685324397213377,-0.8120701516026176,-0.7808289548860572,-0.5542314101429997,0.3374125682608089,-0.09625707015044209,-0.7600843312500061,-0.9603289765600365,-0.5777209161513882,-1.4426665270811523,-0.13984646294441605,-0.45540445323600787,0.09474356447807901,-1.751687481150963,0.6929336863112365,0,2,2,1,2,2
1,1,-1.072874568872422,-1.0286658165345004,-0.5635477189573035,1.0070502643874932,-0.36944540701974643,0.8522694188927071,-1.2529108026383546,-0.0761317825645646,-1.3630417508376695,-1.4426665270811523,-1.5285218399824647,-1.0861110390984288,0.09474356447807901,-0.6848824098336335,0.3372432492437474,0,2,1,0,2,1
0,1,-0.06910506859032618,-0.7726891216150035,-0.05985030839518923,1.0070502643874932,0.6908415559010865,0.37800617437113343,-0.7600843312500061,1.6922626054263792,-1.3630417508376695,-1.4426665270811523,-0.13984646294441605,-1.7168176249608496,-1.5753219892508998,-0.32928071939452414,0.6929336863112365,1,1,1,1,1,1
0,1,-0.8092583364751039,-0.07367583933483607,-1.2944027852631144,1.0070502643874932,1.5491690973131889,1.300896812359062,-0.7600843312500061,-0.0761317825645646,-1.3630417508376695,-0.013314707284111467,-0.13984646294441605,-0.45540445323600787,-1.0186334713412402,0.5597235067032504,-1.7968993731611875,0,2,1,0,0,1
0,2,-0.44425124546343214,-0.33949779175123773,-0.6919411765515674,-0.5542314101429997,0.8928009774098163,-0.09625707015044209,1.2112215543033884,-0.9603289765600365,0.20759991853489304,-1.4426665270811523,-0.13984646294441605,0.17530213262641298,-0.4619449534315806,0.026320971044586007,-0.7298280619587201,0,2,0,1,1,2
1,1,0.03228579002402845,-0.30996201926052674,0.019161050124357693,1.0070502643874932,-0.36944540701974643,0.18573729145698134,-1.2529108026383546,0.8080654114309073,-1.3630417508376695,1.4160371125129294,1.2488289140936326,-1.0861110390984288,-1.0186334713412402,0.8264247745325835,-1.4412089360936984,0,2,1,1,1,2
0,0,-0.6166157051078325,-0.8317606665964254,-0.7413232756262844,-0.5542314101429997,1.650148808067554,2.0699723440156705,-0.2672578598616575,-0.0761317825645646,-0.5777209161513882,-0.7279906171826318,-0.13984646294441605,-1.0861110390984288,-1.0186334713412402,1.1820264649716936,1.4043145604462148,1,1,1,0,1,2
1,1,0.9448035175532057,1.6098631926357054,-0.2178730254342845,-0.5542314101429997,0.8928009774098163,0.24982691909503205,1.2112215543033884,-0.0761317825645646,0.9929207532211743,1.4160371125129294,-0.13984646294441605,0.17530213262641298,1.2081206002973983,1.804329423240135,-1.0855184990262092,0,1,2,1,1,2
0,4,-1.0323182254266807,0.014931478137296887,-1.3042792050780578,-0.5542314101429997,1.0442705435413637,1.570073248438876,-1.7457372740267034,-0.0761317825645646,-2.1483625855239508,-1.4426665270811523,-1.5285218399824647,-2.3475242108232703,-0.4619449534315806,-0.06257945156519114,-1.4412089360936984,0,0,1,1,2,1
0,1,-0.1299395837589368,-0.8809869540809442,-0.5141656198825865,-0.5542314101429997,0.3879024236379912,0.45491372753679354,1.2112215543033884,0.8080654114309073,0.9929207532211743,-0.013314707284111467,1.2488289140936326,1.4367153043512546,0.09474356447807901,1.093126042361915,1.0486241233787257,0,0,2,1,2,2
1,4,0.13367664863838127,1.0289930003183847,0.10804882845884886,-0.5542314101429997,0.7918212666554512,-0.03216744251239139,-1.7457372740267034,0.8080654114309073,-2.1483625855239508,-1.4426665270811523,1.2488289140936326,-1.0861110390984288,0.09474356447807901,-0.9515836776629657,1.4043145604462148,0,2,1,1,2,1
1,1,1.0563334620289955,0.8025520778895973,1.391983404401491,-0.5542314101429997,0.3374125682608089,0.3523703233159128,0.7183950829150397,1.6922626054263792,0.9929207532211743,0.7013612026144089,1.2488289140936326,1.4367153043512546,1.2081206002973983,0.4708230840934733,-0.018447187823741776,0,1,0,1,1,2
1,3,-0.7484238213064915,-0.8908322115778474,0.49322920124164066,-0.5542314101429997,-0.7733642500372064,0.5190033551748442,0.7183950829150397,-0.9603289765600365,0.9929207532211743,-0.7279906171826318,-0.13984646294441605,0.17530213262641298,-1.0186334713412402,-0.7737828324434114,1.4043145604462148,0,1,1,1,2,2
1,3,1.0259162044446883,0.22168188557227655,0.8092746353198298,-0.5542314101429997,1.0947603989185466,0.33955239778830154,-0.7600843312500061,0.8080654114309073,-0.5777209161513882,-0.013314707284111467,1.2488289140936326,-0.45540445323600787,-0.4619449534315806,-0.4181811420043013,1.4043145604462148,1,1,0,1,1,2
1,3,1.2185588358119606,1.2751244377409785,0.947544512729038,1.0070502643874932,2.1045575064621964,1.2880788868314526,0.22556861152669114,0.8080654114309073,0.20759991853489304,0.7013612026144089,1.2488289140936326,0.17530213262641298,-1.0186334713412402,0.8264247745325835,-0.7298280619587201,0,2,2,1,1,2
1,4,0.08298121933120396,-0.9991300440437896,0.47347636161175355,-0.5542314101429997,-0.8743439607915715,-0.7371533465309491,-0.2672578598616575,0.8080654114309073,-0.5777209161513882,-0.7279906171826318,-0.13984646294441605,-1.0861110390984288,-1.0186334713412402,-0.4181811420043013,-0.3741376248912309,0,0,1,1,0,2
1,2,0.2452065931141692,0.5662658979639079,-0.8005817945159442,-0.5542314101429997,1.0947603989185466,0.9676307486411991,0.7183950829150397,-0.0761317825645646,0.9929207532211743,-1.4426665270811523,1.2488289140936326,1.4367153043512546,0.09474356447807901,-0.7737828324434114,0.3372432492437474,0,1,1,1,1,2
0,1,1.4517578106249716,1.5507916476542833,1.638893899775076,-0.5542314101429997,1.9530879403306491,2.249423301402213,-0.7600843312500061,0.8080654114309073,-0.5777209161513882,-1.4426665270811523,1.2488289140936326,-1.0861110390984288,-1.0186334713412402,1.093126042361915,-1.0855184990262092,0,2,0,1,1,2
1,1,0.995498946860383,1.5409463901573788,0.6512519182807359,-0.5542314101429997,-0.7228743946600239,-0.4167052083406956,1.2112215543033884,1.6922626054263792,0.9929207532211743,-0.7279906171826318,1.2488289140936326,0.17530213262641298,-1.0186334713412402,0.20412181626414108,1.0486241233787257,0,2,0,1,2,2
0,1,0.48854465378861706,0.3595154905289283,-0.7215704359963974,-0.5542314101429997,-0.5209149731512939,-0.6474278678376777,0.22556861152669114,-0.9603289765600365,0.9929207532211743,-1.4426665270811523,-0.13984646294441605,0.17530213262641298,0.6514320823877386,-0.9515836776629657,1.4043145604462148,0,1,0,1,1,2
0,4,0.5493791689572295,1.1372908327843254,0.5623641399462448,-0.5542314101429997,0.18594300212926143,-0.3654335062302561,0.7183950829150397,-0.0761317825645646,0.9929207532211743,0.7013612026144089,-0.13984646294441605,0.17530213262641298,0.09474356447807901,1.2709268875814708,-1.0855184990262092,0,2,1,1,1,2
1,1,0.03228579002402845,-0.3198072767574299,0.5623641399462448,-0.5542314101429997,1.2462299650500939,0.019104259598048075,0.22556861152669114,-0.9603289765600365,0.9929207532211743,-0.7279906171826318,-0.13984646294441605,0.8060087184888338,-0.4619449534315806,0.20412181626414108,1.4043145604462148,0,1,0,1,1,2
1,1,0.4074319668971344,0.6844089879267533,-0.4351542613630382,-0.5542314101429997,-0.21797584088819877,0.37800617437113343,1.2112215543033884,1.6922626054263792,0.9929207532211743,0.7013612026144089,1.2488289140936326,0.17530213262641298,-1.0186334713412402,0.38192266148369614,0.3372432492437474,1,2,0,1,0,2
1,2,-0.9309273668123279,-0.9794395290499818,-1.6993359976757938,1.0070502643874932,-1.025813526923119,-1.5959543568808288,1.2112215543033884,-0.0761317825645646,0.9929207532211743,1.4160371125129294,-0.13984646294441605,0.8060087184888338,0.6514320823877386,-1.396085790711853,1.4043145604462148,1,1,0,1,0,2
1,2,-1.3466298871311753,-0.8219154090995222,-1.2055150069286238,1.0070502643874932,-0.36944540701974643,-0.07062121909522144,1.2112215543033884,-0.0761317825645646,0.20759991853489304,-0.013314707284111467,-1.5285218399824647,-1.0861110390984288,-0.4619449534315806,0.026320971044586007,-0.3741376248912309,0,0,1,1,0,2
1,1,0.7217436286016298,0.1921461130815656,0.6413754984657917,-0.5542314101429997,-0.11699613013383389,-0.40388728281308617,0.7183950829150397,-0.9603289765600365,-0.5777209161513882,1.4160371125129294,1.2488289140936326,-0.45540445323600787,0.6514320823877386,-0.5959819872238563,-1.4412089360936984,0,2,2,1,0,2
1,2,0.6406309417101472,1.61970845013261,-0.19812018580439741,-0.5542314101429997,-1.6821816468264914,-1.2498703676353546,-0.2672578598616575,-0.0761317825645646,-0.5777209161513882,-1.4426665270811523,1.2488289140936326,-0.45540445323600787,1.7648091182070578,1.093126042361915,-1.7968993731611875,0,2,0,1,1,2
0,1,0.9143862599689003,0.6351827004422346,0.1870601869783958,-0.5542314101429997,1.0947603989185466,1.4034402165799447,1.2112215543033884,0.8080654114309073,0.9929207532211743,1.4160371125129294,1.2488289140936326,1.4367153043512546,1.2081206002973983,-0.9515836776629657,0.6929336863112365,0,2,0,1,2,2
1,0,-1.1438481699024696,-0.4281051092233721,-2.0548871110137563,1.0070502643874932,-0.41993526239692874,0.24982691909503205,-0.2672578598616575,-1.8445261705555083,0.20759991853489304,-0.7279906171826318,1.2488289140936326,0.17530213262641298,0.09474356447807901,0.4708230840934733,-0.3741376248912309,0,1,2,1,0,1
1,2,0.5088228255114873,-0.1819736718007782,-0.7808289548860572,-0.5542314101429997,0.3374125682608089,0.5830929828128949,1.2112215543033884,-0.0761317825645646,0.20759991853489304,-0.7279906171826318,-0.13984646294441605,0.17530213262641298,0.6514320823877386,0.026320971044586007,1.4043145604462148,0,2,1,0,1,2
0,4,0.2452065931141692,1.0486835153121912,0.5623641399462448,1.0070502643874932,-1.8841410683352218,-0.6858816444205096,0.22556861152669114,-0.0761317825645646,0.9929207532211743,1.4160371125129294,-0.13984646294441605,-1.0861110390984288,0.6514320823877386,0.026320971044586007,1.4043145604462148,0,2,2,1,1,2
0,1,0.12353756277694616,0.3299797180382173,-0.5635477189573035,-0.5542314101429997,-1.6316917914493092,-2.275304409844166,-0.2672578598616575,-0.0761317825645646,0.20759991853489304,0.7013612026144089,-1.5285218399824647,-1.0861110390984288,0.09474356447807901,-1.8405879037607402,0.6929336863112365,0,2,0,1,2,2
0,2,-0.1502177554818088,0.5465753829701002,0.04879030956918762,2.568331938917986,1.0947603989185466,0.9676307486411991,-1.2529108026383546,-0.0761317825645646,-2.1483625855239508,-1.4426665270811523,-0.13984646294441605,-1.0861110390984288,-1.0186334713412402,0.4708230840934733,-0.7298280619587201,0,0,0,1,2,1
1,2,-0.5253639323549147,-0.36903356424194866,-0.33639006321360415,2.568331938917986,1.1957401096729117,2.467328035371586,-1.2529108026383546,-0.0761317825645646,-1.3630417508376695,-0.013314707284111467,-0.13984646294441605,-1.7168176249608496,-1.0186334713412402,-1.0404841002727436,1.4043145604462148,0,1,2,1,1,1
1,2,0.7622999720473702,1.2554339227471707,0.43397068235198083,-0.5542314101429997,2.0035777957078316,0.7112722380889963,1.2112215543033884,-0.0761317825645646,0.9929207532211743,-0.013314707284111467,1.2488289140936326,1.4367153043512546,0.09474356447807901,-1.751687481150963,-0.018447187823741776,0,0,2,1,0,2
1,3,-0.2414695282347265,0.46781332299487044,0.2166894464232257,-0.5542314101429997,-0.41993526239692874,-0.3654335062302561,-1.2529108026383546,-0.9603289765600365,-0.5777209161513882,-0.7279906171826318,-1.5285218399824647,-2.3475242108232703,0.6514320823877386,-0.32928071939452414,1.4043145604462148,0,2,1,1,2,2
1,1,-0.8802319375051506,-0.6053197441676393,-0.7018175963665103,2.568331938917986,1.1452502542957288,1.2752609613038433,-0.2672578598616575,0.8080654114309073,0.20759991853489304,-0.7279906171826318,-0.13984646294441605,0.17530213262641298,-1.5753219892508998,0.2930222388739182,-1.7968993731611875,0,1,2,1,0,1
0,2,-1.5494116043598818,-0.8022248941057144,-2.0055050119390394,1.0070502643874932,-0.5209149731512939,-0.8653326018070505,-0.2672578598616575,-0.9603289765600365,-0.5777209161513882,-1.4426665270811523,-1.5285218399824647,-0.45540445323600787,0.6514320823877386,1.804329423240135,-0.018447187823741776,0,2,1,1,1,2
0,3,0.2350675072527341,1.1569813477781332,0.31545364457265973,-0.5542314101429997,0.7413314112782688,2.1212440461261117,-0.2672578598616575,-0.9603289765600365,-0.5777209161513882,1.4160371125129294,-1.5285218399824647,-1.0861110390984288,0.6514320823877386,0.9153251971423606,0.6929336863112365,0,1,1,1,0,2
1,1,-1.0830136547338571,-1.0483563315283082,0.34508290401748964,-0.5542314101429997,-0.3189555516425639,-1.2755062186905752,-1.2529108026383546,-0.9603289765600365,-1.3630417508376695,1.4160371125129294,-0.13984646294441605,-0.45540445323600787,-1.5753219892508998,0.9153251971423606,0.6929336863112365,0,2,2,1,0,1
0,1,-1.2655172002396935,-0.6250102591614471,0.05866672938413186,-0.5542314101429997,-0.2684656962653813,-0.3782514317578655,0.7183950829150397,-0.9603289765600365,0.9929207532211743,-1.4426665270811523,-0.13984646294441605,0.17530213262641298,-0.4619449534315806,-0.6848824098336335,-0.7298280619587201,1,1,1,1,2,2
0,4,-0.48480758890917347,-0.28042624676981576,-0.22774944524922733,-0.5542314101429997,-0.5714048285284764,0.03192218512565931,-1.7457372740267034,-0.9603289765600365,-2.1483625855239508,1.4160371125129294,-0.13984646294441605,-0.45540445323600787,-0.4619449534315806,-1.2182849454922986,-0.018447187823741776,0,1,1,1,2,2
0,1,0.7521608861859351,0.6548732154360409,0.8290274749497168,-0.5542314101429997,1.2967198204272763,0.5061854296472348,0.7183950829150397,-0.0761317825645646,0.20759991853489304,0.7013612026144089,1.2488289140936326,0.8060087184888338,1.2081206002973983,-0.06257945156519114,-1.7968993731611875,0,0,2,1,2,2
1,4,0.4074319668971344,0.5071943529824846,0.8586567343945467,-0.5542314101429997,0.18594300212926143,-0.12189292120566274,-0.7600843312500061,-0.0761317825645646,-0.5777209161513882,1.4160371125129294,-0.13984646294441605,-1.7168176249608496,0.09474356447807901,0.8264247745325835,0.3372432492437474,1,0,2,1,1,2
0,1,1.1070288913361708,1.1372908327843254,0.6611283380956787,-0.5542314101429997,0.13545314675207865,-0.7243354210033397,-0.7600843312500061,-0.0761317825645646,-0.5777209161513882,-1.4426665270811523,-0.13984646294441605,-0.45540445323600787,0.09474356447807901,-0.8626832550531885,-0.7298280619587201,0,2,1,1,2,2
0,2,-0.6166157051078325,-0.7825343791119066,-0.3166372235837185,-0.5542314101429997,-1.4297323699405788,-0.544884463616797,-1.7457372740267034,0.8080654114309073,-2.1483625855239508,-1.4426665270811523,-0.13984646294441605,0.17530213262641298,-1.0186334713412402,0.2930222388739182,-0.7298280619587201,0,0,2,1,1,2
1,4,0.16409390622268658,0.5761111554608112,-0.3462664830285484,-0.5542314101429997,-0.1674859855110162,-0.2244363254265435,1.2112215543033884,-0.0761317825645646,0.9929207532211743,-1.4426665270811523,-0.13984646294441605,1.4367153043512546,0.6514320823877386,0.9153251971423606,-1.0855184990262092,0,2,0,1,0,2
1,2,0.08298121933120396,-0.1819736718007782,0.75001611643017,-0.5542314101429997,-0.11699613013383389,-0.3013438785922054,-0.2672578598616575,-1.8445261705555083,-0.5777209161513882,0.7013612026144089,-0.13984646294441605,-0.45540445323600787,-1.0186334713412402,0.6486239293130284,1.0486241233787257,0,2,2,1,1,1
1,3,1.1881415782276534,0.41858703551035165,2.182096989596963,-0.5542314101429997,0.7918212666554512,1.1727175570829607,0.7183950829150397,0.8080654114309073,0.9929207532211743,-1.4426665270811523,-0.13984646294441605,0.17530213262641298,1.7648091182070578,0.9153251971423606,1.4043145604462148,0,1,1,1,1,2
0,1,0.8231344872159826,-0.014604294353414097,0.7598925362451128,-0.5542314101429997,0.034473435997713554,-0.19880047437132284,1.2112215543033884,0.8080654114309073,0.20759991853489304,-0.7279906171826318,-0.13984646294441605,0.8060087184888338,0.6514320823877386,0.5597235067032504,-1.0855184990262092,1,2,1,1,0,2
0,2,-0.9714837102580692,-1.0089753015406928,-0.7413232756262844,4.1296136134484795,-0.21797584088819877,-0.19880047437132284,-1.7457372740267034,-0.9603289765600365,-1.3630417508376695,-1.4426665270811523,-0.13984646294441605,-1.7168176249608496,0.09474356447807901,-1.8405879037607402,1.0486241233787257,1,0,1,1,2,1
1,4,-0.4543903313248673,-0.7037723191366769,0.31545364457265973,-0.5542314101429997,1.1452502542957288,0.890723195475539,-1.2529108026383546,-0.9603289765600365,-2.1483625855239508,1.4160371125129294,-1.5285218399824647,-1.7168176249608496,-1.5753219892508998,0.6486239293130284,-0.018447187823741776,0,1,0,1,2,2
0,4,0.46826648206574684,-0.9203679840685598,0.10804882845884886,-0.5542314101429997,-0.7228743946600239,-0.8012429741689998,-0.7600843312500061,-0.0761317825645646,-0.5777209161513882,-1.4426665270811523,1.2488289140936326,-0.45540445323600787,1.2081206002973983,0.11522139365436314,0.3372432492437474,0,2,2,1,1,2
0,1,0.10325939105407415,0.4875038379886782,-0.6820647567366231,-0.5542314101429997,-1.126793237677484,-1.5190468037151679,0.7183950829150397,-0.9603289765600365,0.20759991853489304,-0.013314707284111467,-0.13984646294441605,-0.45540445323600787,1.2081206002973983,-0.7737828324434114,0.6929336863112365,0,2,1,1,1,2
0,2,-2.0259486398473423,-1.5012381763858804,-1.4030434032274919,-0.5542314101429997,-0.5714048285284764,-1.1345090378868636,-1.2529108026383546,-1.8445261705555083,-1.3630417508376695,-0.013314707284111467,-2.9171972170205134,-1.7168176249608496,-0.4619449534315806,-1.662787058541186,1.4043145604462148,0,1,0,1,0,2
0,3,0.052563961746898646,0.5564206404670033,0.44384710216692363,-0.5542314101429997,1.3976995311816414,2.057154418488061,-1.7457372740267034,-0.0761317825645646,-1.3630417508376695,-0.7279906171826318,-0.13984646294441605,-1.0861110390984288,0.09474356447807901,-0.6848824098336335,1.4043145604462148,1,1,2,1,1,2
0,1,1.7559303864680318,1.7476967975923585,2.3006140273762825,-0.5542314101429997,0.3374125682608089,0.9163590465307578,1.2112215543033884,-0.0761317825645646,0.9929207532211743,-0.7279906171826318,1.2488289140936326,1.4367153043512546,0.6514320823877386,-0.7737828324434114,1.4043145604462148,0,2,1,1,0,2
1,2,1.7559303864680318,2.102126067480893,1.5697589610704719,-0.5542314101429997,-0.823854105414389,-1.7625873887397603,1.2112215543033884,1.6922626054263792,0.9929207532211743,0.7013612026144089,1.2488289140936326,1.4367153043512546,-0.4619449534315806,-0.8626832550531885,-0.7298280619587201,0,0,2,1,0,2
1,3,1.370645123733489,0.43827755050415945,1.8561751357038296,-0.5542314101429997,-0.06650627475665133,0.46773165306440295,-1.2529108026383546,1.6922626054263792,-0.5777209161513882,-0.7279906171826318,1.2488289140936326,0.17530213262641298,-1.0186334713412402,0.11522139365436314,-1.4412089360936984,1,1,2,0,2,2
1,4,-0.49494667477060855,-0.5856292291738315,-0.9092224124803225,-0.5542314101429997,-0.1674859855110162,0.4292778764815729,-2.238563745415052,-0.0761317825645646,-1.3630417508376695,1.4160371125129294,-0.13984646294441605,-1.0861110390984288,-0.4619449534315806,-0.5070815646140784,-0.7298280619587201,0,1,2,1,2,2
0,1,-0.36313855857194954,-0.24104521678220017,-0.0005917895055293878,-0.5542314101429997,-0.47042511777411133,-0.7243354210033397,1.2112215543033884,-0.0761317825645646,0.9929207532211743,-0.7279906171826318,-1.5285218399824647,0.17530213262641298,2.3214976361167174,1.093126042361915,0.3372432492437474,1,0,1,1,2,2
1,3,-0.41383398787912595,-0.5757839716769284,-0.30676080376877424,1.0070502643874932,-1.8336512129580391,-1.8010411653225913,-0.7600843312500061,-0.0761317825645646,-0.5777209161513882,0.7013612026144089,-0.13984646294441605,-0.45540445323600787,-1.0186334713412402,-0.8626832550531885,0.3372432492437474,0,1,1,1,2,2
1,4,-1.6508024629742355,-2.0821083687032025,-0.9783573511849252,1.0070502643874932,0.43839227901517397,0.24982691909503205,-2.238563745415052,-0.0761317825645646,-2.1483625855239508,0.7013612026144089,-1.5285218399824647,-2.3475242108232703,-1.0186334713412402,0.026320971044586007,1.0486241233787257,0,2,1,0,1,1
0,3,1.4112014671792312,1.9544472050273367,1.550006121440585,-0.5542314101429997,-0.5209149731512939,-0.16034669778849278,-0.2672578598616575,0.8080654114309073,-0.5777209161513882,1.4160371125129294,1.2488289140936326,-0.45540445323600787,0.6514320823877386,1.5376281554108022,0.6929336863112365,1,2,0,1,2,2
1,3,0.07284213346976885,0.4579680654979658,0.39446500309220667,1.0070502643874932,0.23643285750644377,0.5574571317576743,-0.2672578598616575,-1.8445261705555083,-0.5777209161513882,-1.4426665270811523,-0.13984646294441605,-1.0861110390984288,-1.0186334713412402,0.38192266148369614,1.4043145604462148,0,1,1,1,2,1
1,4,0.10325939105407415,-0.5659387141800237,-0.2475022848791144,-0.5542314101429997,0.5393719897695386,0.40364202542635225,-0.7600843312500061,-0.9603289765600365,-0.5777209161513882,0.7013612026144089,-0.13984646294441605,0.17530213262641298,-0.4619449534315806,0.11522139365436314,-0.018447187823741776,0,0,2,1,1,2
1,2,-0.1603568413432439,-0.11305686932245164,-0.2475022848791144,-0.5542314101429997,-2.035610634466769,-0.28852595306459417,0.22556861152669114,-0.0761317825645646,-0.5777209161513882,-0.7279906171826318,1.2488289140936326,-0.45540445323600787,0.09474356447807901,0.2930222388739182,1.0486241233787257,1,2,1,1,0,2
1,1,0.9346644316917705,0.3004439455475063,1.026555871248585,-0.5542314101429997,-0.7733642500372064,-0.21161839989893408,1.2112215543033884,-1.8445261705555083,0.9929207532211743,-0.7279906171826318,1.2488289140936326,0.17530213262641298,-0.4619449534315806,0.9153251971423606,-0.7298280619587201,0,1,1,1,1,2
0,1,1.6646786137151142,0.7237900179143675,1.0166794514336406,-0.5542314101429997,-0.21797584088819877,-0.16034669778849278,0.7183950829150397,1.6922626054263792,0.9929207532211743,-1.4426665270811523,-0.13984646294441605,-0.45540445323600787,-1.0186334713412402,0.8264247745325835,-1.4412089360936984,0,1,0,1,1,2
0,2,1.7559303864680318,1.5114106176666677,1.7771637771842828,-0.5542314101429997,0.48888213439235634,0.24982691909503205,-0.2672578598616575,0.8080654114309073,-0.5777209161513882,0.7013612026144089,1.2488289140936326,-0.45540445323600787,0.09474356447807901,-0.5959819872238563,-0.7298280619587201,0,1,2,1,1,2
1,2,-0.04882689686745417,1.009302485324577,0.30557722475771687,1.0070502643874932,-0.6723845392828413,-0.5961561657272383,-1.2529108026383546,0.8080654114309073,-2.1483625855239508,1.4160371125129294,-0.13984646294441605,-2.3475242108232703,0.6514320823877386,0.4708230840934733,-0.018447187823741776,1,1,1,1,0,1
0,4,1.7255131288837264,1.3046602102316895,1.668523159219906,-0.5542314101429997,0.7918212666554512,1.762342131353028,0.22556861152669114,1.6922626054263792,0.20759991853489304,-0.013314707284111467,1.2488289140936326,0.8060087184888338,0.6514320823877386,-2.6406917072487377,1.4043145604462148,1,0,2,1,2,2
1,3,-1.3770471447154813,-1.2846425114539983,-1.2153914267435675,-0.5542314101429997,-2.035610634466769,-1.5831364313532184,1.2112215543033884,-0.0761317825645646,0.9929207532211743,1.4160371125129294,-0.13984646294441605,0.8060087184888338,1.2081206002973983,-1.751687481150963,-0.7298280619587201,0,2,2,1,0,2
1,1,-1.0525963971495509,-1.2649519964601905,-0.7709525350711144,-0.5542314101429997,-0.11699613013383389,0.2241910680398114,-1.2529108026383546,-0.0761317825645646,-1.3630417508376695,0.7013612026144089,-0.13984646294441605,-1.7168176249608496,-1.5753219892508998,-0.9515836776629657,1.4043145604462148,0,0,0,1,1,2
0,1,-0.5355030182163499,0.09369353811252804,0.3352064842025468,-0.5542314101429997,-1.4802222253177615,-2.0445817503471835,0.7183950829150397,-1.8445261705555083,0.20759991853489304,-0.013314707284111467,-0.13984646294441605,-0.45540445323600787,-1.0186334713412402,0.8264247745325835,1.0486241233787257,0,2,1,1,1,2
0,1,-1.5595506902213168,-1.8950484762620305,-1.3931669834125484,-0.5542314101429997,-1.227772948431849,-1.4421392505495068,-0.2672578598616575,-1.8445261705555083,0.20759991853489304,-0.013314707284111467,-1.5285218399824647,0.8060087184888338,-1.0186334713412402,0.026320971044586007,-0.3741376248912309,0,2,2,1,1,2
0,1,1.0259162044446883,0.8813141378648284,1.2043314279175659,1.0070502643874932,1.1957401096729117,0.9419948975859785,1.2112215543033884,0.8080654114309073,0.9929207532211743,-0.013314707284111467,1.2488289140936326,1.4367153043512546,0.6514320823877386,1.804329423240135,0.6929336863112365,0,1,1,1,1,2
0,4,-2.624154705672026,-2.407001866101026,-2.4005618045367756,2.568331938917986,-0.8743439607915715,0.37800617437113343,-1.2529108026383546,-1.8445261705555083,-0.5777209161513882,-0.7279906171826318,-2.9171972170205134,-0.45540445323600787,-0.4619449534315806,-1.2182849454922986,1.4043145604462148,1,2,1,1,0,1
1,2,0.5797964265415347,0.7730163053988862,0.5821169795761318,1.0070502643874932,2.2055372172165617,2.5955072906476873,0.22556861152669114,1.6922626054263792,0.9929207532211743,1.4160371125129294,-0.13984646294441605,0.17530213262641298,0.6514320823877386,-0.5959819872238563,-1.0855184990262092,0,0,2,1,1,2
1,1,0.3567365375899571,0.22168188557227655,0.10804882845884886,-0.5542314101429997,-1.328752659186214,-2.288122335371776,0.7183950829150397,-0.0761317825645646,0.20759991853489304,0.7013612026144089,-0.13984646294441605,0.17530213262641298,0.09474356447807901,0.5597235067032504,-0.7298280619587201,1,1,2,1,2,2
1,3,-0.41383398787912595,-0.7726891216150035,-0.6820647567366231,-0.5542314101429997,1.0442705435413637,0.4292778764815729,0.22556861152669114,-0.0761317825645646,0.20759991853489304,-0.013314707284111467,-0.13984646294441605,0.8060087184888338,-0.4619449534315806,-0.2403802967847462,-0.3741376248912309,0,2,0,1,2,2
1,4,-1.1742654274867748,-1.0778921040190192,-1.373414143782662,1.0070502643874932,-0.21797584088819877,-0.13471084673327213,0.22556861152669114,-0.0761317825645646,0.20759991853489304,-0.7279906171826318,-1.5285218399824647,-1.0861110390984288,1.7648091182070578,0.5597235067032504,1.0486241233787257,0,2,1,0,1,2
1,1,-0.04882689686745417,-0.12290212681935483,0.6611283380956787,1.0070502643874932,0.18594300212926143,0.4933675041196236,1.2112215543033884,-0.9603289765600365,0.9929207532211743,-1.4426665270811523,-0.13984646294441605,1.4367153043512546,-0.4619449534315806,0.11522139365436314,1.4043145604462148,0,0,2,1,1,2
1,3,1.7559303864680318,1.5409463901573788,1.3129720458819427,-0.5542314101429997,0.034473435997713554,0.8138156423098771,1.2112215543033884,0.8080654114309073,0.9929207532211743,-0.013314707284111467,1.2488289140936326,0.17530213262641298,0.09474356447807901,-0.2403802967847462,-0.7298280619587201,0,2,2,1,1,2
1,4,0.33645836586708694,-0.053985324341028276,-0.4154014217331525,-0.5542314101429997,-0.06650627475665133,-0.7627891975861697,0.22556861152669114,-0.0761317825645646,0.20759991853489304,-0.7279906171826318,-0.13984646294441605,0.17530213262641298,-0.4619449534315806,-0.5070815646140784,0.3372432492437474,0,0,0,1,2,2
1,3,-2.0360877257087773,-2.239632488653662,-1.5906953797114163,2.568331938917986,-0.8743439607915715,-0.10907499567805332,-1.2529108026383546,-0.9603289765600365,-1.3630417508376695,-0.013314707284111467,-1.5285218399824647,-1.7168176249608496,-1.0186334713412402,0.6486239293130284,1.0486241233787257,1,1,1,1,0,1
1,4,0.9042471741074652,0.6351827004422346,0.9179152532842066,-0.5542314101429997,0.034473435997713554,0.21137314251220016,0.22556861152669114,1.6922626054263792,0.9929207532211743,-0.013314707284111467,-0.13984646294441605,-0.45540445323600787,0.09474356447807901,0.7375243519228055,-0.3741376248912309,1,2,0,1,1,2
0,0,1.1577243206433483,1.1963623777657475,1.2932192062520569,-0.5542314101429997,-1.2782628038090316,-1.826677016377811,0.7183950829150397,-0.0761317825645646,0.9929207532211743,1.4160371125129294,1.2488289140936326,1.4367153043512546,1.2081206002973983,-0.4181811420043013,-1.4412089360936984,0,2,2,1,2,2
1,4,-0.8396755940594093,-1.2551067389632866,-0.7314468558113402,1.0070502643874932,0.3374125682608089,-1.1216911123592532,-2.7313902168034008,-0.0761317825645646,-2.1483625855239508,-0.013314707284111467,-0.13984646294441605,-1.7168176249608496,-1.0186334713412402,-0.2403802967847462,-0.018447187823741776,0,1,2,1,0,2
0,3,-0.8498146799208453,-0.41825985172646746,-0.6129298180320205,-0.5542314101429997,-0.3189555516425639,0.03192218512565931,0.22556861152669114,-0.9603289765600365,0.20759991853489304,0.7013612026144089,-1.5285218399824647,0.8060087184888338,0.09474356447807901,1.626528578020581,-0.018447187823741776,0,2,2,1,0,2
1,3,-0.35299947271051446,0.3595154905289283,-1.126503648409077,-0.5542314101429997,-0.06650627475665133,0.660000535978555,-1.2529108026383546,-0.0761317825645646,-0.5777209161513882,-0.013314707284111467,-0.13984646294441605,-0.45540445323600787,-1.0186334713412402,0.4708230840934733,-1.0855184990262092,0,1,0,1,0,2
1,2,0.3567365375899571,-0.2508904742791034,1.589511800700359,-0.5542314101429997,0.6908415559010865,1.2752609613038433,0.22556861152669114,-0.0761317825645646,-0.5777209161513882,-0.013314707284111467,-0.13984646294441605,-1.0861110390984288,-1.0186334713412402,-2.2850900168096273,1.4043145604462148,0,0,2,1,2,2
0,3,-0.6571720485535738,-0.516712426695505,-0.02034462913541647,1.0070502643874932,-0.5209149731512939,-0.40388728281308617,0.7183950829150397,-0.0761317825645646,0.9929207532211743,-0.7279906171826318,-0.13984646294441605,1.4367153043512546,2.3214976361167174,-0.32928071939452414,0.3372432492437474,0,0,1,1,0,2
0,2,-2.1780349277688718,-1.9541200212434533,-2.193156988422964,-0.5542314101429997,-0.7228743946600239,-1.2883241442181856,0.7183950829150397,-0.9603289765600365,0.9929207532211743,1.4160371125129294,-2.9171972170205134,0.17530213262641298,0.09474356447807901,1.804329423240135,1.4043145604462148,0,1,0,0,2,2
1,3,-1.1844045133482108,-0.3001167617636221,-1.5906953797114163,1.0070502643874932,2.407496638725292,1.6469808016045362,-1.2529108026383546,-0.9603289765600365,-1.3630417508376695,0.7013612026144089,-0.13984646294441605,-0.45540445323600787,-1.5753219892508998,-0.4181811420043013,-0.018447187823741776,0,1,2,1,2,2
0,1,0.630491855848712,-0.08352109683174065,0.4833527814266978,-0.5542314101429997,0.9432908327869991,-0.14752877226088337,-0.7600843312500061,-0.9603289765600365,-0.5777209161513882,-0.013314707284111467,-0.13984646294441605,-0.45540445323600787,0.09474356447807901,1.5376281554108022,-1.7968993731611875,0,2,0,1,2,2
0,2,-1.1032918264567282,-0.5757839716769284,-0.8598403134056055,2.568331938917986,-0.3189555516425639,-1.0191477081383724,0.7183950829150397,-1.8445261705555083,0.9929207532211743,-0.7279906171826318,-0.13984646294441605,1.4367153043512546,0.6514320823877386,-0.06257945156519114,1.4043145604462148,1,1,1,1,1,2
1,1,-0.545642104077785,-1.1960351939818645,-0.5931769784021335,2.568331938917986,-1.2782628038090316,-1.1601448889420842,1.2112215543033884,-0.9603289765600365,0.9929207532211743,-0.013314707284111467,1.2488289140936326,0.17530213262641298,0.09474356447807901,-0.4181811420043013,-1.7968993731611875,0,2,2,0,2,2
1,1,-0.40369490201769087,-0.2016641867945846,-1.175885747483794,1.0070502643874932,0.3879024236379912,0.5702750572852855,0.7183950829150397,-0.0761317825645646,0.20759991853489304,-0.013314707284111467,-1.5285218399824647,-0.45540445323600787,-1.0186334713412402,-1.8405879037607402,-0.7298280619587201,0,2,1,1,0,2
1,4,0.09312030519263906,0.8911593953617316,0.40434142290715086,1.0070502643874932,0.43839227901517397,0.33955239778830154,0.22556861152669114,-0.0761317825645646,0.20759991853489304,-0.7279906171826318,1.2488289140936326,-0.45540445323600787,2.3214976361167174,0.7375243519228055,-0.3741376248912309,0,2,0,1,2,2
1,2,-0.2718867858190318,-1.6292265238456296,-0.48453636043775516,1.0070502643874932,-0.2684656962653813,-1.0191477081383724,-1.2529108026383546,0.8080654114309073,-0.5777209161513882,-0.013314707284111467,-0.13984646294441605,0.17530213262641298,-1.5753219892508998,1.804329423240135,-0.7298280619587201,1,2,2,1,2,1
1,1,-0.799119250613668,-0.900677469074752,-0.2870079641388872,1.0070502643874932,0.13545314675207865,0.6856363870337757,1.2112215543033884,-0.9603289765600365,0.9929207532211743,-0.7279906171826318,-0.13984646294441605,0.17530213262641298,-0.4619449534315806,0.20412181626414108,-0.018447187823741776,1,0,0,1,2,2
0,1,-0.5963375333849623,-0.9203679840685598,-0.2870079641388872,-0.5542314101429997,-1.025813526923119,-1.8138590908502015,0.22556861152669114,0.8080654114309073,0.9929207532211743,-1.4426665270811523,-0.13984646294441605,0.17530213262641298,0.6514320823877386,1.715429000630358,0.6929336863112365,0,2,2,0,2,2
1,1,-1.5798288619441878,-1.8556674462744158,-1.3832905635976054,-0.5542314101429997,-1.732671502203674,-2.1855789311508955,-1.2529108026383546,-0.9603289765600365,-0.5777209161513882,-0.013314707284111467,-1.5285218399824647,-1.0861110390984288,-0.4619449534315806,-0.8626832550531885,0.3372432492437474,0,2,0,1,0,2
1,3,-1.062735483010987,-1.6686075538332446,-1.1660093276688503,-0.5542314101429997,-0.06650627475665133,0.21137314251220016,0.7183950829150397,-0.9603289765600365,0.9929207532211743,-0.7279906171826318,-0.13984646294441605,0.17530213262641298,0.09474356447807901,-0.6848824098336335,-0.018447187823741776,0,0,2,1,1,2
1,1,0.7521608861859351,0.6351827004422346,0.6907575975405087,-0.5542314101429997,-1.5307120806949441,-1.2883241442181856,-0.7600843312500061,0.8080654114309073,-0.5777209161513882,1.4160371125129294,-0.13984646294441605,0.17530213262641298,0.09474356447807901,-0.5959819872238563,1.0486241233787257,0,2,1,1,2,2
0,1,1.7559303864680318,1.6689347376171286,1.1154436495830746,-0.5542314101429997,-0.7228743946600239,0.775361865727047,-0.7600843312500061,1.6922626054263792,-0.5777209161513882,-0.7279906171826318,1.2488289140936326,-1.0861110390984288,-1.0186334713412402,0.5597235067032504,-1.4412089360936984,0,2,1,1,0,2
0,1,-0.10966141203606658,-0.7234628341304847,-0.7215704359963974,-0.5542314101429997,0.8423111220326339,0.4933675041196236,0.7183950829150397,-0.0761317825645646,0.9929207532211743,-0.7279906171826318,-0.13984646294441605,-0.45540445323600787,1.2081206002973983,0.20412181626414108,-0.7298280619587201,1,2,1,0,1,2
1,2,-0.39355581615625573,-0.6545460316521581,0.39446500309220667,-0.5542314101429997,-0.9753236715459364,-0.8781505273346617,0.22556861152669114,-0.0761317825645646,0.20759991853489304,-0.7279906171826318,1.2488289140936326,0.17530213262641298,1.2081206002973983,0.6486239293130284,0.3372432492437474,0,1,2,1,1,2
1,1,0.853551744800288,0.5268848679762924,0.5327348805014148,-0.5542314101429997,0.3879024236379912,0.4933675041196236,1.2112215543033884,1.6922626054263792,0.9929207532211743,-0.013314707284111467,1.2488289140936326,0.17530213262641298,-0.4619449534315806,-0.32928071939452414,-0.3741376248912309,0,1,0,1,1,2
0,4,1.7559303864680318,1.432648557691438,1.5796353808854147,-0.5542314101429997,1.5996589526903715,1.7367062802978075,-0.7600843312500061,1.6922626054263792,-0.5777209161513882,-0.7279906171826318,1.2488289140936326,0.17530213262641298,0.6514320823877386,-0.5070815646140784,-1.7968993731611875,0,1,0,1,2,2
1,2,-2.4213729884433195,-2.397156608604122,-1.3339084645228885,-0.5542314101429997,-0.823854105414389,-0.698699569948119,-1.7457372740267034,-1.8445261705555083,-1.3630417508376695,1.4160371125129294,-1.5285218399824647,-1.0861110390984288,-0.4619449534315806,-0.9515836776629657,0.3372432492437474,0,2,2,1,2,2
1,3,0.33645836586708694,-0.22135470178839237,0.8882859938393767,1.0070502643874932,1.3976995311816414,0.5830929828128949,0.22556861152669114,-0.9603289765600365,0.9929207532211743,0.7013612026144089,-0.13984646294441605,0.17530213262641298,-1.0186334713412402,0.5597235067032504,-1.0855184990262092,0,2,2,1,1,2
0,3,-1.204682685071081,-0.7923796366088098,-2.045010691198813,2.568331938917986,-1.5307120806949441,-0.8396967507518298,-0.7600843312500061,-0.9603289765600365,-1.3630417508376695,-0.7279906171826318,-0.13984646294441605,-1.0861110390984288,-1.5753219892508998,-0.4181811420043013,-1.0855184990262092,0,2,2,1,1,2
1,3,0.21478933552986387,0.12322931060323902,-0.15861450654462325,-0.5542314101429997,1.8016183741991014,1.608527025021706,-1.7457372740267034,0.8080654114309073,-1.3630417508376695,-1.4426665270811523,-1.5285218399824647,-1.0861110390984288,-1.5753219892508998,0.026320971044586007,-0.7298280619587201,1,2,0,1,0,2
0,2,1.1982806640890886,0.7828615628957908,0.5722405597611876,-0.5542314101429997,-0.823854105414389,-0.3782514317578655,0.7183950829150397,-0.0761317825645646,0.9929207532211743,-0.7279906171826318,1.2488289140936326,0.17530213262641298,1.2081206002973983,-0.06257945156519114,-1.4412089360936984,0,2,1,1,2,2
0,3,1.3503669520106187,1.403112785200727,1.490747602550925,-0.5542314101429997,-1.025813526923119,-0.583338240199627,0.22556861152669114,-0.9603289765600365,0.9929207532211743,-1.4426665270811523,1.2488289140936326,-0.45540445323600787,0.6514320823877386,-0.32928071939452414,-0.3741376248912309,1,1,2,1,1,2
0,1,-0.6368938768307036,0.26106291555989075,-0.7116940161814546,2.568331938917986,1.0947603989185466,0.7881797912546564,-0.7600843312500061,-1.8445261705555083,-0.5777209161513882,-0.7279906171826318,-1.5285218399824647,0.17530213262641298,2.878186154026377,0.4708230840934733,-0.3741376248912309,0,2,2,1,2,1
1,1,1.0766116337518656,0.8222425928834051,0.4142178427220937,-0.5542314101429997,0.13545314675207865,-0.14752877226088337,1.2112215543033884,0.8080654114309073,0.9929207532211743,-1.4426665270811523,-0.13984646294441605,1.4367153043512546,-0.4619449534315806,1.5376281554108022,-1.4412089360936984,0,2,1,1,1,2
0,0,-1.1641263416253398,-0.5856292291738315,-0.6228062378469633,-0.5542314101429997,0.3879024236379912,0.6471826104509456,0.7183950829150397,-0.0761317825645646,0.9929207532211743,0.7013612026144089,-1.5285218399824647,1.4367153043512546,0.6514320823877386,-0.06257945156519114,-1.0855184990262092,0,2,1,1,2,2
1,1,1.2895324368420062,1.0289930003183847,0.8389038947646597,-0.5542314101429997,1.5996589526903715,1.3906222910523334,1.2112215543033884,0.8080654114309073,0.9929207532211743,0.7013612026144089,1.2488289140936326,1.4367153043512546,1.7648091182070578,-0.5070815646140784,0.6929336863112365,0,2,0,1,0,2
0,3,-0.3732776444333846,-0.10321161182554704,-1.5413132806366994,-0.5542314101429997,1.3472096758044592,0.6728184615061663,-0.7600843312500061,0.8080654114309073,0.20759991853489304,1.4160371125129294,-0.13984646294441605,0.8060087184888338,0.09474356447807901,0.7375243519228055,-1.4412089360936984,0,1,1,1,0,2
1,4,0.6609091134330174,0.536730125473197,0.5129820408715278,-0.5542314101429997,-0.9753236715459364,-0.27570802753698476,1.2112215543033884,-0.0761317825645646,0.9929207532211743,-1.4426665270811523,1.2488289140936326,0.17530213262641298,-0.4619449534315806,1.5376281554108022,-1.7968993731611875,0,1,2,1,0,2
1,2,0.2857629365599114,-0.26073573177600795,-0.05985030839518923,2.568331938917986,0.2869227128836261,0.3010986212054715,1.2112215543033884,-0.0761317825645646,0.9929207532211743,-0.7279906171826318,1.2488289140936326,0.17530213262641298,0.09474356447807901,0.6486239293130284,0.3372432492437474,0,2,1,1,0,1
0,2,-1.985392296401601,-1.6390717813425335,-1.7882237760102844,-0.5542314101429997,-1.4297323699405788,-1.8394949419054212,-1.2529108026383546,-0.9603289765600365,-2.1483625855239508,-0.013314707284111467,-1.5285218399824647,-1.0861110390984288,-0.4619449534315806,-2.1072891715900735,-0.3741376248912309,0,2,1,1,1,2
1,3,0.45812739620431175,0.24137240056608436,1.24383710717734,-0.5542314101429997,1.852108229576284,1.7238883547701982,1.2112215543033884,-0.0761317825645646,0.9929207532211743,1.4160371125129294,1.2488289140936326,1.4367153043512546,0.6514320823877386,0.11522139365436314,-1.7968993731611875,0,1,1,1,2,2
1,1,0.41757105275856954,0.2905986880506031,0.3648357436473767,-0.5542314101429997,0.08496329137489633,0.9548128231135897,0.7183950829150397,-0.0761317825645646,0.20759991853489304,-1.4426665270811523,1.2488289140936326,0.17530213262641298,-1.0186334713412402,-0.9515836776629657,1.4043145604462148,0,2,2,1,1,2
0,2,-0.5355030182163499,-0.43795036672027526,-0.5536712991423592,1.0070502643874932,0.3374125682608089,0.775361865727047,0.7183950829150397,-0.9603289765600365,0.9929207532211743,1.4160371125129294,-1.5285218399824647,-0.45540445323600787,-0.4619449534315806,0.2930222388739182,-1.0855184990262092,1,2,0,1,0,2
0,1,0.0018685324397213377,-0.11305686932245164,0.4537235219818679,-0.5542314101429997,0.3374125682608089,0.5061854296472348,0.7183950829150397,0.8080654114309073,0.20759991853489304,0.7013612026144089,-0.13984646294441605,1.4367153043512546,1.2081206002973983,-1.573886635931408,0.3372432492437474,0,0,2,0,0,2
1,1,-0.6673111344150089,-1.5504644638703993,-0.25737870469405727,-0.5542314101429997,0.7413314112782688,0.8522694188927071,-1.2529108026383546,-0.0761317825645646,-0.5777209161513882,-0.7279906171826318,-0.13984646294441605,-0.45540445323600787,0.09474356447807901,0.5597235067032504,1.4043145604462148,0,2,0,1,2,2
1,0,-0.3428603868490793,-0.8120701516026176,-0.6326826576619062,-0.5542314101429997,1.0442705435413637,0.736908089144217,0.22556861152669114,-0.0761317825645646,0.20759991853489304,0.7013612026144089,-1.5285218399824647,0.17530213262641298,-1.5753219892508998,0.026320971044586007,-1.0855184990262092,0,2,0,1,0,2
0,2,-0.058965982728889275,-0.1819736718007782,-0.29688438395383143,-0.5542314101429997,-0.36944540701974643,-1.7882232397949809,-1.7457372740267034,-1.8445261705555083,-0.5777209161513882,0.7013612026144089,-0.13984646294441605,-1.7168176249608496,-1.0186334713412402,-0.6848824098336335,-0.3741376248912309,0,1,0,1,2,2
0,1,-1.478438003329835,-0.6840818041428691,-1.3141556248930013,4.1296136134484795,0.2869227128836261,-0.03216744251239139,1.2112215543033884,-0.0761317825645646,0.9929207532211743,-1.4426665270811523,-2.9171972170205134,0.17530213262641298,-1.0186334713412402,-0.06257945156519114,0.3372432492437474,0,0,0,1,0,1
1,3,0.8839690023845951,0.8222425928834051,0.3845885832772638,-0.5542314101429997,-0.41993526239692874,0.12164766381893065,1.2112215543033884,0.8080654114309073,0.9929207532211743,0.7013612026144089,1.2488289140936326,0.8060087184888338,-0.4619449534315806,1.448727732801025,0.3372432492437474,0,0,0,1,1,2
0,1,0.5189619113729224,0.6351827004422346,0.7203868569853386,-0.5542314101429997,0.5393719897695386,0.2626448446226414,0.22556861152669114,-0.9603289765600365,0.9929207532211743,-0.7279906171826318,-0.13984646294441605,0.8060087184888338,-0.4619449534315806,1.1820264649716936,-0.3741376248912309,1,2,2,1,2,2
1,1,0.3567365375899571,0.5268848679762924,-0.16849092635956747,1.0070502643874932,-0.2684656962653813,-0.14752877226088337,-0.7600843312500061,-0.0761317825645646,-0.5777209161513882,-0.013314707284111467,1.2488289140936326,-0.45540445323600787,-1.0186334713412402,-0.4181811420043013,-1.7968993731611875,0,2,2,1,2,2
0,1,-0.04882689686745417,-0.30996201926052674,0.10804882845884886,-0.5542314101429997,1.751128518821919,2.159697822708942,1.2112215543033884,-0.9603289765600365,0.9929207532211743,-0.7279906171826318,1.2488289140936326,0.8060087184888338,-0.4619449534315806,-0.5959819872238563,-1.0855184990262092,0,2,1,1,1,2
1,0,0.9143862599689003,0.8222425928834051,0.5228584606864706,-0.5542314101429997,-0.5209149731512939,0.3523703233159128,-0.2672578598616575,0.8080654114309073,-0.5777209161513882,-0.7279906171826318,1.2488289140936326,0.8060087184888338,-0.4619449534315806,-1.484986213321631,-0.3741376248912309,0,2,1,1,2,2
1,2,0.5392400830957944,0.5761111554608112,-0.07960314802507631,-0.5542314101429997,1.2462299650500939,0.019104259598048075,1.2112215543033884,0.8080654114309073,0.9929207532211743,1.4160371125129294,1.2488289140936326,1.4367153043512546,-1.5753219892508998,0.6486239293130284,1.4043145604462148,0,0,1,1,1,2
0,2,-0.25160861409616164,-0.38872407923575647,-0.17836734617451033,1.0070502643874932,1.0947603989185466,-0.14752877226088337,1.2112215543033884,-0.9603289765600365,0.9929207532211743,-0.013314707284111467,1.2488289140936326,1.4367153043512546,0.09474356447807901,-0.32928071939452414,0.3372432492437474,1,2,1,1,2,2
0,1,1.0461943761675603,1.0782192878029035,0.9771737721738678,-0.5542314101429997,-0.5714048285284764,-0.9037863783898805,1.2112215543033884,-0.9603289765600365,0.9929207532211743,-0.7279906171826318,-0.13984646294441605,1.4367153043512546,-0.4619449534315806,0.20412181626414108,1.4043145604462148,1,2,1,1,2,2
0,1,-0.1603568413432439,0.595801670454619,-0.2475022848791144,1.0070502643874932,-0.2684656962653813,-0.07062121909522144,-0.7600843312500061,0.8080654114309073,-0.5777209161513882,-1.4426665270811523,-0.13984646294441605,0.17530213262641298,-0.4619449534315806,-0.15147987417496905,-0.3741376248912309,0,2,1,1,2,2
1,1,0.853551744800288,1.0979098027967098,0.5426113003163576,-0.5542314101429997,1.0442705435413637,-0.2500721764817641,-0.2672578598616575,0.8080654114309073,0.20759991853489304,-0.013314707284111467,1.2488289140936326,-0.45540445323600787,1.7648091182070578,-0.8626832550531885,-0.3741376248912309,1,2,1,1,2,2
1,1,-1.863723266064377,-0.9695942715530785,-1.6499538986010769,2.568331938917986,1.1452502542957288,1.0701741528620798,0.22556861152669114,-0.0761317825645646,0.20759991853489304,1.4160371125129294,-0.13984646294441605,0.8060087184888338,0.6514320823877386,-1.1293845228825208,-0.018447187823741776,0,1,1,1,0,2
1,4,-1.8738623519258122,-2.052572596212491,-2.0943927902735298,1.0070502643874932,-1.732671502203674,-2.6854780267276905,0.22556861152669114,-0.9603289765600365,0.20759991853489304,0.7013612026144089,-1.5285218399824647,0.17530213262641298,-0.4619449534315806,-1.396085790711853,1.4043145604462148,0,2,0,0,1,2
1,2,0.43784922448143976,0.8222425928834051,-0.47465994062281236,-0.5542314101429997,-1.025813526923119,-0.10907499567805332,0.7183950829150397,-0.0761317825645646,0.9929207532211743,-1.4426665270811523,-0.13984646294441605,1.4367153043512546,-1.0186334713412402,-0.7737828324434114,1.0486241233787257,0,0,1,0,0,2
0,1,-1.7319151498657182,-2.407001866101026,-0.8894695728504355,1.0070502643874932,-0.7733642500372064,-0.4807948359787463,0.22556861152669114,-0.9603289765600365,0.20759991853489304,0.7013612026144089,-1.5285218399824647,1.4367153043512546,-1.0186334713412402,0.8264247745325835,1.0486241233787257,0,2,2,1,0,1
0,3,-0.058965982728889275,0.014931478137296887,-0.6228062378469633,-0.5542314101429997,-0.21797584088819877,0.5190033551748442,-0.7600843312500061,-0.9603289765600365,-0.5777209161513882,0.7013612026144089,-0.13984646294441605,0.17530213262641298,-0.4619449534315806,-0.6848824098336335,-1.7968993731611875,0,2,2,1,2,2
1,1,-0.008270553421713765,-0.43795036672027526,0.6216226588359046,-0.5542314101429997,-0.21797584088819877,-0.5705203146720176,1.2112215543033884,0.8080654114309073,0.9929207532211743,0.7013612026144089,-0.13984646294441605,0.17530213262641298,0.6514320823877386,-0.4181811420043013,1.0486241233787257,0,1,1,1,1,2
1,1,-1.5696897760827528,-0.9302132415654629,-1.1956385871136803,-0.5542314101429997,-0.9248338161687538,-0.23725425095415473,-1.2529108026383546,-0.0761317825645646,-1.3630417508376695,1.4160371125129294,-0.13984646294441605,-1.7168176249608496,-1.0186334713412402,0.5597235067032504,-1.4412089360936984,0,2,2,1,0,2
1,2,-1.4682989174683991,-0.8416059240933286,-1.60057179952636,1.0070502643874932,0.3374125682608089,0.44209580200918414,0.22556861152669114,-0.9603289765600365,0.9929207532211743,1.4160371125129294,-1.5285218399824647,0.8060087184888338,1.2081206002973983,-0.06257945156519114,-0.018447187823741776,0,0,1,1,0,2
0,4,-1.4074644022997875,-1.146808906497346,-1.4623019221171525,1.0070502643874932,1.5996589526903715,1.608527025021706,0.7183950829150397,0.8080654114309073,0.9929207532211743,-0.013314707284111467,-0.13984646294441605,1.4367153043512546,1.2081206002973983,-0.06257945156519114,-0.7298280619587201,0,2,2,1,1,2
1,2,-0.8802319375051506,-0.457640881714083,0.2660715454979427,1.0070502643874932,-1.2782628038090316,-1.339595846328626,0.7183950829150397,-0.9603289765600365,0.20759991853489304,-0.7279906171826318,-1.5285218399824647,-0.45540445323600787,-0.4619449534315806,0.6486239293130284,1.0486241233787257,1,2,1,1,1,2
1,2,-0.9005101092280217,-0.8120701516026176,-1.1660093276688503,-0.5542314101429997,0.23643285750644377,0.12164766381893065,-1.7457372740267034,-0.9603289765600365,-2.1483625855239508,0.7013612026144089,-1.5285218399824647,-1.7168176249608496,0.09474356447807901,0.5597235067032504,-1.7968993731611875,0,1,0,1,2,2
0,3,0.8941080882460302,0.7631710479019831,1.421612663846321,-0.5542314101429997,-0.5209149731512939,-0.7115174954757284,-0.7600843312500061,-0.9603289765600365,0.20759991853489304,0.7013612026144089,-0.13984646294441605,-0.45540445323600787,-1.0186334713412402,-1.8405879037607402,-0.3741376248912309,1,2,0,1,2,2
1,3,-0.6774502202764449,-1.2452614814663834,-0.9882337709998694,1.0070502643874932,1.4481893865588242,1.8264317589910788,-0.2672578598616575,-0.9603289765600365,0.20759991853489304,-0.7279906171826318,-0.13984646294441605,-1.0861110390984288,0.09474356447807901,-0.5959819872238563,-1.7968993731611875,0,2,1,0,0,2
1,2,0.346597451728522,1.0486835153121912,-0.6919411765515674,-0.5542314101429997,-1.9851207790895866,-1.9933100482367434,-1.2529108026383546,-0.9603289765600365,-1.3630417508376695,-0.7279906171826318,1.2488289140936326,-1.0861110390984288,-1.5753219892508998,-0.2403802967847462,1.4043145604462148,0,1,1,1,0,2
1,1,-0.6774502202764449,-0.30996201926052674,-1.3339084645228885,1.0070502643874932,-1.227772948431849,-1.185780739997304,-0.2672578598616575,-0.9603289765600365,0.20759991853489304,0.7013612026144089,-0.13984646294441605,0.8060087184888338,0.09474356447807901,1.093126042361915,1.0486241233787257,1,0,0,1,2,2
0,3,-0.6267547909692676,-0.04414006684412508,-0.8400874737757185,1.0070502643874932,0.7918212666554512,0.3651882488435222,-1.2529108026383546,-0.9603289765600365,-1.3630417508376695,1.4160371125129294,-0.13984646294441605,0.17530213262641298,-1.5753219892508998,-1.1293845228825208,-0.018447187823741776,0,1,0,1,1,1
1,2,-0.5050857606320446,-0.6939270616397722,0.27594796531288557,1.0070502643874932,1.5491690973131889,0.660000535978555,-2.238563745415052,1.6922626054263792,-2.1483625855239508,0.7013612026144089,-0.13984646294441605,-2.3475242108232703,-1.0186334713412402,0.6486239293130284,-0.018447187823741776,0,1,0,1,2,2
1,4,-0.7382847354450565,-0.33949779175123773,-0.11910882728485048,-0.5542314101429997,-2.035610634466769,-1.6087722824084392,0.7183950829150397,-0.0761317825645646,0.9929207532211743,1.4160371125129294,-1.5285218399824647,0.8060087184888338,0.6514320823877386,-1.0404841002727436,-0.3741376248912309,0,0,2,1,1,2
1,1,-1.3770471447154813,-0.28042624676981576,-1.669706738230964,-0.5542314101429997,0.6908415559010865,-0.27570802753698476,0.22556861152669114,-1.8445261705555083,0.20759991853489304,1.4160371125129294,-1.5285218399824647,-1.0861110390984288,-1.0186334713412402,1.093126042361915,-0.3741376248912309,0,2,1,1,0,2
0,4,0.9346644316917705,0.5859564129577157,0.009284630309414855,-0.5542314101429997,-1.6821816468264914,-1.224234516580135,0.22556861152669114,-0.0761317825645646,0.20759991853489304,0.7013612026144089,1.2488289140936326,0.17530213262641298,1.2081206002973983,-0.9515836776629657,1.0486241233787257,1,1,1,1,0,1
1,1,0.7622999720473702,1.5507916476542833,0.17718376716345155,-0.5542314101429997,2.2055372172165617,0.7497260146718264,0.7183950829150397,-0.0761317825645646,0.9929207532211743,1.4160371125129294,1.2488289140936326,0.8060087184888338,-0.4619449534315806,-1.484986213321631,-0.7298280619587201,0,1,0,1,0,2
0,4,0.3161801941442167,0.5859564129577157,0.4142178427220937,-0.5542314101429997,-0.06650627475665133,0.9676307486411991,1.2112215543033884,-0.0761317825645646,0.9929207532211743,-0.7279906171826318,1.2488289140936326,0.8060087184888338,1.2081206002973983,0.11522139365436314,1.4043145604462148,1,0,1,1,1,2
1,2,0.9549426034146425,0.8616236228710206,-0.48453636043775516,-0.5542314101429997,-1.6316917914493092,-1.070419410248813,-0.7600843312500061,0.8080654114309073,-0.5777209161513882,-0.7279906171826318,-0.13984646294441605,-0.45540445323600787,-0.4619449534315806,-1.751687481150963,0.6929336863112365,0,0,1,1,0,2
0,3,-0.35299947271051446,-0.1721284143038736,0.2364422860531128,-0.5542314101429997,-1.732671502203674,-0.9037863783898805,-1.2529108026383546,0.8080654114309073,-0.5777209161513882,1.4160371125129294,-0.13984646294441605,-0.45540445323600787,0.6514320823877386,-1.1293845228825208,1.4043145604462148,0,0,1,1,0,2
1,3,-0.28202587168046694,0.04446725062800927,0.20681302660828288,-0.5542314101429997,-0.6218946839056589,-0.3269797296474242,1.2112215543033884,-0.0761317825645646,0.9929207532211743,-0.013314707284111467,-0.13984646294441605,-0.45540445323600787,-1.0186334713412402,1.093126042361915,-1.4412089360936984,0,1,1,1,0,2
1,2,0.366875623451394,0.9600761978400582,0.0685431491990747,1.0070502643874932,0.5393719897695386,-0.39106935728547493,0.22556861152669114,0.8080654114309073,0.9929207532211743,-1.4426665270811523,-0.13984646294441605,0.17530213262641298,-1.0186334713412402,0.20412181626414108,-0.3741376248912309,0,1,2,1,2,2
1,4,-0.9512055385351981,-0.6151650016645426,-0.5931769784021335,-0.5542314101429997,1.1452502542957288,0.9932665996964197,1.2112215543033884,-0.9603289765600365,0.9929207532211743,-1.4426665270811523,-0.13984646294441605,0.8060087184888338,0.09474356447807901,0.6486239293130284,0.6929336863112365,1,0,2,1,2,2
0,1,-1.3060735436854338,-1.0483563315283082,-1.4326726626723225,2.568331938917986,-1.6821816468264914,-1.070419410248813,-1.2529108026383546,-0.9603289765600365,-1.3630417508376695,0.7013612026144089,-0.13984646294441605,-0.45540445323600787,0.09474356447807901,-2.1072891715900735,-0.7298280619587201,1,2,0,1,2,1
1,4,0.8028563154931124,0.3496702330320251,0.7895217956899426,-0.5542314101429997,-0.01601641937946878,0.5318212807024536,1.2112215543033884,-0.0761317825645646,0.9929207532211743,-1.4426665270811523,1.2488289140936326,1.4367153043512546,0.6514320823877386,1.804329423240135,-0.018447187823741776,0,1,0,1,2,2
0,3,0.7521608861859351,0.5859564129577157,1.2339606873623956,-0.5542314101429997,-1.6316917914493092,-0.9678760060279312,0.7183950829150397,1.6922626054263792,0.9929207532211743,1.4160371125129294,1.2488289140936326,0.8060087184888338,-0.4619449534315806,-0.06257945156519114,-1.7968993731611875,0,2,2,1,1,2
0,4,-0.6571720485535738,-0.46748613921098625,0.11792524827379171,1.0070502643874932,1.0947603989185466,0.5959109083405043,-1.2529108026383546,0.8080654114309073,-1.3630417508376695,-0.013314707284111467,-0.13984646294441605,-1.7168176249608496,-1.0186334713412402,-1.484986213321631,1.0486241233787257,0,1,1,1,1,2
1,2,-0.09952232617463148,-0.39856933673265965,0.5327348805014148,-0.5542314101429997,-0.9753236715459364,-1.262688293162965,-0.2672578598616575,-0.9603289765600365,-0.5777209161513882,-0.013314707284111467,-0.13984646294441605,0.17530213262641298,0.6514320823877386,-0.32928071939452414,1.4043145604462148,0,2,0,1,2,2
1,2,-1.589967947805623,-1.7276790988146673,-1.254897106003341,4.1296136134484795,-0.36944540701974643,-1.5575005802979986,-0.2672578598616575,-0.0761317825645646,-1.3630417508376695,1.4160371125129294,-1.5285218399824647,-2.3475242108232703,0.6514320823877386,1.1820264649716936,1.0486241233787257,1,2,1,1,1,1
0,1,0.4784055679271819,0.46781332299487044,0.20681302660828288,-0.5542314101429997,-0.1674859855110162,0.5959109083405043,1.2112215543033884,-0.0761317825645646,0.9929207532211743,-0.013314707284111467,1.2488289140936326,0.8060087184888338,2.3214976361167174,-1.9294883263705183,0.6929336863112365,0,1,2,1,2,2
0,0,0.15395482036125147,0.1330745681001422,-0.8400874737757185,-0.5542314101429997,0.3879024236379912,1.6726166526597568,-1.2529108026383546,0.8080654114309073,-1.3630417508376695,0.7013612026144089,-0.13984646294441605,-2.3475242108232703,-1.5753219892508998,1.715429000630358,1.4043145604462148,1,1,1,1,0,2
0,2,-0.36313855857194954,-0.024449551850317292,0.029037469939300533,1.0070502643874932,-1.1772830930546665,-1.4036854739666766,-0.2672578598616575,-0.9603289765600365,0.20759991853489304,1.4160371125129294,-0.13984646294441605,0.17530213262641298,1.7648091182070578,1.804329423240135,1.4043145604462148,0,1,1,1,1,2
0,2,0.9549426034146425,1.4129580426976303,1.0364322910635277,-0.5542314101429997,-0.6218946839056589,-0.698699569948119,0.7183950829150397,-0.0761317825645646,0.9929207532211743,0.7013612026144089,1.2488289140936326,0.17530213262641298,1.2081206002973983,-0.5959819872238563,-0.3741376248912309,1,0,0,1,2,2
1,2,-0.44425124546343214,-1.0089753015406928,-0.2771315443239443,-0.5542314101429997,1.650148808067554,1.0573562273344705,0.7183950829150397,-0.0761317825645646,0.9929207532211743,-1.4426665270811523,-0.13984646294441605,0.8060087184888338,0.09474356447807901,0.2930222388739182,0.3372432492437474,0,1,0,1,0,2
1,2,-0.1502177554818088,0.02477673563420148,-0.20799660561934025,-0.5542314101429997,-1.126793237677484,-2.4163015906478775,0.22556861152669114,-0.9603289765600365,0.20759991853489304,-1.4426665270811523,-0.13984646294441605,-0.45540445323600787,1.2081206002973983,0.8264247745325835,1.0486241233787257,0,2,0,1,1,2
0,1,1.7052349571608545,0.7828615628957908,2.162344149967076,-0.5542314101429997,-0.6218946839056589,-0.7627891975861697,-0.7600843312500061,1.6922626054263792,-0.5777209161513882,-0.013314707284111467,1.2488289140936326,0.17530213262641298,-0.4619449534315806,0.8264247745325835,-0.7298280619587201,0,0,2,1,0,2
1,1,0.2959020224213465,0.11338405310633443,-0.47465994062281236,-0.5542314101429997,1.7006386634447368,0.4292778764815729,0.22556861152669114,-0.0761317825645646,0.9929207532211743,-0.7279906171826318,1.2488289140936326,0.8060087184888338,1.7648091182070578,-0.5070815646140784,0.6929336863112365,0,2,2,1,0,2
0,2,0.2959020224213465,0.3004439455475063,0.8191510551347726,-0.5542314101429997,1.7006386634447368,0.6343646849233362,-1.2529108026383546,-0.0761317825645646,-1.3630417508376695,1.4160371125129294,1.2488289140936326,-0.45540445323600787,-0.4619449534315806,0.7375243519228055,-1.0855184990262092,0,2,2,1,0,2
0,2,0.2350675072527341,0.1724555980877578,-0.35614290284349126,1.0070502643874932,-1.7831613575808567,-0.7627891975861697,0.7183950829150397,0.8080654114309073,0.20759991853489304,-1.4426665270811523,-0.13984646294441605,0.8060087184888338,1.2081206002973983,0.026320971044586007,-1.0855184990262092,0,2,2,1,1,2
0,3,-0.545642104077785,-0.7726891216150035,-0.1289852470997933,1.0070502643874932,-0.5714048285284764,-1.4421392505495068,-0.7600843312500061,0.8080654114309073,-0.5777209161513882,-1.4426665270811523,-0.13984646294441605,-1.0861110390984288,0.6514320823877386,0.20412181626414108,-1.4412089360936984,0,1,0,1,1,2
1,1,0.5088228255114873,0.6154921854484268,0.5327348805014148,1.0070502643874932,1.9025980849534665,1.903339312156739,0.7183950829150397,-0.9603289765600365,0.9929207532211743,-0.013314707284111467,-0.13984646294441605,0.8060087184888338,0.09474356447807901,0.11522139365436314,1.4043145604462148,1,2,2,1,1,2
1,1,0.7318827144630649,0.6154921854484268,0.2364422860531128,-0.5542314101429997,-0.2684656962653813,-0.39106935728547493,0.22556861152669114,0.8080654114309073,0.9929207532211743,0.7013612026144089,-0.13984646294441605,0.17530213262641298,1.2081206002973983,0.8264247745325835,-1.0855184990262092,0,0,0,1,2,2
1,1,1.0157771185832531,1.688625252610935,0.6117462390209617,-0.5542314101429997,1.1957401096729117,0.14728351487414948,0.22556861152669114,0.8080654114309073,0.20759991853489304,-0.013314707284111467,-0.13984646294441605,-0.45540445323600787,1.2081206002973983,-0.5070815646140784,-1.0855184990262092,0,1,1,0,1,2
0,2,1.7559303864680318,1.6098631926357054,0.5722405597611876,-0.5542314101429997,0.08496329137489633,0.46773165306440295,-0.2672578598616575,-0.0761317825645646,-0.5777209161513882,1.4160371125129294,1.2488289140936326,-1.0861110390984288,0.09474356447807901,0.4708230840934733,-0.7298280619587201,1,2,2,1,1,2
0,1,1.248976093396266,-0.1425926418131626,0.5327348805014148,-0.5542314101429997,-0.3189555516425639,0.18573729145698134,1.2112215543033884,-0.0761317825645646,0.9929207532211743,0.7013612026144089,1.2488289140936326,1.4367153043512546,0.09474356447807901,-1.1293845228825208,1.4043145604462148,0,2,0,1,2,2
0,1,1.1780024923662185,1.206207635262652,0.6018698192060189,-0.5542314101429997,0.6908415559010865,0.33955239778830154,0.7183950829150397,1.6922626054263792,0.20759991853489304,-0.7279906171826318,1.2488289140936326,0.17530213262641298,-0.4619449534315806,0.8264247745325835,-0.7298280619587201,0,2,1,1,1,2
1,1,-0.36313855857194954,-0.5856292291738315,-0.3166372235837185,-0.5542314101429997,-0.7733642500372064,-1.0960552613040335,-0.7600843312500061,0.8080654114309073,-0.5777209161513882,0.7013612026144089,-0.13984646294441605,-0.45540445323600787,-1.0186334713412402,-0.06257945156519114,-0.7298280619587201,0,1,1,1,2,2
0,1,1.7559303864680318,2.0332092650025664,1.2043314279175659,-0.5542314101429997,-1.2782628038090316,-1.6344081334636589,0.22556861152669114,-0.0761317825645646,0.20759991853489304,-1.4426665270811523,1.2488289140936326,0.8060087184888338,0.09474356447807901,-0.8626832550531885,-1.7968993731611875,0,0,1,1,0,2
1,1,-1.6406633771127994,-1.6292265238456296,-1.3931669834125484,1.0070502643874932,1.2462299650500939,0.4292778764815729,0.7183950829150397,-0.9603289765600365,-0.5777209161513882,0.7013612026144089,-1.5285218399824647,-0.45540445323600787,1.7648091182070578,0.20412181626414108,1.4043145604462148,0,2,2,1,1,2
0,3,-0.8295365081979742,-0.6348555166583504,-1.2153914267435675,-0.5542314101429997,-0.2684656962653813,-1.5831364313532184,0.7183950829150397,-0.9603289765600365,0.20759991853489304,0.7013612026144089,-1.5285218399824647,0.8060087184888338,0.09474356447807901,-0.6848824098336335,-1.4412089360936984,0,1,1,1,1,2
0,4,-1.194543599209646,-0.8514511815902333,-1.6993359976757938,-0.5542314101429997,-0.7733642500372064,-0.39106935728547493,-1.7457372740267034,-1.8445261705555083,-1.3630417508376695,1.4160371125129294,-1.5285218399824647,-1.0861110390984288,0.09474356447807901,-1.662787058541186,1.0486241233787257,0,0,1,1,0,2
0,1,1.6038440985465017,1.649244222623321,1.550006121440585,-0.5542314101429997,0.8928009774098163,1.6982525037149774,1.2112215543033884,1.6922626054263792,0.9929207532211743,0.7013612026144089,1.2488289140936326,0.8060087184888338,0.09474356447807901,0.2930222388739182,-1.7968993731611875,0,2,1,1,1,2
1,4,-0.9613446243966332,-1.2747972539570944,-0.2870079641388872,1.0070502643874932,0.7413314112782688,1.4803477697456047,-0.2672578598616575,-0.9603289765600365,-0.5777209161513882,-0.013314707284111467,-1.5285218399824647,-0.45540445323600787,0.6514320823877386,-1.396085790711853,-0.018447187823741776,0,1,1,1,1,2
0,4,1.7559303864680318,1.1274455752874222,1.9055572347785468,-0.5542314101429997,1.1452502542957288,1.8905213866291295,0.7183950829150397,1.6922626054263792,0.20759991853489304,0.7013612026144089,-0.13984646294441605,0.8060087184888338,-1.0186334713412402,-2.6406917072487377,-0.018447187823741776,0,1,1,1,2,2
1,1,0.6609091134330174,1.3538864977162084,-0.5734241387722464,-0.5542314101429997,1.1452502542957288,0.44209580200918414,0.7183950829150397,0.8080654114309073,0.9929207532211743,-1.4426665270811523,-0.13984646294441605,1.4367153043512546,-0.4619449534315806,-0.9515836776629657,1.0486241233787257,1,2,1,1,2,2
0,4,-0.018409639283148867,0.9896119703307691,0.009284630309414855,-0.5542314101429997,-0.5714048285284764,-2.3393940374822164,-2.7313902168034008,0.8080654114309073,-2.1483625855239508,-0.7279906171826318,1.2488289140936326,-2.3475242108232703,-1.0186334713412402,-0.6848824098336335,-0.7298280619587201,0,0,0,1,0,2
1,2,0.3263192800056518,0.6942542454236565,0.7105104371703957,-0.5542314101429997,0.18594300212926143,1.8136138334634677,-1.7457372740267034,-0.0761317825645646,-1.3630417508376695,-1.4426665270811523,-0.13984646294441605,-0.45540445323600787,0.09474356447807901,-0.5959819872238563,0.6929336863112365,0,2,1,1,2,1
0,4,1.1780024923662185,1.3932675277038225,-0.05985030839518923,-0.5542314101429997,0.6908415559010865,0.6856363870337757,-0.7600843312500061,-0.9603289765600365,-1.3630417508376695,0.7013612026144089,1.2488289140936326,-1.0861110390984288,-0.4619449534315806,0.11522139365436314,-0.018447187823741776,0,2,2,1,2,2
0,2,1.7559303864680318,2.102126067480893,1.79691661681417,-0.5542314101429997,2.1550473618393795,0.660000535978555,0.7183950829150397,-0.0761317825645646,0.9929207532211743,-1.4426665270811523,1.2488289140936326,1.4367153043512546,1.7648091182070578,-0.8626832550531885,0.6929336863112365,1,2,1,1,1,2
1,3,-0.819397422336539,-1.2944877689509022,0.09817240864390461,-0.5542314101429997,-0.11699613013383389,-0.8012429741689998,-0.7600843312500061,-0.9603289765600365,-0.5777209161513882,-1.4426665270811523,-0.13984646294441605,-0.45540445323600787,-0.4619449534315806,-0.4181811420043013,-0.7298280619587201,1,0,1,1,2,2
0,0,1.3199496944263134,1.2751244377409785,1.3129720458819427,1.0070502643874932,-0.9753236715459364,-1.3652316973838465,-1.2529108026383546,0.8080654114309073,-1.3630417508376695,1.4160371125129294,-0.13984646294441605,-1.7168176249608496,0.09474356447807901,-1.396085790711853,1.4043145604462148,1,0,2,1,2,2
1,0,-2.259147614660354,-1.2157257089756717,-2.4005618045367756,1.0070502643874932,-0.9753236715459364,-0.2244363254265435,-0.2672578598616575,-0.0761317825645646,-0.5777209161513882,1.4160371125129294,-1.5285218399824647,0.17530213262641298,-1.0186334713412402,-1.662787058541186,0.3372432492437474,0,2,0,1,2,2
0,1,1.4923141540707137,1.4523390726852459,0.947544512729038,-0.5542314101429997,-0.47042511777411133,-0.3782514317578655,-0.7600843312500061,-0.0761317825645646,-0.5777209161513882,-1.4426665270811523,1.2488289140936326,-1.0861110390984288,1.7648091182070578,-0.4181811420043013,0.6929336863112365,1,1,0,1,2,2
0,3,-0.6267547909692676,-2.003346308727972,-1.0573687097044728,-0.5542314101429997,0.2869227128836261,0.40364202542635225,-0.7600843312500061,-0.9603289765600365,-0.5777209161513882,-1.4426665270811523,-1.5285218399824647,-1.0861110390984288,-1.5753219892508998,0.38192266148369614,-1.4412089360936984,0,2,1,0,2,2
1,1,-0.7180065637221862,-1.3929403439199397,-0.8993459926653783,-0.5542314101429997,-0.7228743946600239,-0.4936127615063575,1.2112215543033884,0.8080654114309073,0.9929207532211743,-0.7279906171826318,-1.5285218399824647,0.8060087184888338,0.09474356447807901,0.2930222388739182,0.3372432492437474,0,2,0,1,0,2
0,2,0.4784055679271819,-0.27058098927291113,1.0364322910635277,-0.5542314101429997,1.3976995311816414,1.0060845252240291,-1.7457372740267034,-0.9603289765600365,-1.3630417508376695,0.7013612026144089,-0.13984646294441605,-1.7168176249608496,-1.5753219892508998,0.5597235067032504,1.0486241233787257,0,1,1,1,2,2
1,0,-0.6166157051078325,-0.900677469074752,-0.16849092635956747,1.0070502643874932,0.43839227901517397,0.21137314251220016,-2.238563745415052,-0.9603289765600365,-2.1483625855239508,0.7013612026144089,-0.13984646294441605,-2.3475242108232703,0.09474356447807901,-2.1072891715900735,1.4043145604462148,0,1,1,1,2,1
0,1,-1.062735483010987,-1.6390717813425335,-0.9684809313699824,-0.5542314101429997,-0.3189555516425639,-0.4295231338683068,-1.2529108026383546,-0.9603289765600365,-1.3630417508376695,1.4160371125129294,-0.13984646294441605,-1.0861110390984288,-0.4619449534315806,-1.0404841002727436,1.4043145604462148,1,0,2,0,2,2
1,2,-0.10966141203606658,-0.26073573177600795,-1.1166272285941334,1.0070502643874932,0.8423111220326339,-0.03216744251239139,-0.2672578598616575,0.8080654114309073,-0.5777209161513882,-0.013314707284111467,-0.13984646294441605,-0.45540445323600787,0.09474356447807901,0.026320971044586007,0.6929336863112365,0,0,1,0,2,2
1,2,1.7559303864680318,2.2104238999468353,1.5697589610704719,-0.5542314101429997,0.8423111220326339,0.929176972058369,1.2112215543033884,1.6922626054263792,0.9929207532211743,0.7013612026144089,-0.13984646294441605,0.17530213262641298,1.7648091182070578,0.7375243519228055,-1.4412089360936984,0,0,1,1,2,2
0,0,-1.8738623519258122,-1.0582015890252114,-2.133898469533303,-0.5542314101429997,-0.06650627475665133,-0.28852595306459417,1.2112215543033884,-0.9603289765600365,0.20759991853489304,-0.013314707284111467,-1.5285218399824647,0.17530213262641298,-0.4619449534315806,-0.32928071939452414,-1.0855184990262092,1,1,0,1,2,2
1,4,0.8231344872159826,0.6253374429453299,0.7006340173554529,-0.5542314101429997,0.9432908327869991,0.5574571317576743,-0.7600843312500061,-1.8445261705555083,-0.5777209161513882,0.7013612026144089,1.2488289140936326,-1.0861110390984288,-0.4619449534315806,0.9153251971423606,0.3372432492437474,1,2,0,1,1,2
0,1,1.5835659268236315,1.737851540095454,1.3228484656968869,-0.5542314101429997,0.034473435997713554,-0.8653326018070505,0.7183950829150397,1.6922626054263792,-0.5777209161513882,-0.013314707284111467,1.2488289140936326,0.17530213262641298,0.09474356447807901,0.6486239293130284,-1.7968993731611875,0,0,2,1,2,2
1,4,-0.38341673029482065,0.3496702330320251,-0.9388516719251525,-0.5542314101429997,-0.01601641937946878,-0.33979765517503546,-1.7457372740267034,-0.0761317825645646,-1.3630417508376695,-0.7279906171826318,-1.5285218399824647,-1.0861110390984288,-0.4619449534315806,0.8264247745325835,-0.7298280619587201,1,0,1,1,2,2
1,2,0.14381573449981636,0.1724555980877578,0.14755450771862164,-0.5542314101429997,-0.5209149731512939,-0.33979765517503546,-0.7600843312500061,-0.9603289765600365,-1.3630417508376695,-0.7279906171826318,-0.13984646294441605,-1.7168176249608496,0.6514320823877386,1.093126042361915,1.0486241233787257,0,1,1,1,1,2
0,2,0.45812739620431175,0.4579680654979658,-0.1289852470997933,-0.5542314101429997,0.13545314675207865,1.8520676100462994,1.2112215543033884,-0.9603289765600365,0.9929207532211743,0.7013612026144089,1.2488289140936326,1.4367153043512546,-1.0186334713412402,-0.5070815646140784,-0.018447187823741776,0,1,0,1,1,2
1,3,0.7622999720473702,1.5803274201449944,0.6413754984657917,-0.5542314101429997,1.3976995311816414,0.37800617437113343,1.2112215543033884,0.8080654114309073,0.9929207532211743,1.4160371125129294,1.2488289140936326,0.8060087184888338,1.7648091182070578,0.5597235067032504,0.6929336863112365,0,2,0,1,1,2
0,2,1.370645123733489,1.2258981502564599,1.1154436495830746,-0.5542314101429997,0.8423111220326339,0.044740110653268717,0.22556861152669114,0.8080654114309073,-0.5777209161513882,-1.4426665270811523,-0.13984646294441605,-0.45540445323600787,-1.5753219892508998,1.5376281554108022,-1.0855184990262092,0,2,2,1,1,2
0,1,-0.04882689686745417,0.5564206404670033,-0.7116940161814546,-0.5542314101429997,0.3374125682608089,0.9804486741688085,-0.2672578598616575,0.8080654114309073,-1.3630417508376695,-0.7279906171826318,-0.13984646294441605,-1.0861110390984288,-1.0186334713412402,-0.15147987417496905,0.6929336863112365,0,0,2,0,1,2
1,0,0.18437207794555677,-0.33949779175123773,0.34508290401748964,1.0070502643874932,1.3472096758044592,1.5444373973836554,-1.2529108026383546,-0.0761317825645646,-1.3630417508376695,-0.013314707284111467,1.2488289140936326,-1.0861110390984288,-1.0186334713412402,0.7375243519228055,-1.4412089360936984,0,2,2,1,1,2
1,4,1.0968898054747358,0.6647184729329455,1.3228484656968869,-0.5542314101429997,0.48888213439235634,0.8009977167822677,0.22556861152669114,1.6922626054263792,-0.5777209161513882,-0.013314707284111467,-0.13984646294441605,-1.0861110390984288,0.6514320823877386,0.6486239293130284,0.6929336863112365,0,2,0,1,1,2
0,1,-0.7889801647522329,-0.7726891216150035,-0.3956485821032654,-0.5542314101429997,-0.7733642500372064,-0.4167052083406956,-1.7457372740267034,-0.0761317825645646,-1.3630417508376695,1.4160371125129294,-1.5285218399824647,0.8060087184888338,-1.5753219892508998,-0.6848824098336335,-1.0855184990262092,0,2,0,1,2,2
0,2,-0.018409639283148867,0.1626103405908532,0.25619512568299985,1.0070502643874932,0.5898618451467215,-0.7371533465309491,0.7183950829150397,-0.0761317825645646,0.20759991853489304,-0.7279906171826318,-0.13984646294441605,1.4367153043512546,-1.0186334713412402,-0.32928071939452414,-0.7298280619587201,0,2,0,1,1,2
0,4,0.7420218003245,1.5114106176666677,0.2957008049427726,-0.5542314101429997,0.8928009774098163,0.6984543125613869,1.2112215543033884,0.8080654114309073,0.9929207532211743,1.4160371125129294,1.2488289140936326,1.4367153043512546,2.878186154026377,0.20412181626414108,1.4043145604462148,0,2,0,1,0,2
1,0,0.01200761830115644,-0.5954744866707348,0.19693660679333863,-0.5542314101429997,-0.3189555516425639,-1.865130792960642,-0.7600843312500061,-0.9603289765600365,-2.1483625855239508,-1.4426665270811523,-0.13984646294441605,-1.7168176249608496,0.09474356447807901,-1.396085790711853,0.6929336863112365,0,2,1,1,0,2
0,2,1.7559303864680318,1.3145054677285928,1.372230564771604,-0.5542314101429997,-0.9248338161687538,0.33955239778830154,-0.2672578598616575,-0.0761317825645646,0.20759991853489304,-1.4426665270811523,-0.13984646294441605,0.8060087184888338,0.6514320823877386,0.20412181626414108,-0.7298280619587201,0,1,0,1,1,2
1,3,-1.31621262954687,-1.2649519964601905,-0.15861450654462325,-0.5542314101429997,-1.5812019360721266,-1.1345090378868636,-0.7600843312500061,-1.8445261705555083,-0.5777209161513882,-0.7279906171826318,-0.13984646294441605,-1.0861110390984288,0.09474356447807901,-0.6848824098336335,-1.4412089360936984,0,2,1,1,2,2
1,2,0.7420218003245,0.6351827004422346,0.8191510551347726,-0.5542314101429997,-0.41993526239692874,-0.9037863783898805,-0.2672578598616575,-0.9603289765600365,-0.5777209161513882,-1.4426665270811523,1.2488289140936326,0.17530213262641298,-1.5753219892508998,0.2930222388739182,-0.7298280619587201,0,1,2,1,2,2
0,4,-0.1603568413432439,0.014931478137296887,0.2166894464232257,-0.5542314101429997,-1.2782628038090316,-1.4421392505495068,-1.7457372740267034,-0.0761317825645646,-2.1483625855239508,-1.4426665270811523,-1.5285218399824647,-1.7168176249608496,-1.0186334713412402,-1.2182849454922986,-0.7298280619587201,0,0,0,1,1,2
1,4,-0.2414695282347265,-0.5856292291738315,-0.4351542613630382,-0.5542314101429997,0.3374125682608089,0.7112722380889963,-0.7600843312500061,-0.0761317825645646,-1.3630417508376695,-0.7279906171826318,-0.13984646294441605,-1.7168176249608496,-1.5753219892508998,-0.4181811420043013,-0.7298280619587201,0,0,1,1,2,2
1,1,1.0461943761675603,1.2849696952378817,0.7895217956899426,-0.5542314101429997,-0.5209149731512939,-0.27570802753698476,-0.2672578598616575,0.8080654114309073,-0.5777209161513882,-0.7279906171826318,1.2488289140936326,-0.45540445323600787,-0.4619449534315806,0.026320971044586007,1.4043145604462148,0,0,1,1,2,2
1,2,-0.36313855857194954,-0.23119995928529696,-0.7511996954412273,1.0070502643874932,1.2462299650500939,0.9676307486411991,-2.238563745415052,-1.8445261705555083,-2.1483625855239508,-0.7279906171826318,-0.13984646294441605,-0.45540445323600787,-1.0186334713412402,1.359827310191248,-0.7298280619587201,0,2,0,0,2,1
1,1,1.0968898054747358,0.6647184729329455,0.49322920124164066,-0.5542314101429997,-0.41993526239692874,-0.019349516984781982,1.2112215543033884,-0.0761317825645646,0.9929207532211743,1.4160371125129294,-0.13984646294441605,1.4367153043512546,1.7648091182070578,1.1820264649716936,0.3372432492437474,1,0,2,1,1,2
1,2,-0.8700928516437154,-0.6250102591614471,-1.1956385871136803,-0.5542314101429997,1.5996589526903715,0.9419948975859785,-1.2529108026383546,-1.8445261705555083,-0.5777209161513882,0.7013612026144089,-0.13984646294441605,-0.45540445323600787,-1.0186334713412402,-1.662787058541186,0.6929336863112365,0,1,1,0,0,2
0,4,-1.5392725184984466,-0.8317606665964254,-2.0943927902735298,-0.5542314101429997,-2.035610634466769,-0.8525146762794411,-1.7457372740267034,-0.0761317825645646,-2.1483625855239508,-1.4426665270811523,-1.5285218399824647,-2.3475242108232703,0.09474356447807901,1.1820264649716936,0.6929336863112365,0,2,2,1,1,2
1,3,-0.5760593616620912,-1.2255709664725756,-0.9092224124803225,1.0070502643874932,-1.5307120806949441,-0.9935118570831518,1.2112215543033884,-0.9603289765600365,0.9929207532211743,-0.013314707284111467,-0.13984646294441605,0.17530213262641298,1.2081206002973983,1.715429000630358,-1.0855184990262092,0,2,2,1,1,2
0,4,1.1577243206433483,1.3243507252254973,0.34508290401748964,-0.5542314101429997,0.9937806881641814,1.185535482610572,0.7183950829150397,-0.0761317825645646,0.9929207532211743,1.4160371125129294,1.2488289140936326,0.17530213262641298,0.09474356447807901,-0.8626832550531885,-0.018447187823741776,0,2,1,1,2,2
0,1,-0.06910506859032618,0.44812280800106263,0.16730734734850872,-0.5542314101429997,0.5898618451467215,-0.05780329356761203,-1.2529108026383546,-0.0761317825645646,-1.3630417508376695,-1.4426665270811523,-0.13984646294441605,-1.0861110390984288,2.878186154026377,-0.9515836776629657,-0.3741376248912309,0,0,0,1,1,1
0,2,1.7559303864680318,1.61970845013261,1.342601305326774,-0.5542314101429997,0.6908415559010865,-0.6730637188928984,-0.7600843312500061,0.8080654114309073,-0.5777209161513882,1.4160371125129294,1.2488289140936326,-0.45540445323600787,0.6514320823877386,1.626528578020581,-0.7298280619587201,0,0,1,1,0,2
1,1,-0.40369490201769087,-0.46748613921098625,-0.049973888580246394,1.0070502643874932,0.6403517005239038,0.46773165306440295,1.2112215543033884,-0.0761317825645646,0.9929207532211743,0.7013612026144089,-0.13984646294441605,0.8060087184888338,-1.0186334713412402,-0.32928071939452414,0.6929336863112365,0,2,1,1,0,2
1,1,0.2857629365599114,0.3004439455475063,0.05866672938413186,-0.5542314101429997,1.4986792419360064,0.9419948975859785,0.22556861152669114,-0.9603289765600365,0.9929207532211743,-0.013314707284111467,-0.13984646294441605,1.4367153043512546,1.2081206002973983,0.6486239293130284,0.6929336863112365,0,2,2,1,0,2
0,0,-3.0702744835751794,-2.407001866101026,-2.4005618045367756,1.0070502643874932,1.0442705435413637,0.09601181276371,-1.7457372740267034,-1.8445261705555083,-1.3630417508376695,1.4160371125129294,-2.9171972170205134,-0.45540445323600787,0.09474356447807901,-0.06257945156519114,-0.018447187823741776,1,2,0,1,2,1
1,1,-2.2895648722446604,-1.8950484762620305,-1.3339084645228885,1.0070502643874932,0.3374125682608089,1.570073248438876,0.7183950829150397,-0.9603289765600365,0.9929207532211743,-1.4426665270811523,-1.5285218399824647,0.8060087184888338,2.878186154026377,1.804329423240135,0.3372432492437474,0,2,0,0,2,1
1,1,0.5493791689572295,-0.09336635432864385,1.1253200693980188,-0.5542314101429997,-2.035610634466769,-1.8010411653225913,-0.7600843312500061,0.8080654114309073,-0.5777209161513882,-1.4426665270811523,1.2488289140936326,-0.45540445323600787,2.3214976361167174,0.8264247745325835,-1.0855184990262092,0,2,1,1,0,2
0,4,1.147585234781913,1.3341959827224006,-0.03022104895035931,1.0070502643874932,0.3879024236379912,-0.4679769104511369,-0.2672578598616575,1.6922626054263792,0.20759991853489304,-0.013314707284111467,1.2488289140936326,0.17530213262641298,-1.5753219892508998,-0.4181811420043013,-0.7298280619587201,0,0,1,1,2,2
0,1,-1.224960856793952,-1.1960351939818645,-0.7018175963665103,1.0070502643874932,1.9025980849534665,2.1084261205985024,-1.2529108026383546,-0.0761317825645646,-0.5777209161513882,-1.4426665270811523,-1.5285218399824647,0.8060087184888338,-1.0186334713412402,-0.4181811420043013,1.0486241233787257,0,1,1,1,1,2
1,3,-0.799119250613668,-0.6643912891490613,-0.9289752521102083,-0.5542314101429997,0.23643285750644377,0.6087288338681156,-0.2672578598616575,1.6922626054263792,-0.5777209161513882,-1.4426665270811523,-0.13984646294441605,-0.45540445323600787,0.6514320823877386,-0.5959819872238563,1.4043145604462148,1,0,0,1,2,2
0,3,0.7724390579088053,1.265279180244074,0.7598925362451128,2.568331938917986,-0.01601641937946878,0.6087288338681156,1.2112215543033884,-0.9603289765600365,0.9929207532211743,0.7013612026144089,-0.13984646294441605,0.17530213262641298,0.09474356447807901,-0.4181811420043013,-0.018447187823741776,0,0,0,1,1,2
1,1,-0.545642104077785,-0.034294809347221886,-0.5635477189573035,1.0070502643874932,-2.035610634466769,-1.7625873887397603,-0.2672578598616575,-0.9603289765600365,-0.5777209161513882,-1.4426665270811523,-0.13984646294441605,0.17530213262641298,0.09474356447807901,-0.6848824098336335,0.6929336863112365,0,2,0,1,1,2
1,2,0.9143862599689003,0.733635275411272,1.0463087108784719,-0.5542314101429997,0.48888213439235634,0.1729193659293701,-1.2529108026383546,0.8080654114309073,-1.3630417508376695,0.7013612026144089,-0.13984646294441605,-1.0861110390984288,0.09474356447807901,0.4708230840934733,-0.018447187823741776,1,0,1,1,0,2
0,4,1.1678634065047833,1.1963623777657475,1.3524777251417168,1.0070502643874932,0.8423111220326339,0.8266335678374883,-0.7600843312500061,-0.0761317825645646,-1.3630417508376695,-0.7279906171826318,1.2488289140936326,-1.0861110390984288,0.6514320823877386,0.2930222388739182,-0.018447187823741776,0,2,2,1,1,1
1,3,0.08298121933120396,0.25121765806298757,0.30557722475771687,-0.5542314101429997,0.43839227901517397,-0.698699569948119,-0.2672578598616575,1.6922626054263792,-0.5777209161513882,-1.4426665270811523,-0.13984646294441605,-0.45540445323600787,0.09474356447807901,1.5376281554108022,1.0486241233787257,0,2,0,1,2,2
1,4,-0.9005101092280217,-1.0877373615159232,0.08829598882896178,1.0070502643874932,-0.7228743946600239,-0.5064306870339669,-0.7600843312500061,-0.0761317825645646,-1.3630417508376695,0.7013612026144089,-1.5285218399824647,-1.7168176249608496,0.6514320823877386,-1.751687481150963,0.3372432492437474,0,2,1,1,2,2
0,1,0.49868373965005214,1.2751244377409785,0.19693660679333863,-0.5542314101429997,0.034473435997713554,0.6471826104509456,0.7183950829150397,-0.0761317825645646,-0.5777209161513882,-0.013314707284111467,1.2488289140936326,0.17530213262641298,-0.4619449534315806,0.11522139365436314,1.4043145604462148,0,2,0,1,2,2
0,3,-1.0525963971495509,-0.8120701516026176,-0.6129298180320205,-0.5542314101429997,-1.6316917914493092,-0.8012429741689998,-0.7600843312500061,-0.9603289765600365,-0.5777209161513882,1.4160371125129294,-0.13984646294441605,0.17530213262641298,-0.4619449534315806,-0.5070815646140784,1.0486241233787257,0,1,0,1,0,2
0,1,0.8839690023845951,1.3046602102316895,0.11792524827379171,1.0070502643874932,0.23643285750644377,-1.2498703676353546,0.7183950829150397,0.8080654114309073,0.9929207532211743,-0.013314707284111467,1.2488289140936326,0.17530213262641298,-0.4619449534315806,1.804329423240135,-0.018447187823741776,0,1,2,1,2,2
1,4,0.7014654568787596,1.3834222702069192,0.5919933993910746,-0.5542314101429997,2.0035777957078316,1.1598996315553511,0.7183950829150397,0.8080654114309073,0.9929207532211743,0.7013612026144089,1.2488289140936326,0.8060087184888338,-1.0186334713412402,-0.6848824098336335,-1.7968993731611875,0,2,1,1,2,2
1,4,0.8028563154931124,1.1963623777657475,1.0166794514336406,-0.5542314101429997,1.751128518821919,1.4675298442179954,1.2112215543033884,-0.0761317825645646,0.9929207532211743,-0.013314707284111467,-0.13984646294441605,-0.45540445323600787,-0.4619449534315806,0.4708230840934733,-1.0855184990262092,0,1,1,1,2,2
1,3,0.10325939105407415,-0.7726891216150035,-0.6326826576619062,-0.5542314101429997,-1.8841410683352218,-2.544480845923979,1.2112215543033884,-0.9603289765600365,0.9929207532211743,0.7013612026144089,1.2488289140936326,0.8060087184888338,1.7648091182070578,-0.2403802967847462,0.6929336863112365,0,2,1,1,0,2
1,2,-1.4378816598840938,-0.9499037565592707,-1.501807601376926,-0.5542314101429997,-1.2782628038090316,-0.6730637188928984,1.2112215543033884,-0.9603289765600365,0.9929207532211743,-0.7279906171826318,-1.5285218399824647,1.4367153043512546,1.2081206002973983,-0.4181811420043013,-0.018447187823741776,0,2,0,1,0,2
1,2,0.8738299165231599,0.2709081730567953,0.6611283380956787,-0.5542314101429997,-1.8336512129580391,-0.9678760060279312,1.2112215543033884,0.8080654114309073,0.9929207532211743,1.4160371125129294,1.2488289140936326,0.8060087184888338,0.09474356447807901,1.804329423240135,-1.4412089360936984,0,0,1,1,1,2
1,1,-0.3428603868490793,-1.1172731340066342,-0.3857721622883212,-0.5542314101429997,-1.0763033823003014,-0.019349516984781982,-0.2672578598616575,-0.0761317825645646,-1.3630417508376695,1.4160371125129294,-0.13984646294441605,-1.0861110390984288,-0.4619449534315806,0.026320971044586007,-0.3741376248912309,0,0,0,1,2,2
0,1,-0.9714837102580692,-1.4126308589137468,-1.2351442663734544,-0.5542314101429997,-2.035610634466769,-2.3778478140650474,0.22556861152669114,-0.0761317825645646,0.20759991853489304,1.4160371125129294,-1.5285218399824647,0.8060087184888338,0.6514320823877386,-1.484986213321631,-1.0855184990262092,0,1,2,1,1,2
0,3,0.052563961746898646,0.8813141378648284,-0.7018175963665103,-0.5542314101429997,-0.11699613013383389,-0.3269797296474242,0.22556861152669114,0.8080654114309073,0.20759991853489304,0.7013612026144089,1.2488289140936326,-1.0861110390984288,0.09474356447807901,0.8264247745325835,-1.7968993731611875,0,1,2,1,1,2
1,1,0.8738299165231599,1.0979098027967098,0.5129820408715278,-0.5542314101429997,0.9937806881641814,0.929176972058369,0.22556861152669114,-0.0761317825645646,-0.5777209161513882,-0.013314707284111467,1.2488289140936326,-0.45540445323600787,-0.4619449534315806,1.2709268875814708,1.0486241233787257,0,1,0,1,1,2
1,3,-0.36313855857194954,0.014931478137296887,0.17718376716345155,1.0070502643874932,-1.328752659186214,0.2370089935674208,-0.7600843312500061,-0.0761317825645646,-1.3630417508376695,-1.4426665270811523,-0.13984646294441605,-1.7168176249608496,-0.4619449534315806,-0.06257945156519114,-0.3741376248912309,0,2,2,1,2,2
0,3,-0.10966141203606658,-0.13274738431625943,0.7203868569853386,1.0070502643874932,-0.11699613013383389,-0.19880047437132284,1.2112215543033884,0.8080654114309073,0.9929207532211743,-1.4426665270811523,-0.13984646294441605,0.8060087184888338,-1.0186334713412402,1.5376281554108022,-0.3741376248912309,0,2,2,1,2,2
0,2,1.2388370075348307,1.2751244377409785,1.5993882205153018,1.0070502643874932,1.5996589526903715,1.2496251102486227,-1.2529108026383546,-0.0761317825645646,-1.3630417508376695,-0.013314707284111467,-1.5285218399824647,-1.7168176249608496,-1.0186334713412402,0.20412181626414108,0.6929336863112365,0,2,1,1,0,2
0,0,-0.04882689686745417,-1.2944877689509022,0.10804882845884886,-0.5542314101429997,0.23643285750644377,-1.4677751016047274,-0.2672578598616575,0.8080654114309073,0.20759991853489304,0.7013612026144089,-0.13984646294441605,0.8060087184888338,-1.5753219892508998,-0.15147987417496905,1.4043145604462148,0,2,1,1,1,2
1,1,-0.2414695282347265,0.792706820392694,-0.26725512450900146,1.0070502643874932,-1.025813526923119,-1.7754053142673705,1.2112215543033884,-0.9603289765600365,0.9929207532211743,-0.7279906171826318,-0.13984646294441605,0.8060087184888338,1.7648091182070578,0.20412181626414108,1.4043145604462148,1,2,0,1,1,1
1,2,-2.502485675334802,-2.170715686175336,-2.0746399506436437,-0.5542314101429997,0.7413314112782688,0.4933675041196236,0.7183950829150397,-1.8445261705555083,0.20759991853489304,1.4160371125129294,-2.9171972170205134,1.4367153043512546,-0.4619449534315806,-0.4181811420043013,-0.7298280619587201,0,2,0,1,2,2
1,2,0.7116045427401947,0.9010046528586347,0.8981624136543209,-0.5542314101429997,0.43839227901517397,-0.3013438785922054,1.2112215543033884,-0.0761317825645646,0.9929207532211743,-1.4426665270811523,1.2488289140936326,0.17530213262641298,1.7648091182070578,-0.06257945156519114,-1.0855184990262092,0,2,2,1,2,2
0,1,0.9650816892760776,0.6351827004422346,1.6783995790348487,-0.5542314101429997,0.13545314675207865,1.0060845252240291,1.2112215543033884,-0.9603289765600365,0.9929207532211743,-1.4426665270811523,1.2488289140936326,1.4367153043512546,0.6514320823877386,0.38192266148369614,-1.0855184990262092,0,1,1,1,2,2
1,3,0.863690830661723,0.4875038379886782,-0.2870079641388872,-0.5542314101429997,1.8016183741991014,2.3776025566783145,-0.7600843312500061,0.8080654114309073,0.20759991853489304,0.7013612026144089,-0.13984646294441605,0.8060087184888338,0.6514320823877386,-1.3071853681020758,0.6929336863112365,1,2,2,1,1,2
1,1,0.3161801941442167,-0.21150944429148918,0.5623641399462448,-0.5542314101429997,0.48888213439235634,0.4292778764815729,0.22556861152669114,-0.0761317825645646,0.20759991853489304,-0.7279906171826318,-0.13984646294441605,-1.0861110390984288,0.6514320823877386,0.4708230840934733,-0.3741376248912309,0,0,2,1,0,2
0,1,-0.4543903313248673,0.1330745681001422,0.2364422860531128,-0.5542314101429997,-1.0763033823003014,-0.19880047437132284,1.2112215543033884,-0.0761317825645646,0.9929207532211743,-1.4426665270811523,-0.13984646294441605,1.4367153043512546,0.09474356447807901,-0.06257945156519114,-0.3741376248912309,0,0,2,1,1,2
1,1,0.995498946860383,0.7237900179143675,0.5327348805014148,-0.5542314101429997,-0.9248338161687538,-0.9935118570831518,1.2112215543033884,0.8080654114309073,0.9929207532211743,-0.7279906171826318,1.2488289140936326,0.17530213262641298,0.09474356447807901,0.38192266148369614,0.6929336863112365,0,0,2,1,2,2
1,2,0.9448035175532057,1.009302485324577,0.6314990786508489,-0.5542314101429997,0.3879024236379912,0.660000535978555,-0.7600843312500061,0.8080654114309073,-0.5777209161513882,-0.013314707284111467,-0.13984646294441605,-1.0861110390984288,0.6514320823877386,1.0042256197521378,0.3372432492437474,1,0,1,1,2,2
0,3,1.7559303864680318,2.3088764749158726,1.0858143901382447,-0.5542314101429997,0.034473435997713554,0.05755803618087995,1.2112215543033884,1.6922626054263792,0.9929207532211743,0.7013612026144089,1.2488289140936326,0.17530213262641298,0.6514320823877386,1.2709268875814708,0.3372432492437474,0,1,2,1,0,2
1,2,1.0766116337518656,1.708315767604743,1.2932192062520569,-0.5542314101429997,1.2967198204272763,0.40364202542635225,-0.7600843312500061,1.6922626054263792,-0.5777209161513882,1.4160371125129294,1.2488289140936326,-0.45540445323600787,0.6514320823877386,-0.06257945156519114,1.0486241233787257,0,2,1,1,1,2
1,1,-1.0323182254266807,-1.5307739488765921,-0.4351542613630382,-0.5542314101429997,-0.47042511777411133,-1.0063297826107631,0.7183950829150397,-0.0761317825645646,0.9929207532211743,-0.7279906171826318,-1.5285218399824647,0.8060087184888338,0.6514320823877386,0.6486239293130284,0.3372432492437474,1,1,1,1,1,2
0,2,-0.008270553421713765,0.5071943529824846,-0.05985030839518923,-0.5542314101429997,0.23643285750644377,1.1727175570829607,0.7183950829150397,0.8080654114309073,0.9929207532211743,1.4160371125129294,-1.5285218399824647,0.8060087184888338,-1.0186334713412402,-0.5070815646140784,-0.3741376248912309,0,2,0,1,2,2
0,1,-1.2148217709325162,-1.6587622963363406,-0.29688438395383143,1.0070502643874932,-0.47042511777411133,-0.9037863783898805,-0.7600843312500061,-0.9603289765600365,-0.5777209161513882,-1.4426665270811523,-1.5285218399824647,-0.45540445323600787,-1.0186334713412402,-0.15147987417496905,1.0486241233787257,0,0,2,1,2,1
0,2,0.3972928810356993,0.5071943529824846,0.6611283380956787,-0.5542314101429997,-0.21797584088819877,0.2370089935674208,0.22556861152669114,-0.9603289765600365,0.9929207532211743,1.4160371125129294,1.2488289140936326,0.8060087184888338,-0.4619449534315806,-0.5959819872238563,-0.3741376248912309,0,1,2,1,1,2
1,1,-0.30230404340333805,-0.6840818041428691,-0.8697167332205483,2.568331938917986,0.6908415559010865,0.019104259598048075,1.2112215543033884,-0.9603289765600365,0.9929207532211743,-1.4426665270811523,1.2488289140936326,0.8060087184888338,2.878186154026377,1.359827310191248,-0.018447187823741776,0,1,2,1,0,1
1,1,-0.170495927204679,-0.4281051092233721,-0.7116940161814546,-0.5542314101429997,-1.3792425145633966,-0.8268788252242204,-0.2672578598616575,-0.9603289765600365,-0.5777209161513882,-0.7279906171826318,-0.13984646294441605,0.17530213262641298,-0.4619449534315806,0.20412181626414108,0.3372432492437474,0,0,0,0,2,2
0,1,-1.072874568872422,-0.5364029416893128,-1.324032044707945,-0.5542314101429997,0.034473435997713554,1.0060845252240291,-1.7457372740267034,-0.0761317825645646,-1.3630417508376695,1.4160371125129294,-0.13984646294441605,-1.7168176249608496,-1.0186334713412402,1.0042256197521378,1.0486241233787257,0,0,0,0,0,2
0,0,0.8839690023845951,0.1330745681001422,0.8882859938393767,-0.5542314101429997,0.5393719897695386,0.19855521698459075,1.2112215543033884,-0.9603289765600365,0.9929207532211743,0.7013612026144089,-0.13984646294441605,0.17530213262641298,0.6514320823877386,1.0042256197521378,-0.7298280619587201,0,2,2,1,0,2
1,1,0.06270304760833376,0.054312508124912465,0.47347636161175355,-0.5542314101429997,0.48888213439235634,-0.19880047437132284,0.7183950829150397,-0.0761317825645646,0.9929207532211743,-0.013314707284111467,1.2488289140936326,0.17530213262641298,0.09474356447807901,-0.6848824098336335,1.4043145604462148,0,1,0,1,0,2
0,0,-0.7078674778607502,-1.373249828926132,-0.8499638935906613,-0.5542314101429997,-0.01601641937946878,0.6856363870337757,-1.7457372740267034,-1.8445261705555083,-2.1483625855239508,-0.7279906171826318,-0.13984646294441605,-0.45540445323600787,-1.0186334713412402,-2.1961895941998506,-0.7298280619587201,0,1,0,1,1,2
1,4,0.16409390622268658,-0.4281051092233721,0.6808811777255658,4.1296136134484795,-0.06650627475665133,-0.08343914462283268,0.7183950829150397,-0.0761317825645646,0.20759991853489304,-0.013314707284111467,-0.13984646294441605,0.8060087184888338,1.7648091182070578,1.0042256197521378,-0.7298280619587201,0,2,2,1,1,1
1,1,1.7559303864680318,1.934756690033529,1.638893899775076,-0.5542314101429997,-0.01601641937946878,0.24982691909503205,1.2112215543033884,0.8080654114309073,0.9929207532211743,-1.4426665270811523,1.2488289140936326,1.4367153043512546,3.4348746719360363,0.9153251971423606,-1.4412089360936984,0,1,0,1,0,2
0,4,-0.7585629071679275,-1.0286658165345004,-0.8697167332205483,-0.5542314101429997,-0.41993526239692874,0.3139165467330827,-1.7457372740267034,-1.8445261705555083,-2.1483625855239508,-0.013314707284111467,-0.13984646294441605,-1.7168176249608496,-1.5753219892508998,0.11522139365436314,-0.3741376248912309,1,2,1,1,2,1
0,2,-1.2553781143782574,-1.5307739488765921,-1.1660093276688503,1.0070502643874932,-1.3792425145633966,-0.45515898492352563,-1.7457372740267034,-0.9603289765600365,-2.1483625855239508,0.7013612026144089,-1.5285218399824647,-1.7168176249608496,-1.5753219892508998,-0.5070815646140784,1.4043145604462148,1,2,1,1,0,1
0,4,1.2895324368420062,1.0880645452998066,1.4512419232911509,-0.5542314101429997,0.5393719897695386,0.7112722380889963,0.22556861152669114,0.8080654114309073,-0.5777209161513882,0.7013612026144089,1.2488289140936326,-0.45540445323600787,-1.0186334713412402,-0.5959819872238563,-1.4412089360936984,0,2,1,1,1,2
1,1,0.17423299208412169,-0.16228315680697042,-0.7511996954412273,-0.5542314101429997,0.9432908327869991,0.6471826104509456,-0.7600843312500061,-0.0761317825645646,-0.5777209161513882,-1.4426665270811523,-0.13984646294441605,0.17530213262641298,0.09474356447807901,-0.5070815646140784,-0.018447187823741776,0,2,1,1,1,2
0,3,-0.36313855857194954,-0.487176654204794,-1.225267846558511,1.0070502643874932,-0.06650627475665133,-0.5064306870339669,0.7183950829150397,-0.0761317825645646,0.20759991853489304,1.4160371125129294,-0.13984646294441605,-1.0861110390984288,-0.4619449534315806,-0.8626832550531885,-1.4412089360936984,0,0,1,1,2,2
0,3,-0.6571720485535738,-0.8809869540809442,-0.049973888580246394,-0.5542314101429997,1.852108229576284,1.0060845252240291,-0.7600843312500061,-0.9603289765600365,-0.5777209161513882,-0.013314707284111467,-0.13984646294441605,0.17530213262641298,0.6514320823877386,-0.2403802967847462,1.4043145604462148,1,1,2,0,0,1
1,1,0.7622999720473702,0.9010046528586347,0.12780166808873455,-0.5542314101429997,-0.41993526239692874,-0.8909684528622711,1.2112215543033884,1.6922626054263792,0.9929207532211743,0.7013612026144089,-0.13984646294441605,0.17530213262641298,1.2081206002973983,1.804329423240135,-0.018447187823741776,0,0,0,1,0,2
0,1,-0.6571720485535738,-1.097582619012827,-0.11910882728485048,2.568331938917986,-1.4802222253177615,-0.9806939315555424,1.2112215543033884,-0.0761317825645646,0.9929207532211743,-1.4426665270811523,-1.5285218399824647,0.8060087184888338,0.6514320823877386,0.20412181626414108,-1.4412089360936984,1,0,0,1,2,2
0,3,0.9245253458303354,0.733635275411272,0.43397068235198083,-0.5542314101429997,0.6403517005239038,0.8650873444203184,1.2112215543033884,1.6922626054263792,0.9929207532211743,-1.4426665270811523,1.2488289140936326,0.8060087184888338,0.6514320823877386,0.5597235067032504,-0.7298280619587201,0,0,1,1,2,2
1,2,-0.08938324031319639,0.1724555980877578,-0.42527784154809534,-0.5542314101429997,0.5898618451467215,1.377804365524724,-0.2672578598616575,-0.9603289765600365,-0.5777209161513882,1.4160371125129294,-1.5285218399824647,-1.0861110390984288,1.2081206002973983,0.026320971044586007,1.0486241233787257,0,2,1,1,2,2
1,1,-1.1539872557639046,-1.2649519964601905,-1.0869979691493035,1.0070502643874932,-0.47042511777411133,0.9932665996964197,0.22556861152669114,-0.9603289765600365,0.20759991853489304,-0.7279906171826318,-1.5285218399824647,0.17530213262641298,0.09474356447807901,0.5597235067032504,1.4043145604462148,0,2,0,1,1,1
0,2,-0.11980049789750169,-0.0047590368565095026,-0.6030533982170763,-0.5542314101429997,-1.2782628038090316,-0.4807948359787463,0.22556861152669114,-0.0761317825645646,0.20759991853489304,-0.7279906171826318,1.2488289140936326,0.17530213262641298,-0.4619449534315806,0.2930222388739182,0.3372432492437474,0,1,1,1,0,2
1,3,1.2591151792577011,1.6000179351388022,1.2339606873623956,1.0070502643874932,0.9937806881641814,0.8266335678374883,0.7183950829150397,1.6922626054263792,0.9929207532211743,-0.013314707284111467,1.2488289140936326,0.8060087184888338,0.09474356447807901,1.2709268875814708,-1.4412089360936984,1,2,2,1,1,2
0,3,1.2286979216733958,1.5311011326604755,0.7203868569853386,-0.5542314101429997,1.4986792419360064,1.570073248438876,0.7183950829150397,1.6922626054263792,0.20759991853489304,-1.4426665270811523,1.2488289140936326,0.17530213262641298,0.6514320823877386,0.5597235067032504,-0.3741376248912309,0,2,1,1,1,2
0,1,1.005638032721818,1.3243507252254973,0.5327348805014148,-0.5542314101429997,0.6908415559010865,0.44209580200918414,1.2112215543033884,1.6922626054263792,0.9929207532211743,-0.013314707284111467,1.2488289140936326,1.4367153043512546,-1.0186334713412402,1.093126042361915,1.0486241233787257,0,2,2,1,2,2
1,2,-1.3567689729926111,-1.324023541441613,-0.7511996954412273,5.6908952879789725,0.3879024236379912,0.18573729145698134,-0.7600843312500061,-0.0761317825645646,-0.5777209161513882,-0.7279906171826318,-0.13984646294441605,-0.45540445323600787,-1.0186334713412402,0.38192266148369614,0.6929336863112365,0,1,0,1,0,1
0,2,1.1881415782276534,0.8813141378648284,1.5006240223658678,-0.5542314101429997,1.1957401096729117,0.660000535978555,-1.2529108026383546,0.8080654114309073,-1.3630417508376695,1.4160371125129294,-0.13984646294441605,-1.7168176249608496,-0.4619449534315806,0.6486239293130284,-1.4412089360936984,0,2,1,1,0,2
1,3,0.5088228255114873,0.8813141378648284,0.9376680929140937,1.0070502643874932,0.13545314675207865,0.2882806956778621,1.2112215543033884,0.8080654114309073,0.9929207532211743,1.4160371125129294,-0.13984646294441605,1.4367153043512546,-0.4619449534315806,-1.1293845228825208,1.0486241233787257,0,1,1,1,1,2
0,2,-1.6609415488356705,-1.3437140564354209,-0.8005817945159442,1.0070502643874932,-1.8336512129580391,-2.1599430800956747,-0.2672578598616575,-0.0761317825645646,-0.5777209161513882,-0.7279906171826318,-1.5285218399824647,-0.45540445323600787,0.6514320823877386,1.2709268875814708,1.0486241233787257,0,2,2,1,1,2
1,1,-0.018409639283148867,-0.21150944429148918,-0.32651364339866135,1.0070502643874932,-1.227772948431849,-1.5831364313532184,0.22556861152669114,0.8080654114309073,0.20759991853489304,-0.013314707284111467,1.2488289140936326,0.17530213262641298,-1.5753219892508998,-0.2403802967847462,0.3372432492437474,0,2,2,0,1,2
0,1,-0.1806350130661141,-0.8612964390871364,-0.10923240746990623,1.0070502643874932,0.23643285750644377,0.7497260146718264,0.22556861152669114,-0.0761317825645646,0.9929207532211743,-0.7279906171826318,-0.13984646294441605,1.4367153043512546,1.2081206002973983,0.026320971044586007,0.3372432492437474,1,2,0,0,0,2
0,3,1.137446148920478,1.2849696952378817,1.6783995790348487,-0.5542314101429997,-0.01601641937946878,-0.3013438785922054,-0.2672578598616575,0.8080654114309073,-0.5777209161513882,-0.7279906171826318,1.2488289140936326,-0.45540445323600787,-0.4619449534315806,-0.32928071939452414,1.4043145604462148,0,1,2,1,0,2
0,3,0.9042471741074652,1.3637317552131114,0.9870501919888107,-0.5542314101429997,-0.3189555516425639,-0.698699569948119,1.2112215543033884,-0.0761317825645646,0.9929207532211743,0.7013612026144089,-0.13984646294441605,0.8060087184888338,0.6514320823877386,0.026320971044586007,0.6929336863112365,1,1,0,1,1,2
1,3,-0.43411215960199706,-0.8612964390871364,-0.16849092635956747,-0.5542314101429997,-0.823854105414389,-1.378049622911456,1.2112215543033884,-0.9603289765600365,0.9929207532211743,-1.4426665270811523,-0.13984646294441605,0.17530213262641298,1.2081206002973983,-0.2403802967847462,1.4043145604462148,0,2,1,1,2,2
1,3,-1.4277425740226577,-1.2944877689509022,-0.07960314802507631,2.568331938917986,0.5898618451467215,0.5061854296472348,-1.2529108026383546,0.8080654114309073,-1.3630417508376695,1.4160371125129294,-1.5285218399824647,-1.0861110390984288,-1.0186334713412402,-0.8626832550531885,0.3372432492437474,0,2,0,1,2,2
1,3,0.12353756277694616,-0.08352109683174065,1.0463087108784719,2.568331938917986,0.3879024236379912,0.775361865727047,-0.2672578598616575,-0.0761317825645646,0.20759991853489304,-0.7279906171826318,-1.5285218399824647,-0.45540445323600787,0.09474356447807901,1.359827310191248,-0.3741376248912309,0,2,2,0,0,1
1,3,1.2591151792577011,1.5015653601697647,0.8290274749497168,-0.5542314101429997,0.18594300212926143,0.5830929828128949,-0.7600843312500061,1.6922626054263792,-0.5777209161513882,1.4160371125129294,1.2488289140936326,-0.45540445323600787,-0.4619449534315806,-0.32928071939452414,-0.018447187823741776,1,1,0,1,0,2
1,1,1.7559303864680318,2.515626882350851,1.3524777251417168,-0.5542314101429997,-1.328752659186214,-1.7625873887397603,1.2112215543033884,0.8080654114309073,0.9929207532211743,-0.013314707284111467,1.2488289140936326,0.17530213262641298,-1.0186334713412402,0.7375243519228055,1.4043145604462148,0,1,1,1,2,2
0,3,-0.3732776444333846,-0.13274738431625943,-0.6623119171067375,2.568331938917986,-0.9248338161687538,-0.23725425095415473,0.22556861152669114,-0.0761317825645646,0.20759991853489304,-1.4426665270811523,-1.5285218399824647,-0.45540445323600787,-0.4619449534315806,-2.0183887489802954,-0.7298280619587201,0,2,1,1,2,1
1,1,1.4213405530406662,1.5311011326604755,1.0166794514336406,-0.5542314101429997,1.3976995311816414,0.929176972058369,0.7183950829150397,1.6922626054263792,0.20759991853489304,1.4160371125129294,-0.13984646294441605,-0.45540445323600787,-1.0186334713412402,1.5376281554108022,-1.7968993731611875,0,2,1,1,2,2
1,4,1.5632877551007613,1.7772325700830696,1.6783995790348487,-0.5542314101429997,-0.01601641937946878,0.1729193659293701,-0.7600843312500061,-0.0761317825645646,-0.5777209161513882,-0.7279906171826318,1.2488289140936326,0.17530213262641298,-0.4619449534315806,-1.1293845228825208,1.4043145604462148,1,1,1,1,1,1
1,2,0.06270304760833376,-0.3296525342543345,0.4833527814266978,-0.5542314101429997,0.18594300212926143,0.6856363870337757,-2.7313902168034008,1.6922626054263792,-2.1483625855239508,-0.013314707284111467,-0.13984646294441605,-2.3475242108232703,-0.4619449534315806,-0.6848824098336335,-1.0855184990262092,0,2,1,1,1,2
1,4,-0.5861984475235263,-0.546248199186216,-0.9092224124803225,-0.5542314101429997,-0.01601641937946878,-0.08343914462283268,-2.238563745415052,-0.0761317825645646,-2.1483625855239508,1.4160371125129294,-1.5285218399824647,-1.7168176249608496,-0.4619449534315806,0.9153251971423606,1.4043145604462148,1,2,0,1,2,2
1,0,1.6950958712994195,1.1865171202688443,1.391983404401491,-0.5542314101429997,0.43839227901517397,-0.6217920167824589,-0.2672578598616575,-0.0761317825645646,-1.3630417508376695,-1.4426665270811523,1.2488289140936326,-1.0861110390984288,0.6514320823877386,-0.32928071939452414,-1.0855184990262092,1,0,2,1,0,2
0,0,-0.6977283919993151,-0.5560934566831206,-0.5042892000676422,2.568331938917986,-0.7228743946600239,-0.2244363254265435,0.22556861152669114,-0.9603289765600365,0.20759991853489304,-1.4426665270811523,-0.13984646294441605,0.17530213262641298,-0.4619449534315806,0.5597235067032504,-0.7298280619587201,0,2,2,1,0,1
1,0,-2.11720041260026,-2.407001866101026,-1.7981001958252278,-0.5542314101429997,-0.9248338161687538,-0.2244363254265435,1.2112215543033884,-1.8445261705555083,0.9929207532211743,-1.4426665270811523,-1.5285218399824647,0.17530213262641298,-1.0186334713412402,0.7375243519228055,1.4043145604462148,0,1,0,0,2,2
0,4,-1.448020745745529,-0.8416059240933286,-0.9981101908148123,-0.5542314101429997,0.5393719897695386,0.3523703233159128,0.22556861152669114,-0.9603289765600365,-0.5777209161513882,-0.013314707284111467,-1.5285218399824647,-1.0861110390984288,0.6514320823877386,-0.06257945156519114,-0.018447187823741776,0,0,1,1,2,1
0,3,0.02214670416259154,-0.014604294353414097,0.8882859938393767,-0.5542314101429997,2.558966204856839,1.3649864399971128,-0.2672578598616575,1.6922626054263792,-0.5777209161513882,-0.013314707284111467,-0.13984646294441605,0.17530213262641298,0.09474356447807901,1.804329423240135,-0.3741376248912309,1,1,1,1,0,2
0,4,1.4213405530406662,1.8363041150644914,1.4314890836612637,-0.5542314101429997,-0.21797584088819877,-1.0191477081383724,-0.7600843312500061,0.8080654114309073,-0.5777209161513882,1.4160371125129294,1.2488289140936326,-0.45540445323600787,-0.4619449534315806,0.6486239293130284,-0.018447187823741776,0,1,2,1,0,2
1,1,0.01200761830115644,0.3595154905289283,-0.7018175963665103,-0.5542314101429997,-0.9753236715459364,-0.8268788252242204,0.22556861152669114,-0.9603289765600365,0.9929207532211743,0.7013612026144089,-1.5285218399824647,0.8060087184888338,1.7648091182070578,-0.2403802967847462,0.3372432492437474,0,0,2,1,2,2
0,0,1.654539527853679,1.5409463901573788,0.7105104371703957,-0.5542314101429997,0.43839227901517397,0.3010986212054715,1.2112215543033884,0.8080654114309073,0.20759991853489304,-0.013314707284111467,1.2488289140936326,-1.0861110390984288,1.7648091182070578,1.804329423240135,-0.3741376248912309,0,1,2,1,1,2
1,2,0.45812739620431175,0.5662658979639079,-0.3758957424733783,-0.5542314101429997,-0.7228743946600239,-0.3141618041198148,1.2112215543033884,1.6922626054263792,0.9929207532211743,-0.7279906171826318,-0.13984646294441605,0.17530213262641298,0.6514320823877386,-1.3071853681020758,0.3372432492437474,0,0,2,1,2,2
1,1,-0.7585629071679275,-1.402785601416843,0.05866672938413186,-0.5542314101429997,0.3879024236379912,0.775361865727047,1.2112215543033884,-0.9603289765600365,0.9929207532211743,-1.4426665270811523,-0.13984646294441605,1.4367153043512546,0.6514320823877386,-0.9515836776629657,1.4043145604462148,0,2,0,1,1,2
0,2,-1.194543599209646,-0.6053197441676393,-2.3215504460172287,1.0070502643874932,-0.5209149731512939,-0.6346099423100683,0.22556861152669114,0.8080654114309073,0.9929207532211743,-0.013314707284111467,-0.13984646294441605,0.17530213262641298,0.6514320823877386,1.093126042361915,-0.7298280619587201,0,0,0,1,1,2
1,3,-1.4987161750527054,-0.9892847865468849,-1.324032044707945,-0.5542314101429997,-0.6723845392828413,-1.339595846328626,-1.7457372740267034,-1.8445261705555083,-1.3630417508376695,0.7013612026144089,-0.13984646294441605,-1.0861110390984288,-0.4619449534315806,1.804329423240135,-1.4412089360936984,1,2,0,1,0,2
1,0,1.4923141540707137,0.8911593953617316,1.9648157536682078,-0.5542314101429997,-1.7831613575808567,-2.3393940374822164,1.2112215543033884,0.8080654114309073,0.9929207532211743,0.7013612026144089,1.2488289140936326,1.4367153043512546,-1.0186334713412402,0.20412181626414108,-0.7298280619587201,0,2,0,1,2,2
1,0,-0.6470329626921387,-0.3788788217388533,-0.8104582143308885,1.0070502643874932,0.08496329137489633,-0.27570802753698476,-0.7600843312500061,-0.0761317825645646,-1.3630417508376695,-1.4426665270811523,-1.5285218399824647,-0.45540445323600787,-0.4619449534315806,0.20412181626414108,0.3372432492437474,0,2,1,1,2,1
0,3,-0.03868781100601907,0.536730125473197,0.31545364457265973,4.1296136134484795,1.3472096758044592,2.2622412269298224,0.7183950829150397,-0.9603289765600365,0.9929207532211743,1.4160371125129294,1.2488289140936326,1.4367153043512546,-1.0186334713412402,0.38192266148369614,-1.0855184990262092,0,2,0,1,0,2
1,1,-0.8903710233665866,-0.5265576841924096,-0.19812018580439741,1.0070502643874932,0.8928009774098163,0.07037596170848937,-0.7600843312500061,-0.0761317825645646,-1.3630417508376695,-1.4426665270811523,-0.13984646294441605,-2.3475242108232703,-1.0186334713412402,-0.06257945156519114,1.4043145604462148,0,2,0,1,0,1
0,2,0.3060411082827816,-0.6840818041428691,0.6413754984657917,-0.5542314101429997,-0.41993526239692874,0.46773165306440295,-0.2672578598616575,-0.0761317825645646,-0.5777209161513882,1.4160371125129294,-0.13984646294441605,-1.0861110390984288,0.6514320823877386,-0.8626832550531885,0.3372432492437474,0,2,1,1,2,2
1,1,1.1881415782276534,1.1569813477781332,1.5697589610704719,-0.5542314101429997,1.852108229576284,0.5190033551748442,0.7183950829150397,1.6922626054263792,0.20759991853489304,-1.4426665270811523,1.2488289140936326,0.17530213262641298,1.2081206002973983,0.20412181626414108,-1.4412089360936984,1,2,0,0,0,2
0,0,-1.3263517154083049,-1.3043330264478052,-2.0252578515689263,-0.5542314101429997,1.0442705435413637,0.6471826104509456,1.2112215543033884,-0.0761317825645646,0.9929207532211743,-1.4426665270811523,1.2488289140936326,0.8060087184888338,1.2081206002973983,-0.6848824098336335,-0.7298280619587201,1,1,1,1,1,2
1,1,1.127307063059043,1.176671862771941,0.9080388334692637,-0.5542314101429997,-0.41993526239692874,0.13446558934654007,-0.2672578598616575,-0.0761317825645646,0.20759991853489304,0.7013612026144089,1.2488289140936326,0.17530213262641298,2.3214976361167174,0.11522139365436314,-0.7298280619587201,0,1,1,0,1,2
0,2,-0.43411215960199706,-0.9991300440437896,-0.20799660561934025,-0.5542314101429997,-0.823854105414389,-0.4936127615063575,1.2112215543033884,-0.9603289765600365,0.9929207532211743,1.4160371125129294,-0.13984646294441605,0.8060087184888338,0.09474356447807901,0.5597235067032504,-1.7968993731611875,0,2,1,1,1,2
1,2,1.4821750682092787,0.9502309403431536,1.1648257486577915,-0.5542314101429997,-0.47042511777411133,0.24982691909503205,1.2112215543033884,0.8080654114309073,0.9929207532211743,-1.4426665270811523,1.2488289140936326,0.8060087184888338,-1.0186334713412402,0.2930222388739182,-0.3741376248912309,0,2,2,1,2,2
0,2,0.04242487588546355,0.4776585804917736,-0.08947956784001915,-0.5542314101429997,0.9432908327869991,0.7112722380889963,-1.7457372740267034,-0.9603289765600365,-1.3630417508376695,-0.013314707284111467,-0.13984646294441605,-1.7168176249608496,0.6514320823877386,0.026320971044586007,-0.018447187823741776,1,2,1,1,2,2
1,2,-1.3060735436854338,-1.4224761164106507,-0.16849092635956747,1.0070502643874932,0.5393719897695386,0.6343646849233362,-0.2672578598616575,-0.0761317825645646,-0.5777209161513882,-0.7279906171826318,-0.13984646294441605,-0.45540445323600787,0.6514320823877386,-0.06257945156519114,1.4043145604462148,0,2,0,1,1,2
1,2,-0.9816227961195043,-1.6587622963363406,-1.373414143782662,-0.5542314101429997,-0.6218946839056589,0.03192218512565931,0.22556861152669114,0.8080654114309073,-0.5777209161513882,-0.7279906171826318,-0.13984646294441605,0.17530213262641298,-1.5753219892508998,0.7375243519228055,-0.018447187823741776,0,2,1,1,0,2
0,2,-1.458159831606964,-1.6784528113301485,-1.1363800682240204,-0.5542314101429997,0.13545314675207865,-0.019349516984781982,-1.2529108026383546,-0.9603289765600365,-1.3630417508376695,1.4160371125129294,-1.5285218399824647,-1.7168176249608496,0.09474356447807901,0.026320971044586007,1.0486241233787257,0,0,0,1,1,2
1,1,-0.2110522706504194,-0.33949779175123773,-0.7314468558113402,-0.5542314101429997,0.18594300212926143,0.10882973829131941,1.2112215543033884,-0.0761317825645646,0.9929207532211743,-1.4426665270811523,-0.13984646294441605,-0.45540445323600787,0.09474356447807901,1.359827310191248,1.0486241233787257,0,2,1,1,1,2
1,1,-0.36313855857194954,-0.5757839716769284,-0.2475022848791144,-0.5542314101429997,-1.025813526923119,-0.5064306870339669,0.7183950829150397,-0.9603289765600365,0.20759991853489304,-1.4426665270811523,-0.13984646294441605,1.4367153043512546,1.7648091182070578,-1.2182849454922986,-0.018447187823741776,0,1,0,1,2,2
1,2,1.7559303864680318,1.4228033001945348,1.4018598242164337,-0.5542314101429997,1.4481893865588242,0.3010986212054715,1.2112215543033884,1.6922626054263792,0.9929207532211743,1.4160371125129294,1.2488289140936326,-0.45540445323600787,-0.4619449534315806,1.1820264649716936,-1.0855184990262092,0,1,1,1,2,2
1,1,1.7559303864680318,1.6393989651264163,1.915433654593491,-0.5542314101429997,1.3472096758044592,0.5318212807024536,-1.7457372740267034,1.6922626054263792,-0.5777209161513882,0.7013612026144089,1.2488289140936326,-0.45540445323600787,1.2081206002973983,1.1820264649716936,-1.0855184990262092,0,2,2,1,0,2
1,1,-0.9917618819809394,-1.7572148713053781,-0.3758957424733783,4.1296136134484795,-0.21797584088819877,-0.4295231338683068,0.22556861152669114,-0.9603289765600365,-0.5777209161513882,-1.4426665270811523,-0.13984646294441605,-1.0861110390984288,1.7648091182070578,-1.0404841002727436,-0.018447187823741776,1,2,2,1,2,2
1,1,-0.7281456495836213,-0.7234628341304847,-0.6129298180320205,1.0070502643874932,-0.01601641937946878,0.044740110653268717,-0.7600843312500061,-0.9603289765600365,-0.5777209161513882,-0.7279906171826318,-1.5285218399824647,-1.7168176249608496,-0.4619449534315806,0.7375243519228055,-1.4412089360936984,0,2,1,1,2,1
0,2,0.3161801941442167,-0.3493430492481409,0.2166894464232257,1.0070502643874932,1.3976995311816414,0.4292778764815729,1.2112215543033884,0.8080654114309073,0.9929207532211743,-0.7279906171826318,1.2488289140936326,0.17530213262641298,1.2081206002973983,0.38192266148369614,-1.7968993731611875,0,2,1,1,0,2
1,3,-1.6710806346971057,-1.8655127037713197,-1.3339084645228885,1.0070502643874932,0.43839227901517397,1.0317203762792497,0.22556861152669114,-1.8445261705555083,0.9929207532211743,-1.4426665270811523,-0.13984646294441605,1.4367153043512546,0.6514320823877386,1.804329423240135,1.4043145604462148,1,0,2,1,1,1
1,3,-0.46452941718630325,-1.1074278765097303,-0.7610761152561716,1.0070502643874932,-0.06650627475665133,-1.1216911123592532,0.7183950829150397,-1.8445261705555083,0.9929207532211743,-0.013314707284111467,-0.13984646294441605,0.8060087184888338,-0.4619449534315806,0.38192266148369614,1.4043145604462148,1,1,2,0,2,2
0,0,-0.5253639323549147,-0.46748613921098625,-0.23762586506417016,-0.5542314101429997,1.2462299650500939,1.6982525037149774,-0.7600843312500061,-0.9603289765600365,-1.3630417508376695,-0.7279906171826318,-1.5285218399824647,-2.3475242108232703,0.09474356447807901,-0.4181811420043013,-1.0855184990262092,0,0,1,1,1,2
0,1,-0.4746685030477384,-1.0680468465221153,0.39446500309220667,-0.5542314101429997,0.3374125682608089,1.9674289397947897,-0.7600843312500061,-0.0761317825645646,-1.3630417508376695,-1.4426665270811523,-0.13984646294441605,-1.0861110390984288,-1.0186334713412402,1.804329423240135,1.0486241233787257,0,2,1,1,2,2
0,1,-0.9005101092280217,-1.7473696138084742,-1.620324639156247,1.0070502643874932,-0.823854105414389,-1.185780739997304,-0.7600843312500061,-1.8445261705555083,0.20759991853489304,1.4160371125129294,-1.5285218399824647,0.17530213262641298,0.6514320823877386,-2.1961895941998506,1.4043145604462148,1,1,2,1,2,2
0,0,-0.33272130098764335,0.20199137057846878,0.13767808790367878,1.0070502643874932,-0.11699613013383389,0.12164766381893065,1.2112215543033884,1.6922626054263792,0.9929207532211743,-0.7279906171826318,-0.13984646294441605,1.4367153043512546,0.6514320823877386,-0.06257945156519114,-1.4412089360936984,0,2,2,1,2,1
1,1,0.48854465378861706,0.1330745681001422,0.2364422860531128,-0.5542314101429997,0.034473435997713554,-0.814060899696611,1.2112215543033884,-1.8445261705555083,0.9929207532211743,1.4160371125129294,1.2488289140936326,1.4367153043512546,-0.4619449534315806,-0.32928071939452414,-1.7968993731611875,0,1,0,0,2,2
0,3,-0.11980049789750169,0.005086220640393692,-0.20799660561934025,-0.5542314101429997,0.08496329137489633,-0.19880047437132284,-1.7457372740267034,-0.0761317825645646,-1.3630417508376695,1.4160371125129294,-1.5285218399824647,-0.45540445323600787,-0.4619449534315806,0.38192266148369614,0.6929336863112365,0,0,2,1,1,2
1,2,-0.36313855857194954,-1.2649519964601905,-0.7413232756262844,1.0070502643874932,-0.6218946839056589,0.9932665996964197,-0.2672578598616575,0.8080654114309073,0.9929207532211743,-0.013314707284111467,-0.13984646294441605,0.8060087184888338,0.6514320823877386,-1.1293845228825208,-0.018447187823741776,0,1,1,1,2,2
0,2,-0.07924415445176128,0.3299797180382173,0.31545364457265973,-0.5542314101429997,0.8928009774098163,0.929176972058369,-1.2529108026383546,-0.0761317825645646,-1.3630417508376695,1.4160371125129294,-0.13984646294441605,-1.7168176249608496,-1.0186334713412402,0.7375243519228055,-0.3741376248912309,0,2,2,1,0,2
0,3,-0.6267547909692676,-1.097582619012827,-0.02034462913541647,-0.5542314101429997,0.8928009774098163,1.0958100039173004,-0.2672578598616575,-0.0761317825645646,0.20759991853489304,0.7013612026144089,-0.13984646294441605,-0.45540445323600787,2.878186154026377,-0.6848824098336335,-1.7968993731611875,0,2,0,1,1,2
0,2,0.13367664863838127,0.07400302311872026,0.19693660679333863,-0.5542314101429997,0.13545314675207865,-0.05780329356761203,-0.7600843312500061,0.8080654114309073,-0.5777209161513882,-0.013314707284111467,-0.13984646294441605,-1.0861110390984288,-1.5753219892508998,-0.4181811420043013,-1.7968993731611875,0,2,1,1,0,2
1,3,-0.39355581615625573,0.1330745681001422,-0.7215704359963974,1.0070502643874932,-0.5714048285284764,-0.9037863783898805,-0.2672578598616575,-0.0761317825645646,-0.5777209161513882,-0.7279906171826318,-0.13984646294441605,-0.45540445323600787,0.09474356447807901,0.026320971044586007,1.0486241233787257,1,2,2,1,0,2
1,3,1.4213405530406662,1.688625252610935,1.4512419232911509,-0.5542314101429997,-1.8336512129580391,-1.7241336121569302,0.7183950829150397,1.6922626054263792,0.9929207532211743,0.7013612026144089,1.2488289140936326,0.8060087184888338,-0.4619449534315806,0.20412181626414108,0.3372432492437474,0,1,1,1,2,2
1,2,0.6406309417101472,0.09369353811252804,0.47347636161175355,-0.5542314101429997,-0.47042511777411133,-0.13471084673327213,-0.7600843312500061,0.8080654114309073,-1.3630417508376695,0.7013612026144089,-0.13984646294441605,-0.45540445323600787,-0.4619449534315806,0.4708230840934733,-1.7968993731611875,0,2,0,1,0,2
0,1,-0.02854872514458397,-0.44779562421717845,-0.08947956784001915,-0.5542314101429997,0.43839227901517397,-0.7115174954757284,-0.2672578598616575,0.8080654114309073,-0.5777209161513882,-0.013314707284111467,-0.13984646294441605,0.8060087184888338,-0.4619449534315806,0.6486239293130284,-0.7298280619587201,0,0,2,1,2,2
0,2,0.6913263710173226,0.8813141378648284,0.40434142290715086,-0.5542314101429997,-0.6218946839056589,-0.39106935728547493,1.2112215543033884,0.8080654114309073,0.9929207532211743,0.7013612026144089,1.2488289140936326,1.4367153043512546,-0.4619449534315806,-0.06257945156519114,-0.7298280619587201,0,2,0,1,0,2
1,2,0.9549426034146425,0.8714688803679238,0.9771737721738678,-0.5542314101429997,1.0442705435413637,0.5574571317576743,-1.7457372740267034,-0.0761317825645646,-1.3630417508376695,-0.013314707284111467,1.2488289140936326,-1.7168176249608496,-1.5753219892508998,1.804329423240135,-1.7968993731611875,0,0,2,1,2,1
1,2,-0.1806350130661141,0.22168188557227655,-0.42527784154809534,-0.5542314101429997,0.2869227128836261,1.4418939931627746,-1.2529108026383546,0.8080654114309073,-0.5777209161513882,-0.7279906171826318,1.2488289140936326,-1.0861110390984288,-1.0186334713412402,0.9153251971423606,-1.7968993731611875,0,2,2,1,2,2
1,3,-1.701497892281412,-1.6981433263239556,-1.8573587147148884,2.568331938917986,-1.025813526923119,-1.1216911123592532,-0.7600843312500061,-0.0761317825645646,-0.5777209161513882,1.4160371125129294,-1.5285218399824647,-0.45540445323600787,-1.0186334713412402,-0.4181811420043013,-1.7968993731611875,0,2,0,1,2,1
0,4,0.7420218003245,0.44812280800106263,0.5623641399462448,-0.5542314101429997,0.7918212666554512,0.3523703233159128,-2.238563745415052,-0.0761317825645646,-1.3630417508376695,-1.4426665270811523,-0.13984646294441605,-1.0861110390984288,-0.4619449534315806,-0.5959819872238563,0.3372432492437474,0,2,1,1,0,1
0,0,-1.9245577812329886,-2.2888587761381807,-1.916617233604549,-0.5542314101429997,0.8423111220326339,1.608527025021706,-1.2529108026383546,-0.9603289765600365,-0.5777209161513882,1.4160371125129294,-0.13984646294441605,-0.45540445323600787,-1.5753219892508998,0.11522139365436314,-0.018447187823741776,1,2,2,1,2,1
1,2,-0.04882689686745417,-0.36903356424194866,0.5129820408715278,1.0070502643874932,0.8928009774098163,0.14728351487414948,1.2112215543033884,-1.8445261705555083,0.9929207532211743,-0.7279906171826318,-0.13984646294441605,1.4367153043512546,0.09474356447807901,-2.6406917072487377,1.0486241233787257,0,2,1,1,0,2
1,4,-0.10966141203606658,-0.2508904742791034,-0.8795931530354912,-0.5542314101429997,-0.7733642500372064,-1.1473269634144738,0.7183950829150397,-0.9603289765600365,0.9929207532211743,1.4160371125129294,-0.13984646294441605,1.4367153043512546,1.2081206002973983,1.2709268875814708,-0.018447187823741776,0,1,1,1,1,2
0,3,0.8839690023845951,-0.024449551850317292,0.6907575975405087,-0.5542314101429997,-0.5714048285284764,-2.813657282003792,0.22556861152669114,0.8080654114309073,0.9929207532211743,-0.013314707284111467,-0.13984646294441605,-0.45540445323600787,1.2081206002973983,1.804329423240135,-0.7298280619587201,0,2,1,1,2,2
1,1,-2.1476176701845655,-1.845822188777512,-2.0351342713838694,1.0070502643874932,-0.11699613013383389,-1.416503399494287,-0.7600843312500061,-0.9603289765600365,-0.5777209161513882,0.7013612026144089,-1.5285218399824647,0.8060087184888338,0.09474356447807901,-2.0183887489802954,1.4043145604462148,0,2,2,1,2,1
0,2,0.2553456789756043,1.265279180244074,0.8784095740244339,-0.5542314101429997,0.43839227901517397,0.5318212807024536,-0.7600843312500061,0.8080654114309073,-1.3630417508376695,-1.4426665270811523,-0.13984646294441605,-1.0861110390984288,-0.4619449534315806,1.1820264649716936,-0.018447187823741776,0,2,0,1,1,2
1,1,-1.478438003329835,-1.0582015890252114,-2.262291927127568,-0.5542314101429997,1.1957401096729117,1.5059836208008253,-0.7600843312500061,-0.9603289765600365,-0.5777209161513882,-0.7279906171826318,-0.13984646294441605,-0.45540445323600787,-1.0186334713412402,-0.15147987417496905,1.0486241233787257,0,1,0,0,1,2
1,3,-0.8700928516437154,-0.6742365466459659,-0.4351542613630382,-0.5542314101429997,0.5898618451467215,0.14728351487414948,0.7183950829150397,-0.9603289765600365,0.9929207532211743,-1.4426665270811523,-0.13984646294441605,1.4367153043512546,0.6514320823877386,0.8264247745325835,-1.4412089360936984,0,2,0,1,1,2
0,2,-1.072874568872422,-1.2944877689509022,-0.6524354972917933,-0.5542314101429997,-0.5209149731512939,-0.09625707015044209,-1.2529108026383546,0.8080654114309073,-1.3630417508376695,0.7013612026144089,-0.13984646294441605,-1.7168176249608496,0.6514320823877386,-1.2182849454922986,-0.018447187823741776,0,2,1,1,2,2
1,2,-0.8092583364751039,-1.353559313932324,-0.9388516719251525,-0.5542314101429997,-0.11699613013383389,-0.044985368040002624,0.7183950829150397,-0.0761317825645646,0.9929207532211743,-0.013314707284111467,1.2488289140936326,0.17530213262641298,1.7648091182070578,-0.5070815646140784,-1.7968993731611875,0,0,0,1,2,2
0,1,-2.269286700521789,-1.9442747637465494,-2.4005618045367756,-0.5542314101429997,0.9937806881641814,0.3523703233159128,0.7183950829150397,-0.9603289765600365,0.20759991853489304,-0.013314707284111467,-1.5285218399824647,-0.45540445323600787,1.2081206002973983,0.9153251971423606,0.6929336863112365,0,1,0,1,0,2
1,4,0.2046502496684288,0.8911593953617316,0.07841956901401753,-0.5542314101429997,0.18594300212926143,0.660000535978555,-2.238563745415052,-0.9603289765600365,-1.3630417508376695,-0.7279906171826318,-0.13984646294441605,-2.3475242108232703,-1.5753219892508998,-1.1293845228825208,-0.7298280619587201,0,0,1,1,2,2
1,1,0.8839690023845951,0.1330745681001422,0.7105104371703957,-0.5542314101429997,-0.6218946839056589,-0.8781505273346617,-0.2672578598616575,-0.9603289765600365,0.20759991853489304,1.4160371125129294,-0.13984646294441605,0.8060087184888338,0.09474356447807901,-0.8626832550531885,0.3372432492437474,0,0,1,1,1,2
1,4,-0.43411215960199706,-0.6250102591614471,0.6907575975405087,-0.5542314101429997,1.0947603989185466,1.557255322911265,0.7183950829150397,-0.0761317825645646,0.9929207532211743,-1.4426665270811523,-0.13984646294441605,0.8060087184888338,-0.4619449534315806,-0.9515836776629657,-1.0855184990262092,0,0,2,1,0,2
1,3,0.6710481992944525,0.4973490954855814,0.8685331542094896,-0.5542314101429997,-0.3189555516425639,-0.814060899696611,1.2112215543033884,0.8080654114309073,0.9929207532211743,1.4160371125129294,-0.13984646294441605,-0.45540445323600787,1.7648091182070578,-1.396085790711853,1.4043145604462148,0,1,2,1,2,2
1,1,-1.3567689729926111,-1.3830950864230358,-1.5116840211918694,-0.5542314101429997,-0.8743439607915715,-0.17316462331610402,0.22556861152669114,-0.9603289765600365,0.9929207532211743,0.7013612026144089,-0.13984646294441605,0.17530213262641298,-1.5753219892508998,0.2930222388739182,-1.4412089360936984,0,2,1,1,0,2
1,1,0.3263192800056518,-0.024449551850317292,0.39446500309220667,-0.5542314101429997,-0.11699613013383389,-0.3013438785922054,0.7183950829150397,0.8080654114309073,0.20759991853489304,-0.7279906171826318,-0.13984646294441605,0.17530213262641298,1.2081206002973983,-0.06257945156519114,-0.7298280619587201,0,2,2,1,0,2
0,2,0.7622999720473702,0.792706820392694,0.9376680929140937,-0.5542314101429997,1.852108229576284,1.6469808016045362,0.22556861152669114,0.8080654114309073,0.9929207532211743,-0.7279906171826318,-0.13984646294441605,0.8060087184888338,0.6514320823877386,-0.2403802967847462,-1.4412089360936984,0,2,2,1,2,2
1,1,-0.36313855857194954,-0.9991300440437896,0.46359994179681074,2.568331938917986,0.43839227901517397,-0.09625707015044209,1.2112215543033884,0.8080654114309073,0.9929207532211743,-1.4426665270811523,-0.13984646294441605,0.8060087184888338,0.09474356447807901,-0.9515836776629657,-1.0855184990262092,0,0,1,1,2,2
0,0,-2.0158095539859064,-1.4717024038951694,-2.4005618045367756,-0.5542314101429997,0.3879024236379912,0.019104259598048075,-1.7457372740267034,-0.9603289765600365,-1.3630417508376695,1.4160371125129294,-2.9171972170205134,-0.45540445323600787,-0.4619449534315806,0.38192266148369614,0.3372432492437474,0,1,1,1,0,2
1,1,0.6102136841258401,0.9502309403431536,1.2833427864371127,-0.5542314101429997,0.08496329137489633,0.45491372753679354,0.22556861152669114,-1.8445261705555083,-0.5777209161513882,-0.7279906171826318,-0.13984646294441605,-1.0861110390984288,-1.0186334713412402,-0.5070815646140784,-0.7298280619587201,0,2,1,1,0,2
0,3,1.370645123733489,0.6844089879267533,1.915433654593491,-0.5542314101429997,1.0442705435413637,0.6856363870337757,1.2112215543033884,0.8080654114309073,0.20759991853489304,1.4160371125129294,1.2488289140936326,0.17530213262641298,-0.4619449534315806,-0.15147987417496905,0.3372432492437474,1,0,2,1,2,2
1,3,0.6406309417101472,1.0585287728090957,-0.32651364339866135,1.0070502643874932,1.0442705435413637,1.1727175570829607,1.2112215543033884,0.8080654114309073,0.9929207532211743,0.7013612026144089,1.2488289140936326,0.8060087184888338,1.2081206002973983,-0.8626832550531885,-1.0855184990262092,0,1,1,1,2,2
0,3,-0.1502177554818088,1.038838257815288,-1.1561329078539069,-0.5542314101429997,0.8928009774098163,0.5830929828128949,0.22556861152669114,-0.0761317825645646,0.20759991853489304,-0.7279906171826318,-0.13984646294441605,0.17530213262641298,0.6514320823877386,0.8264247745325835,-0.018447187823741776,0,0,1,1,1,2
1,0,-0.5152248464934797,-0.4281051092233721,-0.6030533982170763,-0.5542314101429997,-0.5714048285284764,0.6343646849233362,-0.2672578598616575,-0.9603289765600365,0.20759991853489304,0.7013612026144089,-0.13984646294441605,0.8060087184888338,-0.4619449534315806,1.0042256197521378,1.4043145604462148,1,1,2,1,1,1
0,4,0.01200761830115644,-0.28042624676981576,-0.19812018580439741,-0.5542314101429997,0.13545314675207865,0.3010986212054715,0.22556861152669114,-0.0761317825645646,-1.3630417508376695,0.7013612026144089,-0.13984646294441605,-0.45540445323600787,1.2081206002973983,1.0042256197521378,-0.018447187823741776,0,0,2,1,1,2
1,4,0.620352769987277,0.4579680654979658,0.24631870586805563,-0.5542314101429997,-0.6723845392828413,-0.18598254884371343,1.2112215543033884,-0.9603289765600365,0.9929207532211743,1.4160371125129294,1.2488289140936326,0.8060087184888338,0.09474356447807901,-1.662787058541186,-0.7298280619587201,0,1,0,1,0,2
0,3,-0.04882689686745417,-0.1918189292976814,-0.06972672821013347,1.0070502643874932,-0.47042511777411133,0.6728184615061663,-1.2529108026383546,0.8080654114309073,-1.3630417508376695,-1.4426665270811523,1.2488289140936326,-2.3475242108232703,-0.4619449534315806,1.804329423240135,-0.3741376248912309,0,0,2,0,1,2
1,4,-0.6571720485535738,-0.39856933673265965,-0.7314468558113402,-0.5542314101429997,-0.01601641937946878,0.019104259598048075,-2.238563745415052,-0.9603289765600365,-2.1483625855239508,-0.013314707284111467,1.2488289140936326,-1.7168176249608496,-1.0186334713412402,-0.2403802967847462,1.0486241233787257,0,2,1,1,0,1
1,0,1.3199496944263134,1.49172010267286,2.093209211262472,-0.5542314101429997,0.08496329137489633,0.07037596170848937,1.2112215543033884,-0.9603289765600365,0.9929207532211743,-0.013314707284111467,1.2488289140936326,0.17530213262641298,2.3214976361167174,0.8264247745325835,0.3372432492437474,0,2,1,1,2,2
1,2,0.7622999720473702,1.5212558751635723,0.09817240864390461,-0.5542314101429997,-0.11699613013383389,-0.13471084673327213,1.2112215543033884,0.8080654114309073,0.9929207532211743,0.7013612026144089,1.2488289140936326,0.8060087184888338,2.878186154026377,0.2930222388739182,0.3372432492437474,1,2,2,1,0,2
1,1,-0.14007866962037188,-0.6250102591614471,0.3648357436473767,-0.5542314101429997,-0.36944540701974643,-0.8268788252242204,1.2112215543033884,0.8080654114309073,0.9929207532211743,-1.4426665270811523,-0.13984646294441605,0.8060087184888338,0.6514320823877386,-0.4181811420043013,-1.7968993731611875,0,2,0,1,0,2
1,0,0.2350675072527341,-0.06383058183793287,0.9870501919888107,-0.5542314101429997,-1.2782628038090316,-1.8394949419054212,-0.2672578598616575,-0.0761317825645646,-0.5777209161513882,-0.013314707284111467,1.2488289140936326,-1.0861110390984288,-0.4619449534315806,-0.32928071939452414,-1.0855184990262092,0,2,1,1,1,2
1,0,1.401062381317796,0.536730125473197,1.24383710717734,-0.5542314101429997,1.3976995311816414,1.0060845252240291,0.22556861152669114,-0.0761317825645646,0.20759991853489304,-0.013314707284111467,-0.13984646294441605,0.17530213262641298,0.09474356447807901,-0.6848824098336335,0.3372432492437474,0,2,1,1,2,2
1,4,-0.9512055385351981,-0.6742365466459659,-0.9783573511849252,-0.5542314101429997,0.6403517005239038,0.3139165467330827,-2.7313902168034008,-0.9603289765600365,-2.1483625855239508,0.7013612026144089,-0.13984646294441605,-1.0861110390984288,-0.4619449534315806,-1.1293845228825208,1.4043145604462148,0,1,1,1,1,2
0,4,-0.4746685030477384,-0.5068671691986019,-0.4944127802526994,-0.5542314101429997,0.13545314675207865,0.019104259598048075,1.2112215543033884,1.6922626054263792,0.9929207532211743,-0.7279906171826318,-0.13984646294441605,0.17530213262641298,0.6514320823877386,0.5597235067032504,-0.3741376248912309,0,2,1,1,0,2
1,4,-0.941066452673763,-1.097582619012827,-0.5141656198825865,2.568331938917986,-0.36944540701974643,0.6343646849233362,0.7183950829150397,-1.8445261705555083,0.20759991853489304,1.4160371125129294,-1.5285218399824647,0.8060087184888338,-0.4619449534315806,1.0042256197521378,1.0486241233787257,0,2,1,1,1,2
0,3,0.3060411082827816,-0.36903356424194866,1.0759379703233019,-0.5542314101429997,0.3374125682608089,0.1729193659293701,-0.7600843312500061,-0.0761317825645646,-0.5777209161513882,-0.013314707284111467,-0.13984646294441605,-1.0861110390984288,-0.4619449534315806,-1.573886635931408,1.0486241233787257,0,2,1,1,1,2
1,1,0.7724390579088053,1.0289930003183847,0.8389038947646597,-0.5542314101429997,0.5898618451467215,-0.09625707015044209,1.2112215543033884,0.8080654114309073,0.9929207532211743,-0.013314707284111467,1.2488289140936326,0.17530213262641298,1.2081206002973983,0.6486239293130284,-0.018447187823741776,1,1,2,0,1,2
0,1,-0.6571720485535738,-0.5954744866707348,-0.7907053747010014,-0.5542314101429997,0.3374125682608089,-0.08343914462283268,0.22556861152669114,-1.8445261705555083,0.9929207532211743,0.7013612026144089,-1.5285218399824647,0.8060087184888338,-1.5753219892508998,-0.15147987417496905,0.6929336863112365,1,1,2,1,1,2
1,4,1.7559303864680318,1.846149372561396,2.399378225525717,-0.5542314101429997,-0.9753236715459364,-0.12189292120566274,0.22556861152669114,-0.0761317825645646,0.9929207532211743,-0.013314707284111467,1.2488289140936326,1.4367153043512546,-0.4619449534315806,1.359827310191248,-1.0855184990262092,1,2,1,0,1,2
1,3,1.5430095833778892,1.1963623777657475,1.8956808149636037,-0.5542314101429997,0.7918212666554512,-0.16034669778849278,1.2112215543033884,0.8080654114309073,0.9929207532211743,-0.013314707284111467,1.2488289140936326,0.17530213262641298,-1.0186334713412402,-0.06257945156519114,1.4043145604462148,0,2,2,1,1,2
0,1,0.3161801941442167,0.9403856828462503,0.7697689560600556,-0.5542314101429997,-1.126793237677484,-1.5703185058256082,-0.2672578598616575,-0.9603289765600365,0.20759991853489304,-0.013314707284111467,-0.13984646294441605,0.17530213262641298,0.6514320823877386,-1.751687481150963,1.4043145604462148,0,1,1,1,2,2
0,1,-0.555781189939221,-0.034294809347221886,-0.26725512450900146,1.0070502643874932,1.2967198204272763,1.7751600568806376,-1.2529108026383546,1.6922626054263792,-1.3630417508376695,0.7013612026144089,-0.13984646294441605,0.17530213262641298,-1.5753219892508998,0.8264247745325835,-1.7968993731611875,0,2,2,1,1,2
1,2,-0.3732776444333846,-0.900677469074752,-1.5116840211918694,-0.5542314101429997,0.6403517005239038,0.4164599509539635,-0.2672578598616575,-0.0761317825645646,-0.5777209161513882,1.4160371125129294,-0.13984646294441605,0.17530213262641298,-1.0186334713412402,-0.32928071939452414,0.6929336863112365,0,2,2,1,1,2
0,2,-0.6977283919993151,0.1429198255970468,-1.3437848843378313,-0.5542314101429997,0.13545314675207865,0.3010986212054715,-2.7313902168034008,0.8080654114309073,-2.1483625855239508,-1.4426665270811523,-1.5285218399824647,-2.3475242108232703,-1.0186334713412402,0.38192266148369614,-1.7968993731611875,0,2,1,1,2,2
1,0,0.3060411082827816,1.1176003177905176,0.3549593238324339,-0.5542314101429997,-0.823854105414389,-0.28852595306459417,0.7183950829150397,1.6922626054263792,0.9929207532211743,0.7013612026144089,-0.13984646294441605,-0.45540445323600787,0.6514320823877386,1.0042256197521378,0.3372432492437474,0,2,0,1,2,2
1,3,0.7927172296316773,0.44812280800106263,-0.040097468765302145,-0.5542314101429997,0.6403517005239038,-1.0576014847212025,-0.7600843312500061,-0.0761317825645646,-0.5777209161513882,1.4160371125129294,-0.13984646294441605,0.17530213262641298,-0.4619449534315806,0.7375243519228055,-0.3741376248912309,0,2,1,1,1,2
1,4,0.4074319668971344,-0.30996201926052674,0.0685431491990747,1.0070502643874932,-0.7228743946600239,-0.8525146762794411,1.2112215543033884,-0.0761317825645646,0.9929207532211743,-0.7279906171826318,1.2488289140936326,0.8060087184888338,-1.0186334713412402,1.0042256197521378,-1.0855184990262092,0,2,1,1,1,2
1,1,0.2654847648370394,-0.024449551850317292,0.34508290401748964,1.0070502643874932,-0.5714048285284764,-0.6089740912548477,0.7183950829150397,-1.8445261705555083,0.9929207532211743,0.7013612026144089,-0.13984646294441605,0.8060087184888338,0.6514320823877386,1.1820264649716936,-1.0855184990262092,0,2,2,1,2,2
0,3,-0.48480758890917347,-0.7431533491242911,-0.040097468765302145,-0.5542314101429997,0.7918212666554512,0.9163590465307578,-0.2672578598616575,-0.9603289765600365,0.20759991853489304,0.7013612026144089,-0.13984646294441605,-1.0861110390984288,-1.0186334713412402,0.20412181626414108,-0.3741376248912309,0,2,1,1,1,2
1,1,1.5632877551007613,1.6393989651264163,1.3327248855118297,-0.5542314101429997,1.2462299650500939,1.454711918690384,-0.2672578598616575,0.8080654114309073,0.20759991853489304,1.4160371125129294,1.2488289140936326,0.17530213262641298,-0.4619449534315806,-1.9294883263705183,0.3372432492437474,0,1,1,1,0,2
1,1,1.5937050126850665,2.121816582474701,1.2833427864371127,-0.5542314101429997,-0.01601641937946878,-0.7884250486413904,1.2112215543033884,-0.0761317825645646,0.9929207532211743,0.7013612026144089,-0.13984646294441605,0.8060087184888338,-0.4619449534315806,0.38192266148369614,0.3372432492437474,1,1,0,1,2,2
1,3,0.366875623451394,0.4579680654979658,1.2339606873623956,1.0070502643874932,-0.5209149731512939,-0.8396967507518298,-0.2672578598616575,-0.0761317825645646,0.20759991853489304,-0.013314707284111467,-0.13984646294441605,0.17530213262641298,-1.5753219892508998,1.804329423240135,-1.4412089360936984,0,0,2,1,2,2
0,4,-1.9448359529558596,-2.1116441411939135,-1.6302010589711906,-0.5542314101429997,-0.36944540701974643,-0.18598254884371343,-0.7600843312500061,-0.9603289765600365,-0.5777209161513882,-1.4426665270811523,-1.5285218399824647,0.8060087184888338,0.6514320823877386,-1.0404841002727436,1.4043145604462148,0,2,0,1,0,2
0,1,1.6241222702693718,2.1907333849530275,1.5105004421808106,-0.5542314101429997,0.08496329137489633,1.2880788868314526,0.7183950829150397,1.6922626054263792,0.9929207532211743,0.7013612026144089,1.2488289140936326,1.4367153043512546,1.7648091182070578,-0.7737828324434114,-0.018447187823741776,1,0,1,1,2,2
1,4,0.09312030519263906,-0.3296525342543345,0.3845885832772638,-0.5542314101429997,-0.2684656962653813,0.6728184615061663,1.2112215543033884,0.8080654114309073,0.9929207532211743,0.7013612026144089,-0.13984646294441605,1.4367153043512546,0.09474356447807901,-0.06257945156519114,-0.018447187823741776,0,0,0,1,2,2
1,2,1.0563334620289955,0.44812280800106263,1.1253200693980188,-0.5542314101429997,1.751128518821919,0.2754627701502509,0.7183950829150397,1.6922626054263792,0.9929207532211743,1.4160371125129294,1.2488289140936326,0.8060087184888338,0.09474356447807901,-0.06257945156519114,-0.3741376248912309,1,2,1,1,2,2
0,2,0.5291009972343574,1.176671862771941,0.8586567343945467,-0.5542314101429997,-0.01601641937946878,-0.6346099423100683,0.7183950829150397,0.8080654114309073,0.20759991853489304,0.7013612026144089,1.2488289140936326,0.8060087184888338,0.6514320823877386,0.20412181626414108,-1.7968993731611875,0,1,1,0,2,2
0,1,0.15395482036125147,0.36936074802583285,0.30557722475771687,-0.5542314101429997,1.3976995311816414,1.1598996315553511,-1.7457372740267034,-0.0761317825645646,-1.3630417508376695,0.7013612026144089,-0.13984646294441605,-1.7168176249608496,0.09474356447807901,0.026320971044586007,0.3372432492437474,1,1,1,1,0,2
0,2,0.5189619113729224,0.22168188557227655,0.8784095740244339,-0.5542314101429997,-0.21797584088819877,-0.14752877226088337,1.2112215543033884,-0.0761317825645646,0.9929207532211743,0.7013612026144089,-0.13984646294441605,0.8060087184888338,1.2081206002973983,-0.15147987417496905,-1.4412089360936984,0,1,2,1,1,2
1,4,0.5088228255114873,1.403112785200727,-0.22774944524922733,-0.5542314101429997,-0.823854105414389,-1.5575005802979986,1.2112215543033884,0.8080654114309073,0.9929207532211743,-0.013314707284111467,1.2488289140936326,0.8060087184888338,0.6514320823877386,1.1820264649716936,1.4043145604462148,0,2,0,1,1,2
1,4,0.22492842139129898,0.9108499103555394,0.30557722475771687,2.568331938917986,-2.035610634466769,-0.7756071231137791,0.7183950829150397,0.8080654114309073,0.9929207532211743,1.4160371125129294,1.2488289140936326,0.8060087184888338,-0.4619449534315806,-0.32928071939452414,0.3372432492437474,0,2,2,1,2,2
0,4,-0.2211913565118545,-0.12290212681935483,-0.8104582143308885,1.0070502643874932,-0.06650627475665133,-0.39106935728547493,-1.2529108026383546,-0.0761317825645646,-0.5777209161513882,-0.7279906171826318,-0.13984646294441605,0.8060087184888338,-1.0186334713412402,1.093126042361915,0.6929336863112365,0,1,0,1,2,2
1,2,-0.5050857606320446,-0.22135470178839237,-1.2944027852631144,1.0070502643874932,0.43839227901517397,1.7751600568806376,0.7183950829150397,-0.0761317825645646,0.9929207532211743,0.7013612026144089,-0.13984646294441605,1.4367153043512546,-1.5753219892508998,-1.396085790711853,1.4043145604462148,0,0,1,1,2,2
1,1,-0.30230404340333805,0.02477673563420148,-0.049973888580246394,-0.5542314101429997,2.256027072593744,2.787776173561839,0.7183950829150397,-0.0761317825645646,0.9929207532211743,-0.7279906171826318,-0.13984646294441605,1.4367153043512546,0.6514320823877386,-0.5070815646140784,1.0486241233787257,0,1,2,1,2,2
0,3,0.9853598609989479,0.5662658979639079,0.8487803145796039,-0.5542314101429997,-0.36944540701974643,-0.5192486125615763,1.2112215543033884,-0.9603289765600365,0.9929207532211743,0.7013612026144089,-0.13984646294441605,0.8060087184888338,-0.4619449534315806,-1.573886635931408,1.4043145604462148,0,2,2,1,1,2
1,2,0.366875623451394,0.7237900179143675,0.3845885832772638,-0.5542314101429997,-0.8743439607915715,-1.4036854739666766,-0.7600843312500061,0.8080654114309073,-1.3630417508376695,1.4160371125129294,1.2488289140936326,-1.0861110390984288,-0.4619449534315806,0.5597235067032504,0.6929336863112365,0,1,0,1,2,2
1,3,1.0563334620289955,0.9206951678524425,0.7895217956899426,-0.5542314101429997,0.48888213439235634,1.2239892591934018,0.22556861152669114,-0.0761317825645646,-0.5777209161513882,0.7013612026144089,-0.13984646294441605,-1.0861110390984288,-1.0186334713412402,0.11522139365436314,1.0486241233787257,1,2,0,1,1,2
1,1,0.346597451728522,0.5071943529824846,0.947544512729038,1.0070502643874932,-1.5812019360721266,-1.6856798355741,1.2112215543033884,-0.9603289765600365,0.9929207532211743,-0.013314707284111467,1.2488289140936326,0.8060087184888338,1.2081206002973983,0.9153251971423606,-1.4412089360936984,0,2,2,1,1,2
1,1,-1.194543599209646,-1.5209286913796882,-0.9388516719251525,-0.5542314101429997,-0.1674859855110162,-1.0191477081383724,-1.2529108026383546,-1.8445261705555083,-1.3630417508376695,-0.013314707284111467,1.2488289140936326,-1.0861110390984288,0.09474356447807901,1.804329423240135,1.0486241233787257,0,2,1,1,1,1
1,2,-0.6977283919993151,-0.3493430492481409,-1.0573687097044728,-0.5542314101429997,-0.6723845392828413,0.1729193659293701,0.22556861152669114,0.8080654114309073,0.20759991853489304,-0.013314707284111467,-1.5285218399824647,0.17530213262641298,0.6514320823877386,-1.3071853681020758,0.6929336863112365,1,0,1,1,0,2
1,2,0.9042471741074652,1.5901726776418976,0.5821169795761318,-0.5542314101429997,1.4481893865588242,-0.08343914462283268,-0.2672578598616575,-0.0761317825645646,0.20759991853489304,1.4160371125129294,-0.13984646294441605,0.17530213262641298,-1.0186334713412402,-0.7737828324434114,-0.018447187823741776,0,2,1,1,2,2
0,4,0.5797964265415347,0.536730125473197,0.40434142290715086,1.0070502643874932,-0.06650627475665133,0.09601181276371,-0.2672578598616575,1.6922626054263792,-0.5777209161513882,-0.013314707284111467,-0.13984646294441605,-0.45540445323600787,-0.4619449534315806,-0.32928071939452414,-0.7298280619587201,0,2,2,1,1,2
0,1,-1.5494116043598818,-1.4126308589137468,-1.3141556248930013,2.568331938917986,0.034473435997713554,0.18573729145698134,1.2112215543033884,-0.0761317825645646,0.9929207532211743,-0.7279906171826318,-1.5285218399824647,0.17530213262641298,-1.5753219892508998,-1.2182849454922986,-0.3741376248912309,0,2,2,0,2,1
0,2,-0.02854872514458397,-0.024449551850317292,0.37471216346231956,-0.5542314101429997,-0.41993526239692874,-0.8909684528622711,-0.7600843312500061,-0.0761317825645646,-0.5777209161513882,-0.7279906171826318,-0.13984646294441605,0.17530213262641298,-0.4619449534315806,-0.32928071939452414,0.6929336863112365,0,2,0,1,0,1
1,0,-1.4378816598840938,-1.0188205590375974,-1.3339084645228885,-0.5542314101429997,-1.0763033823003014,-1.7241336121569302,1.2112215543033884,-0.9603289765600365,0.9929207532211743,-1.4426665270811523,-0.13984646294441605,1.4367153043512546,-1.5753219892508998,0.8264247745325835,1.0486241233787257,0,2,2,1,1,2
0,1,-0.9917618819809394,-0.9499037565592707,-1.7981001958252278,-0.5542314101429997,-0.8743439607915715,-1.0319656336659828,1.2112215543033884,-1.8445261705555083,0.9929207532211743,-0.013314707284111467,-1.5285218399824647,1.4367153043512546,1.7648091182070578,0.11522139365436314,0.3372432492437474,0,2,1,1,1,2
1,1,-0.23133044237329142,-0.21150944429148918,-0.9684809313699824,-0.5542314101429997,-0.41993526239692874,-0.698699569948119,-0.7600843312500061,-0.9603289765600365,-1.3630417508376695,-1.4426665270811523,-0.13984646294441605,-0.45540445323600787,0.09474356447807901,-0.9515836776629657,1.0486241233787257,0,2,1,1,0,1
0,3,0.3263192800056518,0.4875038379886782,-0.25737870469405727,-0.5542314101429997,1.5491690973131889,1.0958100039173004,0.7183950829150397,-0.9603289765600365,0.9929207532211743,-0.7279906171826318,-0.13984646294441605,1.4367153043512546,1.7648091182070578,0.38192266148369614,-0.7298280619587201,0,1,0,1,0,2
1,2,-0.2211913565118545,-0.08352109683174065,-0.29688438395383143,-0.5542314101429997,-0.11699613013383389,1.10862792944491,-0.2672578598616575,-1.8445261705555083,-0.5777209161513882,1.4160371125129294,1.2488289140936326,-1.0861110390984288,-1.0186334713412402,-2.1072891715900735,1.4043145604462148,0,1,2,1,0,1
1,1,1.7559303864680318,1.8067683425737804,1.688275998849793,-0.5542314101429997,1.5491690973131889,1.8136138334634677,1.2112215543033884,0.8080654114309073,0.20759991853489304,-0.013314707284111467,1.2488289140936326,0.17530213262641298,0.09474356447807901,-0.15147987417496905,-1.7968993731611875,0,1,2,1,1,2
1,4,-2.2997039581060954,-2.3282398061257963,-1.7684709363803979,1.0070502643874932,-0.5714048285284764,-0.5064306870339669,-1.7457372740267034,-1.8445261705555083,-2.1483625855239508,-0.013314707284111467,-1.5285218399824647,-1.0861110390984288,-1.0186334713412402,-1.0404841002727436,-0.3741376248912309,0,1,1,1,1,1
0,2,0.2857629365599114,0.5859564129577157,0.3845885832772638,-0.5542314101429997,-0.11699613013383389,-0.6858816444205096,-0.7600843312500061,-0.0761317825645646,-1.3630417508376695,-1.4426665270811523,-1.5285218399824647,0.17530213262641298,-1.0186334713412402,-1.2182849454922986,1.0486241233787257,0,2,2,1,2,2
1,1,1.3503669520106187,1.0880645452998066,1.174702168472736,1.0070502643874932,0.23643285750644377,0.775361865727047,0.7183950829150397,0.8080654114309073,0.9929207532211743,-0.7279906171826318,-0.13984646294441605,0.8060087184888338,1.2081206002973983,-1.396085790711853,1.0486241233787257,0,2,1,1,0,2
1,3,1.1780024923662185,1.5015653601697647,0.2660715454979427,-0.5542314101429997,1.5996589526903715,2.1212440461261117,1.2112215543033884,-0.0761317825645646,0.9929207532211743,0.7013612026144089,1.2488289140936326,0.8060087184888338,0.09474356447807901,-0.32928071939452414,-0.7298280619587201,0,2,2,1,0,2
1,3,-1.3263517154083049,-0.6447007741552535,-0.6425590774768505,1.0070502643874932,-0.11699613013383389,-0.8653326018070505,-0.2672578598616575,-0.0761317825645646,0.20759991853489304,0.7013612026144089,-0.13984646294441605,0.17530213262641298,0.6514320823877386,1.715429000630358,-1.0855184990262092,0,0,1,1,2,1
0,1,-1.610246119528494,-0.6840818041428691,-0.7511996954412273,1.0070502643874932,0.13545314675207865,-0.544884463616797,-1.7457372740267034,-1.8445261705555083,-1.3630417508376695,-1.4426665270811523,-0.13984646294441605,-1.0861110390984288,-1.0186334713412402,-2.2850900168096273,1.4043145604462148,0,0,2,1,0,1
1,4,0.9346644316917705,0.6450279579391377,0.7598925362451128,-0.5542314101429997,0.6403517005239038,0.6728184615061663,1.2112215543033884,1.6922626054263792,0.9929207532211743,-1.4426665270811523,1.2488289140936326,1.4367153043512546,0.6514320823877386,-1.0404841002727436,-0.018447187823741776,0,2,0,1,2,2
0,3,0.346597451728522,-0.11305686932245164,0.13767808790367878,-0.5542314101429997,0.5393719897695386,0.12164766381893065,0.7183950829150397,-0.0761317825645646,0.9929207532211743,-1.4426665270811523,-0.13984646294441605,0.8060087184888338,-1.0186334713412402,1.5376281554108022,-1.0855184990262092,0,1,0,1,0,2
1,0,-0.9917618819809394,-0.5560934566831206,-0.1487380867296804,1.0070502643874932,-0.7228743946600239,0.006286334070438663,-1.2529108026383546,-1.8445261705555083,-1.3630417508376695,-1.4426665270811523,-0.13984646294441605,-1.7168176249608496,-0.4619449534315806,0.026320971044586007,0.3372432492437474,1,2,2,1,1,1
0,1,1.4416187247635364,0.6548732154360409,1.2142078477325087,-0.5542314101429997,0.48888213439235634,1.5828911739664855,0.7183950829150397,-0.0761317825645646,0.9929207532211743,1.4160371125129294,1.2488289140936326,1.4367153043512546,1.2081206002973983,1.715429000630358,1.0486241233787257,0,0,1,1,0,2
1,1,-0.5963375333849623,-0.5659387141800237,0.5426113003163576,-0.5542314101429997,-2.035610634466769,-1.4036854739666766,-0.2672578598616575,-0.0761317825645646,-0.5777209161513882,0.7013612026144089,-1.5285218399824647,0.8060087184888338,-1.5753219892508998,-1.0404841002727436,-0.7298280619587201,0,2,1,1,1,2
0,1,0.6710481992944525,1.265279180244074,-0.0993559876549634,-0.5542314101429997,-0.1674859855110162,0.09601181276371,0.22556861152669114,0.8080654114309073,0.20759991853489304,1.4160371125129294,-0.13984646294441605,0.8060087184888338,1.2081206002973983,0.7375243519228055,1.4043145604462148,1,2,1,0,0,2
1,2,1.2895324368420062,0.9403856828462503,0.10804882845884886,-0.5542314101429997,1.9530879403306491,0.9676307486411991,1.2112215543033884,1.6922626054263792,0.9929207532211743,-0.013314707284111467,1.2488289140936326,1.4367153043512546,-1.5753219892508998,0.6486239293130284,0.6929336863112365,0,2,0,1,2,2
0,1,1.370645123733489,0.7828615628957908,1.4808711827359806,-0.5542314101429997,-0.01601641937946878,-0.07062121909522144,0.22556861152669114,1.6922626054263792,0.9929207532211743,-0.013314707284111467,-0.13984646294441605,1.4367153043512546,-0.4619449534315806,1.804329423240135,0.6929336863112365,1,1,2,1,1,2
0,1,-0.5760593616620912,-0.7923796366088098,-0.5536712991423592,-0.5542314101429997,-0.47042511777411133,-0.7756071231137791,0.22556861152669114,0.8080654114309073,-0.5777209161513882,-1.4426665270811523,-0.13984646294441605,-0.45540445323600787,1.7648091182070578,-1.8405879037607402,1.4043145604462148,0,0,2,1,1,2
1,0,0.17423299208412169,0.44812280800106263,0.8290274749497168,1.0070502643874932,1.5491690973131889,1.3521685144695033,0.7183950829150397,-0.9603289765600365,0.9929207532211743,-0.013314707284111467,-0.13984646294441605,0.8060087184888338,0.09474356447807901,-0.7737828324434114,0.3372432492437474,0,2,2,0,0,2
0,2,1.7559303864680318,1.3735770127100162,2.093209211262472,-0.5542314101429997,0.6908415559010865,1.0573562273344705,1.2112215543033884,-0.0761317825645646,0.9929207532211743,0.7013612026144089,-0.13984646294441605,1.4367153043512546,0.6514320823877386,-1.9294883263705183,0.3372432492437474,0,1,2,1,1,2
1,1,-1.8535841802029411,-1.767060128802282,-1.373414143782662,1.0070502643874932,-1.6821816468264914,-1.416503399494287,0.7183950829150397,-0.9603289765600365,0.9929207532211743,-0.7279906171826318,-1.5285218399824647,0.8060087184888338,0.6514320823877386,1.804329423240135,0.6929336863112365,0,2,1,1,0,2
1,1,1.0867507196133006,0.5465753829701002,1.490747602550925,-0.5542314101429997,-0.1674859855110162,-0.27570802753698476,0.22556861152669114,0.8080654114309073,0.20759991853489304,1.4160371125129294,-0.13984646294441605,0.17530213262641298,-0.4619449534315806,0.6486239293130284,0.3372432492437474,0,1,1,1,1,2
1,3,-0.40369490201769087,-1.4421666314044586,-0.4944127802526994,-0.5542314101429997,-0.21797584088819877,0.44209580200918414,-1.2529108026383546,-0.9603289765600365,-1.3630417508376695,-0.7279906171826318,1.2488289140936326,-0.45540445323600787,0.09474356447807901,1.804329423240135,-0.3741376248912309,0,0,0,1,1,2
0,4,-0.423973073740562,0.1921461130815656,0.25619512568299985,2.568331938917986,-1.227772948431849,-0.7884250486413904,0.22556861152669114,0.8080654114309073,0.20759991853489304,-0.013314707284111467,-0.13984646294441605,0.8060087184888338,1.2081206002973983,0.2930222388739182,-0.018447187823741776,0,2,1,1,2,1
0,1,0.14381573449981636,0.014931478137296887,0.13767808790367878,1.0070502643874932,0.9432908327869991,1.4931656952732142,-0.7600843312500061,1.6922626054263792,-0.5777209161513882,-0.7279906171826318,-0.13984646294441605,-1.0861110390984288,1.7648091182070578,0.9153251971423606,-1.7968993731611875,0,2,1,0,2,2
1,3,-0.5355030182163499,-0.7923796366088098,-0.5931769784021335,-0.5542314101429997,0.2869227128836261,0.19855521698459075,-1.2529108026383546,-0.0761317825645646,-1.3630417508376695,1.4160371125129294,-1.5285218399824647,-2.3475242108232703,-1.0186334713412402,-1.662787058541186,-0.3741376248912309,0,2,1,1,2,2
1,2,-0.49494667477060855,0.1921461130815656,0.1870601869783958,1.0070502643874932,0.7413314112782688,1.6854345781873663,-1.2529108026383546,-0.0761317825645646,-2.1483625855239508,-0.013314707284111467,-0.13984646294441605,-1.0861110390984288,-1.5753219892508998,-0.4181811420043013,0.3372432492437474,1,2,2,1,1,1
0,1,0.5595182548186646,0.46781332299487044,0.20681302660828288,-0.5542314101429997,-0.11699613013383389,1.2880788868314526,0.7183950829150397,0.8080654114309073,-0.5777209161513882,-1.4426665270811523,-0.13984646294441605,-0.45540445323600787,0.09474356447807901,0.7375243519228055,-0.3741376248912309,0,0,1,1,0,2
1,3,-0.292164957541902,0.7237900179143675,0.31545364457265973,-0.5542314101429997,-1.6316917914493092,-1.531864729242778,0.22556861152669114,-0.0761317825645646,0.9929207532211743,-1.4426665270811523,-0.13984646294441605,0.8060087184888338,-0.4619449534315806,-0.4181811420043013,-0.018447187823741776,0,2,0,1,1,2
0,1,0.5392400830957944,0.4579680654979658,2.014197852742925,-0.5542314101429997,0.6908415559010865,1.0060845252240291,1.2112215543033884,-0.0761317825645646,0.9929207532211743,0.7013612026144089,1.2488289140936326,1.4367153043512546,0.09474356447807901,0.026320971044586007,0.3372432492437474,0,2,1,0,2,2
1,2,1.7559303864680318,1.6984705101078397,1.2537135269922828,-0.5542314101429997,-1.227772948431849,-1.416503399494287,-0.7600843312500061,1.6922626054263792,-1.3630417508376695,-0.7279906171826318,1.2488289140936326,-1.0861110390984288,-1.5753219892508998,-0.6848824098336335,-1.0855184990262092,1,2,0,1,2,2
1,3,-1.1539872557639046,0.3792060055227361,-1.7981001958252278,-0.5542314101429997,-1.025813526923119,-1.2755062186905752,0.22556861152669114,0.8080654114309073,0.20759991853489304,-1.4426665270811523,-0.13984646294441605,0.17530213262641298,0.09474356447807901,0.2930222388739182,1.4043145604462148,0,1,1,1,1,2
1,4,-0.8802319375051506,-0.900677469074752,-0.5931769784021335,2.568331938917986,-1.5812019360721266,-1.2114165910525245,1.2112215543033884,-0.0761317825645646,0.9929207532211743,-0.013314707284111467,-1.5285218399824647,0.8060087184888338,-0.4619449534315806,0.2930222388739182,0.6929336863112365,0,0,0,1,1,2
0,2,-1.0019009678423745,-0.8317606665964254,-1.7289652571206244,-0.5542314101429997,-0.9248338161687538,-0.7756071231137791,0.7183950829150397,-0.0761317825645646,0.20759991853489304,0.7013612026144089,-0.13984646294441605,-0.45540445323600787,2.3214976361167174,-0.06257945156519114,1.4043145604462148,1,1,1,1,2,2
1,3,0.4074319668971344,0.5662658979639079,1.0463087108784719,1.0070502643874932,1.0442705435413637,0.4805495785920142,1.2112215543033884,1.6922626054263792,0.9929207532211743,1.4160371125129294,-0.13984646294441605,0.8060087184888338,3.4348746719360363,-0.5959819872238563,-0.3741376248912309,0,2,1,1,1,2
0,2,-0.06910506859032618,-0.1425926418131626,0.4240942625370366,2.568331938917986,-1.227772948431849,-0.6858816444205096,0.22556861152669114,0.8080654114309073,0.20759991853489304,-1.4426665270811523,-0.13984646294441605,0.17530213262641298,-1.5753219892508998,-0.2403802967847462,-1.0855184990262092,0,1,0,1,1,1
1,1,-0.8903710233665866,-0.3788788217388533,-1.472178341932096,-0.5542314101429997,-0.5209149731512939,0.3523703233159128,-1.7457372740267034,0.8080654114309073,-1.3630417508376695,1.4160371125129294,-0.13984646294441605,-0.45540445323600787,-1.5753219892508998,0.4708230840934733,0.6929336863112365,1,2,0,0,1,2
1,1,-0.7078674778607502,-0.7628438641180989,-1.1956385871136803,-0.5542314101429997,-0.41993526239692874,0.5830929828128949,0.22556861152669114,-0.0761317825645646,0.20759991853489304,-0.013314707284111467,-1.5285218399824647,0.8060087184888338,1.2081206002973983,0.4708230840934733,-1.0855184990262092,1,2,0,1,2,2
1,0,1.7559303864680318,1.846149372561396,1.421612663846321,-0.5542314101429997,-0.6723845392828413,-0.27570802753698476,0.22556861152669114,0.8080654114309073,0.9929207532211743,0.7013612026144089,1.2488289140936326,0.8060087184888338,0.6514320823877386,1.359827310191248,-0.018447187823741776,0,0,0,1,0,2
0,2,0.5291009972343574,-0.4281051092233721,0.27594796531288557,-0.5542314101429997,0.9432908327869991,0.6728184615061663,0.7183950829150397,1.6922626054263792,0.20759991853489304,-1.4426665270811523,-0.13984646294441605,0.17530213262641298,0.09474356447807901,0.4708230840934733,1.4043145604462148,1,2,0,1,1,2
1,3,0.45812739620431175,0.7631710479019831,0.3845885832772638,-0.5542314101429997,-0.7228743946600239,-1.9676741971815226,0.22556861152669114,-0.0761317825645646,0.20759991853489304,0.7013612026144089,1.2488289140936326,0.17530213262641298,-0.4619449534315806,-0.7737828324434114,-0.7298280619587201,1,2,2,1,1,2
0,0,-0.4746685030477384,-1.8162864162868009,-0.2475022848791144,-0.5542314101429997,-0.06650627475665133,-0.8396967507518298,-2.238563745415052,-0.0761317825645646,-2.1483625855239508,0.7013612026144089,-0.13984646294441605,-1.7168176249608496,-0.4619449534315806,-1.1293845228825208,1.4043145604462148,1,2,1,1,2,2
0,1,0.19451116380699368,0.36936074802583285,-0.33639006321360415,-0.5542314101429997,-0.41993526239692874,-0.3654335062302561,-1.2529108026383546,-0.0761317825645646,-1.3630417508376695,-1.4426665270811523,1.2488289140936326,-1.0861110390984288,-1.5753219892508998,1.1820264649716936,-0.7298280619587201,0,1,0,1,2,2
1,0,-2.5734592763648485,-2.1017988836970094,-2.4005618045367756,-0.5542314101429997,0.43839227901517397,-0.4936127615063575,-0.7600843312500061,-0.9603289765600365,-1.3630417508376695,0.7013612026144089,-1.5285218399824647,-0.45540445323600787,0.09474356447807901,1.093126042361915,1.0486241233787257,0,2,1,1,0,1
0,2,0.4479883103428766,0.1724555980877578,1.2043314279175659,1.0070502643874932,-0.7733642500372064,-0.17316462331610402,-1.2529108026383546,0.8080654114309073,-1.3630417508376695,0.7013612026144089,1.2488289140936326,-0.45540445323600787,-1.5753219892508998,-2.6406917072487377,1.4043145604462148,0,2,2,0,1,1
1,0,0.3567365375899571,0.8025520778895973,-0.3660193226584355,-0.5542314101429997,-1.6821816468264914,-2.057399675874794,1.2112215543033884,-0.9603289765600365,0.9929207532211743,0.7013612026144089,-0.13984646294441605,0.8060087184888338,0.6514320823877386,0.6486239293130284,1.0486241233787257,0,1,0,1,1,2
0,2,-0.25160861409616164,0.12322931060323902,-0.6326826576619062,-0.5542314101429997,0.08496329137489633,-0.7499712720585603,0.22556861152669114,-0.0761317825645646,0.20759991853489304,-0.013314707284111467,-0.13984646294441605,-0.45540445323600787,1.7648091182070578,0.38192266148369614,0.3372432492437474,0,0,0,1,1,2
1,3,-0.03868781100601907,-0.7234628341304847,-0.26725512450900146,-0.5542314101429997,-1.934630923712404,-1.339595846328626,0.22556861152669114,0.8080654114309073,0.20759991853489304,-1.4426665270811523,-0.13984646294441605,-0.45540445323600787,1.2081206002973983,-1.484986213321631,1.4043145604462148,1,2,2,1,1,2
0,4,-0.11980049789750169,0.3595154905289283,0.08829598882896178,-0.5542314101429997,-0.9248338161687538,-0.6474278678376777,0.7183950829150397,-0.9603289765600365,0.9929207532211743,-0.013314707284111467,-1.5285218399824647,1.4367153043512546,0.09474356447807901,-1.2182849454922986,1.4043145604462148,0,2,1,1,2,2
1,3,-0.09952232617463148,-0.15243789931006582,-0.0005917895055293878,-0.5542314101429997,-1.2782628038090316,-0.07062121909522144,-0.2672578598616575,1.6922626054263792,-0.5777209161513882,0.7013612026144089,-0.13984646294441605,-0.45540445323600787,-1.0186334713412402,0.7375243519228055,-1.0855184990262092,1,1,2,1,0,2
0,3,-1.194543599209646,-0.5954744866707348,-0.8400874737757185,-0.5542314101429997,-2.035610634466769,-2.1214893035128446,-1.2529108026383546,-0.9603289765600365,-1.3630417508376695,-0.7279906171826318,-1.5285218399824647,-1.7168176249608496,-0.4619449534315806,-0.2403802967847462,0.3372432492437474,0,2,1,1,1,1
1,3,0.14381573449981636,-0.4773313967078908,-0.7018175963665103,-0.5542314101429997,-0.06650627475665133,1.5188015463284348,-1.2529108026383546,-1.8445261705555083,-1.3630417508376695,1.4160371125129294,-0.13984646294441605,-1.0861110390984288,1.2081206002973983,-0.9515836776629657,-0.3741376248912309,0,1,0,1,2,2
1,4,-0.9714837102580692,-1.0089753015406928,0.22656586623816855,-0.5542314101429997,1.9025980849534665,1.864885535573909,-1.7457372740267034,-0.0761317825645646,-2.1483625855239508,0.7013612026144089,-0.13984646294441605,-2.3475242108232703,-1.0186334713412402,-0.2403802967847462,0.3372432492437474,0,2,1,1,1,1
0,3,-0.5963375333849623,-0.36903356424194866,0.6314990786508489,-0.5542314101429997,0.23643285750644377,0.14728351487414948,-0.7600843312500061,-0.0761317825645646,-1.3630417508376695,-0.7279906171826318,-0.13984646294441605,0.17530213262641298,-1.0186334713412402,-1.662787058541186,-0.018447187823741776,0,0,0,1,0,1
1,1,1.1678634065047833,1.0979098027967098,1.3524777251417168,-0.5542314101429997,1.2462299650500939,-0.4295231338683068,0.22556861152669114,-0.0761317825645646,0.9929207532211743,-0.013314707284111467,1.2488289140936326,1.4367153043512546,-1.0186334713412402,1.804329423240135,-1.7968993731611875,0,2,2,0,1,2
0,4,0.43784922448143976,-0.3296525342543345,0.8685331542094896,2.568331938917986,0.08496329137489633,-0.16034669778849278,0.7183950829150397,-0.0761317825645646,0.9929207532211743,-0.013314707284111467,-0.13984646294441605,0.17530213262641298,0.09474356447807901,0.9153251971423606,0.3372432492437474,0,0,0,1,2,2
0,2,-0.6571720485535738,-0.6151650016645426,-0.08947956784001915,2.568331938917986,1.1452502542957288,1.570073248438876,-1.2529108026383546,0.8080654114309073,-1.3630417508376695,1.4160371125129294,-1.5285218399824647,-1.0861110390984288,0.6514320823877386,0.4708230840934733,0.3372432492437474,0,1,1,1,0,1
1,3,0.0018685324397213377,-0.4281051092233721,0.19693660679333863,-0.5542314101429997,-0.6218946839056589,-0.7884250486413904,-0.2672578598616575,-0.9603289765600365,0.9929207532211743,-1.4426665270811523,-0.13984646294441605,0.17530213262641298,0.09474356447807901,1.804329423240135,-0.018447187823741776,0,1,2,1,2,2
1,2,-1.3669080588540463,-1.540619206373496,-1.8968643939746619,-0.5542314101429997,1.1957401096729117,0.8009977167822677,0.22556861152669114,-0.9603289765600365,-0.5777209161513882,0.7013612026144089,-0.13984646294441605,0.8060087184888338,1.2081206002973983,0.11522139365436314,0.3372432492437474,0,2,2,0,2,2
0,2,1.4618968964864085,1.1274455752874222,1.3821069845865468,-0.5542314101429997,0.3374125682608089,-0.14752877226088337,1.2112215543033884,-0.0761317825645646,0.9929207532211743,-0.013314707284111467,-0.13984646294441605,0.8060087184888338,0.6514320823877386,0.026320971044586007,-0.018447187823741776,1,1,2,1,1,2
1,4,-0.35299947271051446,-0.8120701516026176,0.32533006438760254,-0.5542314101429997,-0.01601641937946878,0.5574571317576743,-0.2672578598616575,-0.9603289765600365,0.20759991853489304,0.7013612026144089,-1.5285218399824647,0.8060087184888338,-1.0186334713412402,-0.32928071939452414,-1.4412089360936984,1,1,1,1,1,1
1,1,-1.701497892281412,-1.7276790988146673,-1.5215604410068129,1.0070502643874932,0.08496329137489633,1.0701741528620798,-1.7457372740267034,-0.9603289765600365,-1.3630417508376695,-0.013314707284111467,-1.5285218399824647,-1.0861110390984288,0.6514320823877386,0.8264247745325835,-0.018447187823741776,0,2,1,1,1,2
0,3,0.06270304760833376,0.41858703551035165,-0.35614290284349126,-0.5542314101429997,0.7918212666554512,1.0701741528620798,0.7183950829150397,-0.0761317825645646,0.20759991853489304,-1.4426665270811523,1.2488289140936326,1.4367153043512546,0.09474356447807901,1.804329423240135,1.4043145604462148,0,2,1,1,2,2
1,0,0.09312030519263906,-0.0047590368565095026,0.39446500309220667,-0.5542314101429997,0.18594300212926143,0.3010986212054715,-2.238563745415052,-0.0761317825645646,-2.1483625855239508,0.7013612026144089,-0.13984646294441605,-1.7168176249608496,-0.4619449534315806,-1.3071853681020758,-1.0855184990262092,0,2,0,1,0,2
0,1,0.7927172296316773,1.2258981502564599,0.4240942625370366,1.0070502643874932,-0.21797584088819877,1.1470817060277418,0.7183950829150397,0.8080654114309073,0.9929207532211743,-1.4426665270811523,-0.13984646294441605,0.8060087184888338,-0.4619449534315806,0.2930222388739182,-1.0855184990262092,0,1,1,1,0,2
1,2,0.10325939105407415,0.2905986880506031,0.6117462390209617,2.568331938917986,1.0442705435413637,0.8009977167822677,-1.7457372740267034,1.6922626054263792,-1.3630417508376695,-1.4426665270811523,1.2488289140936326,-1.0861110390984288,-1.5753219892508998,-1.9294883263705183,0.3372432492437474,0,0,0,1,1,1
0,0,0.38715379517426424,0.08384828061562345,0.17718376716345155,-0.5542314101429997,-0.6723845392828413,0.9676307486411991,-0.2672578598616575,-0.0761317825645646,0.20759991853489304,0.7013612026144089,-0.13984646294441605,0.17530213262641298,0.6514320823877386,1.1820264649716936,0.6929336863112365,0,0,2,1,0,2
0,1,1.3402278661491835,1.0979098027967098,1.095690809953189,-0.5542314101429997,0.13545314675207865,-0.14752877226088337,-0.7600843312500061,1.6922626054263792,-0.5777209161513882,0.7013612026144089,-0.13984646294441605,0.17530213262641298,-0.4619449534315806,-0.7737828324434114,-0.3741376248912309,0,1,1,1,2,2
1,4,1.6241222702693718,2.0036734925118553,1.5697589610704719,-0.5542314101429997,-0.3189555516425639,-0.698699569948119,-0.2672578598616575,-0.9603289765600365,-0.5777209161513882,1.4160371125129294,1.2488289140936326,-0.45540445323600787,0.09474356447807901,1.093126042361915,-1.0855184990262092,0,2,2,1,1,2
1,1,0.12353756277694616,-0.1721284143038736,-1.2055150069286238,1.0070502643874932,-1.0763033823003014,-0.8012429741689998,1.2112215543033884,-0.0761317825645646,0.9929207532211743,1.4160371125129294,-0.13984646294441605,1.4367153043512546,0.6514320823877386,1.804329423240135,-0.7298280619587201,0,0,0,1,2,2
0,2,0.4074319668971344,0.21183662807537199,-0.7709525350711144,-0.5542314101429997,-0.3189555516425639,-0.27570802753698476,0.7183950829150397,0.8080654114309073,0.20759991853489304,1.4160371125129294,-0.13984646294441605,-1.0861110390984288,-1.0186334713412402,-0.15147987417496905,1.0486241233787257,0,0,1,1,2,2
0,1,1.7559303864680318,0.8123973353865018,1.915433654593491,-0.5542314101429997,0.43839227901517397,0.10882973829131941,0.7183950829150397,0.8080654114309073,0.9929207532211743,-0.013314707284111467,1.2488289140936326,1.4367153043512546,-1.0186334713412402,-0.5959819872238563,0.6929336863112365,0,2,2,1,1,2
1,0,1.5632877551007613,1.5114106176666677,1.4611183431060937,-0.5542314101429997,-2.035610634466769,-1.3524137718562363,0.22556861152669114,1.6922626054263792,0.9929207532211743,1.4160371125129294,1.2488289140936326,0.8060087184888338,1.2081206002973983,0.7375243519228055,-1.0855184990262092,0,1,1,1,2,2
0,2,0.3567365375899571,-0.457640881714083,0.5228584606864706,-0.5542314101429997,-0.36944540701974643,0.3523703233159128,-0.2672578598616575,-0.0761317825645646,-1.3630417508376695,-1.4426665270811523,-0.13984646294441605,-0.45540445323600787,-1.5753219892508998,-1.3071853681020758,-1.0855184990262092,0,2,1,1,1,2
1,2,0.49868373965005214,-0.15243789931006582,0.7006340173554529,1.0070502643874932,-0.21797584088819877,0.18573729145698134,0.7183950829150397,-0.9603289765600365,0.9929207532211743,-0.7279906171826318,1.2488289140936326,0.8060087184888338,-1.0186334713412402,0.7375243519228055,1.4043145604462148,0,2,1,1,0,2
1,1,0.5493791689572295,1.4424938151883413,0.6314990786508489,-0.5542314101429997,0.08496329137489633,0.4164599509539635,1.2112215543033884,1.6922626054263792,0.9929207532211743,-0.013314707284111467,-0.13984646294441605,1.4367153043512546,0.6514320823877386,-1.3071853681020758,1.4043145604462148,0,2,1,1,0,2
0,2,1.3503669520106187,1.7870778275799726,1.0364322910635277,-0.5542314101429997,-0.5209149731512939,-0.698699569948119,-0.2672578598616575,0.8080654114309073,0.20759991853489304,-0.7279906171826318,1.2488289140936326,0.8060087184888338,-0.4619449534315806,-0.2403802967847462,0.6929336863112365,0,0,0,1,2,2
0,3,1.7559303864680318,1.9741377200211445,2.093209211262472,-0.5542314101429997,1.0442705435413637,0.5702750572852855,1.2112215543033884,1.6922626054263792,0.9929207532211743,1.4160371125129294,1.2488289140936326,1.4367153043512546,1.2081206002973983,0.8264247745325835,-1.7968993731611875,0,2,2,1,0,2
0,2,1.7559303864680318,1.649244222623321,2.122838470707302,-0.5542314101429997,-0.01601641937946878,-0.9550580805003218,0.7183950829150397,0.8080654114309073,0.9929207532211743,0.7013612026144089,-0.13984646294441605,0.8060087184888338,-0.4619449534315806,-0.2403802967847462,-1.0855184990262092,0,2,1,1,1,2
1,0,1.6139831844079369,1.4228033001945348,0.75001611643017,-0.5542314101429997,1.3472096758044592,1.3521685144695033,-1.2529108026383546,1.6922626054263792,-1.3630417508376695,-1.4426665270811523,-0.13984646294441605,-0.45540445323600787,-0.4619449534315806,0.026320971044586007,-1.4412089360936984,0,2,1,1,0,2
1,0,1.7457913006065968,1.688625252610935,1.638893899775076,-0.5542314101429997,1.9530879403306491,0.6856363870337757,-0.7600843312500061,-0.0761317825645646,-0.5777209161513882,0.7013612026144089,1.2488289140936326,-0.45540445323600787,1.2081206002973983,-0.7737828324434114,0.6929336863112365,0,2,2,1,0,2
0,1,-0.799119250613668,-1.353559313932324,-0.16849092635956747,-0.5542314101429997,-0.41993526239692874,1.1214458549725212,-0.2672578598616575,-0.0761317825645646,0.9929207532211743,-0.7279906171826318,-0.13984646294441605,0.8060087184888338,3.4348746719360363,0.026320971044586007,0.3372432492437474,0,2,0,1,0,2
1,2,-0.4746685030477384,0.182300855584661,-0.7018175963665103,-0.5542314101429997,1.3976995311816414,1.8264317589910788,-1.2529108026383546,-0.0761317825645646,-2.1483625855239508,-0.7279906171826318,-0.13984646294441605,-2.3475242108232703,-1.5753219892508998,-0.4181811420043013,0.6929336863112365,0,1,1,1,2,1
0,3,1.2388370075348307,1.1471360902812286,0.8784095740244339,-0.5542314101429997,1.4481893865588242,0.21137314251220016,1.2112215543033884,0.8080654114309073,0.9929207532211743,-1.4426665270811523,1.2488289140936326,1.4367153043512546,0.6514320823877386,-1.0404841002727436,1.4043145604462148,0,1,0,1,2,2
1,2,0.6811872851558876,0.3201344605413141,1.27346636662217,-0.5542314101429997,-0.21797584088819877,0.08319388723609877,1.2112215543033884,1.6922626054263792,0.9929207532211743,-0.7279906171826318,-0.13984646294441605,1.4367153043512546,2.878186154026377,0.9153251971423606,-0.7298280619587201,0,2,0,1,1,2
1,3,1.0259162044446883,0.3004439455475063,1.026555871248585,-0.5542314101429997,0.23643285750644377,0.10882973829131941,0.7183950829150397,-0.0761317825645646,0.9929207532211743,1.4160371125129294,1.2488289140936326,1.4367153043512546,1.2081206002973983,1.359827310191248,1.0486241233787257,0,1,0,1,0,2
0,3,-0.8092583364751039,-1.097582619012827,-0.3660193226584355,-0.5542314101429997,1.650148808067554,0.9163590465307578,0.7183950829150397,-1.8445261705555083,0.9929207532211743,-0.013314707284111467,-1.5285218399824647,1.4367153043512546,-1.0186334713412402,-0.7737828324434114,-0.3741376248912309,0,2,0,1,1,2
0,3,-0.8498146799208453,-0.3788788217388533,-1.3832905635976054,1.0070502643874932,1.0442705435413637,-0.23725425095415473,1.2112215543033884,-0.9603289765600365,0.9929207532211743,-0.013314707284111467,-1.5285218399824647,-0.45540445323600787,-1.5753219892508998,-1.3071853681020758,-1.0855184990262092,0,1,0,0,2,1
0,4,-0.9106491950894567,-1.3043330264478052,0.15743092753356586,1.0070502643874932,1.0947603989185466,0.2370089935674208,-1.2529108026383546,-1.8445261705555083,-0.5777209161513882,-1.4426665270811523,-1.5285218399824647,0.17530213262641298,-1.0186334713412402,-0.9515836776629657,1.4043145604462148,0,2,1,1,2,1
1,2,0.7420218003245,0.07400302311872026,1.095690809953189,-0.5542314101429997,0.8423111220326339,1.6469808016045362,-0.7600843312500061,0.8080654114309073,-1.3630417508376695,-1.4426665270811523,1.2488289140936326,-0.45540445323600787,-0.4619449534315806,-0.5070815646140784,1.4043145604462148,0,2,1,1,1,2
1,2,0.2959020224213465,-0.024449551850317292,0.4537235219818679,-0.5542314101429997,0.9937806881641814,1.1470817060277418,0.7183950829150397,-0.0761317825645646,0.9929207532211743,-0.013314707284111467,1.2488289140936326,0.8060087184888338,1.7648091182070578,-0.8626832550531885,-1.7968993731611875,0,0,1,1,0,2
0,2,-0.8092583364751039,-0.1425926418131626,-1.867235134529832,1.0070502643874932,0.3879024236379912,0.10882973829131941,-1.2529108026383546,-0.9603289765600365,-1.3630417508376695,-1.4426665270811523,-0.13984646294441605,-1.0861110390984288,0.09474356447807901,-2.3739904394194054,1.4043145604462148,0,2,1,1,1,1
0,3,-1.7319151498657182,-2.0821083687032025,-1.225267846558511,-0.5542314101429997,-0.21797584088819877,0.24982691909503205,-1.2529108026383546,-0.9603289765600365,-0.5777209161513882,1.4160371125129294,-1.5285218399824647,-1.0861110390984288,-1.0186334713412402,1.715429000630358,-1.7968993731611875,0,2,2,1,1,2
1,1,0.33645836586708694,1.0585287728090957,1.391983404401491,-0.5542314101429997,-0.21797584088819877,-0.044985368040002624,1.2112215543033884,1.6922626054263792,0.9929207532211743,-0.7279906171826318,1.2488289140936326,1.4367153043512546,0.09474356447807901,1.093126042361915,-1.4412089360936984,1,0,2,1,2,2
0,4,-0.3225822151262082,0.6056469279515222,0.5919933993910746,1.0070502643874932,-0.6723845392828413,-0.9422401549727124,-0.2672578598616575,-0.0761317825645646,0.9929207532211743,-0.013314707284111467,-0.13984646294441605,1.4367153043512546,-0.4619449534315806,0.2930222388739182,-0.018447187823741776,0,1,1,1,1,2
1,0,0.4479883103428766,0.9010046528586347,1.1154436495830746,-0.5542314101429997,-0.06650627475665133,-1.0832373357764231,1.2112215543033884,0.8080654114309073,0.9929207532211743,-1.4426665270811523,-0.13984646294441605,0.8060087184888338,-1.0186334713412402,0.026320971044586007,0.6929336863112365,1,0,1,1,1,2
1,4,-1.2350999426553873,-2.407001866101026,-1.3832905635976054,-0.5542314101429997,0.18594300212926143,0.2626448446226414,-1.7457372740267034,-0.0761317825645646,-1.3630417508376695,1.4160371125129294,-0.13984646294441605,-1.0861110390984288,-1.0186334713412402,-1.3071853681020758,1.4043145604462148,0,2,2,1,1,2
0,1,0.5291009972343574,0.7139447604174642,-0.049973888580246394,-0.5542314101429997,-0.47042511777411133,-1.2370524421077453,1.2112215543033884,0.8080654114309073,0.9929207532211743,1.4160371125129294,-0.13984646294441605,1.4367153043512546,-1.0186334713412402,1.804329423240135,0.3372432492437474,1,2,0,1,0,2
0,1,-0.33272130098764335,-0.38872407923575647,-1.254897106003341,1.0070502643874932,1.650148808067554,1.339350588941894,1.2112215543033884,-0.0761317825645646,0.9929207532211743,1.4160371125129294,-0.13984646294441605,1.4367153043512546,1.2081206002973983,-0.5070815646140784,1.4043145604462148,0,2,1,1,1,2
1,2,0.6710481992944525,1.0979098027967098,0.11792524827379171,-0.5542314101429997,0.5393719897695386,0.5190033551748442,0.7183950829150397,0.8080654114309073,0.20759991853489304,-0.013314707284111467,1.2488289140936326,0.8060087184888338,-0.4619449534315806,-0.2403802967847462,-0.3741376248912309,0,1,2,1,1,2
1,4,-0.5659202758006561,0.1330745681001422,-0.6524354972917933,-0.5542314101429997,-0.1674859855110162,0.21137314251220016,1.2112215543033884,-0.9603289765600365,0.9929207532211743,0.7013612026144089,-1.5285218399824647,0.8060087184888338,0.09474356447807901,-1.0404841002727436,-1.0855184990262092,0,2,0,1,2,2
0,4,1.269254265119136,0.8714688803679238,0.6117462390209617,-0.5542314101429997,1.751128518821919,0.4164599509539635,-1.2529108026383546,-0.0761317825645646,-1.3630417508376695,0.7013612026144089,1.2488289140936326,-0.45540445323600787,-1.0186334713412402,1.093126042361915,-0.3741376248912309,0,1,0,1,0,2
0,3,-0.2211913565118545,0.3201344605413141,-0.6623119171067375,2.568331938917986,0.43839227901517397,0.9804486741688085,-0.7600843312500061,0.8080654114309073,0.20759991853489304,1.4160371125129294,-0.13984646294441605,0.17530213262641298,1.2081206002973983,1.626528578020581,0.6929336863112365,0,1,2,1,1,2
1,2,-1.9144186953715534,-2.407001866101026,-1.5511897004516428,-0.5542314101429997,0.6908415559010865,-0.7371533465309491,-1.7457372740267034,-0.9603289765600365,-1.3630417508376695,-0.013314707284111467,-1.5285218399824647,-1.0861110390984288,1.7648091182070578,-0.2403802967847462,1.0486241233787257,0,2,1,1,2,1
1,3,-0.9106491950894567,-0.6840818041428691,-0.18824376598945317,-0.5542314101429997,2.861905337119934,1.7367062802978075,-0.2672578598616575,-1.8445261705555083,-1.3630417508376695,0.7013612026144089,-1.5285218399824647,-1.7168176249608496,0.09474356447807901,0.7375243519228055,-0.3741376248912309,1,1,0,1,0,2
1,2,0.3263192800056518,-0.3788788217388533,-0.10923240746990623,1.0070502643874932,0.5393719897695386,0.12164766381893065,1.2112215543033884,0.8080654114309073,0.9929207532211743,-0.013314707284111467,1.2488289140936326,1.4367153043512546,0.6514320823877386,-0.32928071939452414,-1.4412089360936984,0,1,0,0,0,2
0,1,1.7559303864680318,1.462184330182149,1.24383710717734,-0.5542314101429997,0.034473435997713554,0.40364202542635225,0.7183950829150397,-0.0761317825645646,0.9929207532211743,-0.7279906171826318,1.2488289140936326,0.17530213262641298,0.09474356447807901,0.9153251971423606,-1.7968993731611875,0,1,1,1,2,2
0,4,1.269254265119136,0.7139447604174642,1.6981524186647359,-0.5542314101429997,1.1957401096729117,1.0189024507516404,-1.2529108026383546,0.8080654114309073,-1.3630417508376695,-1.4426665270811523,1.2488289140936326,-1.0861110390984288,-1.0186334713412402,-0.7737828324434114,0.3372432492437474,0,2,1,1,2,2
0,4,-1.1337090840410335,-0.28042624676981576,-1.6499538986010769,1.0070502643874932,-0.5209149731512939,-0.7756071231137791,-0.2672578598616575,-0.0761317825645646,0.20759991853489304,-0.013314707284111467,-0.13984646294441605,0.17530213262641298,0.09474356447807901,-1.396085790711853,-0.3741376248912309,0,1,2,1,1,2
1,2,1.7559303864680318,2.515626882350851,2.112962050892359,-0.5542314101429997,0.3879024236379912,0.33955239778830154,-0.7600843312500061,1.6922626054263792,-0.5777209161513882,-0.7279906171826318,1.2488289140936326,-0.45540445323600787,-0.4619449534315806,1.0042256197521378,-1.7968993731611875,0,2,0,1,2,2
1,1,-1.721776064004282,-1.363404571429228,-2.2326626676827375,-0.5542314101429997,-1.126793237677484,-1.4805930271323378,-0.7600843312500061,-0.0761317825645646,-0.5777209161513882,-0.013314707284111467,-1.5285218399824647,-1.0861110390984288,-1.5753219892508998,-0.5070815646140784,1.4043145604462148,0,0,1,1,2,2
1,1,-0.5050857606320446,-1.1074278765097303,-0.33639006321360415,1.0070502643874932,-0.1674859855110162,-0.9037863783898805,0.22556861152669114,0.8080654114309073,0.20759991853489304,-0.013314707284111467,-0.13984646294441605,1.4367153043512546,0.6514320823877386,-1.573886635931408,0.3372432492437474,0,2,2,1,1,2
0,1,0.3770147093128291,0.43827755050415945,0.2660715454979427,1.0070502643874932,0.43839227901517397,-0.019349516984781982,0.22556861152669114,-0.9603289765600365,0.20759991853489304,-1.4426665270811523,-0.13984646294441605,-0.45540445323600787,0.09474356447807901,1.804329423240135,-1.0855184990262092,1,1,2,1,1,1
0,0,0.8231344872159826,-0.43795036672027526,0.8882859938393767,-0.5542314101429997,-2.035610634466769,-0.8525146762794411,-1.2529108026383546,1.6922626054263792,-1.3630417508376695,-1.4426665270811523,1.2488289140936326,-0.45540445323600787,0.09474356447807901,0.026320971044586007,0.6929336863112365,0,1,0,1,2,2
0,2,1.7052349571608545,0.8616236228710206,1.7771637771842828,-0.5542314101429997,0.034473435997713554,0.019104259598048075,-1.2529108026383546,1.6922626054263792,-0.5777209161513882,-0.7279906171826318,1.2488289140936326,0.17530213262641298,-0.4619449534315806,-0.6848824098336335,0.3372432492437474,0,2,0,0,1,2
1,1,-0.7484238213064915,-0.5856292291738315,-0.9586045115550396,-0.5542314101429997,-0.823854105414389,-0.698699569948119,1.2112215543033884,-0.0761317825645646,0.9929207532211743,1.4160371125129294,-0.13984646294441605,0.8060087184888338,0.6514320823877386,0.20412181626414108,1.4043145604462148,1,2,2,1,1,2
0,1,0.09312030519263906,-0.11305686932245164,0.10804882845884886,-0.5542314101429997,1.2967198204272763,1.6854345781873663,1.2112215543033884,-0.0761317825645646,0.9929207532211743,1.4160371125129294,-0.13984646294441605,0.17530213262641298,1.7648091182070578,-0.4181811420043013,-1.7968993731611875,0,0,0,1,1,2
1,3,0.2756238506984745,0.3792060055227361,0.5327348805014148,-0.5542314101429997,0.7918212666554512,0.07037596170848937,-0.2672578598616575,0.8080654114309073,0.20759991853489304,-1.4426665270811523,-0.13984646294441605,-0.45540445323600787,-0.4619449534315806,-0.15147987417496905,1.0486241233787257,0,2,1,1,2,2
1,1,-0.44425124546343214,-0.08352109683174065,-0.5833005585871892,-0.5542314101429997,-1.4802222253177615,-1.4036854739666766,-1.7457372740267034,-0.9603289765600365,-1.3630417508376695,-1.4426665270811523,-1.5285218399824647,-1.0861110390984288,0.6514320823877386,-0.15147987417496905,-1.0855184990262092,0,1,1,1,1,1
1,2,-0.8295365081979742,-0.7037723191366769,-0.6326826576619062,-0.5542314101429997,-0.7733642500372064,-0.33979765517503546,-0.7600843312500061,-0.9603289765600365,-0.5777209161513882,0.7013612026144089,-0.13984646294441605,-0.45540445323600787,0.09474356447807901,0.9153251971423606,1.4043145604462148,0,2,2,1,0,1
1,4,0.14381573449981636,0.08384828061562345,-0.5339184595124722,-0.5542314101429997,-0.01601641937946878,0.07037596170848937,0.7183950829150397,-0.0761317825645646,0.9929207532211743,1.4160371125129294,1.2488289140936326,0.8060087184888338,0.09474356447807901,-0.8626832550531885,-1.4412089360936984,0,1,2,1,1,2
1,3,0.2553456789756043,0.4875038379886782,-0.2178730254342845,1.0070502643874932,-0.3189555516425639,0.5061854296472348,1.2112215543033884,-0.0761317825645646,0.9929207532211743,-1.4426665270811523,-0.13984646294441605,0.8060087184888338,0.6514320823877386,1.804329423240135,0.3372432492437474,0,0,2,0,1,2
1,1,0.5493791689572295,0.08384828061562345,0.7697689560600556,-0.5542314101429997,0.8423111220326339,-0.2628901020093735,0.7183950829150397,0.8080654114309073,0.9929207532211743,-0.013314707284111467,-0.13984646294441605,0.8060087184888338,0.6514320823877386,1.804329423240135,-0.7298280619587201,0,2,1,0,1,2
0,2,1.3503669520106187,0.8320878503803096,1.6487703195900187,-0.5542314101429997,0.034473435997713554,-0.23725425095415473,-2.238563745415052,0.8080654114309073,-1.3630417508376695,1.4160371125129294,1.2488289140936326,-0.45540445323600787,0.09474356447807901,1.1820264649716936,-1.4412089360936984,0,0,0,1,1,2
1,3,1.5835659268236315,1.5704821626480912,0.6611283380956787,-0.5542314101429997,2.4579864941024745,1.2752609613038433,-0.2672578598616575,1.6922626054263792,-0.5777209161513882,-0.013314707284111467,1.2488289140936326,-1.0861110390984288,-0.4619449534315806,-0.4181811420043013,0.3372432492437474,0,2,0,1,2,2
0,0,0.4784055679271819,0.7434805329081753,0.6117462390209617,-0.5542314101429997,-0.01601641937946878,0.4164599509539635,0.7183950829150397,-0.9603289765600365,0.9929207532211743,0.7013612026144089,-0.13984646294441605,0.17530213262641298,0.6514320823877386,-1.0404841002727436,-0.018447187823741776,0,2,0,1,2,2
0,4,-0.292164957541902,-0.0047590368565095026,-0.33639006321360415,-0.5542314101429997,0.43839227901517397,-0.12189292120566274,1.2112215543033884,-0.0761317825645646,0.20759991853489304,-1.4426665270811523,-0.13984646294441605,-0.45540445323600787,0.09474356447807901,1.804329423240135,-0.3741376248912309,0,1,1,1,0,1
1,1,-0.2617476999575967,0.04446725062800927,-0.6228062378469633,-0.5542314101429997,0.3879024236379912,0.2626448446226414,0.7183950829150397,0.8080654114309073,0.9929207532211743,0.7013612026144089,-0.13984646294441605,1.4367153043512546,0.6514320823877386,0.7375243519228055,-0.7298280619587201,0,2,0,1,0,2
1,4,0.06270304760833376,-0.3591883067450455,-0.44503068117798245,-0.5542314101429997,0.43839227901517397,0.6984543125613869,1.2112215543033884,0.8080654114309073,0.9929207532211743,-0.7279906171826318,-0.13984646294441605,0.17530213262641298,1.7648091182070578,0.6486239293130284,-1.4412089360936984,0,1,2,1,0,2
0,2,0.7622999720473702,1.6295537076295132,-0.0993559876549634,2.568331938917986,0.9432908327869991,-0.4807948359787463,-0.7600843312500061,-0.9603289765600365,0.20759991853489304,0.7013612026144089,-0.13984646294441605,0.8060087184888338,-1.0186334713412402,-0.4181811420043013,0.6929336863112365,0,1,2,1,0,1
0,2,-0.941066452673763,-0.6545460316521581,-0.7511996954412273,1.0070502643874932,-0.2684656962653813,0.5702750572852855,-1.2529108026383546,0.8080654114309073,-2.1483625855239508,0.7013612026144089,-0.13984646294441605,-1.0861110390984288,-1.0186334713412402,0.11522139365436314,0.6929336863112365,0,1,1,1,1,1
1,1,1.7153740430222915,1.4424938151883413,1.589511800700359,-0.5542314101429997,-0.21797584088819877,-0.9294222294451011,0.7183950829150397,0.8080654114309073,0.9929207532211743,1.4160371125129294,1.2488289140936326,1.4367153043512546,0.6514320823877386,-0.4181811420043013,0.6929336863112365,0,2,1,1,2,2
1,1,1.0259162044446883,0.9403856828462503,1.0068030316186978,-0.5542314101429997,0.8928009774098163,1.5957090994940968,1.2112215543033884,1.6922626054263792,0.9929207532211743,-0.013314707284111467,1.2488289140936326,1.4367153043512546,1.2081206002973983,-0.5959819872238563,-1.4412089360936984,0,1,2,1,1,2
1,1,-0.9714837102580692,-0.6643912891490613,-0.6820647567366231,4.1296136134484795,0.23643285750644377,1.0189024507516404,1.2112215543033884,-0.0761317825645646,0.9929207532211743,-0.7279906171826318,-1.5285218399824647,-1.0861110390984288,0.09474356447807901,0.38192266148369614,0.6929336863112365,0,2,0,1,1,1
1,3,0.6913263710173226,1.0486835153121912,1.24383710717734,1.0070502643874932,1.3976995311816414,1.6982525037149774,-0.2672578598616575,-0.0761317825645646,0.9929207532211743,-1.4426665270811523,-0.13984646294441605,0.8060087184888338,-1.0186334713412402,-1.484986213321631,0.6929336863112365,0,2,1,1,1,2
0,3,-0.25160861409616164,-0.0047590368565095026,0.009284630309414855,1.0070502643874932,-0.11699613013383389,-0.5064306870339669,0.22556861152669114,-0.0761317825645646,0.20759991853489304,-0.013314707284111467,-0.13984646294441605,0.17530213262641298,1.2081206002973983,0.026320971044586007,-0.3741376248912309,0,1,1,1,2,2
0,4,0.0018685324397213377,0.9994572278276723,0.6413754984657917,-0.5542314101429997,-1.025813526923119,0.12164766381893065,0.22556861152669114,-0.0761317825645646,0.20759991853489304,1.4160371125129294,-0.13984646294441605,0.17530213262641298,0.09474356447807901,0.7375243519228055,0.6929336863112365,0,1,1,0,0,2
1,1,0.09312030519263906,-0.04414006684412508,0.27594796531288557,-0.5542314101429997,-1.0763033823003014,-0.2244363254265435,-0.2672578598616575,-0.9603289765600365,0.20759991853489304,-0.013314707284111467,-0.13984646294441605,-1.0861110390984288,-0.4619449534315806,-0.5070815646140784,0.6929336863112365,0,1,0,1,1,2
1,1,-1.1032918264567282,-0.7825343791119066,-0.8400874737757185,-0.5542314101429997,1.5996589526903715,0.8779052699479278,-0.7600843312500061,-0.0761317825645646,-1.3630417508376695,1.4160371125129294,-1.5285218399824647,-1.7168176249608496,-0.4619449534315806,-0.06257945156519114,1.0486241233787257,1,1,1,1,2,2
0,1,-0.4543903313248673,-0.3198072767574299,0.34508290401748964,1.0070502643874932,-0.36944540701974643,1.2496251102486227,-1.2529108026383546,-1.8445261705555083,-1.3630417508376695,0.7013612026144089,-0.13984646294441605,-0.45540445323600787,-0.4619449534315806,0.8264247745325835,1.0486241233787257,1,1,2,1,1,1
1,2,1.4923141540707137,1.4228033001945348,0.5426113003163576,-0.5542314101429997,0.7918212666554512,1.787977982408249,0.7183950829150397,-0.9603289765600365,0.9929207532211743,-0.013314707284111467,-0.13984646294441605,0.17530213262641298,-0.4619449534315806,0.7375243519228055,-1.7968993731611875,0,2,1,1,0,2
0,1,1.7559303864680318,1.816613600070685,0.75001611643017,-0.5542314101429997,1.4986792419360064,0.45491372753679354,-0.7600843312500061,1.6922626054263792,0.9929207532211743,1.4160371125129294,-0.13984646294441605,0.8060087184888338,-1.0186334713412402,0.5597235067032504,-0.018447187823741776,0,2,2,1,2,2
1,2,-0.44425124546343214,-0.36903356424194866,0.07841956901401753,2.568331938917986,0.5898618451467215,0.44209580200918414,-1.2529108026383546,-0.0761317825645646,-0.5777209161513882,1.4160371125129294,-0.13984646294441605,-1.0861110390984288,0.09474356447807901,-1.1293845228825208,1.4043145604462148,0,2,2,1,1,2
0,2,-0.2414695282347265,0.44812280800106263,-0.2771315443239443,-0.5542314101429997,-0.3189555516425639,0.39082409989874284,0.22556861152669114,-0.0761317825645646,0.9929207532211743,-0.7279906171826318,-0.13984646294441605,1.4367153043512546,-1.0186334713412402,-0.32928071939452414,1.0486241233787257,1,2,1,1,1,2
0,4,-0.5152248464934797,-0.9794395290499818,-0.010468209320472228,2.568331938917986,0.7918212666554512,-0.05780329356761203,0.7183950829150397,-0.9603289765600365,-0.5777209161513882,0.7013612026144089,-0.13984646294441605,-0.45540445323600787,-0.4619449534315806,-1.396085790711853,-0.3741376248912309,0,2,2,1,2,2
1,1,0.4074319668971344,0.3398249755351219,0.31545364457265973,-0.5542314101429997,-0.41993526239692874,0.5574571317576743,0.7183950829150397,0.8080654114309073,0.9929207532211743,1.4160371125129294,-0.13984646294441605,-0.45540445323600787,1.2081206002973983,-0.15147987417496905,0.3372432492437474,0,2,1,1,0,2
1,2,0.2654847648370394,-1.580000236361111,0.5821169795761318,-0.5542314101429997,0.2869227128836261,1.0958100039173004,-1.2529108026383546,-0.0761317825645646,-0.5777209161513882,-0.013314707284111467,-0.13984646294441605,1.4367153043512546,1.2081206002973983,0.11522139365436314,1.4043145604462148,0,2,2,1,1,2
0,2,0.8129954013545475,0.8616236228710206,0.7895217956899426,1.0070502643874932,0.48888213439235634,-0.6089740912548477,0.7183950829150397,-0.0761317825645646,0.20759991853489304,-0.013314707284111467,-0.13984646294441605,1.4367153043512546,2.3214976361167174,-1.0404841002727436,-1.0855184990262092,0,2,2,1,0,2
1,0,-0.819397422336539,-0.014604294353414097,-0.9981101908148123,4.1296136134484795,-0.9753236715459364,-1.2370524421077453,-0.2672578598616575,-0.0761317825645646,0.20759991853489304,-0.013314707284111467,-1.5285218399824647,0.17530213262641298,-1.0186334713412402,0.6486239293130284,-0.018447187823741776,0,2,0,1,1,1
1,0,-0.35299947271051446,-0.3001167617636221,-0.45490710099292525,-0.5542314101429997,0.08496329137489633,1.4418939931627746,-0.2672578598616575,-0.0761317825645646,0.20759991853489304,1.4160371125129294,-0.13984646294441605,-0.45540445323600787,0.09474356447807901,-0.5959819872238563,0.6929336863112365,0,2,0,1,1,2
1,1,0.2553456789756043,-0.5068671691986019,-0.6820647567366231,-0.5542314101429997,1.0947603989185466,0.6856363870337757,-0.7600843312500061,-0.0761317825645646,-0.5777209161513882,1.4160371125129294,1.2488289140936326,-1.0861110390984288,-1.5753219892508998,0.2930222388739182,1.4043145604462148,0,0,1,1,2,2
1,2,-0.10966141203606658,-0.6840818041428691,0.25619512568299985,-0.5542314101429997,0.2869227128836261,0.621546759395725,-2.238563745415052,-1.8445261705555083,-2.1483625855239508,-1.4426665270811523,-1.5285218399824647,-1.7168176249608496,-0.4619449534315806,-0.5959819872238563,1.4043145604462148,0,2,1,1,2,1
0,0,0.7724390579088053,0.46781332299487044,0.6710047579106215,-0.5542314101429997,-0.5714048285284764,-1.2755062186905752,1.2112215543033884,0.8080654114309073,0.9929207532211743,0.7013612026144089,-0.13984646294441605,0.8060087184888338,-1.0186334713412402,-0.2403802967847462,-1.7968993731611875,0,2,0,1,2,2
0,0,0.2452065931141692,0.4973490954855814,-0.16849092635956747,-0.5542314101429997,0.08496329137489633,-0.21161839989893408,0.22556861152669114,-0.0761317825645646,0.20759991853489304,-0.013314707284111467,-0.13984646294441605,0.8060087184888338,0.09474356447807901,-0.32928071939452414,-1.0855184990262092,0,2,0,1,2,2
0,0,-0.49494667477060855,-0.3788788217388533,-0.4944127802526994,2.568331938917986,-0.11699613013383389,1.1727175570829607,0.22556861152669114,0.8080654114309073,0.20759991853489304,-0.013314707284111467,-1.5285218399824647,-0.45540445323600787,1.2081206002973983,-0.2403802967847462,-1.4412089360936984,1,2,2,1,2,2
1,2,0.11339847691551107,-0.5659387141800237,-0.7116940161814546,-0.5542314101429997,0.08496329137489633,-0.3013438785922054,1.2112215543033884,-0.0761317825645646,0.9929207532211743,1.4160371125129294,-0.13984646294441605,0.8060087184888338,2.878186154026377,0.026320971044586007,1.0486241233787257,0,2,1,1,2,2
1,1,-1.7927496650343295,-2.1904062011691434,-1.7289652571206244,-0.5542314101429997,-0.823854105414389,-0.9678760060279312,0.22556861152669114,-1.8445261705555083,0.20759991853489304,1.4160371125129294,-0.13984646294441605,0.17530213262641298,-1.0186334713412402,0.2930222388739182,-0.3741376248912309,0,1,1,0,0,2
1,3,-0.7585629071679275,-0.6053197441676393,-1.0474922898895294,1.0070502643874932,-0.5714048285284764,-0.3013438785922054,-2.238563745415052,-0.9603289765600365,-1.3630417508376695,-1.4426665270811523,-1.5285218399824647,-1.7168176249608496,-0.4619449534315806,-0.15147987417496905,-0.3741376248912309,0,2,2,1,2,2
1,4,0.9346644316917705,0.5859564129577157,0.7401396966152257,-0.5542314101429997,1.0442705435413637,-0.16034669778849278,-0.7600843312500061,-0.0761317825645646,-1.3630417508376695,-1.4426665270811523,-0.13984646294441605,-2.3475242108232703,-0.4619449534315806,-1.662787058541186,0.6929336863112365,0,2,1,1,1,2
1,0,0.863690830661723,0.25121765806298757,1.5006240223658678,-0.5542314101429997,2.710435770988387,2.5955072906476873,-1.7457372740267034,-0.0761317825645646,-1.3630417508376695,-0.7279906171826318,1.2488289140936326,-1.0861110390984288,-0.4619449534315806,-2.0183887489802954,-1.0855184990262092,0,2,0,0,2,1
0,4,-0.6166157051078325,-0.5757839716769284,0.32533006438760254,-0.5542314101429997,-2.035610634466769,-1.5959543568808288,-0.2672578598616575,-0.9603289765600365,0.20759991853489304,1.4160371125129294,-0.13984646294441605,0.17530213262641298,-0.4619449534315806,-0.5070815646140784,-1.7968993731611875,0,2,0,1,1,2
1,2,0.630491855848712,0.6351827004422346,-0.5536712991423592,-0.5542314101429997,-0.7733642500372064,-1.0063297826107631,1.2112215543033884,0.8080654114309073,0.9929207532211743,0.7013612026144089,1.2488289140936326,0.8060087184888338,-0.4619449534315806,0.026320971044586007,-1.4412089360936984,0,2,1,0,1,2
1,2,-1.2655172002396935,-1.2255709664725756,-1.2055150069286238,-0.5542314101429997,0.2869227128836261,0.890723195475539,0.22556861152669114,-0.0761317825645646,-0.5777209161513882,-0.7279906171826318,-1.5285218399824647,-1.0861110390984288,-1.0186334713412402,-0.4181811420043013,-1.7968993731611875,0,2,1,1,2,2
0,1,-0.68758930613788,-0.8022248941057144,-0.25737870469405727,-0.5542314101429997,0.7918212666554512,1.3137147378866734,1.2112215543033884,-0.0761317825645646,0.9929207532211743,-1.4426665270811523,-1.5285218399824647,0.17530213262641298,1.7648091182070578,-0.06257945156519114,0.3372432492437474,1,2,1,1,1,2
1,3,-1.194543599209646,-0.6643912891490613,-1.0178630304446994,4.1296136134484795,-0.1674859855110162,0.5446392062300649,0.7183950829150397,-0.0761317825645646,0.9929207532211743,-0.7279906171826318,-0.13984646294441605,-0.45540445323600787,1.2081206002973983,1.448727732801025,-1.0855184990262092,0,1,2,0,0,1
1,4,0.11339847691551107,0.10353879560943123,-0.29688438395383143,-0.5542314101429997,-0.6218946839056589,-0.09625707015044209,-1.7457372740267034,-1.8445261705555083,-1.3630417508376695,-0.013314707284111467,1.2488289140936326,-1.7168176249608496,-1.0186334713412402,0.20412181626414108,-1.4412089360936984,0,2,0,1,2,2
1,4,0.18437207794555677,-0.39856933673265965,0.6611283380956787,-0.5542314101429997,-2.035610634466769,-0.5577023891444082,0.7183950829150397,1.6922626054263792,0.9929207532211743,-0.013314707284111467,-1.5285218399824647,0.17530213262641298,-0.4619449534315806,-0.8626832550531885,0.6929336863112365,0,2,1,1,0,2
1,2,0.4784055679271819,-0.04414006684412508,0.0685431491990747,-0.5542314101429997,-0.11699613013383389,-0.10907499567805332,0.7183950829150397,0.8080654114309073,0.20759991853489304,-0.7279906171826318,1.2488289140936326,0.17530213262641298,1.2081206002973983,-0.4181811420043013,0.6929336863112365,1,2,1,1,2,2
0,2,-1.224960856793952,-1.2354162239694795,-0.44503068117798245,-0.5542314101429997,-0.7733642500372064,-1.1729628144696946,-1.7457372740267034,-1.8445261705555083,-2.1483625855239508,-0.013314707284111467,-0.13984646294441605,-0.45540445323600787,-1.0186334713412402,1.1820264649716936,0.6929336863112365,0,2,2,1,2,1
1,1,0.48854465378861706,0.8813141378648284,0.1870601869783958,-0.5542314101429997,0.7413314112782688,1.557255322911265,0.7183950829150397,0.8080654114309073,0.9929207532211743,-0.013314707284111467,1.2488289140936326,0.17530213262641298,0.09474356447807901,1.804329423240135,-0.7298280619587201,0,1,1,1,1,2
0,2,1.4517578106249716,0.9305404253493471,0.996926611803755,-0.5542314101429997,-0.47042511777411133,0.044740110653268717,0.22556861152669114,0.8080654114309073,0.9929207532211743,-0.7279906171826318,1.2488289140936326,0.17530213262641298,-1.0186334713412402,-1.1293845228825208,-0.018447187823741776,0,2,0,1,2,2
0,3,1.7559303864680318,0.9896119703307691,1.3129720458819427,-0.5542314101429997,-0.6723845392828413,-1.531864729242778,-0.2672578598616575,0.8080654114309073,0.20759991853489304,1.4160371125129294,1.2488289140936326,1.4367153043512546,-1.0186334713412402,-0.32928071939452414,1.4043145604462148,1,2,1,1,1,2
0,1,-1.458159831606964,-1.1960351939818645,-1.4623019221171525,-0.5542314101429997,-2.035610634466769,-2.4419374417030983,0.22556861152669114,-0.9603289765600365,0.9929207532211743,-1.4426665270811523,-1.5285218399824647,0.17530213262641298,0.6514320823877386,0.38192266148369614,0.3372432492437474,1,2,0,1,1,2
1,1,-0.5659202758006561,-0.7333080916273879,0.009284630309414855,-0.5542314101429997,0.7918212666554512,0.6984543125613869,-0.2672578598616575,0.8080654114309073,0.20759991853489304,0.7013612026144089,1.2488289140936326,0.17530213262641298,1.7648091182070578,0.38192266148369614,-0.7298280619587201,0,2,0,1,1,2
1,4,0.6102136841258401,0.9502309403431536,0.16730734734850872,-0.5542314101429997,0.6908415559010865,0.621546759395725,-0.2672578598616575,-0.0761317825645646,-0.5777209161513882,-0.7279906171826318,-0.13984646294441605,0.17530213262641298,0.09474356447807901,0.5597235067032504,-1.7968993731611875,0,2,1,1,1,2
0,2,1.7559303864680318,1.0289930003183847,1.638893899775076,-0.5542314101429997,-0.01601641937946878,-0.044985368040002624,0.22556861152669114,0.8080654114309073,0.9929207532211743,0.7013612026144089,1.2488289140936326,1.4367153043512546,0.09474356447807901,0.2930222388739182,1.4043145604462148,0,1,0,1,2,2
0,2,0.6710481992944525,1.206207635262652,0.7598925362451128,-0.5542314101429997,-1.126793237677484,-1.2883241442181856,-1.2529108026383546,0.8080654114309073,-0.5777209161513882,-0.7279906171826318,-0.13984646294441605,-1.0861110390984288,-1.0186334713412402,-0.06257945156519114,-0.7298280619587201,0,0,0,1,1,2
0,2,-0.10966141203606658,-0.23119995928529696,0.15743092753356586,-0.5542314101429997,-0.5209149731512939,-0.12189292120566274,0.22556861152669114,-0.9603289765600365,0.9929207532211743,0.7013612026144089,1.2488289140936326,0.8060087184888338,1.2081206002973983,1.804329423240135,0.3372432492437474,0,2,1,1,2,2
1,2,1.4618968964864085,1.3243507252254973,1.2240842675474528,-0.5542314101429997,1.4481893865588242,0.19855521698459075,-1.7457372740267034,0.8080654114309073,-1.3630417508376695,-0.7279906171826318,1.2488289140936326,-0.45540445323600787,-1.0186334713412402,-1.662787058541186,0.3372432492437474,0,1,1,1,2,2
1,3,0.4074319668971344,-0.1819736718007782,0.5228584606864706,-0.5542314101429997,1.3472096758044592,1.6726166526597568,1.2112215543033884,0.8080654114309073,0.9929207532211743,1.4160371125129294,-0.13984646294441605,0.8060087184888338,0.09474356447807901,-0.15147987417496905,-0.7298280619587201,0,1,2,1,2,2
1,0,0.6710481992944525,0.536730125473197,1.2635899468072256,-0.5542314101429997,0.3374125682608089,-0.6474278678376777,1.2112215543033884,0.8080654114309073,0.20759991853489304,-0.7279906171826318,-0.13984646294441605,0.17530213262641298,0.6514320823877386,1.804329423240135,-0.3741376248912309,0,2,2,1,2,2
1,2,-0.5963375333849623,-0.4281051092233721,-0.6820647567366231,1.0070502643874932,-0.823854105414389,0.37800617437113343,-1.2529108026383546,-0.0761317825645646,-1.3630417508376695,-0.013314707284111467,-0.13984646294441605,-1.7168176249608496,-1.0186334713412402,-0.5959819872238563,-1.0855184990262092,0,1,1,1,0,1
1,1,1.0766116337518656,1.068374030305999,0.47347636161175355,-0.5542314101429997,-0.36944540701974643,-0.6217920167824589,1.2112215543033884,0.8080654114309073,0.9929207532211743,-0.7279906171826318,1.2488289140936326,1.4367153043512546,1.2081206002973983,0.38192266148369614,-1.0855184990262092,0,2,2,1,1,2
1,0,-1.6913588064199767,-1.7178338413177634,-1.472178341932096,-0.5542314101429997,-0.41993526239692874,0.44209580200918414,-0.2672578598616575,-1.8445261705555083,0.20759991853489304,-0.7279906171826318,-0.13984646294441605,0.17530213262641298,0.09474356447807901,-0.9515836776629657,1.4043145604462148,0,2,0,1,0,2
0,2,0.38715379517426424,0.6253374429453299,0.6611283380956787,-0.5542314101429997,0.43839227901517397,0.4933675041196236,-0.2672578598616575,-0.0761317825645646,0.20759991853489304,0.7013612026144089,-0.13984646294441605,0.17530213262641298,0.09474356447807901,-0.32928071939452414,-0.018447187823741776,0,0,2,1,1,2
0,2,0.8332735730774177,1.5606369051511866,0.46359994179681074,-0.5542314101429997,-0.47042511777411133,0.05755803618087995,0.22556861152669114,-0.9603289765600365,-0.5777209161513882,1.4160371125129294,1.2488289140936326,0.17530213262641298,-0.4619449534315806,-1.3071853681020758,0.3372432492437474,0,2,0,1,1,2
1,1,0.01200761830115644,0.1429198255970468,-0.1289852470997933,1.0070502643874932,1.5996589526903715,1.300896812359062,1.2112215543033884,-0.0761317825645646,0.9929207532211743,-0.7279906171826318,-0.13984646294441605,0.17530213262641298,-0.4619449534315806,-0.9515836776629657,1.0486241233787257,0,0,0,1,0,2
1,1,-0.1299395837589368,-0.12290212681935483,-0.03022104895035931,-0.5542314101429997,-0.9753236715459364,-1.2370524421077453,-0.2672578598616575,-0.9603289765600365,0.20759991853489304,0.7013612026144089,-0.13984646294441605,0.8060087184888338,0.09474356447807901,0.6486239293130284,0.6929336863112365,0,2,0,1,0,2
1,4,-0.2718867858190318,-0.08352109683174065,-0.22774944524922733,-0.5542314101429997,-0.01601641937946878,0.10882973829131941,-1.2529108026383546,-0.9603289765600365,-1.3630417508376695,-1.4426665270811523,-0.13984646294441605,-0.45540445323600787,-1.0186334713412402,-0.7737828324434114,0.6929336863112365,0,2,2,1,1,1
0,2,0.3263192800056518,0.005086220640393692,0.34508290401748964,-0.5542314101429997,0.8423111220326339,0.6343646849233362,0.7183950829150397,0.8080654114309073,0.9929207532211743,0.7013612026144089,-0.13984646294441605,0.17530213262641298,-1.0186334713412402,1.359827310191248,1.0486241233787257,0,1,2,1,2,2
0,1,0.6102136841258401,1.038838257815288,0.9080388334692637,-0.5542314101429997,0.3374125682608089,-0.21161839989893408,0.7183950829150397,0.8080654114309073,0.20759991853489304,-1.4426665270811523,1.2488289140936326,0.8060087184888338,0.09474356447807901,-1.1293845228825208,0.6929336863112365,0,1,2,1,0,2
0,1,0.21478933552986387,-0.08352109683174065,-0.3758957424733783,-0.5542314101429997,-0.2684656962653813,-0.18598254884371343,0.22556861152669114,-0.9603289765600365,0.20759991853489304,-0.013314707284111467,-0.13984646294441605,-0.45540445323600787,-0.4619449534315806,-1.484986213321631,0.3372432492437474,0,2,0,1,2,2
1,1,1.005638032721818,0.014931478137296887,1.1154436495830746,1.0070502643874932,-0.9753236715459364,-0.7884250486413904,0.22556861152669114,0.8080654114309073,0.20759991853489304,1.4160371125129294,1.2488289140936326,-0.45540445323600787,-0.4619449534315806,-0.06257945156519114,1.4043145604462148,0,1,1,1,2,2
0,1,-0.4543903313248673,-1.2452614814663834,-0.040097468765302145,1.0070502643874932,0.7413314112782688,0.44209580200918414,1.2112215543033884,0.8080654114309073,0.9929207532211743,-0.013314707284111467,1.2488289140936326,0.17530213262641298,0.09474356447807901,0.4708230840934733,0.3372432492437474,0,2,1,1,1,2
1,4,0.4074319668971344,0.1626103405908532,0.19693660679333863,1.0070502643874932,0.9937806881641814,0.8394514933650977,1.2112215543033884,-0.0761317825645646,0.9929207532211743,-0.7279906171826318,1.2488289140936326,0.17530213262641298,-1.0186334713412402,-0.32928071939452414,1.4043145604462148,0,0,2,0,1,2
1,2,-0.1299395837589368,-0.7431533491242911,-0.3660193226584355,4.1296136134484795,-0.7228743946600239,-0.5705203146720176,-1.2529108026383546,-0.0761317825645646,-1.3630417508376695,0.7013612026144089,-0.13984646294441605,-2.3475242108232703,-1.0186334713412402,-0.5959819872238563,-1.7968993731611875,0,2,2,1,0,2
0,1,1.7559303864680318,1.61970845013261,2.488266003860208,-0.5542314101429997,0.9937806881641814,0.4933675041196236,0.22556861152669114,1.6922626054263792,0.20759991853489304,-0.7279906171826318,1.2488289140936326,-0.45540445323600787,-1.0186334713412402,1.2709268875814708,-0.3741376248912309,0,2,1,1,1,2
0,2,-0.170495927204679,0.1724555980877578,0.15743092753356586,-0.5542314101429997,0.5393719897695386,-0.4423410593959162,0.22556861152669114,-0.0761317825645646,0.20759991853489304,0.7013612026144089,-0.13984646294441605,0.17530213262641298,0.09474356447807901,-0.15147987417496905,-0.018447187823741776,0,2,0,1,2,2
1,1,0.10325939105407415,0.1330745681001422,0.3845885832772638,-0.5542314101429997,0.9432908327869991,0.40364202542635225,0.7183950829150397,1.6922626054263792,0.20759991853489304,1.4160371125129294,-0.13984646294441605,-1.0861110390984288,0.6514320823877386,-0.06257945156519114,-1.7968993731611875,0,2,2,1,1,2
1,4,-1.0424573112881157,-1.8852032187651273,-1.324032044707945,-0.5542314101429997,-0.9248338161687538,-1.4677751016047274,1.2112215543033884,-1.8445261705555083,0.9929207532211743,-0.7279906171826318,-0.13984646294441605,0.8060087184888338,1.2081206002973983,1.715429000630358,-0.3741376248912309,0,0,1,1,0,2
1,2,1.3909232954563608,0.39889652051654384,2.073456371632585,-0.5542314101429997,-0.6723845392828413,0.45491372753679354,-0.2672578598616575,1.6922626054263792,0.20759991853489304,-1.4426665270811523,1.2488289140936326,0.8060087184888338,1.2081206002973983,1.1820264649716936,-1.0855184990262092,0,2,2,1,1,2
0,2,0.33645836586708694,0.22168188557227655,0.6117462390209617,1.0070502643874932,-0.5714048285284764,-0.4679769104511369,-1.2529108026383546,0.8080654114309073,-1.3630417508376695,-1.4426665270811523,1.2488289140936326,-1.7168176249608496,-0.4619449534315806,1.1820264649716936,1.4043145604462148,0,0,0,1,1,1
1,2,0.9549426034146425,0.5071943529824846,1.1351964892129618,-0.5542314101429997,-0.21797584088819877,1.2239892591934018,-0.2672578598616575,-0.0761317825645646,-0.5777209161513882,-1.4426665270811523,-0.13984646294441605,-1.0861110390984288,0.09474356447807901,-0.8626832550531885,-1.7968993731611875,0,2,1,0,1,2
0,3,-1.3567689729926111,0.04446725062800927,-1.3042792050780578,4.1296136134484795,-0.5714048285284764,-1.2370524421077453,0.7183950829150397,-1.8445261705555083,0.9929207532211743,-0.7279906171826318,-1.5285218399824647,1.4367153043512546,0.09474356447807901,-0.5959819872238563,0.3372432492437474,0,1,1,1,0,2
0,2,0.6811872851558876,0.6647184729329455,0.6808811777255658,-0.5542314101429997,0.5393719897695386,0.8138156423098771,1.2112215543033884,-0.9603289765600365,0.9929207532211743,-0.013314707284111467,1.2488289140936326,1.4367153043512546,1.2081206002973983,0.11522139365436314,1.0486241233787257,1,2,0,1,2,2
1,1,0.853551744800288,0.6253374429453299,-0.07960314802507631,-0.5542314101429997,-0.21797584088819877,-0.3269797296474242,1.2112215543033884,-0.0761317825645646,0.9929207532211743,-0.7279906171826318,-0.13984646294441605,0.17530213262641298,0.09474356447807901,1.715429000630358,0.6929336863112365,0,1,0,1,2,2
1,2,0.07284213346976885,-0.41825985172646746,0.3845885832772638,1.0070502643874932,0.8928009774098163,1.2111713336657925,-1.2529108026383546,-0.0761317825645646,-1.3630417508376695,1.4160371125129294,1.2488289140936326,-1.0861110390984288,-1.5753219892508998,0.4708230840934733,1.0486241233787257,0,1,2,1,2,2
1,0,-1.0323182254266807,-0.900677469074752,-0.5833005585871892,1.0070502643874932,-0.01601641937946878,-0.3782514317578655,0.22556861152669114,-0.0761317825645646,0.20759991853489304,1.4160371125129294,-1.5285218399824647,1.4367153043512546,0.09474356447807901,1.448727732801025,0.6929336863112365,0,2,2,1,2,1
1,1,-0.2617476999575967,-0.6348555166583504,-0.32651364339866135,-0.5542314101429997,-0.01601641937946878,-0.39106935728547493,-0.7600843312500061,-0.0761317825645646,-1.3630417508376695,0.7013612026144089,-0.13984646294441605,-1.7168176249608496,-1.5753219892508998,-0.06257945156519114,-1.7968993731611875,0,2,1,0,1,2
1,1,1.137446148920478,1.4424938151883413,1.4512419232911509,-0.5542314101429997,0.6908415559010865,1.570073248438876,0.22556861152669114,-0.0761317825645646,0.9929207532211743,-0.7279906171826318,1.2488289140936326,0.8060087184888338,1.2081206002973983,0.38192266148369614,-1.4412089360936984,0,0,1,1,0,2
1,3,0.5189619113729224,0.20199137057846878,-0.06972672821013347,-0.5542314101429997,2.710435770988387,1.9930647908500103,0.7183950829150397,0.8080654114309073,0.9929207532211743,-0.7279906171826318,1.2488289140936326,0.8060087184888338,-1.0186334713412402,0.38192266148369614,0.3372432492437474,0,2,0,1,1,2
1,0,0.5899355124029698,1.2849696952378817,0.6413754984657917,1.0070502643874932,-0.7228743946600239,-2.057399675874794,-0.7600843312500061,0.8080654114309073,-0.5777209161513882,-1.4426665270811523,1.2488289140936326,-0.45540445323600787,-1.0186334713412402,-0.2403802967847462,0.3372432492437474,0,1,2,1,0,1
1,4,0.0018685324397213377,-0.4281051092233721,0.7203868569853386,-0.5542314101429997,0.08496329137489633,0.2626448446226414,1.2112215543033884,-0.0761317825645646,0.9929207532211743,-0.013314707284111467,-0.13984646294441605,-1.0861110390984288,0.09474356447807901,0.7375243519228055,-1.0855184990262092,0,2,0,1,2,2
0,1,0.04242487588546355,0.41858703551035165,0.029037469939300533,-0.5542314101429997,0.3879024236379912,0.18573729145698134,-0.2672578598616575,-0.9603289765600365,-1.3630417508376695,-0.013314707284111467,-0.13984646294441605,0.17530213262641298,-1.5753219892508998,1.804329423240135,-0.3741376248912309,0,2,0,1,2,2
0,0,-0.35299947271051446,-1.1664994214911528,-0.15861450654462325,-0.5542314101429997,-0.06650627475665133,0.5061854296472348,-1.2529108026383546,-0.9603289765600365,-1.3630417508376695,1.4160371125129294,-0.13984646294441605,-1.7168176249608496,-0.4619449534315806,-1.2182849454922986,1.4043145604462148,1,2,1,1,0,2
0,1,-1.1742654274867748,-0.46748613921098625,-1.0573687097044728,-0.5542314101429997,-0.2684656962653813,-1.1345090378868636,0.7183950829150397,-0.0761317825645646,0.9929207532211743,-0.013314707284111467,-0.13984646294441605,0.17530213262641298,0.6514320823877386,-1.662787058541186,0.3372432492437474,1,1,2,1,2,2
0,1,-0.6064766192463974,-1.5307739488765921,0.37471216346231956,-0.5542314101429997,0.9432908327869991,0.21137314251220016,-0.7600843312500061,-0.9603289765600365,-0.5777209161513882,1.4160371125129294,1.2488289140936326,-1.0861110390984288,0.6514320823877386,0.11522139365436314,-0.7298280619587201,0,2,0,0,1,2
1,1,0.5899355124029698,-0.1721284143038736,0.7697689560600556,-0.5542314101429997,0.3879024236379912,0.08319388723609877,-0.7600843312500061,-0.0761317825645646,-0.5777209161513882,-1.4426665270811523,1.2488289140936326,-1.0861110390984288,1.2081206002973983,-0.32928071939452414,-0.7298280619587201,0,0,0,1,0,2
1,4,-0.5659202758006561,-0.5954744866707348,-0.6820647567366231,2.568331938917986,-0.06650627475665133,0.4164599509539635,-2.238563745415052,-0.9603289765600365,-2.1483625855239508,-0.013314707284111467,-0.13984646294441605,-1.0861110390984288,-0.4619449534315806,-0.6848824098336335,0.6929336863112365,0,1,1,1,2,1
0,3,0.45812739620431175,0.7730163053988862,0.15743092753356586,-0.5542314101429997,-0.47042511777411133,-1.3908675484390665,0.7183950829150397,-0.0761317825645646,0.9929207532211743,-1.4426665270811523,-0.13984646294441605,0.17530213262641298,0.09474356447807901,1.1820264649716936,-0.3741376248912309,0,2,2,1,1,2
1,4,1.7559303864680318,1.6393989651264163,1.935186494223378,-0.5542314101429997,1.4481893865588242,0.32673447226069213,1.2112215543033884,0.8080654114309073,0.9929207532211743,-1.4426665270811523,1.2488289140936326,0.8060087184888338,1.7648091182070578,0.2930222388739182,1.4043145604462148,1,2,2,1,0,2
1,2,1.7559303864680318,1.688625252610935,1.4314890836612637,-0.5542314101429997,-0.11699613013383389,0.044740110653268717,0.7183950829150397,0.8080654114309073,0.9929207532211743,0.7013612026144089,1.2488289140936326,0.17530213262641298,1.7648091182070578,-0.7737828324434114,-1.7968993731611875,0,2,1,1,1,2
1,2,0.7420218003245,0.9010046528586347,1.0364322910635277,1.0070502643874932,-0.11699613013383389,-0.006531591457170748,1.2112215543033884,0.8080654114309073,0.9929207532211743,0.7013612026144089,1.2488289140936326,0.17530213262641298,0.6514320823877386,-0.7737828324434114,-0.018447187823741776,0,1,0,1,2,2
0,4,0.8434126589388529,1.265279180244074,0.6216226588359046,-0.5542314101429997,0.5393719897695386,-0.13471084673327213,-1.2529108026383546,-0.0761317825645646,-1.3630417508376695,-0.013314707284111467,1.2488289140936326,-0.45540445323600787,-1.0186334713412402,1.0042256197521378,-0.7298280619587201,0,1,1,1,2,2
0,3,-1.3567689729926111,-0.8317606665964254,-1.501807601376926,-0.5542314101429997,0.48888213439235634,-0.019349516984781982,1.2112215543033884,0.8080654114309073,0.9929207532211743,0.7013612026144089,-0.13984646294441605,0.8060087184888338,0.6514320823877386,0.8264247745325835,0.3372432492437474,0,1,2,1,1,2
0,3,-1.2148217709325162,-2.219941973659855,-0.3166372235837185,2.568331938917986,-0.2684656962653813,-0.8653326018070505,-1.2529108026383546,-0.0761317825645646,-1.3630417508376695,-0.7279906171826318,-0.13984646294441605,-1.0861110390984288,-1.5753219892508998,-0.7737828324434114,-1.4412089360936984,0,0,0,1,0,2
1,1,0.2959020224213465,0.08384828061562345,-0.0993559876549634,-0.5542314101429997,-0.11699613013383389,-0.10907499567805332,0.7183950829150397,-0.0761317825645646,0.9929207532211743,0.7013612026144089,1.2488289140936326,1.4367153043512546,1.2081206002973983,0.2930222388739182,0.6929336863112365,0,2,2,0,2,2
1,1,0.600074598264405,-0.2508904742791034,0.6117462390209617,-0.5542314101429997,0.8928009774098163,0.660000535978555,0.22556861152669114,-0.0761317825645646,0.9929207532211743,0.7013612026144089,1.2488289140936326,0.8060087184888338,0.6514320823877386,0.9153251971423606,-1.0855184990262092,1,1,0,1,2,2
1,2,-2.583598362226285,-1.5209286913796882,-2.4005618045367756,-0.5542314101429997,-1.025813526923119,-0.8268788252242204,-0.2672578598616575,-0.9603289765600365,0.20759991853489304,-0.7279906171826318,-2.9171972170205134,0.17530213262641298,0.09474356447807901,0.11522139365436314,0.3372432492437474,1,2,0,1,0,1
0,1,-0.058965982728889275,-0.16228315680697042,0.31545364457265973,-0.5542314101429997,0.13545314675207865,0.1729193659293701,-1.2529108026383546,1.6922626054263792,-1.3630417508376695,1.4160371125129294,1.2488289140936326,-1.0861110390984288,0.09474356447807901,0.026320971044586007,0.3372432492437474,0,2,0,1,1,2
1,2,1.6241222702693718,1.432648557691438,0.8882859938393767,-0.5542314101429997,-1.328752659186214,-0.3013438785922054,0.7183950829150397,1.6922626054263792,0.9929207532211743,-0.7279906171826318,1.2488289140936326,1.4367153043512546,0.6514320823877386,0.9153251971423606,1.4043145604462148,1,1,1,1,0,2
1,0,0.8028563154931124,0.7434805329081753,0.2957008049427726,-0.5542314101429997,0.8423111220326339,0.5702750572852855,-1.2529108026383546,1.6922626054263792,-0.5777209161513882,-0.013314707284111467,1.2488289140936326,-0.45540445323600787,-0.4619449534315806,-0.8626832550531885,1.4043145604462148,0,2,1,1,2,2
0,3,-0.170495927204679,-0.23119995928529696,-0.2870079641388872,1.0070502643874932,0.08496329137489633,0.2626448446226414,0.7183950829150397,-0.0761317825645646,0.20759991853489304,-1.4426665270811523,-1.5285218399824647,0.17530213262641298,1.2081206002973983,-0.7737828324434114,0.3372432492437474,0,2,0,1,2,2
1,2,0.9143862599689003,-0.1721284143038736,1.372230564771604,-0.5542314101429997,-1.732671502203674,-0.8781505273346617,1.2112215543033884,0.8080654114309073,0.9929207532211743,0.7013612026144089,-0.13984646294441605,1.4367153043512546,-1.0186334713412402,-1.484986213321631,1.4043145604462148,0,1,1,1,1,2
0,0,-0.6571720485535738,-0.546248199186216,-0.13886166691473614,1.0070502643874932,1.1452502542957288,1.377804365524724,-0.2672578598616575,-0.9603289765600365,0.9929207532211743,-0.013314707284111467,-0.13984646294441605,-1.0861110390984288,2.3214976361167174,-1.662787058541186,1.4043145604462148,1,0,1,0,0,2
0,1,0.6609091134330174,0.6548732154360409,0.24631870586805563,2.568331938917986,0.3374125682608089,0.44209580200918414,-0.7600843312500061,-0.0761317825645646,-0.5777209161513882,0.7013612026144089,1.2488289140936326,0.17530213262641298,-1.0186334713412402,-0.7737828324434114,-0.018447187823741776,0,2,1,1,2,1
0,4,1.1780024923662185,0.6942542454236565,1.0858143901382447,-0.5542314101429997,-0.06650627475665133,-0.3654335062302561,0.7183950829150397,0.8080654114309073,0.9929207532211743,-0.013314707284111467,-0.13984646294441605,1.4367153043512546,0.6514320823877386,0.2930222388739182,1.0486241233787257,0,0,1,0,1,1
1,3,-0.6166157051078325,-1.5898454938580149,-0.1289852470997933,-0.5542314101429997,0.034473435997713554,-0.17316462331610402,-0.7600843312500061,-0.9603289765600365,-0.5777209161513882,-1.4426665270811523,-0.13984646294441605,0.17530213262641298,-1.0186334713412402,1.804329423240135,-1.7968993731611875,0,1,2,0,1,2
1,2,-0.3225822151262082,0.3792060055227361,-0.4351542613630382,1.0070502643874932,0.034473435997713554,0.18573729145698134,0.7183950829150397,0.8080654114309073,0.9929207532211743,-1.4426665270811523,-0.13984646294441605,0.8060087184888338,-0.4619449534315806,0.20412181626414108,1.4043145604462148,0,0,0,1,1,2
0,2,-0.6470329626921387,-0.5068671691986019,-0.9289752521102083,-0.5542314101429997,0.9432908327869991,0.2882806956778621,-0.7600843312500061,0.8080654114309073,-0.5777209161513882,0.7013612026144089,-1.5285218399824647,-1.0861110390984288,-1.0186334713412402,0.4708230840934733,1.0486241233787257,0,2,0,0,1,2
0,4,0.18437207794555677,0.04446725062800927,0.10804882845884886,-0.5542314101429997,0.7918212666554512,0.5574571317576743,-2.7313902168034008,-0.0761317825645646,-2.1483625855239508,-0.013314707284111467,-0.13984646294441605,-0.45540445323600787,-1.5753219892508998,-1.0404841002727436,1.0486241233787257,0,2,2,0,0,2
1,3,0.3263192800056518,1.068374030305999,0.7006340173554529,-0.5542314101429997,1.2462299650500939,0.890723195475539,0.7183950829150397,1.6922626054263792,0.20759991853489304,-0.013314707284111467,-0.13984646294441605,0.17530213262641298,1.2081206002973983,0.11522139365436314,-1.7968993731611875,0,0,0,1,0,2
0,4,-0.8396755940594093,-1.0188205590375974,-1.0869979691493035,2.568331938917986,-1.3792425145633966,-1.2883241442181856,1.2112215543033884,0.8080654114309073,0.9929207532211743,1.4160371125129294,-1.5285218399824647,1.4367153043512546,0.6514320823877386,-0.8626832550531885,-1.7968993731611875,0,2,2,1,1,1
0,2,0.9245253458303354,0.6056469279515222,0.9574209325439808,-0.5542314101429997,1.650148808067554,1.0060845252240291,-0.7600843312500061,0.8080654114309073,-0.5777209161513882,1.4160371125129294,1.2488289140936326,-0.45540445323600787,-0.4619449534315806,0.4708230840934733,-1.4412089360936984,0,1,0,1,1,2
1,3,0.08298121933120396,0.182300855584661,0.31545364457265973,1.0070502643874932,0.2869227128836261,-0.05780329356761203,1.2112215543033884,1.6922626054263792,0.9929207532211743,-0.013314707284111467,-0.13984646294441605,0.8060087184888338,0.6514320823877386,1.626528578020581,-0.7298280619587201,0,1,0,1,1,2
1,0,1.2286979216733958,1.1372908327843254,1.2833427864371127,-0.5542314101429997,-0.823854105414389,-0.21161839989893408,0.7183950829150397,0.8080654114309073,0.9929207532211743,-0.013314707284111467,-0.13984646294441605,1.4367153043512546,1.2081206002973983,0.8264247745325835,0.6929336863112365,0,2,2,1,1,2
0,2,0.07284213346976885,0.10353879560943123,0.11792524827379171,-0.5542314101429997,-1.3792425145633966,-1.0960552613040335,0.7183950829150397,-0.9603289765600365,-0.5777209161513882,-0.013314707284111467,-0.13984646294441605,0.17530213262641298,1.2081206002973983,0.5597235067032504,-0.018447187823741776,1,1,0,1,2,2
0,3,-0.23133044237329142,-0.871141696584041,-0.2870079641388872,-0.5542314101429997,2.0540676510850138,0.7625439401994376,0.22556861152669114,-0.9603289765600365,0.9929207532211743,1.4160371125129294,-0.13984646294441605,0.8060087184888338,-0.4619449534315806,-0.5959819872238563,-1.7968993731611875,0,1,1,1,1,2
1,1,1.7559303864680318,0.4579680654979658,1.7475345177394528,-0.5542314101429997,0.13545314675207865,-0.45515898492352563,0.22556861152669114,0.8080654114309073,0.20759991853489304,1.4160371125129294,1.2488289140936326,1.4367153043512546,0.09474356447807901,0.5597235067032504,-1.4412089360936984,0,2,2,1,0,2
1,1,0.06270304760833376,-0.9105227265716552,0.9080388334692637,-0.5542314101429997,0.7918212666554512,0.3523703233159128,-0.7600843312500061,1.6922626054263792,-0.5777209161513882,1.4160371125129294,-1.5285218399824647,-0.45540445323600787,-1.5753219892508998,-0.8626832550531885,0.3372432492437474,0,2,1,1,2,2
0,2,-0.1907740989275492,-0.43795036672027526,-0.29688438395383143,1.0070502643874932,0.7918212666554512,0.12164766381893065,0.22556861152669114,-0.0761317825645646,-0.5777209161513882,-1.4426665270811523,1.2488289140936326,-0.45540445323600787,-0.4619449534315806,-0.2403802967847462,-0.018447187823741776,0,1,1,1,2,1
1,4,-1.721776064004282,-1.796595901292993,-1.2944027852631144,-0.5542314101429997,-0.41993526239692874,0.621546759395725,-1.7457372740267034,-0.9603289765600365,-1.3630417508376695,0.7013612026144089,-0.13984646294441605,-0.45540445323600787,-0.4619449534315806,-1.3071853681020758,1.0486241233787257,0,1,2,1,0,1
1,1,-0.9207882809508918,-0.38872407923575647,-0.6623119171067375,-0.5542314101429997,-1.5307120806949441,-0.3654335062302561,0.7183950829150397,-0.9603289765600365,0.20759991853489304,0.7013612026144089,-1.5285218399824647,0.17530213262641298,-1.5753219892508998,0.38192266148369614,1.4043145604462148,1,2,1,1,2,2
1,3,1.269254265119136,1.5901726776418976,0.8586567343945467,-0.5542314101429997,-1.1772830930546665,-1.8010411653225913,0.7183950829150397,-0.0761317825645646,0.9929207532211743,1.4160371125129294,1.2488289140936326,0.8060087184888338,-1.0186334713412402,1.804329423240135,-0.018447187823741776,0,1,2,1,0,2
0,1,-0.2414695282347265,-0.09336635432864385,-0.22774944524922733,1.0070502643874932,-0.8743439607915715,-1.2883241442181856,-0.2672578598616575,-0.0761317825645646,0.20759991853489304,1.4160371125129294,-0.13984646294441605,1.4367153043512546,-0.4619449534315806,1.359827310191248,0.3372432492437474,0,2,1,1,1,2
1,1,0.22492842139129898,-0.24104521678220017,-0.32651364339866135,-0.5542314101429997,-1.4802222253177615,-0.33979765517503546,0.7183950829150397,-1.8445261705555083,0.9929207532211743,1.4160371125129294,-0.13984646294441605,0.17530213262641298,0.6514320823877386,-2.1072891715900735,0.3372432492437474,0,2,0,1,2,2
0,1,0.7014654568787596,0.792706820392694,1.1253200693980188,-0.5542314101429997,-1.126793237677484,-1.7882232397949809,0.22556861152669114,-0.9603289765600365,0.20759991853489304,1.4160371125129294,-0.13984646294441605,0.17530213262641298,0.6514320823877386,1.626528578020581,-0.3741376248912309,1,2,2,1,1,2
1,1,0.13367664863838127,-0.12290212681935483,0.30557722475771687,-0.5542314101429997,-0.01601641937946878,0.4292778764815729,1.2112215543033884,0.8080654114309073,0.9929207532211743,-0.013314707284111467,-0.13984646294441605,0.17530213262641298,1.2081206002973983,0.7375243519228055,-0.3741376248912309,1,1,2,0,2,2
0,2,-1.204682685071081,-1.9147389912558384,-2.0943927902735298,-0.5542314101429997,-2.035610634466769,-2.006127973764354,1.2112215543033884,-1.8445261705555083,0.9929207532211743,-1.4426665270811523,-0.13984646294441605,-0.45540445323600787,2.3214976361167174,-0.5959819872238563,-0.7298280619587201,0,0,1,1,1,2
1,2,-0.5152248464934797,-0.487176654204794,-1.2153914267435675,1.0070502643874932,-0.11699613013383389,0.3523703233159128,-0.2672578598616575,1.6922626054263792,-1.3630417508376695,1.4160371125129294,-0.13984646294441605,-1.0861110390984288,-0.4619449534315806,0.7375243519228055,0.3372432492437474,1,2,0,1,0,2
1,2,-0.43411215960199706,-0.29027150426671894,-0.9882337709998694,-0.5542314101429997,0.3374125682608089,0.1729193659293701,-2.238563745415052,-0.0761317825645646,-2.1483625855239508,-0.7279906171826318,-0.13984646294441605,-0.45540445323600787,-1.0186334713412402,1.359827310191248,0.6929336863112365,0,2,1,1,0,2
0,3,-0.008270553421713765,-0.4084145942295643,-0.3462664830285484,1.0070502643874932,0.034473435997713554,0.3651882488435222,-0.2672578598616575,0.8080654114309073,-0.5777209161513882,1.4160371125129294,-0.13984646294441605,-0.45540445323600787,-0.4619449534315806,1.359827310191248,1.4043145604462148,0,2,1,1,1,2
1,1,0.9042471741074652,0.9896119703307691,-0.07960314802507631,-0.5542314101429997,-0.5714048285284764,-0.4295231338683068,0.7183950829150397,0.8080654114309073,0.9929207532211743,0.7013612026144089,-0.13984646294441605,0.8060087184888338,0.09474356447807901,-0.15147987417496905,0.3372432492437474,1,2,2,1,1,2
1,4,0.5899355124029698,1.1471360902812286,0.9870501919888107,-0.5542314101429997,-0.01601641937946878,0.2754627701502509,0.22556861152669114,-1.8445261705555083,0.20759991853489304,-1.4426665270811523,1.2488289140936326,0.8060087184888338,0.6514320823877386,0.026320971044586007,-1.0855184990262092,0,1,2,1,1,2
1,3,-0.28202587168046694,-0.46748613921098625,-0.07960314802507631,-0.5542314101429997,-0.5714048285284764,0.24982691909503205,-1.2529108026383546,-0.9603289765600365,-1.3630417508376695,-0.013314707284111467,-0.13984646294441605,-0.45540445323600787,0.09474356447807901,1.0042256197521378,0.6929336863112365,0,1,2,1,1,2
1,3,1.360506037872054,1.0782192878029035,0.947544512729038,-0.5542314101429997,0.8928009774098163,0.39082409989874284,0.22556861152669114,1.6922626054263792,0.20759991853489304,-0.013314707284111467,1.2488289140936326,0.17530213262641298,-0.4619449534315806,-0.8626832550531885,-0.018447187823741776,0,0,0,1,1,2
0,2,-0.7078674778607502,-0.4084145942295643,-1.1660093276688503,2.568331938917986,-0.11699613013383389,0.03192218512565931,0.22556861152669114,-0.9603289765600365,0.20759991853489304,1.4160371125129294,-0.13984646294441605,0.17530213262641298,-1.0186334713412402,-0.2403802967847462,-1.0855184990262092,0,1,2,1,1,1
0,2,-1.478438003329835,-2.3085492911319885,-1.57094254008153,-0.5542314101429997,-1.6316917914493092,-1.7113156866293198,-2.238563745415052,-0.0761317825645646,-2.1483625855239508,-0.7279906171826318,-0.13984646294441605,-1.7168176249608496,-1.5753219892508998,-1.0404841002727436,0.3372432492437474,0,1,1,1,1,2
0,4,-0.43411215960199706,-0.71361757663358,0.49322920124164066,2.568331938917986,-0.47042511777411133,-0.2628901020093735,-2.238563745415052,-1.8445261705555083,-2.1483625855239508,-0.7279906171826318,-0.13984646294441605,-1.0861110390984288,-1.0186334713412402,-1.2182849454922986,-0.7298280619587201,0,2,1,1,1,1
1,1,-1.6305242912513642,-2.0624178537093947,-1.6795831580459075,1.0070502643874932,-0.11699613013383389,0.46773165306440295,-0.2672578598616575,-0.9603289765600365,-0.5777209161513882,-0.013314707284111467,-1.5285218399824647,0.17530213262641298,0.6514320823877386,-1.484986213321631,-0.018447187823741776,1,1,1,1,2,2
0,2,0.2654847648370394,0.3102892030444095,-0.07960314802507631,2.568331938917986,-1.4802222253177615,-1.339595846328626,1.2112215543033884,0.8080654114309073,0.9929207532211743,-0.7279906171826318,-0.13984646294441605,0.8060087184888338,0.6514320823877386,-1.8405879037607402,-0.3741376248912309,0,1,0,1,0,2
0,4,-0.2617476999575967,-0.09336635432864385,-0.5734241387722464,-0.5542314101429997,0.08496329137489633,0.45491372753679354,0.22556861152669114,0.8080654114309073,0.20759991853489304,1.4160371125129294,-0.13984646294441605,0.17530213262641298,-1.0186334713412402,0.2930222388739182,0.3372432492437474,0,1,2,1,2,2
1,1,-1.1641263416253398,-0.900677469074752,-1.6993359976757938,1.0070502643874932,-2.035610634466769,-0.9550580805003218,0.22556861152669114,-0.9603289765600365,-0.5777209161513882,0.7013612026144089,-1.5285218399824647,-1.0861110390984288,1.7648091182070578,-0.5070815646140784,-0.3741376248912309,0,1,1,1,2,2
0,2,1.7559303864680318,1.659089480120224,2.478389584045265,-0.5542314101429997,0.6403517005239038,0.4292778764815729,-0.7600843312500061,1.6922626054263792,-1.3630417508376695,0.7013612026144089,1.2488289140936326,-1.0861110390984288,-1.0186334713412402,-0.32928071939452414,-1.0855184990262092,0,2,1,1,0,2
1,1,-0.018409639283148867,0.4579680654979658,0.07841956901401753,-0.5542314101429997,1.7006386634447368,1.6469808016045362,1.2112215543033884,-0.0761317825645646,0.9929207532211743,-0.013314707284111467,-0.13984646294441605,1.4367153043512546,-0.4619449534315806,-0.5070815646140784,1.4043145604462148,0,0,0,1,2,2
1,3,0.6609091134330174,0.8123973353865018,0.7895217956899426,-0.5542314101429997,0.9432908327869991,1.6982525037149774,0.22556861152669114,-0.0761317825645646,0.9929207532211743,0.7013612026144089,1.2488289140936326,-0.45540445323600787,0.09474356447807901,-0.5959819872238563,0.3372432492437474,1,0,1,1,2,2
1,1,1.248976093396266,0.8320878503803096,1.4117362440313765,-0.5542314101429997,-0.41993526239692874,-0.3782514317578655,1.2112215543033884,1.6922626054263792,0.9929207532211743,1.4160371125129294,1.2488289140936326,0.8060087184888338,0.09474356447807901,-0.8626832550531885,0.6929336863112365,0,2,2,1,1,2
0,3,0.45812739620431175,1.3046602102316895,1.688275998849793,2.568331938917986,-0.41993526239692874,-1.8907666440158617,0.7183950829150397,-0.0761317825645646,0.9929207532211743,1.4160371125129294,-0.13984646294441605,1.4367153043512546,-0.4619449534315806,-0.9515836776629657,1.4043145604462148,0,1,0,0,1,2
0,0,-0.5152248464934797,0.22168188557227655,-0.45490710099292525,-0.5542314101429997,0.7413314112782688,0.8394514933650977,0.22556861152669114,1.6922626054263792,-0.5777209161513882,0.7013612026144089,-0.13984646294441605,-1.0861110390984288,-1.5753219892508998,-0.4181811420043013,1.4043145604462148,1,2,1,1,1,2
1,4,0.2046502496684288,-0.1425926418131626,0.37471216346231956,-0.5542314101429997,0.2869227128836261,-0.5192486125615763,0.7183950829150397,0.8080654114309073,0.9929207532211743,-1.4426665270811523,-0.13984646294441605,1.4367153043512546,1.2081206002973983,0.5597235067032504,-1.4412089360936984,0,2,1,1,2,2
1,1,1.2084197499505256,1.9938282350149523,0.37471216346231956,1.0070502643874932,1.5491690973131889,1.10862792944491,1.2112215543033884,-0.0761317825645646,0.9929207532211743,-0.7279906171826318,1.2488289140936326,0.8060087184888338,0.6514320823877386,0.20412181626414108,-1.0855184990262092,0,2,2,1,2,2
0,2,-0.7687019930293626,0.1330745681001422,-0.8302110539607742,-0.5542314101429997,0.3879024236379912,0.5959109083405043,-1.2529108026383546,-0.9603289765600365,-0.5777209161513882,1.4160371125129294,-0.13984646294441605,-1.0861110390984288,-0.4619449534315806,1.2709268875814708,0.6929336863112365,1,0,2,1,2,2
1,1,-0.2718867858190318,-0.487176654204794,0.16730734734850872,1.0070502643874932,-0.5209149731512939,-0.03216744251239139,-0.2672578598616575,1.6922626054263792,-1.3630417508376695,-1.4426665270811523,-0.13984646294441605,-1.0861110390984288,0.6514320823877386,-1.1293845228825208,-0.3741376248912309,0,0,0,0,0,2
0,1,-0.41383398787912595,-0.08352109683174065,-0.23762586506417016,-0.5542314101429997,-0.7228743946600239,0.9676307486411991,-0.2672578598616575,-0.0761317825645646,0.20759991853489304,-1.4426665270811523,-0.13984646294441605,-0.45540445323600787,0.6514320823877386,-0.32928071939452414,0.3372432492437474,1,0,2,1,2,2
0,1,-0.38341673029482065,-0.11305686932245164,-0.9882337709998694,1.0070502643874932,-0.9248338161687538,-0.07062121909522144,-0.2672578598616575,-1.8445261705555083,-0.5777209161513882,-1.4426665270811523,-0.13984646294441605,0.17530213262641298,-0.4619449534315806,0.8264247745325835,-0.7298280619587201,1,2,1,1,0,2
1,1,-1.6609415488356705,-1.0877373615159232,-1.4623019221171525,-0.5542314101429997,1.2462299650500939,1.0317203762792497,-0.7600843312500061,-1.8445261705555083,-1.3630417508376695,1.4160371125129294,-1.5285218399824647,-1.7168176249608496,0.09474356447807901,-1.573886635931408,1.0486241233787257,0,2,2,0,1,2
1,1,1.4517578106249716,2.3679480198972946,2.349996126451,-0.5542314101429997,0.5898618451467215,0.4805495785920142,-1.2529108026383546,0.8080654114309073,-0.5777209161513882,-1.4426665270811523,1.2488289140936326,-1.0861110390984288,0.6514320823877386,0.2930222388739182,0.3372432492437474,0,0,0,1,2,2
1,3,0.2756238506984745,0.1921461130815656,0.5228584606864706,-0.5542314101429997,-1.025813526923119,-0.7756071231137791,1.2112215543033884,-0.0761317825645646,0.9929207532211743,1.4160371125129294,-0.13984646294441605,0.8060087184888338,0.09474356447807901,-2.6406917072487377,1.0486241233787257,1,2,2,1,2,2
0,1,-1.589967947805623,-1.0582015890252114,-2.4005618045367756,1.0070502643874932,-2.035610634466769,-2.211214782206115,0.7183950829150397,-0.9603289765600365,0.20759991853489304,-0.7279906171826318,-1.5285218399824647,-1.0861110390984288,-1.0186334713412402,0.20412181626414108,-1.4412089360936984,1,2,2,1,0,1
1,4,-0.11980049789750169,0.3496702330320251,0.3845885832772638,-0.5542314101429997,-0.9248338161687538,0.09601181276371,-0.2672578598616575,-0.0761317825645646,-0.5777209161513882,1.4160371125129294,-0.13984646294441605,0.17530213262641298,1.7648091182070578,-0.9515836776629657,1.0486241233787257,0,2,0,1,1,2
1,3,0.41757105275856954,0.38905126301964066,-0.17836734617451033,-0.5542314101429997,-0.6723845392828413,-0.7884250486413904,-0.2672578598616575,0.8080654114309073,0.9929207532211743,1.4160371125129294,-0.13984646294441605,-1.0861110390984288,1.7648091182070578,-1.9294883263705183,1.4043145604462148,0,2,1,0,0,2
1,2,0.5595182548186646,0.9206951678524425,0.3549593238324339,1.0070502643874932,-0.9248338161687538,-0.7499712720585603,-0.2672578598616575,-0.0761317825645646,-0.5777209161513882,-0.013314707284111467,-0.13984646294441605,-0.45540445323600787,2.878186154026377,-0.5070815646140784,-1.7968993731611875,0,2,0,1,2,2
1,2,0.38715379517426424,0.20199137057846878,0.6018698192060189,-0.5542314101429997,1.2462299650500939,1.5188015463284348,-0.7600843312500061,1.6922626054263792,-1.3630417508376695,-0.7279906171826318,-0.13984646294441605,-1.0861110390984288,-1.0186334713412402,-0.32928071939452414,-0.3741376248912309,1,0,1,1,1,2
0,1,-1.3669080588540463,-1.3830950864230358,-1.1363800682240204,-0.5542314101429997,-1.025813526923119,0.019104259598048075,0.22556861152669114,0.8080654114309073,0.9929207532211743,-0.013314707284111467,-1.5285218399824647,0.8060087184888338,0.09474356447807901,-1.3071853681020758,1.0486241233787257,0,1,0,1,1,2
0,3,1.3402278661491835,0.9206951678524425,1.1351964892129618,-0.5542314101429997,0.18594300212926143,0.8394514933650977,0.22556861152669114,1.6922626054263792,0.9929207532211743,-0.7279906171826318,-0.13984646294441605,1.4367153043512546,0.6514320823877386,-0.32928071939452414,-1.7968993731611875,0,2,2,1,1,2
0,2,-0.8700928516437154,-0.3788788217388533,-1.0869979691493035,1.0070502643874932,-0.5714048285284764,-0.2628901020093735,0.22556861152669114,-0.0761317825645646,0.20759991853489304,-1.4426665270811523,-0.13984646294441605,-0.45540445323600787,0.09474356447807901,-1.1293845228825208,-0.7298280619587201,0,2,1,1,0,2
1,4,-0.6774502202764449,-0.871141696584041,-0.2771315443239443,-0.5542314101429997,1.5491690973131889,1.531619471856046,0.22556861152669114,-1.8445261705555083,-0.5777209161513882,-0.7279906171826318,-0.13984646294441605,-1.0861110390984288,0.6514320823877386,-0.32928071939452414,-1.0855184990262092,0,2,0,1,0,2
0,1,-1.1742654274867748,-0.4773313967078908,-2.045010691198813,-0.5542314101429997,-2.035610634466769,-0.33979765517503546,0.7183950829150397,-0.9603289765600365,0.9929207532211743,-0.7279906171826318,-1.5285218399824647,0.8060087184888338,-1.5753219892508998,-1.662787058541186,0.3372432492437474,0,0,2,1,0,2
1,1,0.6102136841258401,0.1724555980877578,0.25619512568299985,-0.5542314101429997,0.3879024236379912,0.18573729145698134,0.7183950829150397,-0.9603289765600365,0.9929207532211743,0.7013612026144089,1.2488289140936326,0.8060087184888338,1.7648091182070578,-0.5070815646140784,-1.7968993731611875,0,2,0,1,2,2
1,3,1.360506037872054,1.1865171202688443,1.6981524186647359,-0.5542314101429997,-0.3189555516425639,-0.2500721764817641,0.7183950829150397,-0.0761317825645646,0.9929207532211743,-0.013314707284111467,1.2488289140936326,1.4367153043512546,-1.0186334713412402,1.448727732801025,-0.7298280619587201,1,0,1,1,2,2
0,2,-1.0830136547338571,-0.6447007741552535,-0.9783573511849252,-0.5542314101429997,0.08496329137489633,0.5959109083405043,-0.2672578598616575,-0.0761317825645646,-0.5777209161513882,-0.013314707284111467,-1.5285218399824647,-1.0861110390984288,-1.0186334713412402,0.11522139365436314,-0.018447187823741776,1,1,1,1,0,2
1,3,0.6507700275715823,0.7040995029205597,0.6710047579106215,-0.5542314101429997,-0.5209149731512939,-0.019349516984781982,0.7183950829150397,0.8080654114309073,0.9929207532211743,0.7013612026144089,1.2488289140936326,0.8060087184888338,0.6514320823877386,0.20412181626414108,-0.3741376248912309,0,2,0,1,1,2
1,0,0.6507700275715823,0.6647184729329455,0.5821169795761318,1.0070502643874932,0.18594300212926143,0.660000535978555,-0.7600843312500061,0.8080654114309073,-1.3630417508376695,-0.7279906171826318,-0.13984646294441605,-2.3475242108232703,0.6514320823877386,-1.2182849454922986,-0.7298280619587201,0,0,1,1,1,2
0,1,0.5595182548186646,0.5859564129577157,0.6907575975405087,1.0070502643874932,0.6908415559010865,0.2754627701502509,-0.2672578598616575,-0.0761317825645646,0.20759991853489304,-0.013314707284111467,-0.13984646294441605,-0.45540445323600787,-0.4619449534315806,1.804329423240135,-0.3741376248912309,0,2,2,1,2,2
1,3,-0.9106491950894567,-0.0047590368565095026,-1.4623019221171525,-0.5542314101429997,0.13545314675207865,-0.3654335062302561,0.22556861152669114,-0.9603289765600365,0.9929207532211743,0.7013612026144089,-0.13984646294441605,0.8060087184888338,1.7648091182070578,-0.5959819872238563,0.3372432492437474,0,1,1,1,1,2
1,1,-0.36313855857194954,-0.30996201926052674,-0.3166372235837185,-0.5542314101429997,-1.227772948431849,-0.2244363254265435,-1.7457372740267034,-0.9603289765600365,-1.3630417508376695,0.7013612026144089,-1.5285218399824647,-0.45540445323600787,1.2081206002973983,1.359827310191248,-1.4412089360936984,0,0,1,1,2,2
1,2,-1.3973253164383526,-2.042727338715587,-1.5314368608217566,-0.5542314101429997,-0.5714048285284764,-0.40388728281308617,0.7183950829150397,-1.8445261705555083,0.9929207532211743,-0.013314707284111467,-1.5285218399824647,0.8060087184888338,1.2081206002973983,-1.662787058541186,1.4043145604462148,0,2,0,1,2,2
1,0,0.7927172296316773,0.8025520778895973,0.7796453758749998,-0.5542314101429997,-1.4297323699405788,-1.3652316973838465,-0.2672578598616575,1.6922626054263792,0.20759991853489304,-0.013314707284111467,1.2488289140936326,0.8060087184888338,-1.5753219892508998,0.20412181626414108,-0.3741376248912309,0,1,2,1,1,2
0,2,-1.2148217709325162,-1.4618571463982655,-1.6400774787861334,-0.5542314101429997,0.8423111220326339,1.2752609613038433,1.2112215543033884,-0.0761317825645646,0.9929207532211743,-0.7279906171826318,-0.13984646294441605,0.17530213262641298,-0.4619449534315806,0.11522139365436314,-1.7968993731611875,0,1,2,1,1,2
0,2,1.0259162044446883,0.733635275411272,1.3129720458819427,-0.5542314101429997,-1.0763033823003014,-0.39106935728547493,-0.2672578598616575,-0.9603289765600365,-0.5777209161513882,1.4160371125129294,-0.13984646294441605,0.8060087184888338,-0.4619449534315806,1.0042256197521378,0.6929336863112365,0,1,0,1,2,2
1,2,0.630491855848712,0.7237900179143675,0.27594796531288557,1.0070502643874932,0.2869227128836261,0.3523703233159128,-0.7600843312500061,0.8080654114309073,0.20759991853489304,1.4160371125129294,-0.13984646294441605,0.8060087184888338,0.09474356447807901,-0.32928071939452414,-0.018447187823741776,0,1,2,1,1,2
0,2,-1.0019009678423745,-0.8908322115778474,-0.4351542613630382,-0.5542314101429997,-0.6218946839056589,0.14728351487414948,0.22556861152669114,-0.0761317825645646,0.20759991853489304,1.4160371125129294,-0.13984646294441605,0.8060087184888338,-0.4619449534315806,-0.4181811420043013,1.4043145604462148,1,0,0,0,1,2
1,2,-0.1502177554818088,1.5212558751635723,0.10804882845884886,1.0070502643874932,-2.035610634466769,-2.172761005623285,0.7183950829150397,-0.9603289765600365,0.9929207532211743,1.4160371125129294,-0.13984646294441605,0.8060087184888338,-0.4619449534315806,-0.5959819872238563,-0.7298280619587201,1,2,0,0,1,2
0,1,-0.1502177554818088,0.6548732154360409,-0.35614290284349126,1.0070502643874932,-0.01601641937946878,-1.416503399494287,0.7183950829150397,-0.9603289765600365,0.20759991853489304,-1.4426665270811523,1.2488289140936326,-1.0861110390984288,-0.4619449534315806,-1.9294883263705183,1.4043145604462148,0,0,2,1,2,2
0,2,1.5835659268236315,1.5409463901573788,1.3327248855118297,-0.5542314101429997,1.5491690973131889,0.5318212807024536,0.7183950829150397,0.8080654114309073,0.9929207532211743,0.7013612026144089,-0.13984646294441605,0.17530213262641298,2.878186154026377,-0.6848824098336335,-1.4412089360936984,0,2,1,1,2,2
1,0,1.7559303864680318,1.9544472050273367,1.9746921734831508,-0.5542314101429997,1.3976995311816414,0.9676307486411991,0.22556861152669114,0.8080654114309073,0.20759991853489304,0.7013612026144089,-0.13984646294441605,0.8060087184888338,0.09474356447807901,0.5597235067032504,1.4043145604462148,0,0,2,1,0,2
0,3,-2.2084521853531776,-1.6489170388394367,-2.291921186572398,2.568331938917986,-0.5209149731512939,-1.224234516580135,-0.2672578598616575,-1.8445261705555083,-0.5777209161513882,0.7013612026144089,-2.9171972170205134,-1.0861110390984288,0.09474356447807901,0.7375243519228055,1.0486241233787257,0,1,1,1,1,1
1,4,1.2793933509805713,1.403112785200727,1.0068030316186978,-0.5542314101429997,-0.7733642500372064,0.32673447226069213,-0.7600843312500061,-0.0761317825645646,-0.5777209161513882,-0.013314707284111467,-0.13984646294441605,-1.0861110390984288,-1.0186334713412402,-0.5959819872238563,1.4043145604462148,0,0,2,0,2,2
1,3,-1.985392296401601,-1.1172731340066342,-2.0055050119390394,-0.5542314101429997,-0.6218946839056589,-0.544884463616797,0.22556861152669114,-1.8445261705555083,0.9929207532211743,-0.013314707284111467,-1.5285218399824647,0.8060087184888338,-0.4619449534315806,-0.7737828324434114,1.4043145604462148,0,0,0,1,0,2
0,1,-0.008270553421713765,-1.0778921040190192,0.40434142290715086,-0.5542314101429997,-0.1674859855110162,-0.05780329356761203,-0.2672578598616575,-0.0761317825645646,0.20759991853489304,1.4160371125129294,-0.13984646294441605,0.8060087184888338,0.09474356447807901,-0.15147987417496905,0.3372432492437474,0,2,0,1,1,2
1,4,1.269254265119136,0.595801670454619,1.145072909027906,-0.5542314101429997,1.1957401096729117,0.8650873444203184,1.2112215543033884,0.8080654114309073,0.9929207532211743,1.4160371125129294,-0.13984646294441605,0.8060087184888338,0.09474356447807901,-0.9515836776629657,-0.3741376248912309,0,0,2,1,1,2
1,0,-0.555781189939221,-0.2016641867945846,0.07841956901401753,-0.5542314101429997,0.9432908327869991,0.3651882488435222,0.7183950829150397,-0.0761317825645646,0.20759991853489304,-0.013314707284111467,-0.13984646294441605,0.8060087184888338,-1.0186334713412402,-0.4181811420043013,-0.3741376248912309,0,1,1,1,2,2
1,3,1.0259162044446883,0.8222425928834051,0.6907575975405087,-0.5542314101429997,-1.5307120806949441,-2.006127973764354,1.2112215543033884,-0.9603289765600365,0.9929207532211743,-0.7279906171826318,1.2488289140936326,0.8060087184888338,0.09474356447807901,1.804329423240135,0.3372432492437474,0,2,2,0,1,2
1,4,-2.512624761196237,-1.6489170388394367,-2.4005618045367756,1.0070502643874932,-0.47042511777411133,-0.9550580805003218,-2.238563745415052,-0.9603289765600365,-2.1483625855239508,-0.7279906171826318,-0.13984646294441605,-1.0861110390984288,-1.5753219892508998,1.1820264649716936,-0.018447187823741776,0,1,1,0,0,1
1,1,-0.5861984475235263,0.36936074802583285,-0.9487280917400953,-0.5542314101429997,-1.0763033823003014,-0.6858816444205096,-0.2672578598616575,-0.0761317825645646,-0.5777209161513882,-1.4426665270811523,-0.13984646294441605,-0.45540445323600787,-1.5753219892508998,1.804329423240135,0.6929336863112365,0,2,1,0,0,2
1,3,0.15395482036125147,0.1330745681001422,-0.15861450654462325,-0.5542314101429997,-0.06650627475665133,-0.019349516984781982,-1.2529108026383546,-0.0761317825645646,-0.5777209161513882,1.4160371125129294,-0.13984646294441605,0.8060087184888338,-0.4619449534315806,1.2709268875814708,-1.4412089360936984,0,1,2,1,0,2
1,1,0.2452065931141692,0.15276508309395,1.0166794514336406,-0.5542314101429997,0.48888213439235634,0.8522694188927071,1.2112215543033884,-0.9603289765600365,0.9929207532211743,0.7013612026144089,-1.5285218399824647,1.4367153043512546,-1.0186334713412402,0.2930222388739182,-1.7968993731611875,0,0,2,0,1,2
1,3,0.9853598609989479,1.7476967975923585,1.2142078477325087,-0.5542314101429997,0.48888213439235634,-0.12189292120566274,1.2112215543033884,-0.9603289765600365,0.9929207532211743,-0.013314707284111467,1.2488289140936326,0.17530213262641298,1.2081206002973983,0.11522139365436314,-1.4412089360936984,0,1,0,1,2,2
0,2,0.8231344872159826,1.265279180244074,1.1154436495830746,-0.5542314101429997,0.3374125682608089,0.6087288338681156,0.22556861152669114,-0.0761317825645646,0.20759991853489304,0.7013612026144089,1.2488289140936326,0.8060087184888338,-0.4619449534315806,1.804329423240135,1.0486241233787257,1,0,1,1,0,2
0,2,-1.1539872557639046,-0.8317606665964254,-0.8795931530354912,1.0070502643874932,-0.2684656962653813,0.21137314251220016,0.7183950829150397,-1.8445261705555083,0.9929207532211743,1.4160371125129294,-0.13984646294441605,0.8060087184888338,-0.4619449534315806,-0.7737828324434114,1.0486241233787257,0,0,2,1,1,1
1,3,-0.9309273668123279,-0.1819736718007782,-1.2055150069286238,1.0070502643874932,-0.9248338161687538,-0.07062121909522144,1.2112215543033884,-0.9603289765600365,0.9929207532211743,-0.013314707284111467,-1.5285218399824647,0.8060087184888338,0.6514320823877386,-0.5070815646140784,1.0486241233787257,0,0,1,1,0,2
1,2,0.6913263710173226,0.09369353811252804,0.6018698192060189,-0.5542314101429997,0.6908415559010865,-0.5064306870339669,0.7183950829150397,-0.0761317825645646,0.9929207532211743,-0.7279906171826318,1.2488289140936326,0.8060087184888338,1.2081206002973983,-0.7737828324434114,1.0486241233787257,0,2,0,1,2,2
1,2,-1.5696897760827528,-1.6882980688270524,-0.6228062378469633,-0.5542314101429997,-0.1674859855110162,-0.2500721764817641,-1.7457372740267034,-1.8445261705555083,-1.3630417508376695,-0.013314707284111467,-1.5285218399824647,0.8060087184888338,-1.0186334713412402,-1.0404841002727436,-0.018447187823741776,0,1,0,0,0,1
0,4,-0.9917618819809394,-0.4281051092233721,-0.6919411765515674,1.0070502643874932,2.3570067833481088,2.198151599291772,1.2112215543033884,-0.0761317825645646,0.9929207532211743,-0.013314707284111467,-0.13984646294441605,1.4367153043512546,0.6514320823877386,0.20412181626414108,0.3372432492437474,0,0,0,1,0,2
1,1,-0.49494667477060855,-1.1664994214911528,0.39446500309220667,-0.5542314101429997,-2.035610634466769,-2.018945899291963,0.7183950829150397,-1.8445261705555083,0.9929207532211743,1.4160371125129294,-0.13984646294441605,0.17530213262641298,0.6514320823877386,-0.6848824098336335,-1.7968993731611875,0,0,1,1,0,2
1,3,-0.6977283919993151,0.21183662807537199,-0.11910882728485048,-0.5542314101429997,0.5898618451467215,0.660000535978555,-0.2672578598616575,0.8080654114309073,-0.5777209161513882,-1.4426665270811523,-0.13984646294441605,0.17530213262641298,0.09474356447807901,0.38192266148369614,1.0486241233787257,0,1,1,1,1,2
1,1,0.8738299165231599,1.1274455752874222,1.421612663846321,-0.5542314101429997,-0.9753236715459364,-0.9422401549727124,0.7183950829150397,1.6922626054263792,0.9929207532211743,-1.4426665270811523,1.2488289140936326,1.4367153043512546,2.3214976361167174,1.804329423240135,0.3372432492437474,0,2,1,1,1,2
1,1,0.11339847691551107,-0.09336635432864385,0.3549593238324339,-0.5542314101429997,2.912395192497117,2.441692184316365,0.7183950829150397,-0.0761317825645646,0.20759991853489304,-1.4426665270811523,-0.13984646294441605,0.8060087184888338,0.6514320823877386,0.2930222388739182,-1.0855184990262092,1,1,2,1,1,2
1,2,0.6913263710173226,1.432648557691438,1.342601305326774,-0.5542314101429997,1.2967198204272763,1.531619471856046,1.2112215543033884,1.6922626054263792,0.9929207532211743,-0.013314707284111467,1.2488289140936326,1.4367153043512546,1.2081206002973983,-1.573886635931408,1.4043145604462148,0,2,1,0,2,2
1,1,0.853551744800288,0.1921461130815656,0.9574209325439808,1.0070502643874932,0.43839227901517397,-0.8396967507518298,0.7183950829150397,-0.9603289765600365,0.9929207532211743,-0.013314707284111467,-0.13984646294441605,1.4367153043512546,0.09474356447807901,0.7375243519228055,-0.7298280619587201,0,2,2,1,0,2
1,3,-0.02854872514458397,-0.5068671691986019,-0.19812018580439741,-0.5542314101429997,-1.0763033823003014,-0.814060899696611,-1.7457372740267034,-1.8445261705555083,-1.3630417508376695,-1.4426665270811523,1.2488289140936326,-0.45540445323600787,-1.5753219892508998,-1.1293845228825208,-1.0855184990262092,0,2,2,1,2,1
1,2,-1.8738623519258122,-1.8655127037713197,-2.4005618045367756,-0.5542314101429997,-0.3189555516425639,0.8394514933650977,0.22556861152669114,-1.8445261705555083,-0.5777209161513882,0.7013612026144089,-1.5285218399824647,-0.45540445323600787,-1.0186334713412402,-1.1293845228825208,-0.7298280619587201,0,0,2,0,1,2
0,3,-0.9613446243966332,-1.0483563315283082,-2.0943927902735298,-0.5542314101429997,-1.732671502203674,-2.057399675874794,1.2112215543033884,-0.0761317825645646,0.9929207532211743,1.4160371125129294,-0.13984646294441605,0.17530213262641298,1.2081206002973983,1.1820264649716936,-1.7968993731611875,0,2,1,1,0,2
0,2,-0.545642104077785,-0.6742365466459659,-0.6425590774768505,-0.5542314101429997,-0.11699613013383389,-1.378049622911456,-0.7600843312500061,0.8080654114309073,-0.5777209161513882,1.4160371125129294,-0.13984646294441605,0.17530213262641298,-0.4619449534315806,-1.1293845228825208,1.4043145604462148,1,0,2,1,2,2
1,3,0.5595182548186646,0.9010046528586347,0.996926611803755,-0.5542314101429997,1.1957401096729117,0.7497260146718264,0.7183950829150397,0.8080654114309073,0.20759991853489304,-0.7279906171826318,-0.13984646294441605,-0.45540445323600787,0.09474356447807901,-0.6848824098336335,-1.7968993731611875,0,1,1,1,1,2
0,0,0.45812739620431175,0.1921461130815656,0.6710047579106215,1.0070502643874932,-1.3792425145633966,-1.185780739997304,1.2112215543033884,-0.0761317825645646,0.9929207532211743,-1.4426665270811523,-0.13984646294441605,0.8060087184888338,1.2081206002973983,-0.4181811420043013,-0.7298280619587201,0,2,1,1,2,2
1,2,0.49868373965005214,0.9502309403431536,0.5623641399462448,1.0070502643874932,1.0947603989185466,2.0827902695432816,-0.7600843312500061,0.8080654114309073,-1.3630417508376695,-1.4426665270811523,1.2488289140936326,-1.0861110390984288,-0.4619449534315806,1.626528578020581,1.4043145604462148,0,2,1,1,2,2
0,1,-1.4682989174683991,-1.7375243563115712,-1.254897106003341,-0.5542314101429997,-0.6218946839056589,0.12164766381893065,1.2112215543033884,-0.9603289765600365,0.9929207532211743,1.4160371125129294,-0.13984646294441605,0.8060087184888338,1.2081206002973983,1.804329423240135,1.0486241233787257,0,1,0,1,2,2
1,2,0.2756238506984745,0.536730125473197,0.14755450771862164,-0.5542314101429997,0.6403517005239038,0.1601014404017607,0.7183950829150397,-0.0761317825645646,0.20759991853489304,0.7013612026144089,-0.13984646294441605,0.17530213262641298,-0.4619449534315806,1.626528578020581,1.0486241233787257,0,1,2,1,0,2
1,1,-1.4682989174683991,-1.402785601416843,-0.7709525350711144,1.0070502643874932,-0.3189555516425639,-0.09625707015044209,0.22556861152669114,-0.0761317825645646,0.20759991853489304,-0.013314707284111467,-1.5285218399824647,-1.0861110390984288,0.6514320823877386,-1.396085790711853,1.4043145604462148,0,1,1,1,2,2
0,1,-0.7281456495836213,-0.5659387141800237,-0.8697167332205483,-0.5542314101429997,-2.035610634466769,-2.1471251545680645,-1.2529108026383546,-0.9603289765600365,-0.5777209161513882,-1.4426665270811523,-0.13984646294441605,-1.0861110390984288,-0.4619449534315806,-1.0404841002727436,1.4043145604462148,1,2,1,0,1,2
0,1,-0.2718867858190318,0.36936074802583285,-0.6919411765515674,1.0070502643874932,-0.6218946839056589,-0.9550580805003218,1.2112215543033884,-0.9603289765600365,0.9929207532211743,0.7013612026144089,1.2488289140936326,0.8060087184888338,-1.5753219892508998,0.7375243519228055,-1.0855184990262092,0,1,2,1,1,2
1,4,-2.8066582511778613,-2.2593230036474696,-2.4005618045367756,1.0070502643874932,-0.36944540701974643,-1.0960552613040335,0.22556861152669114,-1.8445261705555083,0.20759991853489304,1.4160371125129294,-1.5285218399824647,0.17530213262641298,-0.4619449534315806,-1.8405879037607402,0.6929336863112365,0,0,1,0,1,1
1,3,0.5899355124029698,0.6647184729329455,1.4512419232911509,-0.5542314101429997,2.1550473618393795,3.1338601628073133,0.7183950829150397,-1.8445261705555083,0.9929207532211743,-0.013314707284111467,-0.13984646294441605,1.4367153043512546,-0.4619449534315806,0.11522139365436314,1.0486241233787257,0,2,1,0,0,2
0,2,1.0259162044446883,1.481874845175957,0.10804882845884886,-0.5542314101429997,-0.06650627475665133,0.9163590465307578,0.22556861152669114,0.8080654114309073,0.20759991853489304,-1.4426665270811523,1.2488289140936326,-0.45540445323600787,-0.4619449534315806,-1.9294883263705183,-1.0855184990262092,0,2,1,1,2,2
0,1,-1.3973253164383526,-1.146808906497346,-1.0968743889642463,-0.5542314101429997,-0.6218946839056589,-0.9935118570831518,-1.2529108026383546,-1.8445261705555083,-0.5777209161513882,0.7013612026144089,-1.5285218399824647,-1.0861110390984288,-0.4619449534315806,1.1820264649716936,-0.3741376248912309,0,2,0,1,1,1
1,4,-0.8903710233665866,-0.41825985172646746,-1.0968743889642463,-0.5542314101429997,-0.8743439607915715,-0.7499712720585603,-2.238563745415052,-1.8445261705555083,-1.3630417508376695,1.4160371125129294,-0.13984646294441605,-2.3475242108232703,0.6514320823877386,-0.15147987417496905,-0.3741376248912309,0,2,1,1,0,2
1,2,0.5797964265415347,-0.457640881714083,0.5426113003163576,1.0070502643874932,0.9937806881641814,-0.4936127615063575,1.2112215543033884,-0.0761317825645646,0.9929207532211743,-0.013314707284111467,1.2488289140936326,1.4367153043512546,0.09474356447807901,-0.7737828324434114,1.4043145604462148,0,1,1,1,2,2
1,2,0.6811872851558876,0.595801670454619,1.2635899468072256,2.568331938917986,0.9432908327869991,1.608527025021706,-0.2672578598616575,-0.0761317825645646,0.20759991853489304,1.4160371125129294,1.2488289140936326,-0.45540445323600787,-1.5753219892508998,-1.2182849454922986,1.4043145604462148,1,1,1,1,2,2
1,0,0.9042471741074652,1.1471360902812286,0.43397068235198083,-0.5542314101429997,0.7413314112782688,1.339350588941894,1.2112215543033884,0.8080654114309073,0.9929207532211743,1.4160371125129294,1.2488289140936326,0.8060087184888338,-1.0186334713412402,1.626528578020581,-1.0855184990262092,0,2,1,1,2,2
0,1,1.5835659268236315,0.6253374429453299,1.6783995790348487,-0.5542314101429997,0.8423111220326339,0.3523703233159128,-0.2672578598616575,0.8080654114309073,-0.5777209161513882,-0.7279906171826318,1.2488289140936326,-0.45540445323600787,0.09474356447807901,-0.7737828324434114,0.6929336863112365,0,0,1,1,2,2
0,1,0.6811872851558876,0.43827755050415945,0.6512519182807359,-0.5542314101429997,1.1957401096729117,1.2368071847210114,1.2112215543033884,0.8080654114309073,0.9929207532211743,-0.013314707284111467,1.2488289140936326,1.4367153043512546,2.878186154026377,-1.8405879037607402,-0.018447187823741776,0,1,2,1,2,2
1,4,-1.1742654274867748,-1.845822188777512,-2.0943927902735298,-0.5542314101429997,0.5393719897695386,1.3137147378866734,-1.2529108026383546,-0.0761317825645646,-1.3630417508376695,0.7013612026144089,-1.5285218399824647,-1.0861110390984288,0.09474356447807901,0.6486239293130284,-0.7298280619587201,0,2,1,0,2,2
0,3,0.5088228255114873,0.595801670454619,0.0685431491990747,1.0070502643874932,1.4986792419360064,1.0701741528620798,0.7183950829150397,-0.0761317825645646,0.9929207532211743,-1.4426665270811523,-0.13984646294441605,1.4367153043512546,1.7648091182070578,1.715429000630358,0.3372432492437474,0,0,1,1,2,2
1,1,1.4213405530406662,0.9896119703307691,1.5006240223658678,-0.5542314101429997,0.43839227901517397,-1.224234516580135,1.2112215543033884,0.8080654114309073,0.9929207532211743,0.7013612026144089,-0.13984646294441605,1.4367153043512546,-0.4619449534315806,-0.4181811420043013,-1.7968993731611875,0,2,2,1,2,2
1,1,0.6710481992944525,-0.30996201926052674,0.43397068235198083,1.0070502643874932,0.08496329137489633,0.6087288338681156,0.7183950829150397,-0.0761317825645646,0.9929207532211743,-1.4426665270811523,1.2488289140936326,0.8060087184888338,-0.4619449534315806,-0.15147987417496905,1.4043145604462148,1,2,2,1,1,2
1,1,-0.5253639323549147,-1.1566541639942491,-1.1067508087791897,-0.5542314101429997,0.3879024236379912,-0.19880047437132284,-0.7600843312500061,-0.0761317825645646,-1.3630417508376695,-0.7279906171826318,-0.13984646294441605,-0.45540445323600787,-1.5753219892508998,0.2930222388739182,-0.018447187823741776,0,1,1,0,1,2
1,2,-0.5659202758006561,-1.1566541639942491,-0.8104582143308885,-0.5542314101429997,-0.8743439607915715,-0.3013438785922054,-1.7457372740267034,-0.0761317825645646,-2.1483625855239508,0.7013612026144089,-0.13984646294441605,-2.3475242108232703,0.09474356447807901,1.804329423240135,-0.018447187823741776,0,1,2,0,1,2
0,3,-2.086783155015954,-1.8556674462744158,-1.7289652571206244,-0.5542314101429997,-0.823854105414389,-0.4167052083406956,0.7183950829150397,-0.0761317825645646,0.9929207532211743,-0.7279906171826318,-1.5285218399824647,1.4367153043512546,0.6514320823877386,-0.5959819872238563,0.3372432492437474,0,1,0,1,1,2
1,3,-0.11980049789750169,-0.5068671691986019,-0.6425590774768505,1.0070502643874932,0.3374125682608089,1.1727175570829607,0.22556861152669114,-0.9603289765600365,0.9929207532211743,-1.4426665270811523,1.2488289140936326,0.17530213262641298,0.6514320823877386,0.11522139365436314,-0.018447187823741776,1,2,0,1,2,1
1,1,1.370645123733489,1.3538864977162084,0.6512519182807359,-0.5542314101429997,-1.0763033823003014,-0.6858816444205096,1.2112215543033884,1.6922626054263792,0.9929207532211743,-0.013314707284111467,-0.13984646294441605,0.8060087184888338,1.7648091182070578,1.804329423240135,-1.7968993731611875,0,2,2,1,2,2
1,2,0.8738299165231599,0.2905986880506031,0.7895217956899426,1.0070502643874932,0.6403517005239038,1.2239892591934018,1.2112215543033884,-0.0761317825645646,0.9929207532211743,-0.013314707284111467,1.2488289140936326,0.17530213262641298,1.2081206002973983,0.8264247745325835,0.3372432492437474,0,2,1,0,2,2
0,2,-1.1032918264567282,-1.7276790988146673,-1.8771115543447756,1.0070502643874932,-1.025813526923119,-0.4423410593959162,0.22556861152669114,-0.0761317825645646,-0.5777209161513882,-1.4426665270811523,-1.5285218399824647,-0.45540445323600787,0.09474356447807901,1.359827310191248,-0.3741376248912309,0,0,1,1,2,2
1,0,-1.4987161750527054,-1.8556674462744158,-0.7116940161814546,-0.5542314101429997,0.2869227128836261,0.6087288338681156,-0.2672578598616575,-0.9603289765600365,-0.5777209161513882,-1.4426665270811523,-1.5285218399824647,0.17530213262641298,0.09474356447807901,-1.2182849454922986,-0.7298280619587201,1,1,2,1,0,1
0,0,1.7559303864680318,0.9699214553369613,1.4117362440313765,-0.5542314101429997,-0.2684656962653813,-0.3654335062302561,-0.7600843312500061,1.6922626054263792,-1.3630417508376695,0.7013612026144089,1.2488289140936326,-0.45540445323600787,-0.4619449534315806,-2.4628908620291825,1.4043145604462148,0,2,1,1,2,2
0,0,-0.48480758890917347,-0.4281051092233721,-0.4055250019182083,-0.5542314101429997,-0.1674859855110162,0.5061854296472348,0.22556861152669114,-0.9603289765600365,0.9929207532211743,0.7013612026144089,1.2488289140936326,0.8060087184888338,0.09474356447807901,-0.5959819872238563,-1.4412089360936984,0,2,2,1,0,2
1,4,-2.411233902581884,-2.3577755786165073,-2.291921186572398,1.0070502643874932,-1.328752659186214,-2.1214893035128446,-1.7457372740267034,-1.8445261705555083,-1.3630417508376695,-1.4426665270811523,-2.9171972170205134,-1.0861110390984288,0.09474356447807901,0.2930222388739182,-0.3741376248912309,0,1,2,1,2,1
0,4,-0.008270553421713765,0.04446725062800927,-0.19812018580439741,-0.5542314101429997,-1.1772830930546665,-1.7497694632121508,-0.7600843312500061,-0.9603289765600365,-0.5777209161513882,-0.7279906171826318,-0.13984646294441605,0.17530213262641298,-0.4619449534315806,0.7375243519228055,0.6929336863112365,1,2,0,1,1,2
1,4,-1.3263517154083049,-0.9400584990623662,-1.5413132806366994,-0.5542314101429997,0.9432908327869991,0.5574571317576743,-0.2672578598616575,-0.9603289765600365,-0.5777209161513882,-1.4426665270811523,-0.13984646294441605,-0.45540445323600787,1.2081206002973983,-1.751687481150963,1.4043145604462148,0,0,1,0,1,2
0,2,-1.6406633771127994,-1.3141782839447091,-1.4919311815619822,-0.5542314101429997,-0.5714048285284764,0.03192218512565931,-0.2672578598616575,-0.0761317825645646,0.20759991853489304,-0.7279906171826318,-1.5285218399824647,0.17530213262641298,0.09474356447807901,0.9153251971423606,-1.0855184990262092,0,2,2,1,1,2
1,2,0.2046502496684288,0.38905126301964066,0.8981624136543209,-0.5542314101429997,0.9937806881641814,0.5446392062300649,-1.2529108026383546,-0.0761317825645646,-1.3630417508376695,0.7013612026144089,1.2488289140936326,-1.7168176249608496,-1.0186334713412402,-0.06257945156519114,1.0486241233787257,1,2,1,1,0,2
1,2,0.3263192800056518,0.7828615628957908,0.6216226588359046,-0.5542314101429997,0.3374125682608089,0.21137314251220016,-0.2672578598616575,-1.8445261705555083,-1.3630417508376695,0.7013612026144089,-0.13984646294441605,0.17530213262641298,0.09474356447807901,-0.9515836776629657,0.3372432492437474,0,2,2,1,1,1
0,4,-0.819397422336539,-0.9695942715530785,-0.5931769784021335,-0.5542314101429997,0.2869227128836261,-0.13471084673327213,1.2112215543033884,-0.9603289765600365,0.20759991853489304,-1.4426665270811523,-1.5285218399824647,0.8060087184888338,-0.4619449534315806,1.093126042361915,-1.4412089360936984,1,1,1,0,0,2
1,2,-1.1438481699024696,-0.22135470178839237,-1.4129198230424354,1.0070502643874932,-0.11699613013383389,-0.4807948359787463,-0.7600843312500061,-1.8445261705555083,-1.3630417508376695,-0.7279906171826318,-1.5285218399824647,-1.0861110390984288,-1.0186334713412402,-1.396085790711853,-0.018447187823741776,0,2,1,1,1,2
1,1,-1.3466298871311753,-1.5209286913796882,-0.30676080376877424,1.0070502643874932,0.3374125682608089,0.07037596170848937,1.2112215543033884,-0.0761317825645646,0.9929207532211743,-0.013314707284111467,-1.5285218399824647,0.17530213262641298,0.09474356447807901,0.026320971044586007,1.0486241233787257,0,2,0,1,2,1
0,1,0.02214670416259154,0.005086220640393692,-0.010468209320472228,-0.5542314101429997,-1.7831613575808567,-0.9935118570831518,-1.2529108026383546,-0.0761317825645646,-0.5777209161513882,0.7013612026144089,-0.13984646294441605,-0.45540445323600787,0.09474356447807901,0.11522139365436314,-0.018447187823741776,0,2,1,1,2,2
1,3,-1.458159831606964,-0.71361757663358,-1.0474922898895294,2.568331938917986,-0.7733642500372064,0.1601014404017607,1.2112215543033884,-0.0761317825645646,0.9929207532211743,0.7013612026144089,-2.9171972170205134,0.17530213262641298,-0.4619449534315806,-0.2403802967847462,-1.4412089360936984,0,1,1,1,1,1
1,4,1.7559303864680318,1.905220917542818,1.0660615505083577,-0.5542314101429997,1.0947603989185466,-0.17316462331610402,1.2112215543033884,-0.0761317825645646,0.9929207532211743,-1.4426665270811523,1.2488289140936326,0.8060087184888338,0.09474356447807901,0.4708230840934733,-1.7968993731611875,0,2,1,1,2,2
0,1,0.04242487588546355,0.26106291555989075,-0.5536712991423592,1.0070502643874932,-0.01601641937946878,-0.7627891975861697,-2.238563745415052,0.8080654114309073,-1.3630417508376695,-0.7279906171826318,-0.13984646294441605,0.17530213262641298,2.3214976361167174,-0.7737828324434114,0.3372432492437474,0,2,1,1,1,2
0,0,0.5595182548186646,0.9896119703307691,0.2957008049427726,-0.5542314101429997,-1.5307120806949441,-1.2114165910525245,-1.2529108026383546,-0.0761317825645646,-1.3630417508376695,-0.013314707284111467,-0.13984646294441605,0.17530213262641298,-1.5753219892508998,0.38192266148369614,1.0486241233787257,1,2,1,1,0,2
0,2,-0.1806350130661141,-0.6545460316521581,-0.6820647567366231,-0.5542314101429997,-1.126793237677484,-1.3139599952734053,-1.2529108026383546,-0.0761317825645646,-2.1483625855239508,-1.4426665270811523,-0.13984646294441605,-1.0861110390984288,-1.0186334713412402,1.5376281554108022,1.0486241233787257,1,2,1,1,0,2
1,4,-0.1299395837589368,0.7533257904050784,-0.1487380867296804,-0.5542314101429997,-0.6723845392828413,-0.7884250486413904,-0.2672578598616575,1.6922626054263792,0.20759991853489304,-0.013314707284111467,1.2488289140936326,-0.45540445323600787,0.09474356447807901,-1.3071853681020758,-0.3741376248912309,0,2,2,1,1,2
0,1,1.1780024923662185,1.2357434077533629,1.1845785882876787,-0.5542314101429997,1.852108229576284,0.621546759395725,0.7183950829150397,0.8080654114309073,0.9929207532211743,-0.7279906171826318,-0.13984646294441605,-0.45540445323600787,0.09474356447807901,-1.2182849454922986,0.6929336863112365,0,0,2,1,0,2
0,3,-1.2553781143782574,-1.2944877689509022,-1.373414143782662,1.0070502643874932,-2.035610634466769,-1.339595846328626,-0.7600843312500061,-0.9603289765600365,-0.5777209161513882,-0.013314707284111467,-0.13984646294441605,-0.45540445323600787,0.6514320823877386,0.9153251971423606,-0.018447187823741776,0,1,0,0,1,2
1,1,-0.3732776444333846,-0.04414006684412508,0.009284630309414855,-0.5542314101429997,-0.9753236715459364,-0.03216744251239139,1.2112215543033884,0.8080654114309073,0.9929207532211743,1.4160371125129294,-1.5285218399824647,1.4367153043512546,1.2081206002973983,1.093126042361915,-0.018447187823741776,0,2,1,1,2,2
1,1,0.3060411082827816,-0.3788788217388533,0.6710047579106215,1.0070502643874932,-0.6218946839056589,-0.8653326018070505,0.22556861152669114,0.8080654114309073,0.9929207532211743,-1.4426665270811523,-0.13984646294441605,1.4367153043512546,0.6514320823877386,0.20412181626414108,0.3372432492437474,0,2,0,1,1,2
1,0,-0.819397422336539,-0.10321161182554704,-0.8598403134056055,-0.5542314101429997,0.18594300212926143,0.10882973829131941,0.22556861152669114,-0.9603289765600365,0.20759991853489304,-1.4426665270811523,-1.5285218399824647,0.17530213262641298,-0.4619449534315806,-0.2403802967847462,-0.7298280619587201,0,1,1,1,2,2
1,1,0.346597451728522,0.5859564129577157,-0.35614290284349126,-0.5542314101429997,-0.1674859855110162,0.6984543125613869,1.2112215543033884,-0.0761317825645646,0.20759991853489304,0.7013612026144089,1.2488289140936326,0.17530213262641298,1.7648091182070578,1.0042256197521378,0.3372432492437474,0,2,0,1,2,2
0,1,0.6507700275715823,0.1429198255970468,0.6512519182807359,1.0070502643874932,0.48888213439235634,-0.7371533465309491,-0.7600843312500061,0.8080654114309073,-0.5777209161513882,1.4160371125129294,-0.13984646294441605,-0.45540445323600787,-1.0186334713412402,-0.2403802967847462,0.6929336863112365,1,1,0,1,1,2
1,4,0.6811872851558876,0.8714688803679238,0.47347636161175355,-0.5542314101429997,-0.11699613013383389,0.5830929828128949,1.2112215543033884,-0.0761317825645646,0.9929207532211743,1.4160371125129294,1.2488289140936326,0.8060087184888338,-1.0186334713412402,0.20412181626414108,-0.018447187823741776,0,0,0,1,1,2
1,0,0.2756238506984745,0.851778365374116,1.0364322910635277,1.0070502643874932,0.9937806881641814,0.6471826104509456,-1.2529108026383546,0.8080654114309073,-1.3630417508376695,1.4160371125129294,-0.13984646294441605,-1.0861110390984288,-0.4619449534315806,-1.0404841002727436,0.6929336863112365,0,1,1,1,1,1
0,2,-0.41383398787912595,-0.6545460316521581,-0.7413232756262844,-0.5542314101429997,-0.9248338161687538,-0.8781505273346617,-1.2529108026383546,-0.0761317825645646,-2.1483625855239508,-0.7279906171826318,-1.5285218399824647,-0.45540445323600787,1.2081206002973983,-0.9515836776629657,-0.7298280619587201,0,2,1,1,1,2
1,0,-1.8840014377872474,-2.2790135186412774,-1.5808189598964735,1.0070502643874932,-0.6218946839056589,0.8522694188927071,1.2112215543033884,-1.8445261705555083,0.9929207532211743,1.4160371125129294,-1.5285218399824647,0.8060087184888338,2.878186154026377,-0.5070815646140784,0.3372432492437474,0,0,2,1,2,2
0,2,-2.3909557308590133,-2.0919536262001057,-2.390685384721832,-0.5542314101429997,-0.9753236715459364,-1.5575005802979986,-0.7600843312500061,-1.8445261705555083,-1.3630417508376695,-1.4426665270811523,-1.5285218399824647,-0.45540445323600787,-0.4619449534315806,0.7375243519228055,1.4043145604462148,1,2,1,0,0,1
0,2,0.12353756277694616,-0.6742365466459659,-1.0277394502596429,1.0070502643874932,-0.2684656962653813,-0.18598254884371343,0.7183950829150397,-0.9603289765600365,0.9929207532211743,1.4160371125129294,-0.13984646294441605,0.8060087184888338,0.09474356447807901,0.5597235067032504,0.6929336863112365,0,2,1,1,2,2
1,4,0.5189619113729224,0.20199137057846878,1.2635899468072256,-0.5542314101429997,1.4986792419360064,-0.23725425095415473,-0.2672578598616575,-0.9603289765600365,-0.5777209161513882,-1.4426665270811523,-0.13984646294441605,-0.45540445323600787,0.09474356447807901,1.359827310191248,1.0486241233787257,1,2,1,1,0,2
0,2,1.3300887802877486,0.8419331078772128,1.7574109375543956,-0.5542314101429997,2.3570067833481088,2.185333673764162,-0.2672578598616575,0.8080654114309073,-0.5777209161513882,-0.7279906171826318,1.2488289140936326,0.17530213262641298,-0.4619449534315806,0.7375243519228055,1.0486241233787257,1,2,1,1,2,2
0,4,-0.292164957541902,0.3102892030444095,-0.30676080376877424,1.0070502643874932,-0.2684656962653813,0.2626448446226414,0.7183950829150397,-1.8445261705555083,0.9929207532211743,1.4160371125129294,1.2488289140936326,0.8060087184888338,0.6514320823877386,0.38192266148369614,-1.7968993731611875,0,1,0,0,2,2
1,3,-0.40369490201769087,-0.38872407923575647,-0.8993459926653783,1.0070502643874932,0.08496329137489633,-0.3141618041198148,-0.7600843312500061,1.6922626054263792,-1.3630417508376695,-0.7279906171826318,-1.5285218399824647,-1.7168176249608496,-0.4619449534315806,0.4708230840934733,-0.7298280619587201,0,0,1,1,2,2
1,2,-0.941066452673763,-0.9302132415654629,-0.45490710099292525,1.0070502643874932,0.08496329137489633,0.37800617437113343,-1.2529108026383546,-0.0761317825645646,-1.3630417508376695,0.7013612026144089,-2.9171972170205134,-2.3475242108232703,-1.0186334713412402,-1.396085790711853,1.4043145604462148,0,1,1,0,2,2
1,4,0.09312030519263906,-0.07367583933483607,-0.8104582143308885,-0.5542314101429997,-1.4297323699405788,-1.826677016377811,-1.2529108026383546,-0.0761317825645646,-1.3630417508376695,-1.4426665270811523,-0.13984646294441605,-2.3475242108232703,-1.0186334713412402,-0.5959819872238563,1.4043145604462148,0,2,0,1,1,1
1,0,-1.1134309123181634,-1.8753579612682234,-2.0548871110137563,2.568331938917986,-0.9248338161687538,-0.5192486125615763,-0.2672578598616575,-0.0761317825645646,0.20759991853489304,-0.013314707284111467,-1.5285218399824647,0.17530213262641298,0.6514320823877386,0.026320971044586007,-0.018447187823741776,0,1,0,1,1,2
1,1,0.4479883103428766,0.733635275411272,0.029037469939300533,1.0070502643874932,0.7918212666554512,0.6343646849233362,-0.2672578598616575,-0.9603289765600365,-0.5777209161513882,-0.013314707284111467,1.2488289140936326,-1.0861110390984288,-1.0186334713412402,0.026320971044586007,-1.7968993731611875,0,1,0,1,2,2
1,4,0.2452065931141692,0.1921461130815656,0.8290274749497168,1.0070502643874932,-1.025813526923119,-1.4805930271323378,1.2112215543033884,0.8080654114309073,0.9929207532211743,-1.4426665270811523,-0.13984646294441605,0.17530213262641298,-1.0186334713412402,-1.662787058541186,-0.7298280619587201,0,0,0,1,2,2
0,2,0.863690830661723,1.403112785200727,0.9080388334692637,-0.5542314101429997,0.9432908327869991,1.3649864399971128,0.7183950829150397,0.8080654114309073,0.20759991853489304,-0.7279906171826318,1.2488289140936326,-0.45540445323600787,-1.0186334713412402,0.5597235067032504,-1.4412089360936984,0,2,2,1,2,2
1,2,1.6646786137151142,1.8658398875552038,1.7277816781095658,-0.5542314101429997,0.2869227128836261,0.7240901636166057,-1.2529108026383546,1.6922626054263792,-1.3630417508376695,-0.7279906171826318,1.2488289140936326,-1.0861110390984288,-1.0186334713412402,0.7375243519228055,-1.0855184990262092,1,2,1,1,0,2
0,3,-0.04882689686745417,0.6450279579391377,-1.2746499456332279,1.0070502643874932,-0.36944540701974643,-0.09625707015044209,0.7183950829150397,-1.8445261705555083,0.9929207532211743,1.4160371125129294,-0.13984646294441605,-0.45540445323600787,-1.5753219892508998,-0.32928071939452414,-1.4412089360936984,0,2,0,0,1,2
0,2,-0.08938324031319639,-0.1425926418131626,-0.6129298180320205,-0.5542314101429997,-2.035610634466769,-0.35261558070264487,1.2112215543033884,-0.9603289765600365,0.9929207532211743,0.7013612026144089,-0.13984646294441605,0.8060087184888338,0.09474356447807901,-0.6848824098336335,-0.3741376248912309,1,2,2,1,0,2
1,4,1.7559303864680318,1.009302485324577,1.4314890836612637,-0.5542314101429997,1.4481893865588242,0.775361865727047,1.2112215543033884,1.6922626054263792,0.9929207532211743,-1.4426665270811523,1.2488289140936326,0.8060087184888338,0.09474356447807901,1.2709268875814708,1.0486241233787257,0,1,1,1,2,2
0,2,-0.9714837102580692,-1.1763446789880567,0.3352064842025468,-0.5542314101429997,0.18594300212926143,0.4933675041196236,-0.7600843312500061,-0.0761317825645646,-0.5777209161513882,-0.013314707284111467,-1.5285218399824647,-0.45540445323600787,0.6514320823877386,-1.0404841002727436,-1.0855184990262092,0,2,2,0,1,2
1,2,1.3300887802877486,1.5704821626480912,1.4117362440313765,-0.5542314101429997,0.034473435997713554,-1.2114165910525245,1.2112215543033884,-0.0761317825645646,0.9929207532211743,-0.7279906171826318,1.2488289140936326,0.8060087184888338,-0.4619449534315806,-0.8626832550531885,-0.7298280619587201,0,0,2,1,1,2
1,2,-1.0323182254266807,-0.15243789931006582,-0.47465994062281236,1.0070502643874932,1.4481893865588242,1.0317203762792497,-1.2529108026383546,-0.0761317825645646,-1.3630417508376695,1.4160371125129294,-1.5285218399824647,-1.0861110390984288,-0.4619449534315806,0.4708230840934733,0.3372432492437474,0,1,0,1,0,1
0,3,1.1881415782276534,1.481874845175957,0.8784095740244339,-0.5542314101429997,0.48888213439235634,-0.5064306870339669,-0.2672578598616575,-0.0761317825645646,0.20759991853489304,-0.7279906171826318,1.2488289140936326,-0.45540445323600787,-0.4619449534315806,1.804329423240135,-0.3741376248912309,0,1,1,1,0,2
1,0,0.48854465378861706,0.1921461130815656,0.44384710216692363,1.0070502643874932,0.7918212666554512,-0.03216744251239139,1.2112215543033884,-0.0761317825645646,0.9929207532211743,-1.4426665270811523,-0.13984646294441605,1.4367153043512546,-1.0186334713412402,-1.3071853681020758,1.4043145604462148,0,2,0,1,1,1
1,1,-0.7180065637221862,-0.71361757663358,-0.9289752521102083,-0.5542314101429997,0.3374125682608089,0.8522694188927071,0.22556861152669114,-1.8445261705555083,0.9929207532211743,-0.013314707284111467,-0.13984646294441605,0.8060087184888338,0.09474356447807901,-0.5070815646140784,-0.018447187823741776,1,1,2,1,1,2
0,1,0.01200761830115644,-0.07367583933483607,0.08829598882896178,1.0070502643874932,0.6403517005239038,0.6984543125613869,1.2112215543033884,-1.8445261705555083,0.9929207532211743,0.7013612026144089,-0.13984646294441605,0.17530213262641298,0.6514320823877386,-0.6848824098336335,-1.4412089360936984,1,2,2,1,0,2
1,1,-0.08938324031319639,-0.9302132415654629,0.0685431491990747,-0.5542314101429997,0.2869227128836261,0.19855521698459075,0.7183950829150397,-0.9603289765600365,0.9929207532211743,1.4160371125129294,-1.5285218399824647,0.8060087184888338,-1.0186334713412402,0.4708230840934733,-0.3741376248912309,1,2,2,1,1,2
1,1,-1.1539872557639046,-1.6095360088518218,-0.7610761152561716,-0.5542314101429997,-1.4297323699405788,-1.2883241442181856,1.2112215543033884,0.8080654114309073,0.9929207532211743,0.7013612026144089,-1.5285218399824647,1.4367153043512546,1.7648091182070578,-0.32928071939452414,0.3372432492437474,1,2,1,1,1,2
1,1,-0.5963375333849623,-0.457640881714083,-0.5437948793274164,-0.5542314101429997,-1.3792425145633966,-0.21161839989893408,-1.2529108026383546,-0.0761317825645646,-1.3630417508376695,1.4160371125129294,-1.5285218399824647,-1.0861110390984288,0.6514320823877386,1.804329423240135,-0.018447187823741776,0,2,1,1,0,2
1,1,-1.833306008480071,-1.5307739488765921,-1.9758757524942094,4.1296136134484795,0.034473435997713554,-0.17316462331610402,0.7183950829150397,-0.9603289765600365,0.9929207532211743,-0.013314707284111467,-0.13984646294441605,1.4367153043512546,-0.4619449534315806,0.5597235067032504,-1.7968993731611875,0,2,1,1,2,1
1,3,0.346597451728522,0.9206951678524425,0.31545364457265973,-0.5542314101429997,1.5996589526903715,1.8777034611015184,-0.7600843312500061,0.8080654114309073,0.20759991853489304,1.4160371125129294,-0.13984646294441605,0.8060087184888338,0.6514320823877386,1.626528578020581,-0.018447187823741776,0,1,2,1,1,2
1,1,0.8028563154931124,1.3243507252254973,0.6216226588359046,1.0070502643874932,-0.3189555516425639,0.8266335678374883,1.2112215543033884,1.6922626054263792,0.20759991853489304,1.4160371125129294,-0.13984646294441605,0.17530213262641298,1.7648091182070578,-0.4181811420043013,-0.7298280619587201,0,1,1,1,0,2
1,4,0.8332735730774177,1.5212558751635723,0.6907575975405087,-0.5542314101429997,1.0947603989185466,1.1598996315553511,1.2112215543033884,0.8080654114309073,0.9929207532211743,1.4160371125129294,1.2488289140936326,0.8060087184888338,2.878186154026377,-0.15147987417496905,1.0486241233787257,0,0,2,1,1,2
1,1,-0.8700928516437154,-0.49702191170169724,-0.6919411765515674,2.568331938917986,-0.11699613013383389,0.5702750572852855,0.22556861152669114,0.8080654114309073,0.20759991853489304,0.7013612026144089,-0.13984646294441605,0.17530213262641298,0.6514320823877386,0.4708230840934733,1.0486241233787257,1,2,2,1,2,2
1,3,-0.25160861409616164,-0.2016641867945846,-0.5042892000676422,-0.5542314101429997,-0.5714048285284764,0.39082409989874284,-0.7600843312500061,-0.0761317825645646,-0.5777209161513882,-1.4426665270811523,1.2488289140936326,-1.0861110390984288,0.6514320823877386,0.2930222388739182,-1.4412089360936984,0,1,0,1,1,2
0,1,1.7559303864680318,1.8363041150644914,0.6808811777255658,-0.5542314101429997,0.08496329137489633,0.019104259598048075,1.2112215543033884,-0.0761317825645646,0.9929207532211743,-1.4426665270811523,1.2488289140936326,0.17530213262641298,0.09474356447807901,1.804329423240135,0.6929336863112365,0,0,2,1,1,2
0,2,-1.1134309123181634,-0.5757839716769284,-1.5314368608217566,-0.5542314101429997,-0.6218946839056589,-1.0447835591935932,-1.2529108026383546,-0.9603289765600365,-1.3630417508376695,1.4160371125129294,-1.5285218399824647,-1.0861110390984288,0.09474356447807901,0.11522139365436314,0.3372432492437474,0,1,2,1,1,1
1,2,0.9245253458303354,1.0585287728090957,0.6216226588359046,-0.5542314101429997,-2.035610634466769,-0.7884250486413904,0.7183950829150397,-0.9603289765600365,0.9929207532211743,0.7013612026144089,-0.13984646294441605,0.17530213262641298,0.09474356447807901,0.4708230840934733,-1.0855184990262092,0,1,2,1,1,2
1,1,-0.1502177554818088,-0.22135470178839237,-0.4647835208078695,-0.5542314101429997,0.2869227128836261,0.44209580200918414,0.22556861152669114,-0.9603289765600365,0.20759991853489304,0.7013612026144089,-0.13984646294441605,-1.0861110390984288,0.09474356447807901,-1.662787058541186,1.4043145604462148,0,2,1,1,2,2
1,1,0.18437207794555677,0.3595154905289283,0.12780166808873455,-0.5542314101429997,-0.5209149731512939,0.10882973829131941,0.22556861152669114,-0.0761317825645646,0.20759991853489304,-0.013314707284111467,-1.5285218399824647,0.17530213262641298,0.6514320823877386,-0.32928071939452414,0.6929336863112365,0,1,1,1,2,2
1,2,0.7927172296316773,1.5507916476542833,1.4314890836612637,-0.5542314101429997,1.5996589526903715,0.9035411210031484,0.7183950829150397,-1.8445261705555083,0.20759991853489304,-0.013314707284111467,-0.13984646294441605,0.8060087184888338,0.6514320823877386,1.0042256197521378,-1.0855184990262092,0,2,1,0,0,2
0,4,-0.018409639283148867,0.9108499103555394,-0.040097468765302145,-0.5542314101429997,0.43839227901517397,1.5188015463284348,-0.2672578598616575,-0.0761317825645646,0.20759991853489304,-1.4426665270811523,-0.13984646294441605,0.17530213262641298,0.09474356447807901,-0.06257945156519114,0.3372432492437474,0,0,2,1,2,2
1,1,0.6913263710173226,0.6745637304298487,0.009284630309414855,1.0070502643874932,1.1452502542957288,0.8266335678374883,0.22556861152669114,-0.0761317825645646,0.9929207532211743,-0.7279906171826318,-0.13984646294441605,0.8060087184888338,0.09474356447807901,1.804329423240135,-1.7968993731611875,0,2,2,1,0,2
1,2,0.6609091134330174,0.851778365374116,0.3648357436473767,-0.5542314101429997,-1.2782628038090316,-0.583338240199627,0.22556861152669114,1.6922626054263792,-0.5777209161513882,1.4160371125129294,1.2488289140936326,-0.45540445323600787,-1.0186334713412402,0.6486239293130284,-0.7298280619587201,0,0,0,1,2,2
0,2,-1.2350999426553873,-0.8416059240933286,-1.2845263654481716,-0.5542314101429997,-0.41993526239692874,0.07037596170848937,-1.2529108026383546,-0.0761317825645646,-0.5777209161513882,0.7013612026144089,-0.13984646294441605,0.17530213262641298,-1.0186334713412402,-0.7737828324434114,-0.018447187823741776,0,2,1,0,2,2
1,1,0.3567365375899571,-0.5265576841924096,0.37471216346231956,-0.5542314101429997,-0.47042511777411133,-1.070419410248813,0.7183950829150397,0.8080654114309073,0.9929207532211743,-1.4426665270811523,-0.13984646294441605,0.17530213262641298,0.09474356447807901,0.7375243519228055,-1.0855184990262092,0,1,0,1,2,2
1,1,0.4479883103428766,0.3201344605413141,0.9277916730991509,-0.5542314101429997,-1.2782628038090316,-1.301142069745796,0.7183950829150397,-0.0761317825645646,0.9929207532211743,0.7013612026144089,-0.13984646294441605,1.4367153043512546,1.7648091182070578,1.0042256197521378,0.6929336863112365,0,0,2,1,0,2
1,1,-0.6774502202764449,-1.1861899364849606,-0.8400874737757185,-0.5542314101429997,0.23643285750644377,-0.2244363254265435,-0.2672578598616575,-0.0761317825645646,0.20759991853489304,0.7013612026144089,-0.13984646294441605,0.17530213262641298,-1.0186334713412402,-0.8626832550531885,0.3372432492437474,0,2,1,1,1,2
1,1,-0.41383398787912595,0.6154921854484268,-0.32651364339866135,-0.5542314101429997,1.852108229576284,0.8138156423098771,-1.2529108026383546,-0.0761317825645646,-1.3630417508376695,-0.7279906171826318,-0.13984646294441605,-1.7168176249608496,-1.5753219892508998,0.7375243519228055,1.0486241233787257,0,2,0,1,2,2
1,4,-0.33272130098764335,-1.0483563315283082,-0.8005817945159442,-0.5542314101429997,0.2869227128836261,-0.8909684528622711,-0.7600843312500061,1.6922626054263792,-1.3630417508376695,-0.7279906171826318,-0.13984646294441605,-1.0861110390984288,1.2081206002973983,1.0042256197521378,-1.0855184990262092,0,0,1,0,1,2
0,0,1.5531486692393262,1.1963623777657475,1.7574109375543956,-0.5542314101429997,1.1452502542957288,0.9804486741688085,-0.7600843312500061,1.6922626054263792,-1.3630417508376695,1.4160371125129294,1.2488289140936326,-1.0861110390984288,0.09474356447807901,-1.484986213321631,1.4043145604462148,1,1,2,1,1,2
1,2,-1.721776064004282,-1.1074278765097303,-1.4129198230424354,-0.5542314101429997,-1.227772948431849,0.4292778764815729,-1.2529108026383546,-0.9603289765600365,-2.1483625855239508,-0.013314707284111467,-1.5285218399824647,-1.7168176249608496,-1.0186334713412402,-0.6848824098336335,1.4043145604462148,1,0,0,1,2,2
1,1,1.0968898054747358,0.6647184729329455,0.6907575975405087,-0.5542314101429997,-0.2684656962653813,-0.3141618041198148,1.2112215543033884,1.6922626054263792,0.9929207532211743,-1.4426665270811523,1.2488289140936326,0.8060087184888338,-0.4619449534315806,0.026320971044586007,0.6929336863112365,0,1,2,1,2,2
0,0,0.5088228255114873,0.182300855584661,0.7401396966152257,-0.5542314101429997,-0.11699613013383389,-0.28852595306459417,-0.7600843312500061,0.8080654114309073,-0.5777209161513882,1.4160371125129294,-0.13984646294441605,-0.45540445323600787,-1.5753219892508998,1.804329423240135,1.4043145604462148,1,0,0,1,2,2
1,1,-1.6710806346971057,-1.3141782839447091,-1.8771115543447756,1.0070502643874932,-1.2782628038090316,-0.4807948359787463,1.2112215543033884,-0.0761317825645646,0.9929207532211743,0.7013612026144089,-0.13984646294441605,0.8060087184888338,0.6514320823877386,0.5597235067032504,1.0486241233787257,0,2,1,1,0,2
1,1,1.3909232954563608,1.1176003177905176,1.9055572347785468,1.0070502643874932,-0.1674859855110162,0.3010986212054715,-0.7600843312500061,-0.0761317825645646,-0.5777209161513882,0.7013612026144089,1.2488289140936326,-1.7168176249608496,-0.4619449534315806,-0.5070815646140784,-0.3741376248912309,1,2,0,1,0,2
1,2,0.2959020224213465,0.04446725062800927,0.5821169795761318,-0.5542314101429997,1.0442705435413637,1.5444373973836554,1.2112215543033884,0.8080654114309073,0.9929207532211743,-0.013314707284111467,-1.5285218399824647,1.4367153043512546,1.7648091182070578,-0.5959819872238563,-1.0855184990262092,0,2,1,1,1,2
0,3,0.5493791689572295,1.0979098027967098,0.11792524827379171,-0.5542314101429997,0.5393719897695386,-0.17316462331610402,1.2112215543033884,0.8080654114309073,0.9929207532211743,-1.4426665270811523,1.2488289140936326,-0.45540445323600787,-0.4619449534315806,0.5597235067032504,1.4043145604462148,0,2,1,1,2,2
1,0,0.3567365375899571,0.25121765806298757,-0.1289852470997933,-0.5542314101429997,-0.9248338161687538,-1.4805930271323378,0.22556861152669114,-0.0761317825645646,0.20759991853489304,-0.013314707284111467,-1.5285218399824647,0.17530213262641298,-1.0186334713412402,0.38192266148369614,-0.018447187823741776,0,2,1,1,2,2
1,2,0.5189619113729224,0.5465753829701002,1.2932192062520569,-0.5542314101429997,0.7918212666554512,0.8009977167822677,1.2112215543033884,-0.0761317825645646,0.9929207532211743,0.7013612026144089,-0.13984646294441605,0.8060087184888338,0.6514320823877386,-0.32928071939452414,1.4043145604462148,0,1,1,1,2,2
0,1,1.7559303864680318,1.7870778275799726,2.182096989596963,-0.5542314101429997,-0.7228743946600239,-1.070419410248813,-0.7600843312500061,-0.0761317825645646,0.20759991853489304,-0.013314707284111467,1.2488289140936326,0.17530213262641298,1.7648091182070578,0.38192266148369614,-0.7298280619587201,0,1,0,1,1,2
0,1,-0.7078674778607502,-0.6742365466459659,-1.0968743889642463,1.0070502643874932,-0.6723845392828413,0.2370089935674208,0.7183950829150397,-0.9603289765600365,0.20759991853489304,-0.013314707284111467,1.2488289140936326,-0.45540445323600787,2.878186154026377,0.7375243519228055,-0.018447187823741776,0,1,1,1,0,2
1,2,0.7724390579088053,1.1176003177905176,0.5722405597611876,-0.5542314101429997,2.3065169279709266,1.185535482610572,-0.2672578598616575,-0.0761317825645646,-0.5777209161513882,-0.013314707284111467,1.2488289140936326,-0.45540445323600787,-0.4619449534315806,1.804329423240135,1.4043145604462148,0,1,1,1,2,2
0,1,-1.8028887508957647,-1.6095360088518218,-2.0351342713838694,-0.5542314101429997,-0.5714048285284764,-0.19880047437132284,-1.7457372740267034,-0.9603289765600365,-1.3630417508376695,-0.7279906171826318,-1.5285218399824647,-1.0861110390984288,-1.0186334713412402,0.9153251971423606,-0.7298280619587201,0,2,0,1,1,1
1,4,-0.28202587168046694,-0.487176654204794,-0.0005917895055293878,1.0070502643874932,0.3374125682608089,0.39082409989874284,-0.7600843312500061,-1.8445261705555083,-0.5777209161513882,0.7013612026144089,-0.13984646294441605,0.17530213262641298,0.09474356447807901,0.2930222388739182,1.4043145604462148,0,2,1,1,0,1
1,1,-0.2211913565118545,-0.5757839716769284,-0.19812018580439741,-0.5542314101429997,0.3374125682608089,0.07037596170848937,1.2112215543033884,0.8080654114309073,0.9929207532211743,-0.013314707284111467,-1.5285218399824647,1.4367153043512546,1.2081206002973983,0.7375243519228055,-0.7298280619587201,0,1,0,1,2,2
1,1,0.15395482036125147,0.44812280800106263,0.9080388334692637,-0.5542314101429997,0.2869227128836261,0.2370089935674208,-0.2672578598616575,-0.0761317825645646,-0.5777209161513882,-0.7279906171826318,-0.13984646294441605,-0.45540445323600787,0.6514320823877386,-0.4181811420043013,1.4043145604462148,1,1,1,1,0,2
1,4,-1.6710806346971057,-0.871141696584041,-1.1660093276688503,1.0070502643874932,-2.035610634466769,-1.9420383461263029,-0.2672578598616575,0.8080654114309073,-0.5777209161513882,-1.4426665270811523,-1.5285218399824647,0.17530213262641298,-1.0186334713412402,0.8264247745325835,1.4043145604462148,0,1,1,1,1,2
1,3,-0.423973073740562,-0.44779562421717845,-0.08947956784001915,-0.5542314101429997,0.7413314112782688,0.6087288338681156,-0.7600843312500061,-0.0761317825645646,0.20759991853489304,0.7013612026144089,-0.13984646294441605,0.17530213262641298,0.09474356447807901,-1.396085790711853,1.0486241233787257,0,1,0,1,2,2
1,3,0.07284213346976885,0.26106291555989075,-0.5437948793274164,-0.5542314101429997,-1.2782628038090316,-2.275304409844166,-0.2672578598616575,-0.0761317825645646,0.9929207532211743,-0.013314707284111467,-0.13984646294441605,0.8060087184888338,0.09474356447807901,-0.6848824098336335,-0.7298280619587201,1,0,1,1,0,2
0,1,-1.5798288619441878,-1.6390717813425335,-0.9190988322952653,2.568331938917986,-0.8743439607915715,-0.5192486125615763,0.7183950829150397,-0.9603289765600365,0.9929207532211743,0.7013612026144089,-0.13984646294441605,0.17530213262641298,-1.5753219892508998,-0.8626832550531885,1.0486241233787257,0,1,0,1,0,2
1,1,-0.08938324031319639,-0.24104521678220017,0.11792524827379171,-0.5542314101429997,0.034473435997713554,-0.4295231338683068,1.2112215543033884,1.6922626054263792,0.9929207532211743,0.7013612026144089,-0.13984646294441605,1.4367153043512546,-1.0186334713412402,1.804329423240135,0.3372432492437474,0,1,1,1,1,2
1,0,0.2553456789756043,-0.1918189292976814,-0.0005917895055293878,-0.5542314101429997,0.3374125682608089,-0.8653326018070505,-1.7457372740267034,0.8080654114309073,-1.3630417508376695,0.7013612026144089,1.2488289140936326,-1.0861110390984288,-1.0186334713412402,0.20412181626414108,-1.4412089360936984,0,1,0,1,1,2
0,3,-1.9346968670944238,-1.7867506437960898,-1.5314368608217566,1.0070502643874932,0.8423111220326339,1.0701741528620798,0.7183950829150397,-1.8445261705555083,0.20759991853489304,1.4160371125129294,-1.5285218399824647,0.17530213262641298,1.2081206002973983,0.8264247745325835,-1.4412089360936984,0,0,2,1,1,2
1,2,-0.2110522706504194,1.1077550602936144,0.6117462390209617,-0.5542314101429997,-0.2684656962653813,-0.8653326018070505,0.7183950829150397,-1.8445261705555083,0.9929207532211743,1.4160371125129294,-1.5285218399824647,0.17530213262641298,1.2081206002973983,-0.9515836776629657,-0.7298280619587201,0,2,1,1,2,2
1,3,-0.44425124546343214,-0.15243789931006582,-0.5042892000676422,1.0070502643874932,-1.0763033823003014,-0.40388728281308617,0.7183950829150397,-0.9603289765600365,0.9929207532211743,1.4160371125129294,-0.13984646294441605,0.8060087184888338,0.6514320823877386,-0.32928071939452414,-0.018447187823741776,1,0,2,0,0,2
1,2,1.2895324368420062,1.5015653601697647,0.9376680929140937,-0.5542314101429997,1.4481893865588242,0.621546759395725,1.2112215543033884,1.6922626054263792,0.9929207532211743,0.7013612026144089,-0.13984646294441605,0.17530213262641298,1.2081206002973983,-0.32928071939452414,-0.7298280619587201,0,2,2,1,2,2
1,1,1.7559303864680318,0.8813141378648284,1.0759379703233019,-0.5542314101429997,-1.6316917914493092,-2.1983968566785057,0.22556861152669114,1.6922626054263792,0.20759991853489304,0.7013612026144089,1.2488289140936326,-0.45540445323600787,-0.4619449534315806,-0.7737828324434114,-0.3741376248912309,0,0,2,1,1,2
1,2,1.5024532399321489,1.2357434077533629,1.2833427864371127,-0.5542314101429997,-0.5209149731512939,-1.6728619100464899,-1.2529108026383546,1.6922626054263792,-1.3630417508376695,1.4160371125129294,1.2488289140936326,-1.0861110390984288,0.09474356447807901,-1.8405879037607402,1.4043145604462148,1,2,2,1,1,2
1,1,0.2553456789756043,-0.3296525342543345,0.12780166808873455,1.0070502643874932,-0.3189555516425639,-0.18598254884371343,1.2112215543033884,-0.0761317825645646,0.9929207532211743,-1.4426665270811523,1.2488289140936326,0.8060087184888338,0.6514320823877386,1.0042256197521378,-0.018447187823741776,1,0,2,1,0,2
0,4,1.0664725478904304,0.7828615628957908,1.4611183431060937,-0.5542314101429997,0.8423111220326339,0.45491372753679354,-0.2672578598616575,0.8080654114309073,-0.5777209161513882,-1.4426665270811523,1.2488289140936326,-1.7168176249608496,-1.0186334713412402,-0.06257945156519114,-1.4412089360936984,1,2,1,1,1,2
1,1,-0.799119250613668,-1.6784528113301485,-1.1067508087791897,-0.5542314101429997,-0.823854105414389,-0.08343914462283268,-1.2529108026383546,-0.0761317825645646,-1.3630417508376695,-0.013314707284111467,-0.13984646294441605,0.17530213262641298,-0.4619449534315806,-0.2403802967847462,0.6929336863112365,1,2,1,1,2,2
0,1,1.7559303864680318,1.2357434077533629,1.8561751357038296,-0.5542314101429997,-0.06650627475665133,-0.4936127615063575,1.2112215543033884,1.6922626054263792,0.9929207532211743,-0.7279906171826318,1.2488289140936326,0.8060087184888338,2.3214976361167174,0.4708230840934733,1.0486241233787257,0,2,1,1,1,2
0,4,0.13367664863838127,0.595801670454619,0.019161050124357693,-0.5542314101429997,0.08496329137489633,-0.7884250486413904,-0.2672578598616575,-1.8445261705555083,-1.3630417508376695,-1.4426665270811523,-0.13984646294441605,-1.0861110390984288,-1.0186334713412402,1.626528578020581,1.4043145604462148,0,1,2,1,1,2
0,0,-0.5861984475235263,-0.5068671691986019,-0.19812018580439741,1.0070502643874932,1.2462299650500939,-0.35261558070264487,-1.2529108026383546,-0.0761317825645646,-1.3630417508376695,-0.7279906171826318,-0.13984646294441605,-1.0861110390984288,-0.4619449534315806,-1.396085790711853,-0.3741376248912309,0,0,2,0,1,1
1,1,-1.1134309123181634,-0.6447007741552535,-0.07960314802507631,-0.5542314101429997,0.23643285750644377,0.5061854296472348,1.2112215543033884,-0.9603289765600365,0.9929207532211743,-0.013314707284111467,-0.13984646294441605,0.17530213262641298,0.6514320823877386,-0.2403802967847462,-0.3741376248912309,0,2,1,1,0,2
0,0,0.600074598264405,0.1921461130815656,0.9179152532842066,1.0070502643874932,-0.6218946839056589,-1.1345090378868636,-0.7600843312500061,0.8080654114309073,-0.5777209161513882,-1.4426665270811523,-0.13984646294441605,0.17530213262641298,-0.4619449534315806,0.20412181626414108,-1.7968993731611875,0,2,2,1,1,2
0,3,0.9650816892760776,1.1865171202688443,1.1845785882876787,-0.5542314101429997,0.5898618451467215,0.45491372753679354,0.22556861152669114,-0.9603289765600365,-0.5777209161513882,1.4160371125129294,1.2488289140936326,-0.45540445323600787,-1.0186334713412402,0.38192266148369614,-0.018447187823741776,0,2,1,1,2,2
0,1,-0.04882689686745417,-0.3788788217388533,0.7203868569853386,-0.5542314101429997,0.8928009774098163,0.2882806956778621,0.7183950829150397,-0.9603289765600365,0.9929207532211743,-0.013314707284111467,1.2488289140936326,1.4367153043512546,0.09474356447807901,0.5597235067032504,1.0486241233787257,0,2,2,1,0,2
1,1,-0.819397422336539,-0.38872407923575647,-0.3857721622883212,4.1296136134484795,-0.21797584088819877,1.2496251102486227,-0.2672578598616575,0.8080654114309073,-0.5777209161513882,1.4160371125129294,-0.13984646294441605,-1.0861110390984288,-0.4619449534315806,1.626528578020581,1.4043145604462148,1,0,0,1,2,2
0,1,0.17423299208412169,-0.4084145942295643,0.0685431491990747,-0.5542314101429997,-1.7831613575808567,-1.7497694632121508,-1.2529108026383546,-0.0761317825645646,-1.3630417508376695,-0.013314707284111467,-0.13984646294441605,-1.0861110390984288,-1.0186334713412402,-0.5070815646140784,-1.0855184990262092,0,2,1,1,2,2
0,1,0.9245253458303354,1.3145054677285928,0.9574209325439808,-0.5542314101429997,0.2869227128836261,0.4292778764815729,1.2112215543033884,1.6922626054263792,0.9929207532211743,-0.013314707284111467,-0.13984646294441605,0.8060087184888338,-1.0186334713412402,1.1820264649716936,-0.018447187823741776,1,0,1,1,2,2
1,4,0.12353756277694616,0.054312508124912465,0.8389038947646597,1.0070502643874932,0.5898618451467215,-0.544884463616797,-0.7600843312500061,-0.0761317825645646,-1.3630417508376695,0.7013612026144089,-1.5285218399824647,-1.7168176249608496,-0.4619449534315806,0.38192266148369614,-1.4412089360936984,0,2,1,0,0,1
0,1,-0.38341673029482065,-2.003346308727972,-0.7907053747010014,-0.5542314101429997,-0.7228743946600239,-0.9678760060279312,0.7183950829150397,0.8080654114309073,0.9929207532211743,0.7013612026144089,-1.5285218399824647,0.8060087184888338,0.6514320823877386,-1.396085790711853,0.6929336863112365,1,1,1,0,2,2
1,1,0.630491855848712,-0.3591883067450455,1.095690809953189,-0.5542314101429997,-1.6316917914493092,-1.8779487184882522,-0.7600843312500061,-0.0761317825645646,-0.5777209161513882,-0.7279906171826318,-0.13984646294441605,-1.0861110390984288,-0.4619449534315806,-0.2403802967847462,1.0486241233787257,0,0,1,1,0,2
0,3,-1.0525963971495509,-0.5856292291738315,-1.07712154933436,1.0070502643874932,-0.7733642500372064,-0.583338240199627,-0.2672578598616575,-0.0761317825645646,0.9929207532211743,-1.4426665270811523,-0.13984646294441605,1.4367153043512546,-0.4619449534315806,0.38192266148369614,0.3372432492437474,0,0,2,1,2,2
1,1,0.4479883103428766,0.25121765806298757,-0.23762586506417016,-0.5542314101429997,0.6403517005239038,-0.27570802753698476,0.22556861152669114,-0.9603289765600365,0.20759991853489304,-0.013314707284111467,1.2488289140936326,0.8060087184888338,0.09474356447807901,0.026320971044586007,-1.7968993731611875,0,1,1,0,1,2
1,2,0.6609091134330174,0.005086220640393692,-0.3462664830285484,-0.5542314101429997,-0.06650627475665133,0.006286334070438663,-0.2672578598616575,-0.0761317825645646,-0.5777209161513882,1.4160371125129294,-0.13984646294441605,-1.0861110390984288,-0.4619449534315806,1.093126042361915,-0.018447187823741776,0,1,1,1,2,2
0,3,0.5088228255114873,0.4973490954855814,-0.29688438395383143,-0.5542314101429997,-0.8743439607915715,-1.826677016377811,-0.2672578598616575,-0.0761317825645646,-0.5777209161513882,-0.7279906171826318,-0.13984646294441605,0.17530213262641298,-1.0186334713412402,-1.484986213321631,0.6929336863112365,1,2,0,0,2,2
1,3,1.4112014671792312,1.7772325700830696,1.3821069845865468,-0.5542314101429997,0.7413314112782688,1.8264317589910788,1.2112215543033884,0.8080654114309073,0.9929207532211743,-0.7279906171826318,1.2488289140936326,0.8060087184888338,-1.0186334713412402,-0.32928071939452414,-0.7298280619587201,0,2,1,1,2,2
1,1,0.7217436286016298,1.0979098027967098,0.7598925362451128,-0.5542314101429997,1.852108229576284,1.339350588941894,0.22556861152669114,-0.0761317825645646,-0.5777209161513882,0.7013612026144089,-0.13984646294441605,-1.0861110390984288,-0.4619449534315806,0.4708230840934733,1.4043145604462148,0,1,0,1,1,2
1,2,0.7420218003245,1.1471360902812286,1.0858143901382447,-0.5542314101429997,-0.7733642500372064,-0.814060899696611,0.7183950829150397,-0.0761317825645646,0.9929207532211743,-0.013314707284111467,1.2488289140936326,1.4367153043512546,-0.4619449534315806,1.0042256197521378,-0.018447187823741776,0,1,1,1,1,2
1,2,0.6913263710173226,1.265279180244074,-0.32651364339866135,-0.5542314101429997,2.3570067833481088,3.492762077580397,0.7183950829150397,1.6922626054263792,0.9929207532211743,1.4160371125129294,1.2488289140936326,-0.45540445323600787,1.2081206002973983,0.4708230840934733,0.6929336863112365,0,0,1,1,2,2
0,4,-1.072874568872422,-0.5856292291738315,-0.6030533982170763,-0.5542314101429997,-0.3189555516425639,-0.4167052083406956,-0.2672578598616575,-1.8445261705555083,-0.5777209161513882,-0.013314707284111467,-0.13984646294441605,-0.45540445323600787,-0.4619449534315806,1.093126042361915,0.6929336863112365,0,1,1,1,0,2
0,2,0.6507700275715823,1.1668266052750365,-0.08947956784001915,-0.5542314101429997,-1.4297323699405788,-1.4036854739666766,1.2112215543033884,0.8080654114309073,0.9929207532211743,1.4160371125129294,1.2488289140936326,1.4367153043512546,1.2081206002973983,-0.2403802967847462,-0.018447187823741776,0,2,0,1,2,2
1,2,-1.1235699981795984,-1.1074278765097303,-0.1487380867296804,-0.5542314101429997,1.0442705435413637,1.6597987271321475,-1.7457372740267034,-0.0761317825645646,-2.1483625855239508,0.7013612026144089,-0.13984646294441605,-1.7168176249608496,-0.4619449534315806,0.7375243519228055,0.3372432492437474,0,0,1,1,1,1
0,1,-0.6977283919993151,-0.8219154090995222,-0.3857721622883212,-0.5542314101429997,-0.41993526239692874,-0.5320665380891876,-0.2672578598616575,0.8080654114309073,-0.5777209161513882,-1.4426665270811523,-0.13984646294441605,-0.45540445323600787,-0.4619449534315806,1.359827310191248,0.6929336863112365,0,0,1,1,2,2
1,2,-0.41383398787912595,0.23152714306917976,-0.3956485821032654,-0.5542314101429997,-0.11699613013383389,0.19855521698459075,0.22556861152669114,-0.0761317825645646,0.9929207532211743,-0.7279906171826318,-0.13984646294441605,1.4367153043512546,0.09474356447807901,-0.9515836776629657,0.3372432492437474,0,0,1,1,0,2
0,0,0.17423299208412169,0.3792060055227361,0.24631870586805563,-0.5542314101429997,-0.8743439607915715,-0.17316462331610402,0.22556861152669114,-0.0761317825645646,0.20759991853489304,-0.7279906171826318,-0.13984646294441605,0.8060087184888338,-1.0186334713412402,-0.06257945156519114,-0.018447187823741776,0,1,2,0,0,2
1,2,-0.008270553421713765,0.2905986880506031,0.5327348805014148,-0.5542314101429997,-0.6723845392828413,0.890723195475539,0.22556861152669114,-0.0761317825645646,-0.5777209161513882,1.4160371125129294,-0.13984646294441605,-0.45540445323600787,-1.0186334713412402,-0.8626832550531885,-1.7968993731611875,0,2,1,1,0,2
1,2,0.6102136841258401,1.0880645452998066,1.0561851306934147,-0.5542314101429997,0.5393719897695386,0.21137314251220016,0.22556861152669114,0.8080654114309073,0.20759991853489304,-1.4426665270811523,-0.13984646294441605,-0.45540445323600787,-1.0186334713412402,0.6486239293130284,1.4043145604462148,0,2,1,1,2,2
1,1,-0.5152248464934797,-0.1819736718007782,-0.7314468558113402,-0.5542314101429997,-0.41993526239692874,-0.9550580805003218,-0.2672578598616575,-0.9603289765600365,0.20759991853489304,-0.013314707284111467,-0.13984646294441605,-0.45540445323600787,-0.4619449534315806,1.804329423240135,-0.3741376248912309,0,2,0,1,0,2
0,2,0.4479883103428766,-0.053985324341028276,0.7203868569853386,-0.5542314101429997,1.0947603989185466,0.5446392062300649,0.22556861152669114,-0.9603289765600365,0.20759991853489304,1.4160371125129294,-0.13984646294441605,0.8060087184888338,1.7648091182070578,0.11522139365436314,1.4043145604462148,0,2,1,1,2,2
0,1,0.08298121933120396,-0.33949779175123773,-0.30676080376877424,-0.5542314101429997,0.48888213439235634,0.10882973829131941,1.2112215543033884,0.8080654114309073,0.9929207532211743,-0.013314707284111467,-0.13984646294441605,0.8060087184888338,2.3214976361167174,-0.06257945156519114,-1.7968993731611875,0,0,1,1,2,2
0,1,0.5493791689572295,1.0191477428214801,0.8784095740244339,1.0070502643874932,2.0540676510850138,2.441692184316365,0.7183950829150397,-0.0761317825645646,0.9929207532211743,-0.013314707284111467,-0.13984646294441605,0.17530213262641298,-1.0186334713412402,0.5597235067032504,0.6929336863112365,0,2,1,1,2,2
1,2,0.7825781437702404,1.1176003177905176,0.9080388334692637,-0.5542314101429997,-1.0763033823003014,-0.8012429741689998,0.7183950829150397,-0.9603289765600365,0.9929207532211743,-1.4426665270811523,-0.13984646294441605,0.8060087184888338,1.7648091182070578,0.11522139365436314,-0.7298280619587201,0,2,2,1,2,2
0,1,-0.5050857606320446,-0.6151650016645426,-0.3758957424733783,-0.5542314101429997,-1.4297323699405788,-1.2370524421077453,-0.2672578598616575,-0.0761317825645646,0.20759991853489304,-0.7279906171826318,1.2488289140936326,0.17530213262641298,-1.0186334713412402,1.2709268875814708,-1.7968993731611875,0,2,2,1,0,2
0,0,-0.35299947271051446,0.851778365374116,-0.8005817945159442,-0.5542314101429997,0.5393719897695386,1.3137147378866734,-1.7457372740267034,-1.8445261705555083,-2.1483625855239508,-0.7279906171826318,1.2488289140936326,-0.45540445323600787,-0.4619449534315806,-0.15147987417496905,1.4043145604462148,0,2,2,1,2,2
1,2,1.4720359823478435,0.9896119703307691,-0.05985030839518923,-0.5542314101429997,-0.6218946839056589,0.14728351487414948,1.2112215543033884,1.6922626054263792,0.9929207532211743,0.7013612026144089,1.2488289140936326,0.8060087184888338,-1.0186334713412402,1.804329423240135,1.0486241233787257,0,1,0,1,2,2
1,4,1.7559303864680318,1.5212558751635723,0.9080388334692637,-0.5542314101429997,1.5996589526903715,1.787977982408249,1.2112215543033884,0.8080654114309073,0.9929207532211743,-0.7279906171826318,1.2488289140936326,0.17530213262641298,-0.4619449534315806,-0.5070815646140784,-1.4412089360936984,0,2,2,1,2,2
0,2,-2.13747858432313,-1.1861899364849606,-2.1042692100884737,-0.5542314101429997,0.13545314675207865,-0.9935118570831518,-2.238563745415052,-0.9603289765600365,-2.1483625855239508,-1.4426665270811523,-1.5285218399824647,-1.0861110390984288,0.09474356447807901,0.20412181626414108,-0.3741376248912309,0,2,1,1,2,1
1,2,1.654539527853679,1.3440412402193038,0.5031056210565849,-0.5542314101429997,0.034473435997713554,-0.5192486125615763,-0.7600843312500061,0.8080654114309073,-0.5777209161513882,1.4160371125129294,1.2488289140936326,-0.45540445323600787,0.09474356447807901,-0.06257945156519114,-0.3741376248912309,1,0,2,1,2,2
1,3,-0.008270553421713765,0.23152714306917976,0.27594796531288557,1.0070502643874932,0.43839227901517397,-0.6089740912548477,-1.2529108026383546,-0.0761317825645646,-1.3630417508376695,0.7013612026144089,1.2488289140936326,-1.0861110390984288,-1.0186334713412402,0.20412181626414108,0.6929336863112365,0,2,1,0,1,1
1,4,-0.7382847354450565,-1.0188205590375974,-0.13886166691473614,-0.5542314101429997,1.1452502542957288,0.8650873444203184,-0.2672578598616575,-0.9603289765600365,0.20759991853489304,1.4160371125129294,-0.13984646294441605,1.4367153043512546,-0.4619449534315806,0.5597235067032504,-0.018447187823741776,0,2,1,0,0,2
1,0,-0.3732776444333846,-0.2508904742791034,0.07841956901401753,-0.5542314101429997,0.08496329137489633,-0.28852595306459417,0.22556861152669114,0.8080654114309073,0.9929207532211743,1.4160371125129294,-0.13984646294441605,0.17530213262641298,0.09474356447807901,0.4708230840934733,-1.7968993731611875,0,2,1,1,1,2
1,1,0.5088228255114873,0.9994572278276723,0.5327348805014148,-0.5542314101429997,0.5393719897695386,0.7497260146718264,1.2112215543033884,-0.9603289765600365,0.9929207532211743,0.7013612026144089,-0.13984646294441605,1.4367153043512546,0.09474356447807901,-0.8626832550531885,-0.3741376248912309,1,2,1,1,1,2
0,3,-2.076644069154519,-2.407001866101026,-1.3635377239677184,1.0070502643874932,-0.41993526239692874,0.890723195475539,-0.7600843312500061,-1.8445261705555083,-1.3630417508376695,0.7013612026144089,-1.5285218399824647,-1.7168176249608496,-0.4619449534315806,0.20412181626414108,1.4043145604462148,1,2,1,1,1,1
1,3,0.4479883103428766,-0.15243789931006582,0.05866672938413186,-0.5542314101429997,0.18594300212926143,0.2626448446226414,1.2112215543033884,0.8080654114309073,0.9929207532211743,-0.7279906171826318,-0.13984646294441605,0.17530213262641298,2.3214976361167174,-2.6406917072487377,0.3372432492437474,0,2,2,1,0,2
1,4,0.2553456789756043,0.4284322930072548,-0.6919411765515674,-0.5542314101429997,0.3374125682608089,0.4164599509539635,1.2112215543033884,1.6922626054263792,0.9929207532211743,-0.7279906171826318,-1.5285218399824647,1.4367153043512546,-0.4619449534315806,-0.06257945156519114,-1.4412089360936984,0,2,1,1,1,2
0,2,0.7521608861859351,0.3201344605413141,0.09817240864390461,-0.5542314101429997,-2.035610634466769,-0.8525146762794411,-1.7457372740267034,1.6922626054263792,-1.3630417508376695,1.4160371125129294,-0.13984646294441605,-2.3475242108232703,0.09474356447807901,-0.15147987417496905,1.4043145604462148,0,1,1,1,0,2
0,2,-2.370677559136143,-2.2790135186412774,-2.2326626676827375,1.0070502643874932,-2.035610634466769,-1.0063297826107631,0.22556861152669114,0.8080654114309073,0.9929207532211743,0.7013612026144089,-1.5285218399824647,0.8060087184888338,1.2081206002973983,0.4708230840934733,0.6929336863112365,0,2,1,1,1,2
1,1,0.6507700275715823,0.8714688803679238,0.7203868569853386,1.0070502643874932,1.2462299650500939,0.7497260146718264,-0.2672578598616575,1.6922626054263792,0.20759991853489304,-0.013314707284111467,-0.13984646294441605,0.8060087184888338,0.09474356447807901,0.2930222388739182,1.4043145604462148,0,0,2,1,2,2
1,2,-1.7420542357271531,-1.7572148713053781,-0.9388516719251525,1.0070502643874932,0.6403517005239038,0.9163590465307578,-0.2672578598616575,-0.9603289765600365,0.20759991853489304,-0.7279906171826318,-0.13984646294441605,0.17530213262641298,1.2081206002973983,-2.6406917072487377,1.4043145604462148,0,1,2,1,0,2
0,3,-0.3428603868490793,-0.6053197441676393,-1.07712154933436,1.0070502643874932,-0.7228743946600239,-0.16034669778849278,1.2112215543033884,-1.8445261705555083,0.20759991853489304,-0.013314707284111467,-1.5285218399824647,0.8060087184888338,0.6514320823877386,-0.4181811420043013,-1.0855184990262092,0,2,0,1,0,2
0,0,-1.478438003329835,-1.0778921040190192,-0.8697167332205483,-0.5542314101429997,1.2462299650500939,1.8264317589910788,0.7183950829150397,-0.9603289765600365,0.20759991853489304,0.7013612026144089,-1.5285218399824647,-0.45540445323600787,-0.4619449534315806,-0.32928071939452414,1.0486241233787257,0,1,2,1,2,2
1,1,1.6241222702693718,2.3679480198972946,1.0759379703233019,-0.5542314101429997,1.3472096758044592,0.6856363870337757,0.7183950829150397,-0.0761317825645646,0.20759991853489304,-0.7279906171826318,1.2488289140936326,0.8060087184888338,3.4348746719360363,-0.8626832550531885,1.0486241233787257,0,2,1,1,2,2
1,3,-2.076644069154519,-1.9245842487527423,-1.3042792050780578,1.0070502643874932,-0.36944540701974643,-0.6089740912548477,0.7183950829150397,-0.0761317825645646,0.20759991853489304,1.4160371125129294,-1.5285218399824647,0.17530213262641298,0.09474356447807901,-0.06257945156519114,-1.7968993731611875,0,1,0,1,0,2
1,2,-0.25160861409616164,0.28075343055369856,-1.60057179952636,-0.5542314101429997,-1.8841410683352218,-2.4291195161754877,1.2112215543033884,-0.9603289765600365,0.9929207532211743,-1.4426665270811523,-0.13984646294441605,0.17530213262641298,2.878186154026377,-0.5959819872238563,-0.3741376248912309,0,0,1,1,0,2
0,1,1.5430095833778892,1.49172010267286,0.44384710216692363,-0.5542314101429997,-0.7228743946600239,-1.2498703676353546,1.2112215543033884,1.6922626054263792,0.9929207532211743,0.7013612026144089,1.2488289140936326,1.4367153043512546,1.2081206002973983,0.7375243519228055,-0.018447187823741776,0,0,1,1,1,2
1,2,1.137446148920478,0.2905986880506031,0.32533006438760254,-0.5542314101429997,-0.8743439607915715,-0.19880047437132284,-1.2529108026383546,-0.0761317825645646,-1.3630417508376695,0.7013612026144089,1.2488289140936326,-1.0861110390984288,0.6514320823877386,1.804329423240135,-1.4412089360936984,0,0,0,1,0,1
1,2,1.5328704975164542,0.7533257904050784,2.1722205697820187,-0.5542314101429997,0.08496329137489633,1.1470817060277418,-2.238563745415052,0.8080654114309073,-1.3630417508376695,0.7013612026144089,1.2488289140936326,-1.0861110390984288,-1.5753219892508998,0.6486239293130284,-0.7298280619587201,0,1,1,1,1,2
1,4,-2.13747858432313,-1.1861899364849606,-1.7289652571206244,1.0070502643874932,-0.3189555516425639,-0.5961561657272383,-2.238563745415052,-1.8445261705555083,-2.1483625855239508,1.4160371125129294,-1.5285218399824647,-2.3475242108232703,-1.0186334713412402,-0.5959819872238563,-0.018447187823741776,0,1,2,0,1,1
1,2,-0.7585629071679275,-0.9105227265716552,0.04879030956918762,1.0070502643874932,-0.823854105414389,-0.4167052083406956,0.7183950829150397,-0.9603289765600365,0.20759991853489304,-0.7279906171826318,-0.13984646294441605,0.17530213262641298,-0.4619449534315806,-0.2403802967847462,0.6929336863112365,1,1,1,1,1,2
1,1,0.4784055679271819,0.20199137057846878,0.27594796531288557,-0.5542314101429997,-1.1772830930546665,0.2754627701502509,0.7183950829150397,-0.0761317825645646,0.9929207532211743,1.4160371125129294,-0.13984646294441605,0.17530213262641298,1.7648091182070578,-0.9515836776629657,-0.3741376248912309,1,2,1,1,0,2
1,3,-1.2857953719625637,-1.353559313932324,-1.07712154933436,-0.5542314101429997,-0.36944540701974643,-1.1216911123592532,0.7183950829150397,-0.0761317825645646,0.9929207532211743,-1.4426665270811523,-1.5285218399824647,1.4367153043512546,1.7648091182070578,0.026320971044586007,0.3372432492437474,0,0,1,0,1,2
1,2,-2.3098430439675304,-2.407001866101026,-2.0746399506436437,-0.5542314101429997,-0.3189555516425639,-0.6089740912548477,0.22556861152669114,-0.9603289765600365,0.20759991853489304,-0.7279906171826318,-2.9171972170205134,0.17530213262641298,-0.4619449534315806,0.026320971044586007,1.0486241233787257,0,0,0,1,1,2
1,1,1.4821750682092787,0.9206951678524425,0.9574209325439808,-0.5542314101429997,-1.9851207790895866,-0.45515898492352563,0.7183950829150397,-0.9603289765600365,0.20759991853489304,0.7013612026144089,-0.13984646294441605,-0.45540445323600787,-0.4619449534315806,1.804329423240135,1.4043145604462148,0,0,0,1,2,2
1,1,0.2553456789756043,0.5268848679762924,-0.17836734617451033,-0.5542314101429997,-0.7228743946600239,-1.1729628144696946,0.22556861152669114,0.8080654114309073,-0.5777209161513882,-1.4426665270811523,-0.13984646294441605,-0.45540445323600787,-0.4619449534315806,-2.1072891715900735,1.4043145604462148,0,2,2,1,1,2
1,0,-1.3770471447154813,-0.5364029416893128,-1.3339084645228885,1.0070502643874932,-0.1674859855110162,0.1729193659293701,1.2112215543033884,-0.0761317825645646,0.9929207532211743,1.4160371125129294,-1.5285218399824647,1.4367153043512546,1.7648091182070578,-0.5959819872238563,1.4043145604462148,0,1,2,1,1,2
0,4,-0.40369490201769087,-0.7529986066211957,-1.1462564880389634,-0.5542314101429997,-1.934630923712404,-1.301142069745796,-1.7457372740267034,0.8080654114309073,-1.3630417508376695,-0.7279906171826318,-0.13984646294441605,-1.7168176249608496,-0.4619449534315806,0.9153251971423606,-1.7968993731611875,0,2,1,1,0,2
1,3,-1.7623324074500233,-2.407001866101026,-1.501807601376926,1.0070502643874932,-0.7733642500372064,-1.1216911123592532,1.2112215543033884,-0.0761317825645646,0.9929207532211743,1.4160371125129294,-1.5285218399824647,0.8060087184888338,1.2081206002973983,-0.5959819872238563,-1.4412089360936984,0,2,0,1,0,2
1,1,-0.14007866962037188,-0.11305686932245164,0.09817240864390461,1.0070502643874932,0.6403517005239038,0.6856363870337757,-0.2672578598616575,-0.9603289765600365,0.20759991853489304,-1.4426665270811523,-0.13984646294441605,0.17530213262641298,0.09474356447807901,-0.5959819872238563,0.6929336863112365,1,1,2,0,0,1
0,4,-0.46452941718630325,-0.5954744866707348,0.46359994179681074,-0.5542314101429997,1.2462299650500939,1.2880788868314526,0.7183950829150397,-0.9603289765600365,0.9929207532211743,-0.7279906171826318,-0.13984646294441605,-0.45540445323600787,0.09474356447807901,-0.6848824098336335,-1.4412089360936984,0,1,1,1,1,2
1,2,1.4112014671792312,1.7673873125861663,1.4018598242164337,-0.5542314101429997,0.6403517005239038,0.39082409989874284,0.7183950829150397,-0.0761317825645646,0.9929207532211743,-0.013314707284111467,1.2488289140936326,0.8060087184888338,-0.4619449534315806,-1.1293845228825208,-0.7298280619587201,0,1,2,1,1,2
1,2,-0.2414695282347265,-0.3493430492481409,-0.35614290284349126,-0.5542314101429997,-2.035610634466769,-2.1086713779852344,-0.2672578598616575,0.8080654114309073,0.20759991853489304,-0.013314707284111467,-0.13984646294441605,0.17530213262641298,0.6514320823877386,0.026320971044586007,1.4043145604462148,0,0,2,1,1,2
0,2,-1.6609415488356705,-1.333868798938517,-1.4623019221171525,1.0070502643874932,0.5393719897695386,0.006286334070438663,-1.2529108026383546,-1.8445261705555083,-1.3630417508376695,-0.013314707284111467,-1.5285218399824647,-2.3475242108232703,0.6514320823877386,1.804329423240135,-1.4412089360936984,1,0,1,0,0,1
0,4,1.7559303864680318,1.6984705101078397,1.3228484656968869,-0.5542314101429997,0.18594300212926143,-0.07062121909522144,0.7183950829150397,0.8080654114309073,0.20759991853489304,-1.4426665270811523,1.2488289140936326,0.17530213262641298,0.09474356447807901,1.448727732801025,1.0486241233787257,0,0,0,1,2,2
0,2,-0.423973073740562,-0.4084145942295643,0.25619512568299985,-0.5542314101429997,1.751128518821919,1.7751600568806376,-2.238563745415052,-0.0761317825645646,-2.1483625855239508,0.7013612026144089,-0.13984646294441605,-1.7168176249608496,-1.5753219892508998,-0.15147987417496905,-0.7298280619587201,0,2,1,0,2,2
1,1,-0.2718867858190318,-0.9400584990623662,-0.4351542613630382,-0.5542314101429997,-0.1674859855110162,-0.35261558070264487,0.7183950829150397,-0.9603289765600365,0.9929207532211743,0.7013612026144089,-0.13984646294441605,-0.45540445323600787,1.7648091182070578,0.8264247745325835,-1.7968993731611875,0,1,0,1,2,2
1,1,0.2452065931141692,-0.36903356424194866,0.07841956901401753,-0.5542314101429997,0.18594300212926143,0.044740110653268717,-1.7457372740267034,0.8080654114309073,-0.5777209161513882,-0.7279906171826318,-0.13984646294441605,-1.0861110390984288,-0.4619449534315806,-0.32928071939452414,1.0486241233787257,0,2,1,1,1,2
0,3,1.7559303864680318,1.5704821626480912,2.369748966080887,-0.5542314101429997,-0.1674859855110162,0.4292778764815729,0.22556861152669114,0.8080654114309073,0.20759991853489304,0.7013612026144089,1.2488289140936326,0.17530213262641298,-0.4619449534315806,0.2930222388739182,-1.4412089360936984,0,2,2,1,1,2
1,1,-0.03868781100601907,0.536730125473197,-1.175885747483794,-0.5542314101429997,-0.823854105414389,-0.4807948359787463,0.22556861152669114,-0.0761317825645646,0.9929207532211743,-0.7279906171826318,-0.13984646294441605,1.4367153043512546,0.09474356447807901,-0.2403802967847462,-0.7298280619587201,0,2,0,1,2,2
0,3,1.7559303864680318,1.4523390726852459,2.32036686700617,-0.5542314101429997,0.2869227128836261,-0.23725425095415473,1.2112215543033884,0.8080654114309073,0.9929207532211743,1.4160371125129294,1.2488289140936326,1.4367153043512546,-0.4619449534315806,0.11522139365436314,1.0486241233787257,1,2,1,1,2,2
0,4,-1.458159831606964,-1.7375243563115712,-0.9981101908148123,1.0070502643874932,0.034473435997713554,-0.8268788252242204,-1.7457372740267034,-0.0761317825645646,-1.3630417508376695,-1.4426665270811523,-1.5285218399824647,-0.45540445323600787,-0.4619449534315806,-0.5959819872238563,0.3372432492437474,1,2,2,1,0,2
0,3,-1.0120400537038106,-1.4323213739075547,-1.916617233604549,-0.5542314101429997,0.8928009774098163,0.7112722380889963,-0.2672578598616575,-0.9603289765600365,-0.5777209161513882,0.7013612026144089,-0.13984646294441605,-0.45540445323600787,3.4348746719360363,0.11522139365436314,1.4043145604462148,1,2,0,1,1,2
1,1,1.7559303864680318,2.131661839971604,2.4487603246004337,-0.5542314101429997,1.0947603989185466,2.544235588537246,0.22556861152669114,1.6922626054263792,0.20759991853489304,-0.013314707284111467,1.2488289140936326,-0.45540445323600787,0.09474356447807901,0.5597235067032504,-0.7298280619587201,0,0,1,1,0,2
1,1,-2.1780349277688718,-1.540619206373496,-1.9857521723091525,1.0070502643874932,-0.6723845392828413,0.08319388723609877,-1.2529108026383546,-1.8445261705555083,-1.3630417508376695,-1.4426665270811523,-1.5285218399824647,-0.45540445323600787,-0.4619449534315806,-0.9515836776629657,-1.0855184990262092,0,2,2,0,2,1
1,4,-0.36313855857194954,0.21183662807537199,-0.07960314802507631,-0.5542314101429997,-0.8743439607915715,-0.8525146762794411,1.2112215543033884,0.8080654114309073,0.9929207532211743,0.7013612026144089,-0.13984646294441605,0.8060087184888338,1.7648091182070578,0.4708230840934733,0.6929336863112365,1,1,0,0,0,2
1,1,0.052563961746898646,-0.487176654204794,0.5129820408715278,-0.5542314101429997,-1.2782628038090316,-2.0445817503471835,-1.2529108026383546,-0.9603289765600365,-0.5777209161513882,0.7013612026144089,-0.13984646294441605,-1.0861110390984288,-0.4619449534315806,1.0042256197521378,-0.3741376248912309,0,1,0,1,0,2
0,0,0.9650816892760776,0.9600761978400582,0.5327348805014148,-0.5542314101429997,-0.6723845392828413,0.08319388723609877,0.7183950829150397,0.8080654114309073,0.9929207532211743,-1.4426665270811523,-0.13984646294441605,0.17530213262641298,0.09474356447807901,-0.5959819872238563,1.0486241233787257,1,0,1,1,1,2
1,4,0.5088228255114873,0.7237900179143675,0.6611283380956787,-0.5542314101429997,-2.035610634466769,-0.9550580805003218,0.22556861152669114,-1.8445261705555083,0.20759991853489304,1.4160371125129294,-0.13984646294441605,1.4367153043512546,-1.5753219892508998,0.11522139365436314,0.3372432492437474,0,2,2,1,2,2
0,2,0.2452065931141692,0.6647184729329455,1.2240842675474528,-0.5542314101429997,0.5898618451467215,-1.2883241442181856,0.7183950829150397,-0.0761317825645646,0.20759991853489304,1.4160371125129294,1.2488289140936326,0.17530213262641298,-0.4619449534315806,0.38192266148369614,0.6929336863112365,0,2,0,1,2,2
1,1,-0.20091318478898432,0.36936074802583285,0.2166894464232257,-0.5542314101429997,2.0540676510850138,0.8138156423098771,-0.7600843312500061,1.6922626054263792,-0.5777209161513882,1.4160371125129294,1.2488289140936326,0.17530213262641298,-0.4619449534315806,0.11522139365436314,-0.018447187823741776,0,0,2,1,1,2
0,3,-1.2452390285168224,-1.0286658165345004,-1.9758757524942094,1.0070502643874932,-0.1674859855110162,1.1983534081381813,0.22556861152669114,0.8080654114309073,0.20759991853489304,1.4160371125129294,-1.5285218399824647,-0.45540445323600787,-0.4619449534315806,0.5597235067032504,0.3372432492437474,1,2,0,1,1,2
0,1,0.7116045427401947,0.9010046528586347,-0.1289852470997933,-0.5542314101429997,0.43839227901517397,0.5830929828128949,1.2112215543033884,1.6922626054263792,0.9929207532211743,-1.4426665270811523,1.2488289140936326,1.4367153043512546,1.7648091182070578,-0.7737828324434114,-1.0855184990262092,1,0,2,1,0,2
0,2,-0.25160861409616164,-0.3001167617636221,-0.8104582143308885,-0.5542314101429997,-1.328752659186214,-1.339595846328626,-2.238563745415052,-0.9603289765600365,-2.1483625855239508,1.4160371125129294,1.2488289140936326,-1.7168176249608496,-0.4619449534315806,0.7375243519228055,0.6929336863112365,0,2,0,0,1,1
1,4,1.7559303864680318,1.4228033001945348,2.517895263305038,-0.5542314101429997,-0.47042511777411133,-0.9294222294451011,0.7183950829150397,0.8080654114309073,0.20759991853489304,-1.4426665270811523,1.2488289140936326,0.17530213262641298,0.09474356447807901,1.359827310191248,-1.7968993731611875,0,2,1,1,1,2
0,1,1.4618968964864085,0.6253374429453299,1.8759279753337168,-0.5542314101429997,0.23643285750644377,0.3523703233159128,1.2112215543033884,0.8080654114309073,0.9929207532211743,-0.013314707284111467,1.2488289140936326,0.17530213262641298,-1.0186334713412402,1.1820264649716936,0.6929336863112365,0,2,0,1,0,2
0,4,0.15395482036125147,0.5859564129577157,0.46359994179681074,-0.5542314101429997,-0.823854105414389,-1.5062288781875575,1.2112215543033884,-0.9603289765600365,0.9929207532211743,1.4160371125129294,1.2488289140936326,1.4367153043512546,1.2081206002973983,0.2930222388739182,-0.7298280619587201,0,1,1,1,2,2
0,3,1.7559303864680318,2.4073290498849103,1.9746921734831508,-0.5542314101429997,-0.36944540701974643,0.24982691909503205,-0.7600843312500061,0.8080654114309073,0.20759991853489304,1.4160371125129294,1.2488289140936326,0.8060087184888338,-1.0186334713412402,0.8264247745325835,-0.018447187823741776,1,2,0,1,0,2
0,2,0.45812739620431175,0.08384828061562345,-0.3857721622883212,-0.5542314101429997,0.2869227128836261,-0.21161839989893408,1.2112215543033884,-0.0761317825645646,0.9929207532211743,-1.4426665270811523,1.2488289140936326,0.8060087184888338,0.09474356447807901,-0.06257945156519114,1.0486241233787257,0,1,0,1,1,2
0,1,-2.4416511601661894,-1.4323213739075547,-2.4005618045367756,1.0070502643874932,-0.9753236715459364,-1.5959543568808288,-1.2529108026383546,-1.8445261705555083,-1.3630417508376695,-1.4426665270811523,-0.13984646294441605,-1.7168176249608496,-1.0186334713412402,0.6486239293130284,0.6929336863112365,0,1,2,1,2,1
0,1,-0.08938324031319639,-0.014604294353414097,-0.06972672821013347,-0.5542314101429997,1.2462299650500939,1.6469808016045362,1.2112215543033884,0.8080654114309073,0.9929207532211743,0.7013612026144089,-0.13984646294441605,0.8060087184888338,0.09474356447807901,0.20412181626414108,0.3372432492437474,1,1,0,1,2,2
1,1,0.5899355124029698,0.6253374429453299,0.9870501919888107,-0.5542314101429997,-0.5209149731512939,-0.6089740912548477,0.22556861152669114,0.8080654114309073,0.9929207532211743,-0.013314707284111467,1.2488289140936326,1.4367153043512546,0.09474356447807901,1.804329423240135,0.3372432492437474,0,1,2,1,1,2
1,2,0.5696573406800997,1.0289930003183847,-0.6129298180320205,-0.5542314101429997,-0.21797584088819877,-0.27570802753698476,1.2112215543033884,1.6922626054263792,0.9929207532211743,-1.4426665270811523,1.2488289140936326,1.4367153043512546,-0.4619449534315806,0.7375243519228055,-0.3741376248912309,0,2,2,1,0,2
0,2,-0.36313855857194954,0.36936074802583285,0.8784095740244339,-0.5542314101429997,-0.41993526239692874,-1.1601448889420842,0.7183950829150397,-0.0761317825645646,0.20759991853489304,0.7013612026144089,-0.13984646294441605,-0.45540445323600787,1.7648091182070578,-0.06257945156519114,0.3372432492437474,1,1,2,1,2,2
1,3,-0.3428603868490793,-0.516712426695505,-0.5931769784021335,-0.5542314101429997,0.6908415559010865,0.7625439401994376,-0.7600843312500061,1.6922626054263792,-1.3630417508376695,-0.013314707284111467,1.2488289140936326,-1.7168176249608496,-1.0186334713412402,-1.8405879037607402,-0.7298280619587201,0,0,0,1,0,2
0,2,0.14381573449981636,-0.871141696584041,0.32533006438760254,1.0070502643874932,0.5393719897695386,0.2754627701502509,-0.2672578598616575,0.8080654114309073,-0.5777209161513882,0.7013612026144089,-0.13984646294441605,0.17530213262641298,-1.5753219892508998,-1.1293845228825208,-0.3741376248912309,1,2,2,1,2,2
0,2,1.7559303864680318,1.5114106176666677,1.8561751357038296,-0.5542314101429997,1.0442705435413637,0.9035411210031484,-1.2529108026383546,1.6922626054263792,-1.3630417508376695,0.7013612026144089,1.2488289140936326,-1.7168176249608496,-1.0186334713412402,0.6486239293130284,-0.018447187823741776,0,1,2,1,1,2
0,1,-2.401094816720448,-2.367620836113411,-1.8079766156401715,1.0070502643874932,-1.4802222253177615,-1.8394949419054212,0.7183950829150397,-1.8445261705555083,0.9929207532211743,-1.4426665270811523,-2.9171972170205134,0.8060087184888338,-1.0186334713412402,1.804329423240135,-0.7298280619587201,1,0,0,1,1,1
1,0,1.7559303864680318,1.9741377200211445,1.174702168472736,-0.5542314101429997,0.43839227901517397,0.7881797912546564,0.22556861152669114,-0.0761317825645646,0.20759991853489304,0.7013612026144089,1.2488289140936326,0.8060087184888338,-1.0186334713412402,0.2930222388739182,-0.018447187823741776,0,2,0,1,2,2
0,3,-0.2211913565118545,0.3201344605413141,0.07841956901401753,-0.5542314101429997,1.5491690973131889,0.6471826104509456,-0.2672578598616575,-0.0761317825645646,-1.3630417508376695,-0.7279906171826318,1.2488289140936326,-1.7168176249608496,-0.4619449534315806,0.9153251971423606,1.4043145604462148,0,0,1,1,1,2
0,4,-0.423973073740562,-0.9203679840685598,-0.6721883369216803,-0.5542314101429997,-1.227772948431849,-0.9422401549727124,-0.7600843312500061,-0.0761317825645646,-1.3630417508376695,1.4160371125129294,-0.13984646294441605,-1.7168176249608496,-0.4619449534315806,0.7375243519228055,1.4043145604462148,0,2,1,1,2,2
1,3,-0.799119250613668,-0.09336635432864385,-0.9981101908148123,1.0070502643874932,-0.06650627475665133,-1.0063297826107631,1.2112215543033884,-0.9603289765600365,0.9929207532211743,-1.4426665270811523,-1.5285218399824647,1.4367153043512546,-1.0186334713412402,1.804329423240135,-1.0855184990262092,1,2,1,1,1,1
1,1,-2.4213729884433195,-2.18056094367224,-2.3116740262022852,2.568331938917986,-1.8841410683352218,-1.5575005802979986,-0.2672578598616575,-1.8445261705555083,-0.5777209161513882,-1.4426665270811523,-1.5285218399824647,0.8060087184888338,1.2081206002973983,1.2709268875814708,-0.018447187823741776,0,2,0,1,0,1
0,2,0.4784055679271819,0.5465753829701002,0.15743092753356586,-0.5542314101429997,0.6403517005239038,-1.185780739997304,-0.7600843312500061,-0.0761317825645646,-1.3630417508376695,0.7013612026144089,-0.13984646294441605,-1.7168176249608496,-0.4619449534315806,-0.7737828324434114,0.6929336863112365,0,2,0,1,1,1
0,4,-1.5291334326370114,-1.7375243563115712,-1.3042792050780578,-0.5542314101429997,0.23643285750644377,1.5444373973836554,0.22556861152669114,-0.9603289765600365,0.20759991853489304,-1.4426665270811523,-0.13984646294441605,-0.45540445323600787,-0.4619449534315806,-0.6848824098336335,-0.7298280619587201,0,2,1,1,1,2
0,3,-0.02854872514458397,-0.034294809347221886,-0.2475022848791144,-0.5542314101429997,-1.732671502203674,-0.814060899696611,1.2112215543033884,-0.9603289765600365,0.9929207532211743,0.7013612026144089,-0.13984646294441605,0.8060087184888338,0.09474356447807901,-2.6406917072487377,0.6929336863112365,1,2,0,1,0,2
1,2,-0.9917618819809394,-0.6545460316521581,-1.0474922898895294,-0.5542314101429997,-1.8841410683352218,-0.7243354210033397,-2.238563745415052,-1.8445261705555083,-2.1483625855239508,-1.4426665270811523,-1.5285218399824647,-1.7168176249608496,-1.0186334713412402,0.8264247745325835,0.6929336863112365,0,1,0,1,2,1
1,4,-0.423973073740562,0.7828615628957908,-0.3956485821032654,-0.5542314101429997,-0.1674859855110162,-0.17316462331610402,0.7183950829150397,0.8080654114309073,0.9929207532211743,-0.013314707284111467,-0.13984646294441605,0.17530213262641298,2.3214976361167174,1.1820264649716936,-0.018447187823741776,0,1,0,1,2,2
0,4,0.995498946860383,0.733635275411272,0.3549593238324339,-0.5542314101429997,0.23643285750644377,0.044740110653268717,-1.2529108026383546,-0.0761317825645646,-1.3630417508376695,1.4160371125129294,-1.5285218399824647,-0.45540445323600787,0.09474356447807901,-2.1961895941998506,1.4043145604462148,0,1,2,1,2,2
1,0,0.03228579002402845,-0.5560934566831206,0.5031056210565849,-0.5542314101429997,-1.126793237677484,-0.4167052083406956,-2.238563745415052,-0.0761317825645646,-2.1483625855239508,-1.4426665270811523,-1.5285218399824647,-1.0861110390984288,-0.4619449534315806,-1.0404841002727436,-0.018447187823741776,0,1,0,1,2,2
1,2,-0.4746685030477384,-0.5757839716769284,-1.5511897004516428,1.0070502643874932,0.6908415559010865,-0.33979765517503546,-0.7600843312500061,-0.9603289765600365,-1.3630417508376695,-1.4426665270811523,-0.13984646294441605,-1.7168176249608496,-1.0186334713412402,-0.4181811420043013,-0.3741376248912309,0,2,2,1,0,1
1,1,0.346597451728522,-0.16228315680697042,0.5722405597611876,1.0070502643874932,-0.5209149731512939,-0.544884463616797,0.22556861152669114,0.8080654114309073,0.9929207532211743,0.7013612026144089,-0.13984646294441605,1.4367153043512546,-1.0186334713412402,0.6486239293130284,-0.018447187823741776,0,2,2,1,2,2
1,3,1.7559303864680318,1.9839829775180478,1.8759279753337168,-0.5542314101429997,-2.035610634466769,-1.6984977611017096,-0.7600843312500061,0.8080654114309073,-0.5777209161513882,-0.013314707284111467,-0.13984646294441605,0.17530213262641298,1.7648091182070578,0.20412181626414108,-1.0855184990262092,0,2,1,1,1,2
1,2,-0.2718867858190318,-0.13274738431625943,-0.3758957424733783,-0.5542314101429997,1.5491690973131889,1.5188015463284348,-1.2529108026383546,-0.9603289765600365,-1.3630417508376695,-1.4426665270811523,-0.13984646294441605,-1.0861110390984288,-1.0186334713412402,0.20412181626414108,-0.018447187823741776,0,2,2,1,0,2
0,1,0.5595182548186646,0.1724555980877578,-0.2475022848791144,-0.5542314101429997,0.7918212666554512,1.2496251102486227,0.7183950829150397,1.6922626054263792,0.9929207532211743,-0.7279906171826318,1.2488289140936326,0.8060087184888338,1.7648091182070578,1.093126042361915,-0.3741376248912309,0,1,2,1,0,2
0,0,0.052563961746898646,-0.8514511815902333,-0.17836734617451033,-0.5542314101429997,1.4986792419360064,0.7497260146718264,0.22556861152669114,1.6922626054263792,0.9929207532211743,-1.4426665270811523,-0.13984646294441605,0.17530213262641298,-0.4619449534315806,0.9153251971423606,-0.7298280619587201,0,0,1,1,1,2
0,4,0.18437207794555677,0.1626103405908532,0.10804882845884886,-0.5542314101429997,-0.47042511777411133,-0.3269797296474242,0.7183950829150397,-0.0761317825645646,0.9929207532211743,-0.013314707284111467,-0.13984646294441605,0.8060087184888338,1.7648091182070578,-0.7737828324434114,-0.3741376248912309,0,2,0,1,2,2
1,1,-0.5050857606320446,-0.7628438641180989,-1.2055150069286238,-0.5542314101429997,-0.41993526239692874,-0.7499712720585603,1.2112215543033884,-0.9603289765600365,0.9929207532211743,-0.7279906171826318,-0.13984646294441605,0.8060087184888338,-0.4619449534315806,-2.4628908620291825,-0.018447187823741776,0,2,2,1,2,2
1,2,-0.1907740989275492,-0.6643912891490613,-0.10923240746990623,-0.5542314101429997,0.9937806881641814,0.7625439401994376,-1.7457372740267034,-0.0761317825645646,-1.3630417508376695,0.7013612026144089,-0.13984646294441605,-1.0861110390984288,-1.0186334713412402,0.026320971044586007,1.0486241233787257,0,1,0,1,1,2
0,2,0.07284213346976885,0.1921461130815656,0.9574209325439808,1.0070502643874932,-1.8841410683352218,-1.6728619100464899,0.7183950829150397,-0.0761317825645646,0.20759991853489304,-0.7279906171826318,-0.13984646294441605,1.4367153043512546,-1.0186334713412402,1.0042256197521378,1.4043145604462148,0,0,0,1,1,2
0,3,-0.2414695282347265,-0.7628438641180989,-0.2771315443239443,-0.5542314101429997,-0.8743439607915715,0.5574571317576743,0.22556861152669114,1.6922626054263792,0.20759991853489304,0.7013612026144089,-0.13984646294441605,0.17530213262641298,0.09474356447807901,-1.8405879037607402,-0.3741376248912309,0,2,0,1,0,2
0,2,-0.8700928516437154,-0.9695942715530785,-0.3956485821032654,-0.5542314101429997,-0.5209149731512939,-0.9037863783898805,0.7183950829150397,0.8080654114309073,0.20759991853489304,-1.4426665270811523,-1.5285218399824647,0.17530213262641298,-1.0186334713412402,-0.9515836776629657,-0.018447187823741776,0,1,0,1,1,2
1,3,-1.6001070336670582,-1.4618571463982655,-1.8376058750850013,1.0070502643874932,-1.0763033823003014,-0.4423410593959162,1.2112215543033884,-0.0761317825645646,0.9929207532211743,-0.7279906171826318,-0.13984646294441605,0.8060087184888338,2.3214976361167174,0.4708230840934733,-1.0855184990262092,0,1,1,1,0,2
0,3,-0.799119250613668,-0.6447007741552535,0.3648357436473767,-0.5542314101429997,1.4481893865588242,1.4931656952732142,1.2112215543033884,-0.0761317825645646,0.9929207532211743,1.4160371125129294,-0.13984646294441605,0.8060087184888338,-0.4619449534315806,0.9153251971423606,-0.018447187823741776,0,2,0,1,2,2
1,4,1.0360552903061233,1.0289930003183847,0.40434142290715086,-0.5542314101429997,1.1957401096729117,0.7497260146718264,-1.2529108026383546,1.6922626054263792,-1.3630417508376695,-1.4426665270811523,1.2488289140936326,-0.45540445323600787,-0.4619449534315806,0.6486239293130284,0.3372432492437474,1,0,2,1,2,2
0,2,1.5937050126850665,1.5704821626480912,1.5993882205153018,-0.5542314101429997,0.5393719897695386,-1.1601448889420842,-0.7600843312500061,0.8080654114309073,-0.5777209161513882,-0.013314707284111467,1.2488289140936326,-0.45540445323600787,-0.4619449534315806,-0.5070815646140784,-1.4412089360936984,1,1,1,1,0,2
1,3,0.8231344872159826,0.15276508309395,0.996926611803755,-0.5542314101429997,-0.2684656962653813,0.890723195475539,1.2112215543033884,-0.0761317825645646,0.20759991853489304,1.4160371125129294,1.2488289140936326,-0.45540445323600787,0.09474356447807901,-1.3071853681020758,-0.018447187823741776,0,2,1,1,2,2
1,1,-1.093152740595292,-1.0286658165345004,-1.5116840211918694,-0.5542314101429997,-0.6723845392828413,-1.0832373357764231,-0.7600843312500061,-0.0761317825645646,-1.3630417508376695,-0.013314707284111467,-1.5285218399824647,-1.7168176249608496,0.09474356447807901,0.4708230840934733,-1.4412089360936984,0,0,1,1,2,2
1,4,-0.2617476999575967,0.36936074802583285,-0.6228062378469633,-0.5542314101429997,-1.5307120806949441,-1.0447835591935932,-0.2672578598616575,-0.0761317825645646,-0.5777209161513882,1.4160371125129294,-1.5285218399824647,0.8060087184888338,-0.4619449534315806,-1.0404841002727436,1.4043145604462148,1,2,1,1,1,2
1,4,0.3567365375899571,0.26106291555989075,0.49322920124164066,-0.5542314101429997,-0.01601641937946878,-0.5192486125615763,-1.7457372740267034,-0.0761317825645646,-1.3630417508376695,-0.7279906171826318,-0.13984646294441605,-0.45540445323600787,-1.5753219892508998,1.0042256197521378,-1.4412089360936984,0,2,2,1,2,2
1,1,-1.5189943467755764,-1.1664994214911528,-1.2450206861883972,-0.5542314101429997,0.5898618451467215,0.6087288338681156,-0.7600843312500061,-1.8445261705555083,-0.5777209161513882,-1.4426665270811523,-1.5285218399824647,-0.45540445323600787,0.6514320823877386,-0.06257945156519114,-1.0855184990262092,0,0,0,1,1,2
0,1,1.6342613561308088,1.8067683425737804,1.589511800700359,-0.5542314101429997,-0.21797584088819877,0.1729193659293701,0.22556861152669114,1.6922626054263792,0.20759991853489304,-1.4426665270811523,-0.13984646294441605,1.4367153043512546,1.7648091182070578,-1.2182849454922986,-1.0855184990262092,0,2,1,1,1,2
1,0,-1.1539872557639046,-1.3043330264478052,-0.8795931530354912,-0.5542314101429997,-0.6723845392828413,-0.6089740912548477,-1.7457372740267034,-1.8445261705555083,-2.1483625855239508,0.7013612026144089,-0.13984646294441605,-1.7168176249608496,-1.5753219892508998,-0.6848824098336335,-0.3741376248912309,0,0,1,1,1,2
1,3,1.0259162044446883,1.659089480120224,0.5524877201313019,-0.5542314101429997,1.0442705435413637,0.8266335678374883,-0.2672578598616575,-0.0761317825645646,-0.5777209161513882,1.4160371125129294,1.2488289140936326,0.17530213262641298,-0.4619449534315806,-0.2403802967847462,0.6929336863112365,0,1,0,1,1,2
1,3,-1.2857953719625637,-0.7333080916273879,-1.3042792050780578,1.0070502643874932,-0.5714048285284764,-0.6474278678376777,0.22556861152669114,-0.9603289765600365,0.20759991853489304,-0.7279906171826318,-0.13984646294441605,-0.45540445323600787,-0.4619449534315806,-0.8626832550531885,-0.018447187823741776,0,0,0,1,1,2
0,2,1.2185588358119606,1.206207635262652,0.7796453758749998,-0.5542314101429997,2.3065169279709266,0.9419948975859785,0.7183950829150397,0.8080654114309073,0.9929207532211743,-0.7279906171826318,1.2488289140936326,0.17530213262641298,0.6514320823877386,1.448727732801025,-1.4412089360936984,0,0,2,1,1,2
0,4,-0.03868781100601907,-0.15243789931006582,-0.5042892000676422,-0.5542314101429997,0.23643285750644377,0.929176972058369,-2.238563745415052,-0.9603289765600365,-0.5777209161513882,-0.7279906171826318,-0.13984646294441605,-1.0861110390984288,-0.4619449534315806,-0.32928071939452414,-1.7968993731611875,0,2,1,1,1,2
1,1,1.7559303864680318,0.8714688803679238,1.8462987158888868,-0.5542314101429997,0.7413314112782688,-0.2628901020093735,1.2112215543033884,1.6922626054263792,0.9929207532211743,-0.013314707284111467,1.2488289140936326,1.4367153043512546,-1.0186334713412402,-0.06257945156519114,-1.0855184990262092,0,2,2,1,2,2
0,4,0.7217436286016298,0.10353879560943123,0.15743092753356586,-0.5542314101429997,-1.5307120806949441,-1.865130792960642,1.2112215543033884,-0.0761317825645646,0.9929207532211743,1.4160371125129294,1.2488289140936326,0.8060087184888338,1.2081206002973983,-0.4181811420043013,-1.0855184990262092,0,2,1,1,1,2
1,1,-1.5392725184984466,-0.39856933673265965,-1.1660093276688503,1.0070502643874932,-0.47042511777411133,-0.6474278678376777,0.7183950829150397,0.8080654114309073,0.20759991853489304,-1.4426665270811523,-0.13984646294441605,-1.0861110390984288,0.6514320823877386,-2.0183887489802954,0.3372432492437474,0,1,1,1,2,2
1,3,1.2793933509805713,0.6745637304298487,0.6710047579106215,-0.5542314101429997,-0.47042511777411133,0.6984543125613869,-0.7600843312500061,0.8080654114309073,0.20759991853489304,-1.4426665270811523,-0.13984646294441605,0.17530213262641298,1.7648091182070578,-0.15147987417496905,-0.7298280619587201,1,2,2,1,1,2
1,1,0.41757105275856954,0.3792060055227361,0.3549593238324339,1.0070502643874932,1.9025980849534665,2.774958248034228,0.7183950829150397,-0.0761317825645646,0.20759991853489304,-0.013314707284111467,-0.13984646294441605,1.4367153043512546,1.2081206002973983,-0.6848824098336335,-0.3741376248912309,0,1,0,1,2,2
1,1,1.7559303864680318,1.0880645452998066,1.2043314279175659,-0.5542314101429997,0.5898618451467215,-0.006531591457170748,0.22556861152669114,0.8080654114309073,0.20759991853489304,0.7013612026144089,1.2488289140936326,0.17530213262641298,0.09474356447807901,-1.573886635931408,1.0486241233787257,0,0,1,1,0,2
1,3,1.0157771185832531,0.1330745681001422,-0.20799660561934025,-0.5542314101429997,-0.11699613013383389,0.019104259598048075,0.7183950829150397,0.8080654114309073,0.9929207532211743,0.7013612026144089,1.2488289140936326,0.8060087184888338,0.6514320823877386,0.9153251971423606,-1.0855184990262092,0,1,2,1,2,2
1,1,-0.04882689686745417,0.8320878503803096,-0.3166372235837185,2.568331938917986,1.3472096758044592,2.441692184316365,1.2112215543033884,0.8080654114309073,0.9929207532211743,-0.013314707284111467,-0.13984646294441605,0.17530213262641298,1.2081206002973983,0.11522139365436314,1.4043145604462148,1,1,2,0,1,2
0,1,-0.7281456495836213,-0.6053197441676393,-0.30676080376877424,-0.5542314101429997,-0.2684656962653813,0.3523703233159128,1.2112215543033884,-1.8445261705555083,0.9929207532211743,-1.4426665270811523,-0.13984646294441605,-0.45540445323600787,-1.0186334713412402,-0.5959819872238563,-0.3741376248912309,1,2,2,1,2,2
0,2,0.6913263710173226,1.0880645452998066,1.2339606873623956,-0.5542314101429997,0.2869227128836261,0.09601181276371,-0.2672578598616575,-0.9603289765600365,-0.5777209161513882,1.4160371125129294,-0.13984646294441605,-1.0861110390984288,-1.0186334713412402,-0.8626832550531885,-1.4412089360936984,0,0,0,1,1,2
0,2,-0.1299395837589368,-0.034294809347221886,0.8685331542094896,1.0070502643874932,-1.227772948431849,0.09601181276371,0.22556861152669114,-0.9603289765600365,0.20759991853489304,-0.013314707284111467,-0.13984646294441605,0.17530213262641298,0.09474356447807901,-0.6848824098336335,-0.7298280619587201,0,1,1,1,1,2
0,2,-0.5152248464934797,-0.36903356424194866,-0.6820647567366231,2.568331938917986,-1.4297323699405788,-2.1983968566785057,0.22556861152669114,-0.0761317825645646,0.20759991853489304,1.4160371125129294,-0.13984646294441605,0.8060087184888338,0.09474356447807901,-1.3071853681020758,-1.0855184990262092,0,1,2,1,0,2
1,1,-0.058965982728889275,0.41858703551035165,-0.44503068117798245,1.0070502643874932,0.43839227901517397,0.6343646849233362,-1.2529108026383546,-0.0761317825645646,-1.3630417508376695,1.4160371125129294,1.2488289140936326,-1.0861110390984288,-1.5753219892508998,-0.5070815646140784,0.6929336863112365,0,1,0,1,1,2
1,2,-0.9207882809508918,-0.71361757663358,-0.8203346341458314,-0.5542314101429997,-0.9753236715459364,-0.3013438785922054,1.2112215543033884,-0.9603289765600365,0.9929207532211743,-1.4426665270811523,-0.13984646294441605,0.8060087184888338,1.7648091182070578,-0.8626832550531885,-0.018447187823741776,0,1,2,0,0,2
0,4,1.3503669520106187,1.176671862771941,1.1253200693980188,-0.5542314101429997,-0.41993526239692874,0.6856363870337757,0.7183950829150397,1.6922626054263792,0.20759991853489304,0.7013612026144089,1.2488289140936326,-0.45540445323600787,0.09474356447807901,0.6486239293130284,-1.7968993731611875,0,0,1,1,2,2
1,0,0.6913263710173226,0.9305404253493471,0.2858243851278298,1.0070502643874932,0.13545314675207865,-0.5064306870339669,-0.2672578598616575,0.8080654114309073,-0.5777209161513882,1.4160371125129294,1.2488289140936326,0.8060087184888338,1.2081206002973983,-0.8626832550531885,-0.018447187823741776,0,0,1,1,1,2
0,4,0.04242487588546355,0.1330745681001422,-0.48453636043775516,-0.5542314101429997,-0.8743439607915715,0.10882973829131941,-1.7457372740267034,0.8080654114309073,-2.1483625855239508,-0.7279906171826318,-1.5285218399824647,-1.0861110390984288,0.09474356447807901,-1.573886635931408,-1.0855184990262092,0,1,1,1,0,1
0,3,1.0157771185832531,1.009302485324577,0.6018698192060189,-0.5542314101429997,1.1957401096729117,0.24982691909503205,0.7183950829150397,0.8080654114309073,0.20759991853489304,0.7013612026144089,-0.13984646294441605,0.17530213262641298,-1.5753219892508998,1.093126042361915,-0.018447187823741776,1,2,1,1,1,2
1,1,-0.3428603868490793,-0.0047590368565095026,-0.7511996954412273,-0.5542314101429997,-1.3792425145633966,-0.8525146762794411,1.2112215543033884,-0.0761317825645646,0.9929207532211743,-0.7279906171826318,-0.13984646294441605,1.4367153043512546,-0.4619449534315806,0.6486239293130284,-0.7298280619587201,1,2,1,1,2,2
1,2,-0.941066452673763,-1.4224761164106507,-0.3166372235837185,1.0070502643874932,1.0442705435413637,1.91615723768435,-2.238563745415052,-0.9603289765600365,-2.1483625855239508,-1.4426665270811523,-0.13984646294441605,-1.0861110390984288,0.09474356447807901,-0.15147987417496905,-1.0855184990262092,0,2,0,0,2,2
0,4,0.5493791689572295,0.8813141378648284,0.6512519182807359,-0.5542314101429997,0.13545314675207865,1.0317203762792497,-0.2672578598616575,1.6922626054263792,-0.5777209161513882,-0.013314707284111467,-0.13984646294441605,-1.0861110390984288,0.09474356447807901,-0.9515836776629657,-0.3741376248912309,0,0,2,1,0,2
0,1,1.3199496944263134,1.9249114325366257,2.014197852742925,-0.5542314101429997,1.1957401096729117,0.2754627701502509,0.7183950829150397,0.8080654114309073,0.9929207532211743,1.4160371125129294,1.2488289140936326,1.4367153043512546,0.6514320823877386,0.9153251971423606,-1.7968993731611875,0,0,1,1,0,2
0,3,-0.7484238213064915,-0.30996201926052674,-1.3339084645228885,1.0070502643874932,-2.035610634466769,-1.3908675484390665,-2.238563745415052,-1.8445261705555083,-1.3630417508376695,-1.4426665270811523,-1.5285218399824647,0.17530213262641298,0.09474356447807901,-0.4181811420043013,0.6929336863112365,0,1,2,1,1,1
1,2,-0.292164957541902,0.3102892030444095,-0.5536712991423592,-0.5542314101429997,-0.3189555516425639,-0.9550580805003218,0.22556861152669114,-0.0761317825645646,0.20759991853489304,-0.7279906171826318,-0.13984646294441605,1.4367153043512546,0.09474356447807901,1.804329423240135,1.0486241233787257,0,2,2,1,0,2
1,2,-0.8903710233665866,-0.44779562421717845,-0.1289852470997933,-0.5542314101429997,-0.11699613013383389,-0.12189292120566274,0.22556861152669114,-0.0761317825645646,0.9929207532211743,0.7013612026144089,-0.13984646294441605,0.8060087184888338,-0.4619449534315806,0.11522139365436314,-0.3741376248912309,0,2,1,1,1,2
1,0,-0.09952232617463148,-0.15243789931006582,-0.22774944524922733,-0.5542314101429997,0.18594300212926143,-0.9422401549727124,1.2112215543033884,-0.0761317825645646,0.9929207532211743,1.4160371125129294,-0.13984646294441605,1.4367153043512546,0.09474356447807901,-1.484986213321631,-0.018447187823741776,0,2,0,1,0,2
1,4,0.03228579002402845,-0.1721284143038736,0.5426113003163576,-0.5542314101429997,-0.21797584088819877,-0.019349516984781982,-1.7457372740267034,-0.0761317825645646,-2.1483625855239508,-0.013314707284111467,-0.13984646294441605,-2.3475242108232703,-0.4619449534315806,-0.5070815646140784,-1.7968993731611875,0,2,1,1,2,1
1,3,-0.2110522706504194,-0.08352109683174065,-0.1289852470997933,-0.5542314101429997,1.0442705435413637,1.2368071847210114,1.2112215543033884,-0.9603289765600365,0.9929207532211743,1.4160371125129294,-0.13984646294441605,0.8060087184888338,-0.4619449534315806,-0.8626832550531885,0.6929336863112365,0,0,1,1,2,2
1,2,-0.5760593616620912,-0.06383058183793287,0.019161050124357693,-0.5542314101429997,-1.1772830930546665,0.4933675041196236,-1.2529108026383546,-0.9603289765600365,-1.3630417508376695,1.4160371125129294,-0.13984646294441605,-1.0861110390984288,-0.4619449534315806,0.2930222388739182,1.0486241233787257,1,1,0,1,1,2
0,4,0.9549426034146425,0.9010046528586347,0.9574209325439808,1.0070502643874932,0.6908415559010865,-0.3782514317578655,1.2112215543033884,-0.9603289765600365,0.9929207532211743,-0.013314707284111467,-0.13984646294441605,0.17530213262641298,-1.0186334713412402,-1.1293845228825208,-1.0855184990262092,0,2,1,1,2,2
1,1,-0.819397422336539,-0.07367583933483607,-0.8302110539607742,1.0070502643874932,0.5393719897695386,0.5061854296472348,-0.7600843312500061,-0.0761317825645646,-0.5777209161513882,1.4160371125129294,-0.13984646294441605,-1.0861110390984288,-1.5753219892508998,0.7375243519228055,-0.018447187823741776,0,1,0,1,2,2
1,2,0.15395482036125147,-0.457640881714083,0.4142178427220937,1.0070502643874932,0.6908415559010865,-0.10907499567805332,-1.2529108026383546,0.8080654114309073,-0.5777209161513882,1.4160371125129294,-0.13984646294441605,-1.0861110390984288,-1.5753219892508998,-0.06257945156519114,-1.7968993731611875,0,2,2,1,1,2
1,0,0.9650816892760776,1.6000179351388022,0.6314990786508489,-0.5542314101429997,-0.3189555516425639,-0.14752877226088337,0.22556861152669114,-0.0761317825645646,0.20759991853489304,-0.7279906171826318,1.2488289140936326,0.8060087184888338,0.6514320823877386,1.804329423240135,-1.0855184990262092,0,2,2,1,1,2
1,2,0.3161801941442167,0.04446725062800927,-0.16849092635956747,-0.5542314101429997,-1.934630923712404,-1.4421392505495068,-1.2529108026383546,-0.0761317825645646,-0.5777209161513882,-1.4426665270811523,-0.13984646294441605,-0.45540445323600787,-0.4619449534315806,1.804329423240135,-0.018447187823741776,0,0,1,1,0,2
0,1,0.10325939105407415,-0.26073573177600795,-0.26725512450900146,-0.5542314101429997,-0.7733642500372064,-0.40388728281308617,-1.7457372740267034,-0.0761317825645646,-0.5777209161513882,-0.7279906171826318,-0.13984646294441605,-0.45540445323600787,-0.4619449534315806,0.9153251971423606,-1.0855184990262092,0,1,1,1,1,2
1,3,0.8941080882460302,1.068374030305999,0.32533006438760254,-0.5542314101429997,1.8016183741991014,0.9035411210031484,1.2112215543033884,-0.0761317825645646,0.9929207532211743,0.7013612026144089,-0.13984646294441605,0.8060087184888338,2.878186154026377,-1.662787058541186,-0.3741376248912309,1,2,2,1,1,2
0,1,-0.28202587168046694,-0.8514511815902333,-0.5635477189573035,-0.5542314101429997,1.4986792419360064,0.6343646849233362,1.2112215543033884,-0.9603289765600365,0.9929207532211743,-0.013314707284111467,-1.5285218399824647,0.8060087184888338,-1.0186334713412402,0.4708230840934733,0.6929336863112365,0,1,2,1,0,2
1,2,-1.1539872557639046,-1.0483563315283082,-0.8499638935906613,-0.5542314101429997,0.13545314675207865,-0.5064306870339669,-1.7457372740267034,-0.0761317825645646,-1.3630417508376695,0.7013612026144089,-1.5285218399824647,-0.45540445323600787,-1.0186334713412402,-0.15147987417496905,-0.3741376248912309,1,2,0,1,2,2
1,2,-3.171665342189533,-1.8359769312806087,-2.4005618045367756,-0.5542314101429997,-1.4802222253177615,-1.0191477081383724,0.7183950829150397,-1.8445261705555083,0.20759991853489304,-0.7279906171826318,-2.9171972170205134,0.17530213262641298,-1.5753219892508998,0.4708230840934733,-0.7298280619587201,0,2,2,1,1,1
1,0,1.4213405530406662,1.2455886652502661,1.0858143901382447,-0.5542314101429997,-1.732671502203674,-3.377646005218638,0.7183950829150397,0.8080654114309073,0.9929207532211743,-1.4426665270811523,-0.13984646294441605,1.4367153043512546,0.09474356447807901,-1.573886635931408,-1.0855184990262092,0,0,1,1,2,2
0,0,0.4479883103428766,0.7828615628957908,0.08829598882896178,1.0070502643874932,1.9530879403306491,0.40364202542635225,0.22556861152669114,-0.9603289765600365,0.9929207532211743,-1.4426665270811523,1.2488289140936326,1.4367153043512546,0.6514320823877386,0.8264247745325835,-0.018447187823741776,0,0,1,1,2,1
1,2,-1.2350999426553873,-1.1861899364849606,-1.07712154933436,-0.5542314101429997,-1.0763033823003014,-0.21161839989893408,0.22556861152669114,-0.9603289765600365,-0.5777209161513882,-0.013314707284111467,-0.13984646294441605,0.17530213262641298,-0.4619449534315806,-0.06257945156519114,1.4043145604462148,1,0,1,1,0,2
1,1,0.7217436286016298,0.7139447604174642,0.5722405597611876,-0.5542314101429997,0.8928009774098163,0.5702750572852855,0.7183950829150397,0.8080654114309073,0.9929207532211743,0.7013612026144089,-1.5285218399824647,0.17530213262641298,0.09474356447807901,-2.6406917072487377,0.3372432492437474,0,2,2,1,1,2
1,2,-0.7180065637221862,-0.09336635432864385,-0.20799660561934025,2.568331938917986,1.1452502542957288,1.5828911739664855,0.22556861152669114,-0.0761317825645646,0.20759991853489304,0.7013612026144089,-0.13984646294441605,-0.45540445323600787,-1.0186334713412402,-1.3071853681020758,1.4043145604462148,0,0,2,1,1,1
1,4,0.6102136841258401,0.38905126301964066,0.8882859938393767,1.0070502643874932,0.5393719897695386,-0.4167052083406956,0.22556861152669114,-0.0761317825645646,0.20759991853489304,-1.4426665270811523,1.2488289140936326,0.17530213262641298,-0.4619449534315806,0.5597235067032504,-1.0855184990262092,0,0,1,1,0,2
1,3,-2.1983130994917426,-2.239632488653662,-0.9981101908148123,-0.5542314101429997,-0.823854105414389,-1.4805930271323378,0.7183950829150397,-1.8445261705555083,0.20759991853489304,-0.7279906171826318,-1.5285218399824647,0.17530213262641298,-1.0186334713412402,0.4708230840934733,0.6929336863112365,0,2,0,1,1,2
0,3,-0.5760593616620912,-1.0385110740314043,-0.6919411765515674,2.568331938917986,-0.21797584088819877,-0.5320665380891876,-1.2529108026383546,-0.0761317825645646,-1.3630417508376695,0.7013612026144089,-0.13984646294441605,0.17530213262641298,-1.0186334713412402,-1.396085790711853,-0.7298280619587201,0,0,1,1,2,1
0,0,1.370645123733489,0.8813141378648284,1.2339606873623956,-0.5542314101429997,2.1550473618393795,0.40364202542635225,1.2112215543033884,0.8080654114309073,0.9929207532211743,0.7013612026144089,1.2488289140936326,0.8060087184888338,2.3214976361167174,0.8264247745325835,0.6929336863112365,0,2,0,1,0,2
1,1,1.0664725478904304,0.536730125473197,1.421612663846321,1.0070502643874932,1.7006386634447368,2.159697822708942,-0.2672578598616575,-0.0761317825645646,-0.5777209161513882,-0.7279906171826318,1.2488289140936326,-1.0861110390984288,-1.0186334713412402,1.359827310191248,-0.7298280619587201,0,2,2,1,1,2
1,1,0.5189619113729224,0.6253374429453299,-0.17836734617451033,-0.5542314101429997,-0.6723845392828413,-0.18598254884371343,0.22556861152669114,-0.0761317825645646,0.9929207532211743,0.7013612026144089,1.2488289140936326,0.8060087184888338,2.878186154026377,0.5597235067032504,-1.0855184990262092,0,1,0,1,0,2
1,0,-1.701497892281412,-2.407001866101026,-1.0968743889642463,-0.5542314101429997,-0.41993526239692874,0.5959109083405043,0.22556861152669114,-0.9603289765600365,-0.5777209161513882,-1.4426665270811523,-1.5285218399824647,-0.45540445323600787,0.09474356447807901,0.2930222388739182,1.4043145604462148,0,2,1,0,1,2
1,1,1.6139831844079369,0.3201344605413141,1.4314890836612637,-0.5542314101429997,-2.035610634466769,-1.4036854739666766,0.7183950829150397,0.8080654114309073,0.9929207532211743,-0.013314707284111467,1.2488289140936326,1.4367153043512546,-0.4619449534315806,-0.32928071939452414,-1.4412089360936984,0,2,1,1,1,2
1,0,-2.2084521853531776,-1.7473696138084742,-2.1734041487930775,-0.5542314101429997,-0.01601641937946878,-0.4936127615063575,-0.2672578598616575,-0.9603289765600365,-0.5777209161513882,-0.7279906171826318,-1.5285218399824647,-1.0861110390984288,-1.0186334713412402,0.6486239293130284,-1.7968993731611875,0,2,1,1,1,1
1,3,1.5632877551007613,1.176671862771941,1.6586467394049618,-0.5542314101429997,0.48888213439235634,0.7625439401994376,-0.2672578598616575,-0.0761317825645646,-0.5777209161513882,-1.4426665270811523,1.2488289140936326,-0.45540445323600787,0.09474356447807901,0.20412181626414108,-0.7298280619587201,1,2,0,1,2,2
1,3,-0.7788410788907978,-0.3493430492481409,-0.3857721622883212,-0.5542314101429997,1.1957401096729117,1.749524205825417,-1.2529108026383546,-0.0761317825645646,-0.5777209161513882,1.4160371125129294,-0.13984646294441605,0.17530213262641298,-0.4619449534315806,-0.32928071939452414,0.6929336863112365,0,0,1,1,2,2
0,4,0.2553456789756043,0.5465753829701002,0.7203868569853386,-0.5542314101429997,-1.1772830930546665,-0.8012429741689998,0.22556861152669114,0.8080654114309073,0.20759991853489304,-0.013314707284111467,1.2488289140936326,0.17530213262641298,-0.4619449534315806,0.20412181626414108,-0.7298280619587201,0,2,1,1,2,1
0,1,-0.6267547909692676,-0.8809869540809442,-0.6326826576619062,-0.5542314101429997,0.7413314112782688,-0.2628901020093735,-1.2529108026383546,-1.8445261705555083,-1.3630417508376695,-1.4426665270811523,-2.9171972170205134,-1.7168176249608496,0.09474356447807901,1.1820264649716936,1.4043145604462148,1,0,2,1,0,1
0,3,-1.0830136547338571,-0.6348555166583504,-0.8598403134056055,-0.5542314101429997,-0.3189555516425639,-0.5705203146720176,-1.2529108026383546,-0.0761317825645646,-1.3630417508376695,-1.4426665270811523,-0.13984646294441605,-0.45540445323600787,0.09474356447807901,1.804329423240135,-0.7298280619587201,0,2,0,1,0,2
1,3,-1.5189943467755764,-1.806441158789897,-1.1067508087791897,-0.5542314101429997,-0.41993526239692874,0.5574571317576743,1.2112215543033884,-0.9603289765600365,0.9929207532211743,1.4160371125129294,-1.5285218399824647,-0.45540445323600787,-0.4619449534315806,0.4708230840934733,-0.7298280619587201,0,2,1,1,1,2
0,4,1.137446148920478,1.0782192878029035,1.2635899468072256,-0.5542314101429997,0.5898618451467215,0.21137314251220016,-1.7457372740267034,1.6922626054263792,-1.3630417508376695,0.7013612026144089,1.2488289140936326,-1.7168176249608496,-1.5753219892508998,1.0042256197521378,0.6929336863112365,0,1,1,1,2,2
1,3,0.6102136841258401,0.7730163053988862,0.5722405597611876,-0.5542314101429997,-0.41993526239692874,-0.6346099423100683,1.2112215543033884,-0.9603289765600365,0.9929207532211743,0.7013612026144089,-0.13984646294441605,-0.45540445323600787,-0.4619449534315806,1.804329423240135,1.0486241233787257,0,2,0,1,1,2
1,4,0.18437207794555677,-0.3788788217388533,0.0685431491990747,-0.5542314101429997,0.43839227901517397,-0.006531591457170748,0.7183950829150397,-0.9603289765600365,0.20759991853489304,-0.013314707284111467,-1.5285218399824647,-0.45540445323600787,1.2081206002973983,0.2930222388739182,1.0486241233787257,0,2,1,1,0,2
1,1,0.8941080882460302,0.28075343055369856,-0.040097468765302145,-0.5542314101429997,-0.41993526239692874,-0.9550580805003218,0.22556861152669114,0.8080654114309073,0.9929207532211743,0.7013612026144089,-0.13984646294441605,0.8060087184888338,2.878186154026377,1.715429000630358,0.6929336863112365,1,2,1,1,0,2
1,4,-2.269286700521789,-1.3141782839447091,-2.0746399506436437,-0.5542314101429997,-0.06650627475665133,-0.28852595306459417,-1.2529108026383546,1.6922626054263792,-2.1483625855239508,-0.7279906171826318,-1.5285218399824647,-2.3475242108232703,-0.4619449534315806,1.448727732801025,0.6929336863112365,0,0,0,1,0,1
1,0,-0.008270553421713765,-0.5560934566831206,0.9771737721738678,-0.5542314101429997,0.034473435997713554,-0.5064306870339669,-2.238563745415052,-0.0761317825645646,-1.3630417508376695,-0.013314707284111467,-0.13984646294441605,-1.7168176249608496,-1.0186334713412402,0.026320971044586007,1.4043145604462148,0,2,2,1,1,1
1,3,-0.9207882809508918,-1.599690751354918,-1.5610661202665865,1.0070502643874932,1.0442705435413637,0.2754627701502509,1.2112215543033884,-0.0761317825645646,0.9929207532211743,-1.4426665270811523,-1.5285218399824647,1.4367153043512546,-0.4619449534315806,1.2709268875814708,0.3372432492437474,1,1,0,1,1,2
0,1,1.3098106085648784,1.462184330182149,1.3821069845865468,-0.5542314101429997,1.5996589526903715,0.5574571317576743,1.2112215543033884,0.8080654114309073,0.9929207532211743,0.7013612026144089,-0.13984646294441605,1.4367153043512546,-1.0186334713412402,0.7375243519228055,-0.7298280619587201,0,0,1,1,2,2
1,3,-0.6977283919993151,-1.097582619012827,-0.11910882728485048,-0.5542314101429997,-0.3189555516425639,-0.16034669778849278,0.7183950829150397,-0.9603289765600365,0.9929207532211743,-0.013314707284111467,-0.13984646294441605,0.8060087184888338,0.6514320823877386,0.20412181626414108,1.4043145604462148,0,2,0,1,2,2
0,2,0.3567365375899571,0.26106291555989075,0.19693660679333863,-0.5542314101429997,1.5491690973131889,2.275059152457434,-0.7600843312500061,-0.0761317825645646,-1.3630417508376695,0.7013612026144089,-0.13984646294441605,-2.3475242108232703,-0.4619449534315806,-0.06257945156519114,-0.7298280619587201,0,2,0,1,0,2
0,2,1.370645123733489,0.5071943529824846,0.947544512729038,1.0070502643874932,-0.47042511777411133,0.6728184615061663,0.7183950829150397,0.8080654114309073,0.9929207532211743,-0.7279906171826318,1.2488289140936326,0.17530213262641298,0.6514320823877386,-0.9515836776629657,1.4043145604462148,0,2,0,1,1,2
1,2,0.8231344872159826,0.46781332299487044,0.13767808790367878,-0.5542314101429997,0.23643285750644377,-0.2244363254265435,-0.2672578598616575,-0.9603289765600365,0.20759991853489304,1.4160371125129294,-0.13984646294441605,0.8060087184888338,0.09474356447807901,0.5597235067032504,-0.3741376248912309,0,2,1,1,2,2
0,2,-1.6508024629742355,-0.546248199186216,-1.1363800682240204,2.568331938917986,-0.3189555516425639,-1.4293213250218972,-1.2529108026383546,-0.0761317825645646,-1.3630417508376695,1.4160371125129294,-1.5285218399824647,-1.0861110390984288,-0.4619449534315806,0.4708230840934733,-0.7298280619587201,1,0,1,0,1,2
0,2,-1.7521933215885883,0.21183662807537199,-0.8894695728504355,1.0070502643874932,-1.3792425145633966,-1.2114165910525245,-1.2529108026383546,-1.8445261705555083,-1.3630417508376695,0.7013612026144089,-0.13984646294441605,-1.0861110390984288,0.6514320823877386,0.2930222388739182,-1.4412089360936984,0,1,0,0,1,1
1,0,-0.20091318478898432,0.22168188557227655,-0.5042892000676422,1.0070502643874932,-1.0763033823003014,-0.7499712720585603,-0.2672578598616575,-0.9603289765600365,-0.5777209161513882,1.4160371125129294,-0.13984646294441605,-0.45540445323600787,0.09474356447807901,-0.2403802967847462,1.4043145604462148,1,1,2,1,2,1
0,3,-0.5861984475235263,-0.5265576841924096,-0.4647835208078695,-0.5542314101429997,-0.823854105414389,-0.006531591457170748,-0.7600843312500061,-0.0761317825645646,-0.5777209161513882,-0.7279906171826318,-0.13984646294441605,0.8060087184888338,2.878186154026377,-0.5959819872238563,0.6929336863112365,0,0,2,1,1,2
1,3,0.2654847648370394,-0.33949779175123773,1.2339606873623956,-0.5542314101429997,-0.7733642500372064,-0.45515898492352563,-0.2672578598616575,-0.0761317825645646,0.20759991853489304,-0.7279906171826318,-0.13984646294441605,-1.0861110390984288,0.09474356447807901,-0.5070815646140784,0.6929336863112365,0,2,1,1,1,2
1,2,1.3300887802877486,0.46781332299487044,1.1845785882876787,1.0070502643874932,-1.025813526923119,-1.9676741971815226,0.7183950829150397,0.8080654114309073,0.9929207532211743,0.7013612026144089,-0.13984646294441605,0.17530213262641298,-0.4619449534315806,1.2709268875814708,-0.3741376248912309,0,2,0,1,2,2
1,4,-0.941066452673763,0.03462199313110467,-0.9388516719251525,-0.5542314101429997,-0.11699613013383389,-0.7884250486413904,-0.7600843312500061,-0.0761317825645646,-1.3630417508376695,-0.013314707284111467,-1.5285218399824647,-1.7168176249608496,-0.4619449534315806,0.4708230840934733,1.4043145604462148,0,2,1,1,1,2
0,3,1.7559303864680318,1.9741377200211445,1.4512419232911509,-0.5542314101429997,-0.8743439607915715,0.10882973829131941,-0.2672578598616575,1.6922626054263792,-0.5777209161513882,-0.7279906171826318,1.2488289140936326,-0.45540445323600787,-0.4619449534315806,0.20412181626414108,-0.018447187823741776,1,1,0,1,0,2
0,2,1.4821750682092787,0.36936074802583285,1.5302532818106978,-0.5542314101429997,0.48888213439235634,0.5702750572852855,-1.2529108026383546,0.8080654114309073,-1.3630417508376695,1.4160371125129294,1.2488289140936326,-1.7168176249608496,-1.5753219892508998,-0.7737828324434114,-0.7298280619587201,0,0,1,1,2,2
0,3,0.06270304760833376,0.3299797180382173,0.15743092753356586,-0.5542314101429997,0.18594300212926143,0.6728184615061663,-0.7600843312500061,1.6922626054263792,-0.5777209161513882,-0.7279906171826318,-0.13984646294441605,0.17530213262641298,2.3214976361167174,-1.396085790711853,-0.018447187823741776,0,2,1,1,1,2
0,3,0.22492842139129898,0.4579680654979658,-0.8302110539607742,-0.5542314101429997,1.751128518821919,3.300493194666245,1.2112215543033884,0.8080654114309073,0.9929207532211743,-1.4426665270811523,-0.13984646294441605,0.17530213262641298,-1.0186334713412402,-1.0404841002727436,1.0486241233787257,1,2,1,1,2,2
1,3,-0.6977283919993151,-0.2016641867945846,-0.6228062378469633,1.0070502643874932,1.9530879403306491,1.9289751632119596,1.2112215543033884,-0.0761317825645646,0.9929207532211743,-0.013314707284111467,-0.13984646294441605,1.4367153043512546,-1.0186334713412402,-0.7737828324434114,-0.018447187823741776,0,2,2,1,1,2
1,1,-1.4074644022997875,-1.7572148713053781,-1.0178630304446994,1.0070502643874932,-1.025813526923119,-0.7243354210033397,-0.7600843312500061,0.8080654114309073,-0.5777209161513882,-0.7279906171826318,-1.5285218399824647,0.8060087184888338,-1.0186334713412402,1.2709268875814708,-0.3741376248912309,0,0,1,1,2,2
1,3,-1.985392296401601,-1.8162864162868009,-2.2524155073126244,4.1296136134484795,0.48888213439235634,-0.05780329356761203,0.22556861152669114,0.8080654114309073,0.20759991853489304,-0.013314707284111467,-1.5285218399824647,0.17530213262641298,-0.4619449534315806,0.7375243519228055,1.4043145604462148,0,0,1,1,2,1
1,4,-1.204682685071081,-1.7473696138084742,-1.6598303184160204,-0.5542314101429997,-0.823854105414389,-0.23725425095415473,-0.7600843312500061,-0.9603289765600365,-0.5777209161513882,-0.013314707284111467,-1.5285218399824647,0.17530213262641298,-1.0186334713412402,-1.1293845228825208,-0.3741376248912309,0,1,1,1,2,2
1,1,1.137446148920478,0.25121765806298757,0.07841956901401753,-0.5542314101429997,2.1045575064621964,1.2496251102486227,0.7183950829150397,0.8080654114309073,0.9929207532211743,1.4160371125129294,1.2488289140936326,0.17530213262641298,0.09474356447807901,0.8264247745325835,-0.018447187823741776,0,1,1,1,0,2
0,3,-0.09952232617463148,0.38905126301964066,-0.010468209320472228,-0.5542314101429997,-0.2684656962653813,-0.13471084673327213,1.2112215543033884,0.8080654114309073,0.9929207532211743,-1.4426665270811523,-0.13984646294441605,0.17530213262641298,1.2081206002973983,-0.8626832550531885,0.6929336863112365,1,1,1,1,0,2
1,0,0.15395482036125147,0.1724555980877578,-0.5437948793274164,-0.5542314101429997,-1.3792425145633966,-1.5062288781875575,1.2112215543033884,-0.0761317825645646,0.9929207532211743,-1.4426665270811523,1.2488289140936326,0.8060087184888338,0.09474356447807901,0.2930222388739182,1.4043145604462148,1,0,2,1,2,1
1,2,1.4213405530406662,1.7969230850768771,2.014197852742925,1.0070502643874932,0.2869227128836261,-1.0191477081383724,0.7183950829150397,1.6922626054263792,0.9929207532211743,1.4160371125129294,1.2488289140936326,0.8060087184888338,1.2081206002973983,1.093126042361915,0.3372432492437474,0,0,2,1,0,2
0,1,-0.8498146799208453,-0.6742365466459659,-0.23762586506417016,-0.5542314101429997,-0.5714048285284764,-0.5320665380891876,-1.2529108026383546,0.8080654114309073,-1.3630417508376695,0.7013612026144089,-1.5285218399824647,-1.0861110390984288,-0.4619449534315806,-0.5959819872238563,-0.018447187823741776,0,2,0,1,2,2
0,4,0.5696573406800997,0.014931478137296887,0.8191510551347726,-0.5542314101429997,1.2462299650500939,0.8138156423098771,0.7183950829150397,-0.0761317825645646,0.9929207532211743,-1.4426665270811523,-0.13984646294441605,0.17530213262641298,0.6514320823877386,0.5597235067032504,-1.4412089360936984,0,0,1,1,0,2
1,2,1.1780024923662185,1.3046602102316895,1.372230564771604,-0.5542314101429997,0.23643285750644377,-0.019349516984781982,0.7183950829150397,-0.0761317825645646,0.9929207532211743,0.7013612026144089,1.2488289140936326,0.8060087184888338,-1.0186334713412402,-0.5959819872238563,1.4043145604462148,1,2,1,1,2,2
1,2,-1.8840014377872474,-2.407001866101026,-0.8993459926653783,-0.5542314101429997,-0.11699613013383389,0.2241910680398114,1.2112215543033884,-0.9603289765600365,0.9929207532211743,-0.013314707284111467,-1.5285218399824647,0.17530213262641298,0.6514320823877386,-1.573886635931408,1.4043145604462148,0,2,1,1,1,2
0,1,-0.9714837102580692,-0.8317606665964254,-0.3462664830285484,-0.5542314101429997,-0.9753236715459364,0.6087288338681156,-0.2672578598616575,-0.0761317825645646,-0.5777209161513882,-0.7279906171826318,-2.9171972170205134,-1.0861110390984288,0.09474356447807901,-0.9515836776629657,0.3372432492437474,0,2,2,1,2,2
1,3,-0.4543903313248673,-0.49702191170169724,-0.13886166691473614,1.0070502643874932,-2.035610634466769,-1.0191477081383724,-0.2672578598616575,-0.0761317825645646,-1.3630417508376695,1.4160371125129294,-0.13984646294441605,-0.45540445323600787,0.09474356447807901,-0.15147987417496905,-0.7298280619587201,1,2,2,1,2,2
0,2,-0.9613446243966332,-1.7079885838208595,-0.9882337709998694,-0.5542314101429997,-0.1674859855110162,0.3010986212054715,0.7183950829150397,-0.9603289765600365,0.9929207532211743,-1.4426665270811523,-1.5285218399824647,0.8060087184888338,-1.0186334713412402,1.359827310191248,-1.4412089360936984,0,1,0,1,0,2
1,1,-0.68758930613788,-0.7923796366088098,0.09817240864390461,-0.5542314101429997,-0.47042511777411133,0.3139165467330827,0.7183950829150397,-0.9603289765600365,0.9929207532211743,0.7013612026144089,-1.5285218399824647,0.17530213262641298,0.6514320823877386,0.026320971044586007,0.6929336863112365,1,2,1,1,0,2
1,4,-0.8802319375051506,-1.1861899364849606,-1.0376158700745866,-0.5542314101429997,-1.4802222253177615,-0.4423410593959162,0.7183950829150397,0.8080654114309073,0.9929207532211743,0.7013612026144089,-1.5285218399824647,1.4367153043512546,1.2081206002973983,0.9153251971423606,-0.3741376248912309,0,0,1,1,0,2
0,4,0.8231344872159826,0.733635275411272,0.6710047579106215,-0.5542314101429997,-0.3189555516425639,-0.3654335062302561,0.7183950829150397,0.8080654114309073,0.9929207532211743,-0.013314707284111467,-1.5285218399824647,0.8060087184888338,0.6514320823877386,-0.15147987417496905,-1.0855184990262092,0,1,0,1,2,2
1,2,-0.23133044237329142,-0.12290212681935483,-0.11910882728485048,-0.5542314101429997,-1.7831613575808567,-2.2240327077337256,-0.7600843312500061,-0.9603289765600365,-0.5777209161513882,-1.4426665270811523,-0.13984646294441605,-1.7168176249608496,-1.0186334713412402,0.11522139365436314,-0.7298280619587201,0,2,1,1,2,2
1,1,0.19451116380699368,0.4579680654979658,0.27594796531288557,-0.5542314101429997,-0.1674859855110162,-0.19880047437132284,1.2112215543033884,0.8080654114309073,0.9929207532211743,-1.4426665270811523,1.2488289140936326,1.4367153043512546,0.09474356447807901,1.626528578020581,-0.018447187823741776,0,0,0,0,0,2
1,2,-1.589967947805623,-1.363404571429228,-1.5808189598964735,1.0070502643874932,-0.823854105414389,-1.8394949419054212,-1.7457372740267034,-0.9603289765600365,-2.1483625855239508,-0.013314707284111467,-1.5285218399824647,-1.7168176249608496,-1.0186334713412402,0.7375243519228055,-0.3741376248912309,1,1,2,1,2,1
1,2,-1.4987161750527054,-1.8655127037713197,-1.5215604410068129,-0.5542314101429997,-0.47042511777411133,-0.4167052083406956,0.22556861152669114,-0.0761317825645646,0.20759991853489304,0.7013612026144089,-0.13984646294441605,-0.45540445323600787,0.6514320823877386,-0.5070815646140784,1.4043145604462148,0,1,1,1,1,2
1,0,-0.6977283919993151,-0.09336635432864385,-0.7511996954412273,1.0070502643874932,1.4986792419360064,1.2880788868314526,-1.2529108026383546,0.8080654114309073,-1.3630417508376695,-0.013314707284111467,-0.13984646294441605,-0.45540445323600787,-0.4619449534315806,0.38192266148369614,-0.018447187823741776,1,2,2,1,1,1
1,0,1.137446148920478,1.7181610251016475,1.3623541449566596,-0.5542314101429997,-0.5209149731512939,-0.9166043039174917,1.2112215543033884,1.6922626054263792,0.9929207532211743,1.4160371125129294,1.2488289140936326,-0.45540445323600787,0.6514320823877386,-0.5959819872238563,1.0486241233787257,1,2,2,1,0,2
1,2,-0.6774502202764449,-0.71361757663358,-0.7413232756262844,2.568331938917986,-1.4802222253177615,-1.865130792960642,0.22556861152669114,-0.9603289765600365,-0.5777209161513882,1.4160371125129294,1.2488289140936326,-1.0861110390984288,-1.0186334713412402,0.7375243519228055,-0.3741376248912309,1,2,1,1,2,2
0,1,1.137446148920478,0.9403856828462503,1.0068030316186978,1.0070502643874932,1.4481893865588242,1.2368071847210114,-0.7600843312500061,0.8080654114309073,-0.5777209161513882,1.4160371125129294,-0.13984646294441605,-1.0861110390984288,0.09474356447807901,0.20412181626414108,-0.7298280619587201,0,1,0,0,2,2
0,3,-1.863723266064377,-1.6784528113301485,-1.817853035455115,1.0070502643874932,-0.11699613013383389,-0.006531591457170748,-0.7600843312500061,-0.0761317825645646,-0.5777209161513882,1.4160371125129294,-1.5285218399824647,0.17530213262641298,-1.0186334713412402,-0.5959819872238563,-0.3741376248912309,1,1,1,0,2,2
1,3,-1.7724714933114594,-1.8950484762620305,-1.6598303184160204,-0.5542314101429997,1.1452502542957288,1.8905213866291295,0.7183950829150397,-1.8445261705555083,0.9929207532211743,0.7013612026144089,-1.5285218399824647,0.17530213262641298,0.09474356447807901,0.2930222388739182,0.3372432492437474,0,0,1,1,2,2
0,3,0.3060411082827816,0.5662658979639079,-0.3462664830285484,1.0070502643874932,0.9432908327869991,0.7240901636166057,-0.2672578598616575,-0.0761317825645646,0.9929207532211743,0.7013612026144089,-0.13984646294441605,1.4367153043512546,-0.4619449534315806,1.804329423240135,1.0486241233787257,0,2,1,1,2,2
0,3,1.370645123733489,0.733635275411272,0.7598925362451128,-0.5542314101429997,0.9432908327869991,0.5702750572852855,-1.2529108026383546,0.8080654114309073,-0.5777209161513882,1.4160371125129294,1.2488289140936326,-0.45540445323600787,-1.0186334713412402,0.2930222388739182,-1.7968993731611875,0,2,0,1,0,2
0,1,0.7420218003245,0.4579680654979658,1.3623541449566596,-0.5542314101429997,0.7918212666554512,0.8266335678374883,0.7183950829150397,-0.0761317825645646,0.9929207532211743,-0.7279906171826318,1.2488289140936326,0.8060087184888338,1.7648091182070578,0.5597235067032504,-1.0855184990262092,0,1,2,0,1,2
1,1,1.0563334620289955,0.7533257904050784,1.2339606873623956,-0.5542314101429997,0.3879024236379912,0.9163590465307578,0.7183950829150397,1.6922626054263792,0.9929207532211743,-0.7279906171826318,1.2488289140936326,1.4367153043512546,0.09474356447807901,-0.7737828324434114,1.0486241233787257,0,2,0,1,2,2
1,1,-0.6368938768307036,-0.4773313967078908,-0.3956485821032654,-0.5542314101429997,-1.5307120806949441,-1.5831364313532184,1.2112215543033884,-0.9603289765600365,0.9929207532211743,0.7013612026144089,-1.5285218399824647,0.8060087184888338,-0.4619449534315806,-0.9515836776629657,0.6929336863112365,0,2,1,0,2,2
1,4,0.4784055679271819,1.0289930003183847,0.7895217956899426,-0.5542314101429997,-1.2782628038090316,-0.4807948359787463,-1.2529108026383546,0.8080654114309073,-1.3630417508376695,1.4160371125129294,-0.13984646294441605,-0.45540445323600787,-0.4619449534315806,0.026320971044586007,0.3372432492437474,1,0,0,1,1,2
1,2,-0.799119250613668,-1.3830950864230358,-1.3339084645228885,-0.5542314101429997,-0.5209149731512939,-0.33979765517503546,-0.7600843312500061,-0.0761317825645646,-0.5777209161513882,1.4160371125129294,-0.13984646294441605,-1.0861110390984288,-0.4619449534315806,0.20412181626414108,-1.0855184990262092,1,1,1,1,1,2
1,3,-1.3263517154083049,-1.3043330264478052,-0.7314468558113402,1.0070502643874932,-1.4802222253177615,-0.2500721764817641,-1.2529108026383546,-0.0761317825645646,-1.3630417508376695,-0.7279906171826318,-1.5285218399824647,-1.0861110390984288,1.2081206002973983,1.2709268875814708,-0.7298280619587201,0,2,2,1,0,1
0,2,-0.5355030182163499,-0.7037723191366769,-1.0672451295194163,-0.5542314101429997,0.48888213439235634,0.07037596170848937,1.2112215543033884,-0.0761317825645646,0.9929207532211743,1.4160371125129294,1.2488289140936326,0.17530213262641298,0.09474356447807901,-0.4181811420043013,-0.018447187823741776,0,2,0,0,1,2
1,3,-0.20091318478898432,-0.10321161182554704,0.7105104371703957,-0.5542314101429997,-0.823854105414389,-1.3524137718562363,0.7183950829150397,0.8080654114309073,0.9929207532211743,-0.7279906171826318,1.2488289140936326,0.8060087184888338,0.09474356447807901,0.4708230840934733,1.4043145604462148,0,2,1,1,0,2
1,3,0.3060411082827816,0.41858703551035165,0.22656586623816855,-0.5542314101429997,0.23643285750644377,-0.4167052083406956,1.2112215543033884,-0.0761317825645646,0.9929207532211743,-0.7279906171826318,-0.13984646294441605,0.8060087184888338,-0.4619449534315806,0.6486239293130284,1.0486241233787257,1,0,0,1,2,2
0,3,0.9549426034146425,0.7730163053988862,0.5228584606864706,-0.5542314101429997,-0.7228743946600239,-1.0063297826107631,0.22556861152669114,1.6922626054263792,0.9929207532211743,-0.013314707284111467,1.2488289140936326,0.17530213262641298,-0.4619449534315806,-1.8405879037607402,-0.018447187823741776,0,1,1,1,0,2
1,3,-1.5189943467755764,-1.402785601416843,-1.422796242857379,1.0070502643874932,-1.6316917914493092,-1.6600439845188795,0.22556861152669114,-0.0761317825645646,0.20759991853489304,-0.013314707284111467,-1.5285218399824647,-1.0861110390984288,-0.4619449534315806,0.2930222388739182,-1.7968993731611875,0,2,2,1,0,2
1,2,0.366875623451394,-0.09336635432864385,-0.3166372235837185,1.0070502643874932,1.650148808067554,1.0317203762792497,-0.7600843312500061,-1.8445261705555083,-0.5777209161513882,-1.4426665270811523,-0.13984646294441605,-0.45540445323600787,0.6514320823877386,-0.7737828324434114,-1.4412089360936984,0,2,1,0,1,1
1,4,1.2388370075348307,1.2751244377409785,0.7203868569853386,-0.5542314101429997,-0.6723845392828413,-0.9550580805003218,0.22556861152669114,0.8080654114309073,0.20759991853489304,0.7013612026144089,1.2488289140936326,-1.0861110390984288,0.6514320823877386,0.11522139365436314,1.4043145604462148,1,2,2,1,2,2
1,1,-0.8802319375051506,-0.39856933673265965,0.019161050124357693,-0.5542314101429997,-0.21797584088819877,0.24982691909503205,1.2112215543033884,-0.0761317825645646,0.9929207532211743,0.7013612026144089,-1.5285218399824647,0.17530213262641298,1.7648091182070578,-0.5070815646140784,-1.7968993731611875,0,0,0,1,2,2
1,1,-0.5861984475235263,0.4875038379886782,-0.8499638935906613,-0.5542314101429997,-0.3189555516425639,-1.6087722824084392,1.2112215543033884,-0.0761317825645646,0.9929207532211743,-0.7279906171826318,-0.13984646294441605,1.4367153043512546,-1.5753219892508998,0.2930222388739182,0.3372432492437474,0,2,2,1,0,2
1,2,-0.36313855857194954,-0.15243789931006582,0.43397068235198083,1.0070502643874932,-0.6218946839056589,0.44209580200918414,-0.7600843312500061,0.8080654114309073,-0.5777209161513882,0.7013612026144089,1.2488289140936326,0.17530213262641298,0.09474356447807901,1.804329423240135,0.6929336863112365,0,2,1,1,1,2
1,2,1.370645123733489,0.6647184729329455,0.6018698192060189,-0.5542314101429997,0.5393719897695386,0.621546759395725,-1.7457372740267034,1.6922626054263792,-1.3630417508376695,-1.4426665270811523,1.2488289140936326,-0.45540445323600787,-0.4619449534315806,-0.5070815646140784,-0.018447187823741776,1,2,1,1,2,2
1,2,-0.3732776444333846,-0.5659387141800237,-0.11910882728485048,-0.5542314101429997,0.3879024236379912,0.5446392062300649,0.22556861152669114,-0.9603289765600365,0.20759991853489304,1.4160371125129294,-0.13984646294441605,0.8060087184888338,0.09474356447807901,-1.1293845228825208,0.6929336863112365,0,1,0,1,2,2
1,1,-1.8941405236486824,-1.2846425114539983,-2.262291927127568,1.0070502643874932,-0.01601641937946878,-0.23725425095415473,-0.7600843312500061,-0.9603289765600365,-1.3630417508376695,-0.013314707284111467,-1.5285218399824647,-1.7168176249608496,-1.0186334713412402,-0.15147987417496905,-0.018447187823741776,0,2,1,1,0,2
0,3,0.8332735730774177,0.09369353811252804,1.0759379703233019,-0.5542314101429997,0.7413314112782688,-0.006531591457170748,0.7183950829150397,1.6922626054263792,0.9929207532211743,-0.7279906171826318,-0.13984646294441605,0.8060087184888338,1.7648091182070578,1.715429000630358,-0.018447187823741776,0,2,1,0,1,2
0,0,-0.1907740989275492,-0.6053197441676393,0.947544512729038,2.568331938917986,0.6908415559010865,1.0829920783896911,-1.2529108026383546,-0.0761317825645646,-1.3630417508376695,-1.4426665270811523,-0.13984646294441605,-1.7168176249608496,-1.5753219892508998,-0.7737828324434114,-0.7298280619587201,0,2,2,1,2,2
0,0,-0.8802319375051506,-1.4224761164106507,-1.5314368608217566,-0.5542314101429997,-0.36944540701974643,-0.35261558070264487,-2.7313902168034008,0.8080654114309073,-2.1483625855239508,1.4160371125129294,-0.13984646294441605,-1.7168176249608496,-1.0186334713412402,0.7375243519228055,0.3372432492437474,1,1,0,1,2,2
1,0,0.15395482036125147,-0.12290212681935483,0.05866672938413186,1.0070502643874932,-1.2782628038090316,-0.3013438785922054,1.2112215543033884,0.8080654114309073,0.20759991853489304,-1.4426665270811523,-0.13984646294441605,0.17530213262641298,0.6514320823877386,-0.4181811420043013,-1.4412089360936984,0,2,2,1,1,1
0,1,1.0157771185832531,0.7040995029205597,-0.010468209320472228,1.0070502643874932,1.0947603989185466,0.8138156423098771,-0.2672578598616575,1.6922626054263792,0.9929207532211743,-0.013314707284111467,1.2488289140936326,0.17530213262641298,-0.4619449534315806,1.804329423240135,0.6929336863112365,0,1,1,0,1,2
0,3,1.7559303864680318,2.515626882350851,0.8389038947646597,-0.5542314101429997,-0.11699613013383389,0.10882973829131941,1.2112215543033884,0.8080654114309073,0.9929207532211743,-0.013314707284111467,1.2488289140936326,0.8060087184888338,0.09474356447807901,0.026320971044586007,-1.7968993731611875,0,2,0,1,1,2
1,0,-0.10966141203606658,-0.06383058183793287,0.05866672938413186,1.0070502643874932,-1.934630923712404,-0.9550580805003218,0.7183950829150397,1.6922626054263792,0.9929207532211743,1.4160371125129294,1.2488289140936326,0.8060087184888338,0.6514320823877386,-1.3071853681020758,1.4043145604462148,0,2,1,1,2,2
1,1,-0.9005101092280217,-0.4773313967078908,0.3549593238324339,2.568331938917986,-0.3189555516425639,-1.6215902079360494,1.2112215543033884,-0.0761317825645646,0.9929207532211743,-0.7279906171826318,-1.5285218399824647,1.4367153043512546,-1.0186334713412402,0.5597235067032504,1.0486241233787257,0,1,1,1,1,1
1,1,0.3567365375899571,-0.08352109683174065,-0.3758957424733783,-0.5542314101429997,1.2967198204272763,1.2239892591934018,0.7183950829150397,-1.8445261705555083,0.9929207532211743,-0.013314707284111467,-0.13984646294441605,1.4367153043512546,-1.0186334713412402,0.4708230840934733,-0.018447187823741776,0,1,0,1,0,2
1,2,-0.819397422336539,-0.4281051092233721,-0.2771315443239443,-0.5542314101429997,0.5898618451467215,0.6984543125613869,-0.7600843312500061,-1.8445261705555083,-1.3630417508376695,-0.7279906171826318,-1.5285218399824647,-0.45540445323600787,-1.0186334713412402,1.1820264649716936,-0.7298280619587201,0,2,1,1,1,2
1,2,-0.03868781100601907,0.41858703551035165,-0.26725512450900146,-0.5542314101429997,-0.2684656962653813,0.09601181276371,0.22556861152669114,0.8080654114309073,0.20759991853489304,-0.7279906171826318,-0.13984646294441605,0.8060087184888338,0.6514320823877386,1.0042256197521378,-0.018447187823741776,0,2,2,1,1,2
1,3,-0.545642104077785,-2.1313346561877213,-1.2647735258182844,-0.5542314101429997,0.8928009774098163,-0.3141618041198148,-0.2672578598616575,-0.9603289765600365,-0.5777209161513882,-0.013314707284111467,-0.13984646294441605,-1.0861110390984288,-0.4619449534315806,1.804329423240135,-1.7968993731611875,0,0,1,1,1,2
1,2,-0.41383398787912595,-0.034294809347221886,-0.44503068117798245,1.0070502643874932,1.3976995311816414,1.787977982408249,0.22556861152669114,-0.0761317825645646,-0.5777209161513882,-0.013314707284111467,-1.5285218399824647,-0.45540445323600787,0.09474356447807901,0.9153251971423606,-0.018447187823741776,0,0,2,1,0,1
1,2,0.052563961746898646,-0.36903356424194866,0.34508290401748964,-0.5542314101429997,2.0035777957078316,1.377804365524724,-1.7457372740267034,-0.0761317825645646,-2.1483625855239508,-0.7279906171826318,-0.13984646294441605,-2.3475242108232703,-0.4619449534315806,-0.5959819872238563,1.0486241233787257,1,1,1,0,2,1
1,1,-0.292164957541902,-0.1819736718007782,0.31545364457265973,2.568331938917986,-0.01601641937946878,0.5830929828128949,1.2112215543033884,-0.9603289765600365,0.9929207532211743,1.4160371125129294,-0.13984646294441605,0.8060087184888338,-1.0186334713412402,-1.751687481150963,1.4043145604462148,0,2,1,1,0,2
1,4,-1.0830136547338571,-0.07367583933483607,-1.422796242857379,-0.5542314101429997,-1.2782628038090316,-1.9164024950710823,-1.7457372740267034,-0.0761317825645646,-2.1483625855239508,1.4160371125129294,-0.13984646294441605,-2.3475242108232703,-1.0186334713412402,-0.06257945156519114,-0.3741376248912309,1,2,1,1,2,2
0,3,-1.3060735436854338,-1.3043330264478052,-0.6820647567366231,1.0070502643874932,-0.5714048285284764,-0.12189292120566274,0.22556861152669114,-0.9603289765600365,0.20759991853489304,-0.013314707284111467,-0.13984646294441605,-0.45540445323600787,-1.0186334713412402,-2.1072891715900735,1.4043145604462148,0,2,1,1,0,2
1,1,1.4314796389021014,1.4424938151883413,0.8586567343945467,-0.5542314101429997,1.9530879403306491,1.0189024507516404,1.2112215543033884,0.8080654114309073,0.9929207532211743,-1.4426665270811523,1.2488289140936326,1.4367153043512546,-1.0186334713412402,0.38192266148369614,0.6929336863112365,0,2,1,1,2,2
1,2,1.7559303864680318,0.7237900179143675,2.093209211262472,-0.5542314101429997,0.18594300212926143,-1.1216911123592532,1.2112215543033884,0.8080654114309073,0.9929207532211743,-0.013314707284111467,1.2488289140936326,0.8060087184888338,0.09474356447807901,-0.7737828324434114,-1.7968993731611875,0,2,2,1,0,2
1,4,0.49868373965005214,0.23152714306917976,0.6808811777255658,-0.5542314101429997,0.18594300212926143,0.8650873444203184,-1.2529108026383546,0.8080654114309073,-1.3630417508376695,-1.4426665270811523,-0.13984646294441605,-1.0861110390984288,-1.5753219892508998,-2.0183887489802954,-0.7298280619587201,0,2,0,0,1,2
1,2,-1.6609415488356705,-1.4618571463982655,-0.9981101908148123,-0.5542314101429997,-0.8743439607915715,-1.1345090378868636,-0.7600843312500061,-0.9603289765600365,-1.3630417508376695,-0.7279906171826318,-2.9171972170205134,-0.45540445323600787,-1.0186334713412402,-0.2403802967847462,1.4043145604462148,1,0,0,1,1,2
0,3,-1.4378816598840938,-1.580000236361111,-1.8968643939746619,-0.5542314101429997,-0.01601641937946878,0.18573729145698134,1.2112215543033884,-1.8445261705555083,0.9929207532211743,-0.013314707284111467,-1.5285218399824647,0.8060087184888338,0.6514320823877386,-1.573886635931408,-1.0855184990262092,0,2,0,1,2,2
1,1,1.4923141540707137,2.3876385348911024,0.9672973523589236,-0.5542314101429997,0.2869227128836261,0.40364202542635225,0.7183950829150397,-0.0761317825645646,0.9929207532211743,-0.013314707284111467,1.2488289140936326,1.4367153043512546,1.7648091182070578,-0.4181811420043013,1.0486241233787257,0,1,2,1,2,2
1,1,-1.478438003329835,-1.9442747637465494,-1.5413132806366994,-0.5542314101429997,0.08496329137489633,0.044740110653268717,1.2112215543033884,0.8080654114309073,0.9929207532211743,-0.013314707284111467,-0.13984646294441605,1.4367153043512546,0.09474356447807901,0.9153251971423606,1.4043145604462148,0,1,1,1,0,2
0,3,-0.8700928516437154,-0.1819736718007782,-0.6623119171067375,1.0070502643874932,0.08496329137489633,1.3137147378866734,-1.2529108026383546,-0.0761317825645646,-1.3630417508376695,0.7013612026144089,-0.13984646294441605,-1.7168176249608496,0.09474356447807901,0.5597235067032504,1.0486241233787257,1,2,0,1,2,1
1,1,1.7559303864680318,1.5311011326604755,1.0068030316186978,-0.5542314101429997,0.9432908327869991,1.2880788868314526,0.22556861152669114,0.8080654114309073,0.9929207532211743,-0.013314707284111467,1.2488289140936326,1.4367153043512546,-1.5753219892508998,0.11522139365436314,1.0486241233787257,0,0,1,1,1,2
1,3,1.005638032721818,1.216052892759555,1.1154436495830746,-0.5542314101429997,-1.934630923712404,-1.493410952659948,-0.2672578598616575,0.8080654114309073,-0.5777209161513882,-1.4426665270811523,1.2488289140936326,-0.45540445323600787,0.09474356447807901,-0.6848824098336335,-1.0855184990262092,0,1,2,1,1,2
1,3,0.8332735730774177,1.1077550602936144,0.17718376716345155,-0.5542314101429997,-0.6218946839056589,-0.8268788252242204,0.7183950829150397,1.6922626054263792,0.9929207532211743,-1.4426665270811523,-0.13984646294441605,0.17530213262641298,-0.4619449534315806,0.38192266148369614,-0.018447187823741776,0,2,2,1,0,2
0,2,1.117167977197606,1.649244222623321,-0.26725512450900146,1.0070502643874932,0.9937806881641814,0.8138156423098771,0.22556861152669114,1.6922626054263792,0.20759991853489304,-0.7279906171826318,1.2488289140936326,-0.45540445323600787,1.2081206002973983,0.4708230840934733,-0.3741376248912309,0,2,1,1,2,2
0,2,1.654539527853679,1.3440412402193038,2.399378225525717,-0.5542314101429997,-0.2684656962653813,-0.8653326018070505,-1.2529108026383546,0.8080654114309073,-0.5777209161513882,-1.4426665270811523,1.2488289140936326,-0.45540445323600787,1.2081206002973983,-0.15147987417496905,-1.7968993731611875,0,2,1,1,2,2
0,1,-1.0323182254266807,-0.26073573177600795,-1.175885747483794,-0.5542314101429997,-0.9248338161687538,-1.0191477081383724,0.22556861152669114,-0.0761317825645646,0.9929207532211743,0.7013612026144089,-0.13984646294441605,1.4367153043512546,-0.4619449534315806,-0.15147987417496905,-1.7968993731611875,0,2,1,1,1,2
1,2,-0.5355030182163499,-0.9302132415654629,-0.19812018580439741,-0.5542314101429997,-1.4802222253177615,-2.6726601012000804,-0.7600843312500061,-0.9603289765600365,-1.3630417508376695,0.7013612026144089,1.2488289140936326,-1.0861110390984288,-1.5753219892508998,0.11522139365436314,1.4043145604462148,1,2,1,1,2,2
0,3,0.5595182548186646,-0.12290212681935483,1.2142078477325087,1.0070502643874932,-0.6218946839056589,-0.4936127615063575,-1.2529108026383546,-0.0761317825645646,-0.5777209161513882,-0.7279906171826318,-0.13984646294441605,-1.0861110390984288,-0.4619449534315806,0.2930222388739182,-0.7298280619587201,0,2,1,1,0,2
0,2,0.366875623451394,1.2258981502564599,1.095690809953189,-0.5542314101429997,-0.1674859855110162,-0.7115174954757284,-1.2529108026383546,1.6922626054263792,-1.3630417508376695,0.7013612026144089,-0.13984646294441605,-1.0861110390984288,-0.4619449534315806,1.0042256197521378,1.4043145604462148,0,1,1,1,0,2
1,2,0.2857629365599114,0.04446725062800927,1.0068030316186978,-0.5542314101429997,0.18594300212926143,0.14728351487414948,-0.7600843312500061,-0.9603289765600365,-0.5777209161513882,0.7013612026144089,1.2488289140936326,-0.45540445323600787,-0.4619449534315806,1.2709268875814708,1.0486241233787257,1,2,2,1,0,2
1,4,-0.06910506859032618,0.2709081730567953,0.3549593238324339,-0.5542314101429997,-0.2684656962653813,-0.14752877226088337,-1.2529108026383546,-0.9603289765600365,-1.3630417508376695,0.7013612026144089,-0.13984646294441605,-1.7168176249608496,-0.4619449534315806,0.6486239293130284,-0.018447187823741776,0,0,0,1,0,2
1,2,-2.350399387413272,-1.4717024038951694,-2.4005618045367756,-0.5542314101429997,-1.328752659186214,-0.4167052083406956,0.22556861152669114,-1.8445261705555083,0.9929207532211743,-1.4426665270811523,-1.5285218399824647,0.17530213262641298,0.09474356447807901,-2.0183887489802954,-0.3741376248912309,0,0,1,1,0,2
1,4,1.7559303864680318,1.8363041150644914,1.1154436495830746,-0.5542314101429997,-0.21797584088819877,-0.16034669778849278,0.22556861152669114,0.8080654114309073,0.20759991853489304,0.7013612026144089,1.2488289140936326,-0.45540445323600787,0.09474356447807901,-1.3071853681020758,0.3372432492437474,0,2,1,1,2,2
1,2,-0.8295365081979742,-1.0680468465221153,-0.5734241387722464,-0.5542314101429997,1.1957401096729117,0.5318212807024536,1.2112215543033884,-0.0761317825645646,0.9929207532211743,-0.7279906171826318,-1.5285218399824647,0.17530213262641298,0.09474356447807901,-1.9294883263705183,0.6929336863112365,0,2,2,1,2,2
1,3,1.1070288913361708,0.9994572278276723,1.1944550081026228,-0.5542314101429997,1.2967198204272763,1.5957090994940968,0.7183950829150397,1.6922626054263792,0.9929207532211743,1.4160371125129294,1.2488289140936326,0.17530213262641298,-1.0186334713412402,1.804329423240135,1.0486241233787257,1,1,1,1,2,2
0,2,1.4720359823478435,0.7533257904050784,0.9672973523589236,-0.5542314101429997,0.8423111220326339,1.262443035776232,0.22556861152669114,0.8080654114309073,0.20759991853489304,0.7013612026144089,1.2488289140936326,-0.45540445323600787,-1.5753219892508998,-0.06257945156519114,-0.018447187823741776,1,2,1,1,1,2
0,2,0.0018685324397213377,0.36936074802583285,-0.6129298180320205,-0.5542314101429997,0.08496329137489633,0.21137314251220016,-1.7457372740267034,-0.9603289765600365,-2.1483625855239508,-0.7279906171826318,-0.13984646294441605,-0.45540445323600787,-0.4619449534315806,0.11522139365436314,1.0486241233787257,0,1,1,1,0,1
1,1,-0.48480758890917347,-0.1425926418131626,-0.6228062378469633,1.0070502643874932,2.1045575064621964,0.8394514933650977,1.2112215543033884,-1.8445261705555083,0.9929207532211743,0.7013612026144089,-0.13984646294441605,1.4367153043512546,0.09474356447807901,0.9153251971423606,1.4043145604462148,1,0,2,1,1,2
1,2,-0.36313855857194954,-1.1566541639942491,-0.4055250019182083,-0.5542314101429997,0.13545314675207865,-0.5320665380891876,-1.2529108026383546,-0.0761317825645646,-2.1483625855239508,-0.7279906171826318,-1.5285218399824647,-2.3475242108232703,-0.4619449534315806,1.626528578020581,-0.7298280619587201,0,0,0,1,1,2
1,0,0.9853598609989479,0.8616236228710206,1.1055672297681318,-0.5542314101429997,-0.47042511777411133,1.10862792944491,-0.7600843312500061,0.8080654114309073,-0.5777209161513882,0.7013612026144089,1.2488289140936326,-1.0861110390984288,-0.4619449534315806,-0.5070815646140784,-1.4412089360936984,0,2,0,1,2,2
0,1,-1.1337090840410335,-0.5954744866707348,-0.45490710099292525,1.0070502643874932,0.5393719897695386,0.4805495785920142,-1.7457372740267034,-0.9603289765600365,-0.5777209161513882,1.4160371125129294,-1.5285218399824647,0.17530213262641298,-0.4619449534315806,-2.4628908620291825,-0.018447187823741776,0,0,1,1,2,2
1,2,1.5024532399321489,0.38905126301964066,1.8166694564440569,1.0070502643874932,0.7918212666554512,1.377804365524724,-0.2672578598616575,0.8080654114309073,0.20759991853489304,-0.7279906171826318,-0.13984646294441605,0.8060087184888338,0.6514320823877386,1.804329423240135,-1.0855184990262092,0,2,0,1,2,1
1,2,1.401062381317796,1.688625252610935,2.1425913103371887,-0.5542314101429997,-0.47042511777411133,0.19855521698459075,0.22556861152669114,0.8080654114309073,0.9929207532211743,-0.013314707284111467,1.2488289140936326,0.8060087184888338,1.2081206002973983,0.11522139365436314,-1.0855184990262092,0,0,1,1,0,2
0,3,0.2959020224213465,0.23152714306917976,0.3845885832772638,-0.5542314101429997,1.3976995311816414,1.4418939931627746,0.7183950829150397,-0.0761317825645646,0.9929207532211743,1.4160371125129294,-0.13984646294441605,0.8060087184888338,-1.0186334713412402,-0.4181811420043013,0.3372432492437474,0,2,2,1,2,2
1,1,0.5189619113729224,0.6056469279515222,0.24631870586805563,1.0070502643874932,-2.035610634466769,-1.5575005802979986,0.7183950829150397,1.6922626054263792,0.9929207532211743,-0.7279906171826318,-1.5285218399824647,0.17530213262641298,1.7648091182070578,-0.06257945156519114,-1.0855184990262092,1,2,2,1,2,2
1,3,-0.28202587168046694,0.3496702330320251,-0.23762586506417016,-0.5542314101429997,1.2462299650500939,0.21137314251220016,0.22556861152669114,0.8080654114309073,0.20759991853489304,-1.4426665270811523,-0.13984646294441605,1.4367153043512546,0.6514320823877386,0.11522139365436314,-0.3741376248912309,1,2,1,1,2,2
0,1,-0.292164957541902,0.2709081730567953,-0.9882337709998694,-0.5542314101429997,-1.227772948431849,-0.5705203146720176,-2.238563745415052,-0.0761317825645646,-1.3630417508376695,1.4160371125129294,-0.13984646294441605,-0.45540445323600787,-1.0186334713412402,0.20412181626414108,-0.018447187823741776,0,2,1,1,0,2
1,1,0.3060411082827816,-0.053985324341028276,0.7105104371703957,-0.5542314101429997,1.2967198204272763,0.9548128231135897,1.2112215543033884,1.6922626054263792,0.20759991853489304,1.4160371125129294,-0.13984646294441605,0.17530213262641298,-0.4619449534315806,-0.9515836776629657,0.3372432492437474,0,0,2,0,1,2
0,2,1.7559303864680318,1.068374030305999,2.527771683119982,-0.5542314101429997,0.3879024236379912,0.044740110653268717,-1.2529108026383546,1.6922626054263792,-1.3630417508376695,1.4160371125129294,-0.13984646294441605,-1.7168176249608496,0.09474356447807901,-0.5070815646140784,-0.018447187823741776,0,2,1,1,2,2
0,2,-0.7889801647522329,-0.014604294353414097,-0.8894695728504355,1.0070502643874932,-0.7733642500372064,-1.3524137718562363,1.2112215543033884,-1.8445261705555083,0.9929207532211743,1.4160371125129294,-0.13984646294441605,0.8060087184888338,1.7648091182070578,-0.2403802967847462,1.4043145604462148,0,2,2,1,1,2
0,3,-0.09952232617463148,0.11338405310633443,0.16730734734850872,-0.5542314101429997,-2.035610634466769,-1.8523128674330316,0.7183950829150397,-0.0761317825645646,0.20759991853489304,0.7013612026144089,-0.13984646294441605,0.17530213262641298,0.09474356447807901,0.11522139365436314,-0.7298280619587201,1,2,1,1,0,2
1,3,0.9853598609989479,0.8025520778895973,0.9179152532842066,1.0070502643874932,-0.06650627475665133,1.300896812359062,-0.7600843312500061,-0.0761317825645646,-0.5777209161513882,1.4160371125129294,1.2488289140936326,-1.7168176249608496,-1.0186334713412402,-1.1293845228825208,1.4043145604462148,0,2,2,1,2,1
1,1,-0.7788410788907978,-0.6250102591614471,-1.2647735258182844,1.0070502643874932,0.5393719897695386,0.6984543125613869,0.22556861152669114,-0.9603289765600365,0.9929207532211743,0.7013612026144089,-0.13984646294441605,-0.45540445323600787,0.09474356447807901,-1.396085790711853,1.4043145604462148,0,2,2,1,1,2
0,0,-1.5798288619441878,-1.6981433263239556,-1.5116840211918694,-0.5542314101429997,0.18594300212926143,-0.2244363254265435,-0.7600843312500061,-0.9603289765600365,-1.3630417508376695,1.4160371125129294,-0.13984646294441605,-1.0861110390984288,0.09474356447807901,-0.06257945156519114,0.3372432492437474,0,1,0,1,2,2
1,2,0.7116045427401947,0.979766712833866,-0.5141656198825865,2.568331938917986,-0.21797584088819877,-0.8653326018070505,-0.2672578598616575,1.6922626054263792,-1.3630417508376695,0.7013612026144089,-0.13984646294441605,-1.0861110390984288,-1.0186334713412402,-1.1293845228825208,1.4043145604462148,0,0,2,1,2,2
1,4,-0.8903710233665866,-1.540619206373496,-0.2771315443239443,1.0070502643874932,-0.823854105414389,-0.7884250486413904,0.7183950829150397,-0.9603289765600365,0.20759991853489304,0.7013612026144089,-1.5285218399824647,0.17530213262641298,-0.4619449534315806,-1.1293845228825208,1.4043145604462148,0,2,0,1,0,2
0,2,0.3161801941442167,-0.10321161182554704,-0.15861450654462325,-0.5542314101429997,0.3879024236379912,-0.10907499567805332,-0.7600843312500061,-0.0761317825645646,0.20759991853489304,1.4160371125129294,-0.13984646294441605,0.17530213262641298,-0.4619449534315806,-0.32928071939452414,-0.3741376248912309,1,0,2,0,0,2
0,2,0.6811872851558876,0.38905126301964066,1.0561851306934147,-0.5542314101429997,0.08496329137489633,-0.8653326018070505,0.22556861152669114,-0.9603289765600365,0.20759991853489304,0.7013612026144089,-0.13984646294441605,-0.45540445323600787,-1.0186334713412402,-1.573886635931408,1.4043145604462148,0,1,1,1,1,2
1,0,-0.545642104077785,0.6154921854484268,-1.2153914267435675,-0.5542314101429997,0.18594300212926143,-0.4679769104511369,0.7183950829150397,-0.9603289765600365,0.9929207532211743,-0.7279906171826318,-0.13984646294441605,1.4367153043512546,0.09474356447807901,-0.2403802967847462,-0.3741376248912309,1,0,0,1,2,2
1,2,-0.10966141203606658,-0.21150944429148918,0.30557722475771687,-0.5542314101429997,0.5393719897695386,0.5318212807024536,-2.7313902168034008,-1.8445261705555083,-2.1483625855239508,-0.7279906171826318,-0.13984646294441605,-2.3475242108232703,-1.0186334713412402,0.9153251971423606,-0.7298280619587201,0,1,0,1,1,2
0,3,-0.03868781100601907,-0.2508904742791034,0.09817240864390461,-0.5542314101429997,-0.2684656962653813,-1.301142069745796,-0.7600843312500061,0.8080654114309073,-0.5777209161513882,-0.013314707284111467,-0.13984646294441605,0.17530213262641298,-1.5753219892508998,0.5597235067032504,-0.018447187823741776,0,1,0,1,2,2
1,2,1.127307063059043,0.3496702330320251,0.7302632768002828,-0.5542314101429997,2.2055372172165617,1.6854345781873663,-0.2672578598616575,1.6922626054263792,-0.5777209161513882,-0.013314707284111467,1.2488289140936326,-0.45540445323600787,-1.0186334713412402,1.0042256197521378,-0.018447187823741776,1,1,0,1,1,2
1,0,0.7521608861859351,0.5268848679762924,0.16730734734850872,-0.5542314101429997,-0.47042511777411133,-1.4293213250218972,-0.7600843312500061,-0.0761317825645646,-0.5777209161513882,-1.4426665270811523,-0.13984646294441605,-1.0861110390984288,1.7648091182070578,-2.6406917072487377,1.4043145604462148,0,0,0,1,2,1
0,1,0.853551744800288,1.0880645452998066,1.4117362440313765,1.0070502643874932,-0.41993526239692874,-0.8268788252242204,1.2112215543033884,-0.0761317825645646,0.9929207532211743,1.4160371125129294,1.2488289140936326,-0.45540445323600787,-0.4619449534315806,1.626528578020581,-0.3741376248912309,0,0,0,1,1,2
0,2,1.7559303864680318,2.0036734925118553,1.79691661681417,-0.5542314101429997,1.650148808067554,1.4931656952732142,0.22556861152669114,0.8080654114309073,0.9929207532211743,0.7013612026144089,1.2488289140936326,0.17530213262641298,0.6514320823877386,-0.4181811420043013,0.6929336863112365,0,2,2,1,1,2
0,0,-0.9309273668123279,-1.2157257089756717,-1.472178341932096,1.0070502643874932,-1.2782628038090316,0.19855521698459075,0.7183950829150397,-0.9603289765600365,0.9929207532211743,-0.013314707284111467,-0.13984646294441605,0.8060087184888338,1.2081206002973983,0.38192266148369614,-1.4412089360936984,1,1,2,1,1,1
1,2,1.6849567854379843,1.3538864977162084,1.836422296073944,-0.5542314101429997,0.2869227128836261,0.7112722380889963,-0.2672578598616575,1.6922626054263792,0.20759991853489304,-1.4426665270811523,1.2488289140936326,0.8060087184888338,-0.4619449534315806,-1.8405879037607402,1.4043145604462148,0,2,0,1,1,2
1,2,0.3770147093128291,0.5859564129577157,1.2339606873623956,-0.5542314101429997,0.3879024236379912,1.6469808016045362,-0.7600843312500061,-0.0761317825645646,-1.3630417508376695,-0.7279906171826318,1.2488289140936326,-1.7168176249608496,1.7648091182070578,1.804329423240135,-0.3741376248912309,0,2,1,1,2,2
1,2,-0.36313855857194954,-0.3591883067450455,-0.4944127802526994,1.0070502643874932,-1.732671502203674,-1.531864729242778,-1.7457372740267034,0.8080654114309073,-2.1483625855239508,-0.013314707284111467,-1.5285218399824647,-1.0861110390984288,-1.5753219892508998,-0.6848824098336335,1.0486241233787257,0,2,2,1,0,1
0,1,-1.0120400537038106,-0.9105227265716552,-0.9289752521102083,1.0070502643874932,0.3879024236379912,0.006286334070438663,0.7183950829150397,-0.0761317825645646,0.9929207532211743,-0.013314707284111467,-1.5285218399824647,1.4367153043512546,-1.0186334713412402,1.804329423240135,-1.0855184990262092,1,0,0,1,2,2
1,1,0.630491855848712,-0.7529986066211957,0.22656586623816855,-0.5542314101429997,0.08496329137489633,-0.16034669778849278,-0.7600843312500061,0.8080654114309073,-0.5777209161513882,-1.4426665270811523,1.2488289140936326,-1.0861110390984288,1.2081206002973983,-0.2403802967847462,0.3372432492437474,0,2,0,1,2,2
1,1,1.3909232954563608,0.3496702330320251,1.4512419232911509,-0.5542314101429997,0.13545314675207865,0.3139165467330827,-0.7600843312500061,-0.9603289765600365,-0.5777209161513882,-1.4426665270811523,1.2488289140936326,-1.0861110390984288,-0.4619449534315806,-0.32928071939452414,-1.7968993731611875,0,0,2,1,1,2
0,4,0.7724390579088053,0.7533257904050784,0.7203868569853386,-0.5542314101429997,1.0947603989185466,0.5318212807024536,1.2112215543033884,-0.0761317825645646,0.9929207532211743,-0.7279906171826318,-0.13984646294441605,0.8060087184888338,-0.4619449534315806,-0.4181811420043013,1.4043145604462148,0,2,0,1,1,2
0,3,1.7559303864680318,1.9544472050273367,1.984568593298095,-0.5542314101429997,-0.1674859855110162,0.14728351487414948,0.7183950829150397,-0.0761317825645646,0.9929207532211743,1.4160371125129294,-0.13984646294441605,0.8060087184888338,0.6514320823877386,1.804329423240135,-1.4412089360936984,0,0,2,1,2,2
0,3,0.06270304760833376,0.21183662807537199,0.30557722475771687,-0.5542314101429997,0.23643285750644377,0.6856363870337757,-0.7600843312500061,0.8080654114309073,-0.5777209161513882,-0.7279906171826318,-0.13984646294441605,0.17530213262641298,-0.4619449534315806,0.11522139365436314,0.3372432492437474,0,2,1,1,1,2
0,3,-0.1603568413432439,0.182300855584661,0.43397068235198083,-0.5542314101429997,-0.36944540701974643,-0.7499712720585603,1.2112215543033884,0.8080654114309073,0.9929207532211743,-0.7279906171826318,1.2488289140936326,1.4367153043512546,-1.0186334713412402,0.6486239293130284,1.4043145604462148,1,1,0,1,2,2
1,3,-0.5253639323549147,-0.457640881714083,-0.17836734617451033,-0.5542314101429997,1.1957401096729117,1.4418939931627746,1.2112215543033884,0.8080654114309073,0.20759991853489304,1.4160371125129294,-0.13984646294441605,0.17530213262641298,-1.0186334713412402,0.11522139365436314,-0.7298280619587201,0,0,1,1,1,2
1,3,0.38715379517426424,0.5170396104793892,-0.7116940161814546,-0.5542314101429997,0.3374125682608089,0.05755803618087995,1.2112215543033884,-0.0761317825645646,0.9929207532211743,1.4160371125129294,1.2488289140936326,-0.45540445323600787,0.6514320823877386,-0.9515836776629657,0.3372432492437474,0,0,1,1,2,2
0,1,-0.018409639283148867,-0.5560934566831206,0.3845885832772638,1.0070502643874932,-0.41993526239692874,-1.0191477081383724,0.22556861152669114,-0.0761317825645646,0.20759991853489304,-1.4426665270811523,1.2488289140936326,-0.45540445323600787,0.09474356447807901,-0.5070815646140784,0.6929336863112365,0,2,0,1,1,2
0,1,0.2350675072527341,0.36936074802583285,1.1648257486577915,-0.5542314101429997,0.6908415559010865,-0.4679769104511369,-1.2529108026383546,-0.9603289765600365,-0.5777209161513882,0.7013612026144089,-0.13984646294441605,-1.0861110390984288,-1.0186334713412402,-2.1961895941998506,-0.3741376248912309,0,1,1,1,2,2
1,2,-0.1603568413432439,0.6745637304298487,-0.3462664830285484,1.0070502643874932,1.0442705435413637,0.890723195475539,-0.2672578598616575,-1.8445261705555083,0.20759991853489304,-0.013314707284111467,-0.13984646294441605,1.4367153043512546,-0.4619449534315806,1.804329423240135,-0.018447187823741776,1,2,2,1,1,2
1,1,-1.843445094341506,-0.7529986066211957,-0.7907053747010014,-0.5542314101429997,0.08496329137489633,0.37800617437113343,0.7183950829150397,-0.9603289765600365,0.9929207532211743,-0.013314707284111467,-1.5285218399824647,0.8060087184888338,0.09474356447807901,0.20412181626414108,1.4043145604462148,0,2,2,1,1,2
0,1,-0.2617476999575967,-0.28042624676981576,-0.049973888580246394,-0.5542314101429997,-1.227772948431849,-1.6600439845188795,0.22556861152669114,-0.0761317825645646,0.20759991853489304,-0.013314707284111467,-0.13984646294441605,0.17530213262641298,0.09474356447807901,0.38192266148369614,-0.3741376248912309,1,2,1,0,2,2
1,1,0.7318827144630649,0.1626103405908532,0.12780166808873455,-0.5542314101429997,1.0947603989185466,-0.4423410593959162,-0.2672578598616575,1.6922626054263792,0.20759991853489304,-0.7279906171826318,1.2488289140936326,0.8060087184888338,-0.4619449534315806,1.1820264649716936,-1.0855184990262092,1,2,1,1,2,2
1,2,0.6507700275715823,0.4284322930072548,0.5327348805014148,-0.5542314101429997,0.13545314675207865,0.5190033551748442,0.22556861152669114,-0.0761317825645646,0.20759991853489304,-0.7279906171826318,-0.13984646294441605,-1.0861110390984288,0.09474356447807901,-0.7737828324434114,0.6929336863112365,0,1,2,1,2,2
0,4,0.8941080882460302,1.068374030305999,0.30557722475771687,-0.5542314101429997,-0.06650627475665133,0.9163590465307578,0.7183950829150397,-0.9603289765600365,0.20759991853489304,-0.7279906171826318,1.2488289140936326,0.17530213262641298,-1.0186334713412402,-0.2403802967847462,-1.7968993731611875,0,2,1,1,2,2
0,3,-1.448020745745529,-1.4126308589137468,-1.1462564880389634,-0.5542314101429997,-0.01601641937946878,-1.2114165910525245,0.7183950829150397,-0.9603289765600365,0.20759991853489304,-1.4426665270811523,-1.5285218399824647,0.17530213262641298,-1.0186334713412402,0.6486239293130284,0.6929336863112365,0,2,1,1,0,2
0,4,0.2654847648370394,0.39889652051654384,0.3648357436473767,-0.5542314101429997,1.3472096758044592,1.7238883547701982,0.7183950829150397,0.8080654114309073,0.9929207532211743,-0.7279906171826318,1.2488289140936326,0.8060087184888338,0.6514320823877386,-0.8626832550531885,0.3372432492437474,1,2,0,1,1,2
0,0,1.7559303864680318,1.3341959827224006,1.787040196999227,-0.5542314101429997,0.6403517005239038,1.0573562273344705,0.22556861152669114,1.6922626054263792,0.20759991853489304,-1.4426665270811523,1.2488289140936326,-0.45540445323600787,0.6514320823877386,-1.1293845228825208,0.6929336863112365,0,2,2,1,2,2
1,1,0.2046502496684288,-0.3788788217388533,-0.48453636043775516,-0.5542314101429997,-1.025813526923119,-0.7499712720585603,0.7183950829150397,-0.0761317825645646,0.20759991853489304,-0.7279906171826318,1.2488289140936326,-0.45540445323600787,-0.4619449534315806,0.11522139365436314,-0.7298280619587201,0,2,0,1,1,2
0,0,-0.48480758890917347,-0.7431533491242911,-0.22774944524922733,1.0070502643874932,0.6908415559010865,0.05755803618087995,-0.7600843312500061,-0.9603289765600365,-1.3630417508376695,-0.7279906171826318,-0.13984646294441605,0.17530213262641298,-0.4619449534315806,0.38192266148369614,-0.3741376248912309,0,2,0,1,0,1
1,0,-0.9917618819809394,-1.127118391503538,0.17718376716345155,-0.5542314101429997,0.43839227901517397,0.4933675041196236,-0.2672578598616575,0.8080654114309073,0.20759991853489304,-0.7279906171826318,-0.13984646294441605,-0.45540445323600787,-1.5753219892508998,-0.9515836776629657,1.4043145604462148,0,0,0,1,2,1
1,0,0.9853598609989479,0.9206951678524425,0.6413754984657917,-0.5542314101429997,2.6094560602340215,1.1727175570829607,0.22556861152669114,-0.0761317825645646,0.9929207532211743,-0.013314707284111467,-0.13984646294441605,1.4367153043512546,0.6514320823877386,-1.573886635931408,1.0486241233787257,0,2,0,1,0,2
1,3,-0.44425124546343214,-0.8120701516026176,-0.44503068117798245,1.0070502643874932,-0.6218946839056589,1.2111713336657925,0.7183950829150397,-0.9603289765600365,0.9929207532211743,-1.4426665270811523,-0.13984646294441605,0.8060087184888338,-0.4619449534315806,1.804329423240135,-1.4412089360936984,0,2,2,1,0,2
1,3,0.2452065931141692,0.7730163053988862,0.39446500309220667,-0.5542314101429997,0.08496329137489633,0.4933675041196236,0.7183950829150397,-0.0761317825645646,0.9929207532211743,1.4160371125129294,-0.13984646294441605,0.17530213262641298,0.6514320823877386,-0.7737828324434114,-1.4412089360936984,0,0,1,1,2,2
0,3,1.7559303864680318,2.259650187431354,1.9055572347785468,-0.5542314101429997,2.0540676510850138,0.775361865727047,-0.7600843312500061,0.8080654114309073,-0.5777209161513882,-1.4426665270811523,-0.13984646294441605,-0.45540445323600787,0.09474356447807901,-0.2403802967847462,-1.4412089360936984,1,1,2,1,2,2
1,1,-0.14007866962037188,0.1429198255970468,-0.3956485821032654,-0.5542314101429997,0.034473435997713554,-0.08343914462283268,1.2112215543033884,-0.9603289765600365,0.9929207532211743,-0.013314707284111467,-0.13984646294441605,0.17530213262641298,2.3214976361167174,-0.5070815646140784,0.6929336863112365,1,2,2,1,1,2
0,2,1.4213405530406662,1.0486835153121912,1.3129720458819427,-0.5542314101429997,0.3374125682608089,0.4805495785920142,-0.7600843312500061,0.8080654114309073,-0.5777209161513882,-0.7279906171826318,-0.13984646294441605,-0.45540445323600787,-1.0186334713412402,0.11522139365436314,0.6929336863112365,0,2,2,1,0,2
1,1,0.3770147093128291,-0.26073573177600795,-0.2771315443239443,-0.5542314101429997,0.6908415559010865,0.9163590465307578,-1.2529108026383546,1.6922626054263792,-0.5777209161513882,0.7013612026144089,-0.13984646294441605,-0.45540445323600787,1.7648091182070578,1.626528578020581,-1.4412089360936984,0,1,1,1,0,2
1,3,-0.3225822151262082,-0.6348555166583504,-0.6623119171067375,-0.5542314101429997,-0.36944540701974643,-0.39106935728547493,0.22556861152669114,-0.9603289765600365,0.9929207532211743,1.4160371125129294,-0.13984646294441605,0.8060087184888338,0.6514320823877386,0.2930222388739182,0.6929336863112365,0,0,0,0,1,2
0,1,-1.093152740595292,-0.5757839716769284,-1.8079766156401715,-0.5542314101429997,1.4481893865588242,1.3649864399971128,-1.7457372740267034,0.8080654114309073,-0.5777209161513882,-0.013314707284111467,-0.13984646294441605,0.17530213262641298,0.09474356447807901,0.4708230840934733,-0.018447187823741776,0,0,1,1,2,2
0,4,1.0867507196133006,1.0191477428214801,1.8462987158888868,-0.5542314101429997,-0.11699613013383389,0.08319388723609877,-0.2672578598616575,0.8080654114309073,0.9929207532211743,-0.7279906171826318,-0.13984646294441605,0.8060087184888338,1.2081206002973983,1.715429000630358,-0.3741376248912309,0,2,0,1,2,2
1,2,-1.0525963971495509,-1.2354162239694795,-1.2153914267435675,-0.5542314101429997,0.13545314675207865,0.03192218512565931,0.22556861152669114,-1.8445261705555083,0.20759991853489304,1.4160371125129294,-0.13984646294441605,0.8060087184888338,0.6514320823877386,-0.6848824098336335,1.0486241233787257,0,1,0,0,1,2
0,1,1.4112014671792312,1.481874845175957,1.372230564771604,-0.5542314101429997,0.5898618451467215,0.8009977167822677,0.7183950829150397,1.6922626054263792,0.9929207532211743,-0.7279906171826318,1.2488289140936326,0.17530213262641298,-1.0186334713412402,-1.396085790711853,1.4043145604462148,0,0,1,1,0,2
1,4,-1.1235699981795984,-1.0286658165345004,-1.501807601376926,1.0070502643874932,0.9937806881641814,-0.09625707015044209,0.7183950829150397,-0.0761317825645646,0.9929207532211743,-0.013314707284111467,-1.5285218399824647,0.17530213262641298,0.09474356447807901,-0.8626832550531885,-0.018447187823741776,0,2,0,0,2,2
1,2,0.10325939105407415,0.44812280800106263,-0.29688438395383143,1.0070502643874932,0.6908415559010865,0.2626448446226414,0.22556861152669114,0.8080654114309073,-0.5777209161513882,-0.013314707284111467,1.2488289140936326,-0.45540445323600787,-1.0186334713412402,-2.3739904394194054,1.4043145604462148,0,1,1,1,0,2
1,1,-0.09952232617463148,0.005086220640393692,-0.2870079641388872,-0.5542314101429997,-0.01601641937946878,-1.224234516580135,-0.7600843312500061,-0.9603289765600365,0.20759991853489304,1.4160371125129294,-0.13984646294441605,1.4367153043512546,0.09474356447807901,-0.15147987417496905,-1.0855184990262092,0,0,2,0,2,2
0,2,0.6507700275715823,0.6647184729329455,0.7895217956899426,-0.5542314101429997,0.5393719897695386,0.4164599509539635,0.7183950829150397,1.6922626054263792,0.9929207532211743,0.7013612026144089,-0.13984646294441605,0.17530213262641298,-0.4619449534315806,-1.2182849454922986,1.0486241233787257,0,0,0,1,2,2
1,4,0.9448035175532057,0.4973490954855814,1.174702168472736,-0.5542314101429997,0.5393719897695386,0.006286334070438663,0.7183950829150397,0.8080654114309073,0.9929207532211743,-1.4426665270811523,-0.13984646294441605,0.8060087184888338,-0.4619449534315806,0.2930222388739182,0.3372432492437474,0,1,1,1,1,2
1,2,-0.8903710233665866,-1.373249828926132,-0.5536712991423592,-0.5542314101429997,-0.5714048285284764,-0.3269797296474242,-0.7600843312500061,-1.8445261705555083,-0.5777209161513882,1.4160371125129294,-0.13984646294441605,-0.45540445323600787,0.09474356447807901,1.804329423240135,0.3372432492437474,0,0,0,1,2,1
0,3,1.7559303864680318,1.1569813477781332,1.9648157536682078,-0.5542314101429997,0.2869227128836261,0.6856363870337757,-0.2672578598616575,0.8080654114309073,0.20759991853489304,-0.7279906171826318,1.2488289140936326,0.17530213262641298,0.09474356447807901,-0.4181811420043013,-0.3741376248912309,0,2,2,1,2,2
1,1,1.147585234781913,1.0880645452998066,1.1154436495830746,-0.5542314101429997,1.4481893865588242,0.6087288338681156,0.7183950829150397,-0.0761317825645646,0.20759991853489304,0.7013612026144089,1.2488289140936326,-0.45540445323600787,-1.0186334713412402,-1.3071853681020758,1.0486241233787257,0,2,0,1,2,2
0,3,0.3770147093128291,-0.49702191170169724,0.7006340173554529,-0.5542314101429997,-0.36944540701974643,0.05755803618087995,1.2112215543033884,-0.9603289765600365,0.9929207532211743,-0.013314707284111467,-0.13984646294441605,0.8060087184888338,-0.4619449534315806,0.4708230840934733,0.3372432492437474,1,0,1,1,0,2
1,2,0.5189619113729224,0.4087417780134471,-0.29688438395383143,-0.5542314101429997,0.7918212666554512,-0.5577023891444082,1.2112215543033884,1.6922626054263792,0.9929207532211743,-1.4426665270811523,1.2488289140936326,0.17530213262641298,2.3214976361167174,1.093126042361915,-1.7968993731611875,0,2,2,1,1,2
1,1,0.3770147093128291,0.22168188557227655,0.04879030956918762,2.568331938917986,0.18594300212926143,0.3523703233159128,0.7183950829150397,-0.0761317825645646,0.9929207532211743,0.7013612026144089,-0.13984646294441605,0.8060087184888338,-1.0186334713412402,0.5597235067032504,1.4043145604462148,0,1,2,1,1,2
1,3,-0.1299395837589368,-0.10321161182554704,0.08829598882896178,-0.5542314101429997,-0.41993526239692874,-0.4423410593959162,0.7183950829150397,-0.0761317825645646,0.9929207532211743,1.4160371125129294,-0.13984646294441605,-0.45540445323600787,-0.4619449534315806,-1.2182849454922986,0.3372432492437474,0,1,2,1,2,2
1,3,-0.7484238213064915,-1.363404571429228,-0.07960314802507631,-0.5542314101429997,-1.025813526923119,-0.14752877226088337,1.2112215543033884,-0.9603289765600365,0.20759991853489304,-0.013314707284111467,-0.13984646294441605,0.8060087184888338,0.09474356447807901,-0.15147987417496905,0.3372432492437474,1,1,1,1,1,2
0,1,-1.1235699981795984,-1.0877373615159232,0.25619512568299985,2.568331938917986,1.0442705435413637,-0.2628901020093735,-0.2672578598616575,-0.0761317825645646,-1.3630417508376695,-0.013314707284111467,-0.13984646294441605,0.17530213262641298,-1.0186334713412402,-0.5959819872238563,1.4043145604462148,0,2,1,1,1,1
1,2,1.7559303864680318,1.7575420550892618,0.8981624136543209,-0.5542314101429997,0.7413314112782688,0.6471826104509456,0.22556861152669114,1.6922626054263792,0.9929207532211743,-1.4426665270811523,1.2488289140936326,1.4367153043512546,0.09474356447807901,-1.1293845228825208,-0.3741376248912309,0,2,1,1,1,2
0,2,0.5797964265415347,1.3932675277038225,0.44384710216692363,-0.5542314101429997,0.23643285750644377,0.5702750572852855,-0.2672578598616575,0.8080654114309073,0.20759991853489304,1.4160371125129294,1.2488289140936326,0.8060087184888338,1.2081206002973983,-0.7737828324434114,1.0486241233787257,0,2,0,1,2,2
1,1,0.18437207794555677,-0.034294809347221886,0.40434142290715086,-0.5542314101429997,-0.3189555516425639,-0.19880047437132284,0.22556861152669114,-0.0761317825645646,0.20759991853489304,0.7013612026144089,-1.5285218399824647,0.17530213262641298,-0.4619449534315806,-0.2403802967847462,-1.0855184990262092,1,0,1,0,1,2
0,1,-0.6064766192463974,-0.7037723191366769,-0.5931769784021335,-0.5542314101429997,0.3374125682608089,0.2882806956778621,-1.2529108026383546,0.8080654114309073,-1.3630417508376695,0.7013612026144089,-0.13984646294441605,-2.3475242108232703,1.7648091182070578,-1.0404841002727436,0.6929336863112365,0,2,2,1,2,2
1,3,0.7420218003245,1.3341959827224006,0.6018698192060189,-0.5542314101429997,0.2869227128836261,-0.2628901020093735,0.22556861152669114,-0.9603289765600365,0.9929207532211743,-0.7279906171826318,-0.13984646294441605,1.4367153043512546,2.878186154026377,0.7375243519228055,0.3372432492437474,1,1,0,1,2,2
1,1,-1.4176034881612227,-0.9892847865468849,-1.2055150069286238,1.0070502643874932,-0.36944540701974643,0.1601014404017607,0.22556861152669114,-0.9603289765600365,0.9929207532211743,-0.013314707284111467,-0.13984646294441605,0.17530213262641298,-0.4619449534315806,-0.32928071939452414,-0.7298280619587201,1,1,0,1,1,1
1,4,0.6811872851558876,1.0289930003183847,0.7302632768002828,-0.5542314101429997,-0.01601641937946878,-0.14752877226088337,-1.7457372740267034,0.8080654114309073,-1.3630417508376695,-0.013314707284111467,-0.13984646294441605,-1.0861110390984288,-1.0186334713412402,-0.6848824098336335,-1.4412089360936984,1,2,1,1,2,2
1,0,0.6406309417101472,0.25121765806298757,0.029037469939300533,-0.5542314101429997,-0.41993526239692874,-1.1985986655249143,0.7183950829150397,0.8080654114309073,0.9929207532211743,-0.7279906171826318,-0.13984646294441605,1.4367153043512546,1.2081206002973983,0.8264247745325835,-0.3741376248912309,0,2,0,1,1,2
1,1,1.0461943761675603,1.0191477428214801,0.6710047579106215,-0.5542314101429997,-1.934630923712404,-1.1729628144696946,-0.2672578598616575,-0.0761317825645646,-0.5777209161513882,-0.7279906171826318,-0.13984646294441605,-1.7168176249608496,0.09474356447807901,-0.32928071939452414,0.6929336863112365,0,2,1,1,1,2
1,0,-0.11980049789750169,0.6154921854484268,-0.8697167332205483,-0.5542314101429997,-1.328752659186214,-0.17316462331610402,1.2112215543033884,0.8080654114309073,0.20759991853489304,0.7013612026144089,-0.13984646294441605,-0.45540445323600787,-0.4619449534315806,-0.2403802967847462,-0.018447187823741776,0,2,1,1,2,2
1,1,0.03228579002402845,-0.053985324341028276,-0.5042892000676422,-0.5542314101429997,0.13545314675207865,-0.9935118570831518,-0.2672578598616575,-0.0761317825645646,-1.3630417508376695,-0.013314707284111467,1.2488289140936326,0.17530213262641298,1.2081206002973983,-1.0404841002727436,1.4043145604462148,0,1,1,1,1,2
1,0,0.09312030519263906,-0.9892847865468849,0.6314990786508489,-0.5542314101429997,-0.7733642500372064,-0.698699569948119,0.22556861152669114,0.8080654114309073,-0.5777209161513882,-0.7279906171826318,-0.13984646294441605,-1.7168176249608496,-1.0186334713412402,0.38192266148369614,1.4043145604462148,0,0,2,1,1,2
1,2,0.33645836586708694,1.3735770127100162,1.490747602550925,-0.5542314101429997,-0.21797584088819877,-0.17316462331610402,1.2112215543033884,0.8080654114309073,0.9929207532211743,-0.013314707284111467,-0.13984646294441605,0.17530213262641298,1.2081206002973983,-1.484986213321631,-0.018447187823741776,0,1,1,1,1,2
0,1,-0.6064766192463974,-0.7234628341304847,-1.6993359976757938,1.0070502643874932,-1.1772830930546665,-1.0447835591935932,1.2112215543033884,-0.0761317825645646,0.9929207532211743,-0.7279906171826318,-0.13984646294441605,0.8060087184888338,0.6514320823877386,0.9153251971423606,-1.0855184990262092,1,2,0,1,0,2
1,1,1.1881415782276534,0.9010046528586347,0.8092746353198298,-0.5542314101429997,1.1452502542957288,0.7112722380889963,1.2112215543033884,1.6922626054263792,0.9929207532211743,-0.013314707284111467,1.2488289140936326,1.4367153043512546,1.7648091182070578,1.2709268875814708,0.6929336863112365,0,2,1,1,0,2
0,2,-0.7889801647522329,-0.1721284143038736,-0.7215704359963974,-0.5542314101429997,-0.7228743946600239,0.45491372753679354,-1.2529108026383546,-0.0761317825645646,-1.3630417508376695,-0.013314707284111467,-0.13984646294441605,-1.0861110390984288,-0.4619449534315806,-0.15147987417496905,-0.018447187823741776,0,2,2,1,1,2
0,3,0.5392400830957944,0.595801670454619,0.7598925362451128,1.0070502643874932,0.9937806881641814,0.8266335678374883,1.2112215543033884,-0.0761317825645646,0.9929207532211743,0.7013612026144089,1.2488289140936326,0.8060087184888338,-0.4619449534315806,0.11522139365436314,1.4043145604462148,0,0,1,1,2,2
0,2,-0.1299395837589368,0.15276508309395,0.43397068235198083,-0.5542314101429997,1.5996589526903715,1.262443035776232,-0.2672578598616575,0.8080654114309073,0.20759991853489304,-0.013314707284111467,-0.13984646294441605,0.8060087184888338,0.09474356447807901,-0.8626832550531885,-1.0855184990262092,0,1,1,1,1,2
0,2,-0.3225822151262082,0.4579680654979658,-0.23762586506417016,-0.5542314101429997,0.08496329137489633,0.19855521698459075,0.22556861152669114,-0.0761317825645646,-0.5777209161513882,-0.7279906171826318,-1.5285218399824647,-0.45540445323600787,0.6514320823877386,0.6486239293130284,-0.3741376248912309,0,2,0,1,1,2
0,4,0.3263192800056518,0.20199137057846878,0.0685431491990747,-0.5542314101429997,-1.227772948431849,-0.6217920167824589,1.2112215543033884,0.8080654114309073,0.9929207532211743,-0.7279906171826318,1.2488289140936326,0.8060087184888338,0.09474356447807901,0.20412181626414108,-0.3741376248912309,0,2,0,1,1,2
1,1,0.5189619113729224,0.6844089879267533,0.2364422860531128,-0.5542314101429997,-1.6316917914493092,-1.0063297826107631,1.2112215543033884,0.8080654114309073,0.9929207532211743,-0.7279906171826318,-0.13984646294441605,0.8060087184888338,-1.0186334713412402,1.5376281554108022,-0.018447187823741776,1,2,1,1,2,2
0,1,-0.8903710233665866,-1.7276790988146673,-0.5931769784021335,1.0070502643874932,-1.2782628038090316,-0.8396967507518298,-1.2529108026383546,-0.9603289765600365,-0.5777209161513882,1.4160371125129294,-0.13984646294441605,0.8060087184888338,-1.0186334713412402,-1.8405879037607402,1.4043145604462148,0,0,2,0,2,2
1,2,-0.7078674778607502,-0.7923796366088098,-0.3956485821032654,-0.5542314101429997,1.0442705435413637,0.10882973829131941,1.2112215543033884,-0.9603289765600365,0.9929207532211743,0.7013612026144089,-0.13984646294441605,0.8060087184888338,0.09474356447807901,0.20412181626414108,1.0486241233787257,0,1,0,1,0,2
1,0,-0.9917618819809394,-0.9794395290499818,-0.8993459926653783,1.0070502643874932,-0.823854105414389,-0.40388728281308617,-1.2529108026383546,-0.0761317825645646,-1.3630417508376695,0.7013612026144089,1.2488289140936326,-0.45540445323600787,-0.4619449534315806,0.11522139365436314,1.4043145604462148,1,2,1,1,2,1
0,3,-1.2959344578239989,-1.2354162239694795,-1.4524255023022088,1.0070502643874932,0.8423111220326339,1.3265326634142827,1.2112215543033884,-0.9603289765600365,0.9929207532211743,0.7013612026144089,-1.5285218399824647,0.8060087184888338,-0.4619449534315806,0.5597235067032504,-0.018447187823741776,0,0,1,0,1,2
0,3,-1.1134309123181634,-0.7923796366088098,-1.1067508087791897,2.568331938917986,0.3374125682608089,-0.6474278678376777,-0.2672578598616575,-0.0761317825645646,-0.5777209161513882,1.4160371125129294,-0.13984646294441605,-1.0861110390984288,0.6514320823877386,0.5597235067032504,-0.018447187823741776,0,2,2,1,1,2
1,3,-0.8802319375051506,-1.127118391503538,-0.7314468558113402,1.0070502643874932,-0.11699613013383389,-0.7115174954757284,1.2112215543033884,-1.8445261705555083,0.9929207532211743,0.7013612026144089,-0.13984646294441605,1.4367153043512546,0.09474356447807901,-0.32928071939452414,1.0486241233787257,0,2,0,1,1,1
0,2,-1.1539872557639046,-1.796595901292993,-0.9190988322952653,-0.5542314101429997,1.2967198204272763,0.736908089144217,-0.2672578598616575,0.8080654114309073,-0.5777209161513882,1.4160371125129294,-0.13984646294441605,0.17530213262641298,-1.0186334713412402,-2.6406917072487377,1.4043145604462148,0,2,0,1,1,2
1,3,1.248976093396266,1.3145054677285928,1.2043314279175659,-0.5542314101429997,0.8928009774098163,0.9932665996964197,1.2112215543033884,0.8080654114309073,0.9929207532211743,0.7013612026144089,1.2488289140936326,0.17530213262641298,1.7648091182070578,-0.4181811420043013,-0.7298280619587201,0,2,0,1,1,2
1,1,0.10325939105407415,-0.4084145942295643,0.14755450771862164,-0.5542314101429997,1.1957401096729117,0.6728184615061663,0.7183950829150397,-0.0761317825645646,0.9929207532211743,0.7013612026144089,-0.13984646294441605,1.4367153043512546,-0.4619449534315806,-0.15147987417496905,0.3372432492437474,0,1,0,0,2,2
0,1,0.8028563154931124,1.3341959827224006,0.46359994179681074,-0.5542314101429997,0.7918212666554512,1.2880788868314526,1.2112215543033884,-0.9603289765600365,0.9929207532211743,0.7013612026144089,-0.13984646294441605,0.8060087184888338,-1.0186334713412402,1.448727732801025,-0.3741376248912309,0,2,0,1,2,2
0,3,0.863690830661723,0.5662658979639079,1.3623541449566596,1.0070502643874932,0.08496329137489633,-0.4679769104511369,0.22556861152669114,1.6922626054263792,-0.5777209161513882,-1.4426665270811523,1.2488289140936326,-0.45540445323600787,1.7648091182070578,-0.32928071939452414,-1.4412089360936984,1,2,1,1,2,2
1,1,-0.9714837102580692,-0.44779562421717845,-1.1561329078539069,-0.5542314101429997,-0.47042511777411133,-0.5961561657272383,-1.2529108026383546,-1.8445261705555083,-0.5777209161513882,0.7013612026144089,-0.13984646294441605,-0.45540445323600787,1.2081206002973983,-0.06257945156519114,-1.7968993731611875,0,1,2,1,2,2
1,4,1.1070288913361708,0.4284322930072548,0.12780166808873455,-0.5542314101429997,0.8928009774098163,-0.45515898492352563,-0.2672578598616575,1.6922626054263792,-0.5777209161513882,-0.7279906171826318,-0.13984646294441605,-0.45540445323600787,0.6514320823877386,-0.4181811420043013,1.4043145604462148,0,1,2,1,1,2
1,4,-1.4682989174683991,-1.6981433263239556,-1.7684709363803979,1.0070502643874932,0.2869227128836261,1.2752609613038433,-0.2672578598616575,-1.8445261705555083,-0.5777209161513882,-1.4426665270811523,-1.5285218399824647,0.17530213262641298,0.6514320823877386,-1.484986213321631,1.4043145604462148,0,1,2,0,1,1
0,0,1.522731411655019,0.8419331078772128,0.9672973523589236,-0.5542314101429997,0.5898618451467215,0.044740110653268717,-0.2672578598616575,1.6922626054263792,0.20759991853489304,-0.7279906171826318,1.2488289140936326,0.17530213262641298,0.09474356447807901,1.5376281554108022,0.3372432492437474,0,0,1,1,2,2
0,2,0.7622999720473702,0.6745637304298487,-0.29688438395383143,-0.5542314101429997,0.23643285750644377,1.0829920783896911,1.2112215543033884,0.8080654114309073,0.9929207532211743,-0.013314707284111467,-0.13984646294441605,1.4367153043512546,1.2081206002973983,-0.06257945156519114,-0.7298280619587201,0,1,2,1,2,2
0,3,-0.058965982728889275,-0.15243789931006582,-0.15861450654462325,-0.5542314101429997,-0.7733642500372064,-0.5192486125615763,-0.2672578598616575,-0.0761317825645646,0.20759991853489304,-0.7279906171826318,-0.13984646294441605,0.8060087184888338,0.09474356447807901,-0.5959819872238563,1.0486241233787257,0,2,0,1,2,2
1,3,-0.02854872514458397,0.2709081730567953,-0.18824376598945317,-0.5542314101429997,0.18594300212926143,-0.4679769104511369,-1.7457372740267034,0.8080654114309073,-0.5777209161513882,-0.7279906171826318,-0.13984646294441605,0.17530213262641298,-1.0186334713412402,0.2930222388739182,0.3372432492437474,0,2,0,1,1,2
0,2,-0.1603568413432439,-0.0047590368565095026,-0.33639006321360415,-0.5542314101429997,-0.41993526239692874,-1.2883241442181856,-1.7457372740267034,1.6922626054263792,-2.1483625855239508,0.7013612026144089,1.2488289140936326,-1.0861110390984288,0.09474356447807901,1.1820264649716936,0.6929336863112365,1,1,1,1,1,2
1,2,-2.2895648722446604,-2.407001866101026,-1.4425490824872653,-0.5542314101429997,-0.3189555516425639,0.46773165306440295,-0.2672578598616575,-0.0761317825645646,0.9929207532211743,0.7013612026144089,-1.5285218399824647,0.8060087184888338,-1.0186334713412402,1.1820264649716936,0.3372432492437474,0,2,2,1,2,2
1,3,1.4618968964864085,1.1668266052750365,1.7574109375543956,-0.5542314101429997,-1.5812019360721266,-1.9164024950710823,1.2112215543033884,1.6922626054263792,0.9929207532211743,-0.7279906171826318,1.2488289140936326,0.8060087184888338,-1.5753219892508998,-0.06257945156519114,0.3372432492437474,0,0,0,1,1,2
0,1,0.06270304760833376,0.6745637304298487,-0.10923240746990623,-0.5542314101429997,-2.035610634466769,-2.211214782206115,-0.2672578598616575,1.6922626054263792,-0.5777209161513882,1.4160371125129294,1.2488289140936326,0.17530213262641298,0.09474356447807901,1.1820264649716936,0.6929336863112365,0,2,1,1,1,2
1,2,1.1780024923662185,0.38905126301964066,1.2833427864371127,-0.5542314101429997,-0.5209149731512939,-1.224234516580135,-1.2529108026383546,0.8080654114309073,-1.3630417508376695,-0.013314707284111467,1.2488289140936326,-0.45540445323600787,-0.4619449534315806,-1.0404841002727436,-0.3741376248912309,0,1,2,1,2,2
0,4,-1.2553781143782574,-0.33949779175123773,-1.7684709363803979,1.0070502643874932,-0.1674859855110162,0.5190033551748442,-1.2529108026383546,-1.8445261705555083,-1.3630417508376695,1.4160371125129294,-0.13984646294441605,-0.45540445323600787,0.09474356447807901,1.804329423240135,1.4043145604462148,1,1,2,1,1,2
0,3,0.7318827144630649,0.7040995029205597,0.9672973523589236,-0.5542314101429997,0.3374125682608089,0.2754627701502509,0.22556861152669114,-0.0761317825645646,0.20759991853489304,-0.013314707284111467,1.2488289140936326,-0.45540445323600787,0.09474356447807901,-0.2403802967847462,-0.3741376248912309,0,2,1,1,2,2
1,2,-0.1299395837589368,-0.8219154090995222,-0.4154014217331525,-0.5542314101429997,-0.41993526239692874,-1.1216911123592532,0.22556861152669114,-1.8445261705555083,-0.5777209161513882,0.7013612026144089,-0.13984646294441605,-1.0861110390984288,0.09474356447807901,-1.3071853681020758,1.4043145604462148,0,1,1,0,2,2
0,1,-0.018409639283148867,-0.08352109683174065,-0.3956485821032654,-0.5542314101429997,-0.21797584088819877,0.6343646849233362,-1.2529108026383546,0.8080654114309073,-1.3630417508376695,0.7013612026144089,-0.13984646294441605,-1.7168176249608496,0.6514320823877386,-1.573886635931408,-0.3741376248912309,0,1,1,1,1,2
1,0,0.8941080882460302,-0.06383058183793287,1.2537135269922828,-0.5542314101429997,0.7918212666554512,0.18573729145698134,-0.2672578598616575,1.6922626054263792,-0.5777209161513882,-1.4426665270811523,1.2488289140936326,0.17530213262641298,-1.0186334713412402,-0.6848824098336335,0.3372432492437474,0,2,2,1,2,2
1,3,0.45812739620431175,1.0191477428214801,-0.3166372235837185,-0.5542314101429997,-1.4297323699405788,-0.5577023891444082,1.2112215543033884,-0.0761317825645646,0.9929207532211743,0.7013612026144089,1.2488289140936326,0.8060087184888338,0.6514320823877386,-0.5959819872238563,0.3372432492437474,0,2,2,1,1,2
0,4,1.5937050126850665,0.9206951678524425,0.8882859938393767,-0.5542314101429997,1.4986792419360064,2.172515748236553,-1.2529108026383546,-0.0761317825645646,-0.5777209161513882,-0.013314707284111467,-0.13984646294441605,-1.0861110390984288,1.2081206002973983,1.093126042361915,1.0486241233787257,1,1,0,0,0,2
1,2,-0.2211913565118545,-0.5856292291738315,-0.9190988322952653,2.568331938917986,-1.7831613575808567,-0.6730637188928984,-0.7600843312500061,0.8080654114309073,0.20759991853489304,0.7013612026144089,-0.13984646294441605,0.17530213262641298,-0.4619449534315806,0.20412181626414108,-1.7968993731611875,0,2,0,1,0,1
1,4,-0.43411215960199706,-0.516712426695505,-0.2475022848791144,-0.5542314101429997,-0.36944540701974643,-0.9037863783898805,-0.2672578598616575,1.6922626054263792,-1.3630417508376695,0.7013612026144089,-0.13984646294441605,-0.45540445323600787,-1.0186334713412402,1.2709268875814708,0.6929336863112365,0,2,1,1,0,2
1,1,0.9650816892760776,0.8911593953617316,1.935186494223378,-0.5542314101429997,-1.2782628038090316,-0.5577023891444082,0.7183950829150397,-0.0761317825645646,0.9929207532211743,-1.4426665270811523,1.2488289140936326,0.17530213262641298,-1.5753219892508998,-0.6848824098336335,-0.3741376248912309,0,2,1,1,2,2
0,3,-1.5798288619441878,-1.6292265238456296,-1.7289652571206244,1.0070502643874932,-0.06650627475665133,-0.7243354210033397,-1.2529108026383546,-0.9603289765600365,-1.3630417508376695,0.7013612026144089,-1.5285218399824647,-1.0861110390984288,-0.4619449534315806,-0.5070815646140784,1.0486241233787257,0,1,0,0,1,1
0,1,-0.20091318478898432,-0.21150944429148918,-0.8302110539607742,2.568331938917986,0.6403517005239038,0.6856363870337757,0.7183950829150397,-0.0761317825645646,0.9929207532211743,-1.4426665270811523,-0.13984646294441605,1.4367153043512546,0.09474356447807901,-0.2403802967847462,1.4043145604462148,0,2,1,1,1,2
1,2,0.4784055679271819,0.9502309403431536,0.27594796531288557,-0.5542314101429997,0.8423111220326339,0.5830929828128949,-1.2529108026383546,-0.0761317825645646,-1.3630417508376695,-0.7279906171826318,-0.13984646294441605,-0.45540445323600787,-1.5753219892508998,-0.2403802967847462,1.4043145604462148,1,2,0,1,0,2
0,0,0.33645836586708694,0.6253374429453299,0.37471216346231956,-0.5542314101429997,0.2869227128836261,0.6343646849233362,1.2112215543033884,-0.0761317825645646,0.9929207532211743,-1.4426665270811523,1.2488289140936326,-0.45540445323600787,-1.5753219892508998,-0.7737828324434114,-1.7968993731611875,0,2,1,1,1,2
1,1,-0.9512055385351981,-0.3198072767574299,-0.9783573511849252,1.0070502643874932,-0.6723845392828413,-0.4423410593959162,0.7183950829150397,0.8080654114309073,0.20759991853489304,0.7013612026144089,-1.5285218399824647,0.17530213262641298,0.09474356447807901,0.4708230840934733,-1.7968993731611875,0,0,1,0,1,2
0,4,-0.02854872514458397,-0.2508904742791034,-0.07960314802507631,1.0070502643874932,-0.11699613013383389,-0.3654335062302561,-0.2672578598616575,1.6922626054263792,-0.5777209161513882,-1.4426665270811523,-0.13984646294441605,-0.45540445323600787,-1.0186334713412402,0.026320971044586007,0.6929336863112365,0,2,2,1,2,2
0,0,-0.5152248464934797,-0.014604294353414097,-0.049973888580246394,-0.5542314101429997,-1.025813526923119,-0.03216744251239139,0.22556861152669114,-0.0761317825645646,0.20759991853489304,-0.013314707284111467,-0.13984646294441605,0.8060087184888338,-0.4619449534315806,1.804329423240135,-0.018447187823741776,0,2,2,1,1,2
0,1,-1.7927496650343295,-1.6686075538332446,-2.4005618045367756,-0.5542314101429997,1.3472096758044592,0.6087288338681156,1.2112215543033884,-0.0761317825645646,0.9929207532211743,-1.4426665270811523,-1.5285218399824647,0.17530213262641298,0.09474356447807901,-1.751687481150963,-0.018447187823741776,0,0,1,1,1,2
1,4,-1.9245577812329886,-2.407001866101026,-1.4030434032274919,-0.5542314101429997,-0.11699613013383389,0.32673447226069213,-1.2529108026383546,-0.0761317825645646,-2.1483625855239508,-0.7279906171826318,-1.5285218399824647,-2.3475242108232703,-1.5753219892508998,1.804329423240135,-0.7298280619587201,0,2,1,1,2,1
1,1,0.853551744800288,0.9206951678524425,1.4709947629210378,-0.5542314101429997,-1.227772948431849,-0.5192486125615763,1.2112215543033884,0.8080654114309073,0.9929207532211743,-0.013314707284111467,1.2488289140936326,1.4367153043512546,3.4348746719360363,0.6486239293130284,0.6929336863112365,0,1,1,0,1,2
0,1,0.3972928810356993,0.8911593953617316,-0.44503068117798245,-0.5542314101429997,2.2055372172165617,1.531619471856046,1.2112215543033884,1.6922626054263792,0.9929207532211743,-0.7279906171826318,-0.13984646294441605,0.17530213262641298,0.09474356447807901,-1.573886635931408,-0.7298280619587201,0,2,2,0,0,2
1,4,1.0867507196133006,2.0332092650025664,0.9179152532842066,1.0070502643874932,-0.1674859855110162,-1.108873186831644,-1.2529108026383546,-0.0761317825645646,0.20759991853489304,-0.7279906171826318,1.2488289140936326,0.8060087184888338,-1.0186334713412402,-1.573886635931408,-1.0855184990262092,0,2,2,1,1,2
0,2,1.7559303864680318,1.294814952734785,1.5993882205153018,-0.5542314101429997,1.650148808067554,1.6854345781873663,-0.2672578598616575,1.6922626054263792,-0.5777209161513882,-1.4426665270811523,1.2488289140936326,-1.0861110390984288,-1.0186334713412402,-1.2182849454922986,1.4043145604462148,1,2,1,1,0,2
1,3,-0.1806350130661141,-0.1819736718007782,-1.126503648409077,2.568331938917986,-0.823854105414389,-1.0832373357764231,-1.2529108026383546,-0.9603289765600365,-1.3630417508376695,1.4160371125129294,-0.13984646294441605,-1.7168176249608496,0.09474356447807901,-1.2182849454922986,-0.3741376248912309,1,1,2,1,2,1
1,2,-0.555781189939221,0.41858703551035165,-1.0178630304446994,-0.5542314101429997,-0.3189555516425639,-0.583338240199627,-1.2529108026383546,-0.9603289765600365,-1.3630417508376695,-1.4426665270811523,-0.13984646294441605,-1.7168176249608496,-1.0186334713412402,-0.5959819872238563,-0.3741376248912309,1,2,1,1,1,2
0,4,0.21478933552986387,0.10353879560943123,-0.1289852470997933,-0.5542314101429997,-0.5714048285284764,-1.493410952659948,0.7183950829150397,0.8080654114309073,0.20759991853489304,-1.4426665270811523,-0.13984646294441605,0.17530213262641298,-0.4619449534315806,-0.7737828324434114,-0.7298280619587201,0,1,1,1,0,2
0,2,-1.224960856793952,-1.5504644638703993,-0.2178730254342845,1.0070502643874932,-1.4802222253177615,-0.9935118570831518,1.2112215543033884,-0.9603289765600365,0.9929207532211743,-0.7279906171826318,-0.13984646294441605,1.4367153043512546,-0.4619449534315806,-0.32928071939452414,-0.7298280619587201,0,2,1,1,0,2
1,1,-0.6977283919993151,-0.7529986066211957,-0.32651364339866135,-0.5542314101429997,3.013374903251482,2.275059152457434,-1.2529108026383546,-0.9603289765600365,-1.3630417508376695,-1.4426665270811523,-0.13984646294441605,-1.0861110390984288,-1.0186334713412402,-1.573886635931408,1.4043145604462148,0,0,1,1,0,2
0,2,-0.09952232617463148,0.3398249755351219,0.0685431491990747,-0.5542314101429997,-0.21797584088819877,-0.5320665380891876,-0.2672578598616575,0.8080654114309073,0.20759991853489304,0.7013612026144089,1.2488289140936326,-0.45540445323600787,-1.0186334713412402,1.359827310191248,1.0486241233787257,0,2,2,1,0,2
0,3,-0.1502177554818088,0.3201344605413141,-0.29688438395383143,-0.5542314101429997,0.6908415559010865,0.40364202542635225,-1.2529108026383546,0.8080654114309073,-1.3630417508376695,1.4160371125129294,-0.13984646294441605,-1.7168176249608496,-1.0186334713412402,-0.32928071939452414,-1.0855184990262092,1,2,2,1,1,2
1,0,1.1881415782276534,1.038838257815288,0.6512519182807359,-0.5542314101429997,-1.3792425145633966,-0.45515898492352563,0.7183950829150397,-0.9603289765600365,0.9929207532211743,-0.013314707284111467,1.2488289140936326,0.8060087184888338,-1.5753219892508998,-1.396085790711853,-0.7298280619587201,0,0,1,0,1,2
1,3,0.052563961746898646,0.26106291555989075,1.095690809953189,-0.5542314101429997,-0.9753236715459364,0.5574571317576743,-0.7600843312500061,-0.0761317825645646,0.20759991853489304,-0.013314707284111467,-0.13984646294441605,0.17530213262641298,0.6514320823877386,0.8264247745325835,1.0486241233787257,1,1,1,1,0,2
1,3,0.6609091134330174,0.8419331078772128,0.7302632768002828,1.0070502643874932,0.7918212666554512,0.19855521698459075,0.7183950829150397,-0.0761317825645646,0.9929207532211743,1.4160371125129294,-0.13984646294441605,1.4367153043512546,0.6514320823877386,0.6486239293130284,-0.3741376248912309,0,0,1,1,1,2
0,4,-1.2350999426553873,-1.0778921040190192,-0.8598403134056055,-0.5542314101429997,-0.7733642500372064,-0.35261558070264487,-2.238563745415052,-0.9603289765600365,-2.1483625855239508,1.4160371125129294,-0.13984646294441605,-1.7168176249608496,-0.4619449534315806,-0.06257945156519114,-1.4412089360936984,0,1,0,1,0,1
0,2,-0.04882689686745417,0.21183662807537199,0.12780166808873455,-0.5542314101429997,1.1957401096729117,0.5959109083405043,-0.7600843312500061,0.8080654114309073,-0.5777209161513882,-1.4426665270811523,-0.13984646294441605,0.17530213262641298,1.2081206002973983,-0.5070815646140784,-1.7968993731611875,0,1,1,1,2,2
0,2,-0.941066452673763,-1.8655127037713197,-0.3660193226584355,-0.5542314101429997,0.43839227901517397,-0.7627891975861697,-0.2672578598616575,0.8080654114309073,-0.5777209161513882,-1.4426665270811523,-0.13984646294441605,0.17530213262641298,-0.4619449534315806,-0.5070815646140784,0.3372432492437474,0,2,0,1,0,2
1,1,0.08298121933120396,-0.546248199186216,-0.02034462913541647,-0.5542314101429997,1.1957401096729117,0.6343646849233362,0.22556861152669114,-0.0761317825645646,0.9929207532211743,1.4160371125129294,-0.13984646294441605,0.17530213262641298,-0.4619449534315806,-1.484986213321631,1.4043145604462148,1,2,1,1,2,2
1,1,0.09312030519263906,-0.5364029416893128,0.009284630309414855,-0.5542314101429997,-0.06650627475665133,-1.3524137718562363,1.2112215543033884,-0.9603289765600365,0.9929207532211743,-0.013314707284111467,-0.13984646294441605,0.8060087184888338,1.7648091182070578,-1.8405879037607402,1.4043145604462148,0,0,1,1,0,2
0,2,-2.2997039581060954,-0.900677469074752,-2.4005618045367756,-0.5542314101429997,-2.035610634466769,-1.301142069745796,-1.2529108026383546,-0.9603289765600365,-1.3630417508376695,1.4160371125129294,-1.5285218399824647,-1.0861110390984288,0.09474356447807901,0.7375243519228055,0.6929336863112365,0,2,1,1,2,2
0,2,0.052563961746898646,-0.26073573177600795,-0.29688438395383143,-0.5542314101429997,-1.0763033823003014,-1.3908675484390665,0.22556861152669114,-0.0761317825645646,0.9929207532211743,-1.4426665270811523,1.2488289140936326,0.8060087184888338,-1.5753219892508998,-0.06257945156519114,0.3372432492437474,0,2,1,1,2,2
1,3,-1.478438003329835,-1.3929403439199397,-0.8400874737757185,-0.5542314101429997,-1.328752659186214,-1.3267779208010158,0.22556861152669114,-0.9603289765600365,0.20759991853489304,-1.4426665270811523,-0.13984646294441605,1.4367153043512546,0.6514320823877386,-0.5959819872238563,1.0486241233787257,0,2,0,1,2,2
0,2,0.2857629365599114,0.3398249755351219,0.5623641399462448,1.0070502643874932,-0.7733642500372064,-0.2500721764817641,1.2112215543033884,-0.0761317825645646,0.9929207532211743,1.4160371125129294,1.2488289140936326,0.17530213262641298,-1.5753219892508998,0.6486239293130284,0.3372432492437474,0,1,0,1,0,2
0,1,-0.25160861409616164,-0.44779562421717845,-0.5437948793274164,-0.5542314101429997,-1.5307120806949441,-1.493410952659948,-1.2529108026383546,-0.0761317825645646,-0.5777209161513882,-1.4426665270811523,-1.5285218399824647,-1.0861110390984288,0.6514320823877386,-0.06257945156519114,0.6929336863112365,0,0,2,1,1,2
1,4,0.18437207794555677,-0.014604294353414097,1.9648157536682078,-0.5542314101429997,2.1045575064621964,2.4545101098439748,0.7183950829150397,0.8080654114309073,0.9929207532211743,-0.7279906171826318,-0.13984646294441605,1.4367153043512546,0.09474356447807901,-0.8626832550531885,-0.018447187823741776,0,2,2,1,0,2
1,1,1.0563334620289955,1.7870778275799726,0.3648357436473767,-0.5542314101429997,-0.7228743946600239,-1.108873186831644,0.7183950829150397,-0.0761317825645646,0.20759991853489304,-0.013314707284111467,1.2488289140936326,0.17530213262641298,0.6514320823877386,-0.2403802967847462,-1.4412089360936984,0,1,2,1,1,2
1,3,-0.39355581615625573,-1.2846425114539983,-1.1462564880389634,-0.5542314101429997,0.08496329137489633,-0.33979765517503546,1.2112215543033884,-1.8445261705555083,-0.5777209161513882,-1.4426665270811523,-0.13984646294441605,-0.45540445323600787,0.09474356447807901,0.11522139365436314,-1.4412089360936984,0,2,2,1,1,2
1,2,0.7825781437702404,0.4284322930072548,0.2364422860531128,1.0070502643874932,-0.06650627475665133,0.8394514933650977,-0.2672578598616575,1.6922626054263792,0.20759991853489304,-0.013314707284111467,1.2488289140936326,-0.45540445323600787,0.09474356447807901,1.448727732801025,-1.0855184990262092,0,2,0,1,1,2
1,3,-0.799119250613668,-1.0877373615159232,-1.0376158700745866,-0.5542314101429997,-0.47042511777411133,-0.4936127615063575,0.7183950829150397,-0.0761317825645646,0.20759991853489304,-0.013314707284111467,-1.5285218399824647,0.8060087184888338,0.6514320823877386,-0.2403802967847462,1.0486241233787257,0,0,1,1,1,2
1,1,1.7559303864680318,1.9249114325366257,0.7006340173554529,-0.5542314101429997,1.3472096758044592,1.8905213866291295,-0.2672578598616575,0.8080654114309073,0.20759991853489304,0.7013612026144089,1.2488289140936326,0.17530213262641298,0.6514320823877386,-2.1961895941998506,1.0486241233787257,0,1,0,1,2,2
1,0,-0.6368938768307036,-0.7825343791119066,-0.18824376598945317,-0.5542314101429997,0.3879024236379912,1.339350588941894,-0.2672578598616575,0.8080654114309073,-0.5777209161513882,-0.013314707284111467,-0.13984646294441605,0.8060087184888338,-0.4619449534315806,-1.751687481150963,-0.7298280619587201,0,1,0,0,0,2
1,3,-0.8498146799208453,-0.6742365466459659,-0.6228062378469633,-0.5542314101429997,-1.5307120806949441,-0.660245793365289,-1.2529108026383546,-0.9603289765600365,-1.3630417508376695,-0.7279906171826318,-0.13984646294441605,-0.45540445323600787,1.2081206002973983,1.804329423240135,0.6929336863112365,1,2,1,1,1,2
1,1,0.22492842139129898,0.4284322930072548,-0.7116940161814546,-0.5542314101429997,-0.8743439607915715,-0.8653326018070505,0.7183950829150397,-0.0761317825645646,0.9929207532211743,-0.7279906171826318,-0.13984646294441605,0.17530213262641298,1.7648091182070578,0.026320971044586007,-0.018447187823741776,0,0,2,1,1,2
1,1,-0.6977283919993151,-1.0582015890252114,0.3845885832772638,-0.5542314101429997,1.3976995311816414,2.0443364929604515,-0.7600843312500061,-0.9603289765600365,-0.5777209161513882,-0.7279906171826318,-0.13984646294441605,-0.45540445323600787,0.6514320823877386,-1.484986213321631,1.4043145604462148,0,2,0,1,1,2
1,1,-0.06910506859032618,-0.33949779175123773,0.1870601869783958,-0.5542314101429997,0.13545314675207865,0.5574571317576743,-0.2672578598616575,-0.0761317825645646,0.20759991853489304,-0.7279906171826318,-0.13984646294441605,0.17530213262641298,1.7648091182070578,0.20412181626414108,-0.3741376248912309,0,0,0,1,1,2
1,1,-0.018409639283148867,-0.7431533491242911,-0.4351542613630382,-0.5542314101429997,0.08496329137489633,0.1601014404017607,-0.2672578598616575,-0.9603289765600365,0.20759991853489304,-0.013314707284111467,1.2488289140936326,0.8060087184888338,0.09474356447807901,0.7375243519228055,0.3372432492437474,1,1,1,1,1,2
1,3,-1.833306008480071,-2.407001866101026,-1.8869879741597184,1.0070502643874932,-0.11699613013383389,0.890723195475539,-0.7600843312500061,-0.9603289765600365,-0.5777209161513882,-0.013314707284111467,-1.5285218399824647,0.17530213262641298,0.6514320823877386,0.5597235067032504,0.6929336863112365,0,1,0,1,2,1
0,2,-0.14007866962037188,-0.1918189292976814,-0.8203346341458314,-0.5542314101429997,-2.035610634466769,-1.5831364313532184,0.22556861152669114,-0.9603289765600365,0.20759991853489304,-1.4426665270811523,-0.13984646294441605,-0.45540445323600787,0.6514320823877386,-1.662787058541186,1.0486241233787257,0,2,0,1,2,2
1,2,0.9650816892760776,0.595801670454619,0.49322920124164066,-0.5542314101429997,1.3976995311816414,1.0445383018068592,0.7183950829150397,1.6922626054263792,0.9929207532211743,1.4160371125129294,1.2488289140936326,0.8060087184888338,1.7648091182070578,0.026320971044586007,-0.018447187823741776,1,1,1,1,0,2
1,2,1.1982806640890886,0.851778365374116,1.688275998849793,-0.5542314101429997,0.8928009774098163,0.10882973829131941,-0.2672578598616575,0.8080654114309073,-0.5777209161513882,1.4160371125129294,1.2488289140936326,-1.0861110390984288,0.09474356447807901,1.715429000630358,-0.3741376248912309,0,1,2,1,2,2
0,2,0.5696573406800997,-0.7037723191366769,0.8586567343945467,-0.5542314101429997,1.1452502542957288,1.454711918690384,-1.2529108026383546,-0.9603289765600365,-1.3630417508376695,0.7013612026144089,-0.13984646294441605,-1.0861110390984288,0.09474356447807901,0.6486239293130284,0.6929336863112365,0,0,1,1,1,2
1,2,-0.941066452673763,-1.1763446789880567,-1.2153914267435675,2.568331938917986,-0.11699613013383389,0.4292778764815729,-1.7457372740267034,-0.9603289765600365,-2.1483625855239508,1.4160371125129294,-1.5285218399824647,-2.3475242108232703,-1.0186334713412402,-0.2403802967847462,-0.018447187823741776,0,1,0,1,1,1
1,4,1.0157771185832531,1.3145054677285928,1.1253200693980188,-0.5542314101429997,-1.4802222253177615,-1.4421392505495068,0.22556861152669114,0.8080654114309073,0.9929207532211743,-0.013314707284111467,-0.13984646294441605,1.4367153043512546,0.09474356447807901,-1.396085790711853,0.3372432492437474,0,0,1,1,1,2
1,2,0.09312030519263906,0.7434805329081753,-1.0376158700745866,-0.5542314101429997,1.0947603989185466,1.2880788868314526,-1.2529108026383546,0.8080654114309073,-2.1483625855239508,-0.7279906171826318,1.2488289140936326,-2.3475242108232703,-1.0186334713412402,-0.5070815646140784,0.3372432492437474,0,2,1,1,2,1
0,3,-0.38341673029482065,-0.1721284143038736,0.2364422860531128,1.0070502643874932,-0.5714048285284764,0.14728351487414948,-0.2672578598616575,-0.9603289765600365,-0.5777209161513882,-0.7279906171826318,1.2488289140936326,0.8060087184888338,-1.0186334713412402,0.8264247745325835,1.4043145604462148,0,1,1,1,2,1
1,1,-0.1907740989275492,-0.2508904742791034,0.3648357436473767,-0.5542314101429997,-0.3189555516425639,-1.0960552613040335,-0.7600843312500061,0.8080654114309073,-0.5777209161513882,-0.013314707284111467,-0.13984646294441605,0.8060087184888338,-1.0186334713412402,-1.1293845228825208,1.4043145604462148,0,2,1,1,1,2
0,1,0.38715379517426424,-0.053985324341028276,0.6611283380956787,-0.5542314101429997,-0.5714048285284764,-0.27570802753698476,1.2112215543033884,-0.0761317825645646,0.9929207532211743,-0.013314707284111467,1.2488289140936326,0.8060087184888338,0.6514320823877386,-0.2403802967847462,-1.4412089360936984,0,0,2,1,1,2
1,1,0.5899355124029698,0.5662658979639079,-0.35614290284349126,-0.5542314101429997,-2.035610634466769,-0.7627891975861697,1.2112215543033884,-0.0761317825645646,0.9929207532211743,-1.4426665270811523,1.2488289140936326,1.4367153043512546,0.09474356447807901,1.804329423240135,1.4043145604462148,0,0,0,1,1,2
0,2,0.18437207794555677,-0.49702191170169724,-0.16849092635956747,-0.5542314101429997,0.8423111220326339,0.9419948975859785,-0.7600843312500061,-0.0761317825645646,-1.3630417508376695,1.4160371125129294,-1.5285218399824647,-1.0861110390984288,-1.0186334713412402,-0.2403802967847462,1.0486241233787257,0,1,2,1,1,2
0,0,-1.9549750388172948,-1.3043330264478052,-2.1536513091631906,1.0070502643874932,-1.3792425145633966,-1.1345090378868636,0.22556861152669114,-0.0761317825645646,-0.5777209161513882,-1.4426665270811523,-1.5285218399824647,-1.0861110390984288,0.09474356447807901,0.026320971044586007,1.4043145604462148,0,1,2,1,0,2
0,0,0.9549426034146425,1.2455886652502661,0.07841956901401753,-0.5542314101429997,0.3374125682608089,0.45491372753679354,0.7183950829150397,1.6922626054263792,0.9929207532211743,-0.013314707284111467,-0.13984646294441605,0.8060087184888338,1.7648091182070578,0.6486239293130284,-0.3741376248912309,0,1,0,1,1,2
1,3,1.7559303864680318,2.09228080998399,1.9648157536682078,-0.5542314101429997,0.3374125682608089,1.0060845252240291,1.2112215543033884,1.6922626054263792,0.20759991853489304,-1.4426665270811523,1.2488289140936326,0.17530213262641298,0.6514320823877386,-0.2403802967847462,-0.7298280619587201,0,1,1,1,0,2
1,0,0.6609091134330174,0.7730163053988862,-0.0005917895055293878,-0.5542314101429997,-1.9851207790895866,-1.0576014847212025,0.7183950829150397,-0.9603289765600365,0.9929207532211743,-0.013314707284111467,-0.13984646294441605,1.4367153043512546,0.09474356447807901,1.359827310191248,-1.0855184990262092,1,2,1,1,2,2
1,3,-0.423973073740562,-0.28042624676981576,0.5426113003163576,1.0070502643874932,0.08496329137489633,-1.3139599952734053,-1.2529108026383546,-0.9603289765600365,-1.3630417508376695,-0.013314707284111467,-1.5285218399824647,-1.0861110390984288,-1.0186334713412402,1.1820264649716936,-1.0855184990262092,0,1,0,1,2,1
0,2,-1.478438003329835,-0.8120701516026176,-0.9981101908148123,-0.5542314101429997,-0.823854105414389,0.10882973829131941,-0.7600843312500061,-0.0761317825645646,-1.3630417508376695,-0.013314707284111467,-1.5285218399824647,-0.45540445323600787,0.09474356447807901,-0.2403802967847462,-0.3741376248912309,0,2,2,1,1,1
1,2,-1.6508024629742355,-1.4126308589137468,-1.4030434032274919,-0.5542314101429997,0.6403517005239038,0.4164599509539635,0.7183950829150397,-0.0761317825645646,0.20759991853489304,0.7013612026144089,-1.5285218399824647,0.17530213262641298,-1.0186334713412402,1.804329423240135,-1.0855184990262092,0,1,0,1,1,2
1,2,0.630491855848712,-0.3198072767574299,0.7796453758749998,-0.5542314101429997,-1.0763033823003014,-0.19880047437132284,0.7183950829150397,-0.0761317825645646,0.20759991853489304,1.4160371125129294,1.2488289140936326,-0.45540445323600787,-0.4619449534315806,-0.9515836776629657,0.3372432492437474,1,1,0,1,0,2
0,1,-0.4746685030477384,-0.30996201926052674,0.4240942625370366,-0.5542314101429997,0.9432908327869991,1.0829920783896911,0.7183950829150397,-0.0761317825645646,0.9929207532211743,0.7013612026144089,-0.13984646294441605,1.4367153043512546,1.2081206002973983,-1.1293845228825208,0.3372432492437474,0,0,2,1,0,2
1,2,0.17423299208412169,-0.11305686932245164,0.2957008049427726,1.0070502643874932,-0.5714048285284764,-0.2500721764817641,-1.2529108026383546,0.8080654114309073,-2.1483625855239508,1.4160371125129294,1.2488289140936326,-1.7168176249608496,0.6514320823877386,-1.396085790711853,-0.018447187823741776,1,0,1,0,1,2
1,1,-0.1502177554818088,0.9108499103555394,-0.9981101908148123,-0.5542314101429997,-1.4297323699405788,-2.1983968566785057,0.7183950829150397,-0.0761317825645646,0.9929207532211743,-0.7279906171826318,-0.13984646294441605,0.17530213262641298,0.09474356447807901,1.804329423240135,-0.7298280619587201,0,0,1,1,0,2
1,2,1.7559303864680318,1.3538864977162084,1.4117362440313765,-0.5542314101429997,-0.47042511777411133,-0.660245793365289,1.2112215543033884,1.6922626054263792,0.9929207532211743,0.7013612026144089,1.2488289140936326,0.17530213262641298,1.2081206002973983,1.715429000630358,1.4043145604462148,0,2,0,1,0,2
0,1,0.9549426034146425,0.8025520778895973,0.7697689560600556,-0.5542314101429997,0.2869227128836261,0.21137314251220016,-1.2529108026383546,0.8080654114309073,-0.5777209161513882,-1.4426665270811523,-0.13984646294441605,0.17530213262641298,-0.4619449534315806,-0.8626832550531885,0.6929336863112365,1,2,0,1,2,2
1,2,-0.5760593616620912,0.1626103405908532,-0.1289852470997933,1.0070502643874932,-1.5307120806949441,-0.03216744251239139,0.7183950829150397,-0.0761317825645646,0.9929207532211743,0.7013612026144089,-0.13984646294441605,0.17530213262641298,1.2081206002973983,0.4708230840934733,1.0486241233787257,0,2,0,1,1,2
0,3,-0.9309273668123279,-0.959749014056174,-0.6919411765515674,-0.5542314101429997,1.8016183741991014,1.7238883547701982,1.2112215543033884,-0.0761317825645646,0.9929207532211743,-0.013314707284111467,1.2488289140936326,0.17530213262641298,0.6514320823877386,-0.15147987417496905,-0.3741376248912309,0,1,1,1,2,2
1,3,-0.39355581615625573,-0.8416059240933286,-0.5734241387722464,-0.5542314101429997,-0.7733642500372064,-0.8012429741689998,-0.2672578598616575,0.8080654114309073,-0.5777209161513882,-0.013314707284111467,-0.13984646294441605,-0.45540445323600787,-1.0186334713412402,1.359827310191248,0.6929336863112365,0,2,0,0,0,2
1,2,0.2452065931141692,-0.3788788217388533,0.6512519182807359,-0.5542314101429997,-0.9753236715459364,-0.7243354210033397,-0.7600843312500061,-0.0761317825645646,-1.3630417508376695,1.4160371125129294,1.2488289140936326,-1.0861110390984288,-1.0186334713412402,0.026320971044586007,-0.3741376248912309,1,1,2,1,2,1
0,2,-0.423973073740562,-0.30996201926052674,-0.7511996954412273,-0.5542314101429997,0.5393719897695386,0.10882973829131941,0.7183950829150397,-0.9603289765600365,0.20759991853489304,1.4160371125129294,-1.5285218399824647,0.8060087184888338,0.09474356447807901,-1.396085790711853,1.4043145604462148,0,2,2,1,1,2
0,2,1.0766116337518656,0.39889652051654384,0.8487803145796039,-0.5542314101429997,1.0947603989185466,1.454711918690384,-0.2672578598616575,0.8080654114309073,-0.5777209161513882,1.4160371125129294,1.2488289140936326,-2.3475242108232703,0.09474356447807901,-0.5070815646140784,1.4043145604462148,1,1,0,1,1,2
1,3,-0.3428603868490793,-0.7333080916273879,0.2660715454979427,4.1296136134484795,0.48888213439235634,-0.7756071231137791,-0.7600843312500061,-0.0761317825645646,-1.3630417508376695,0.7013612026144089,-1.5285218399824647,-1.0861110390984288,0.09474356447807901,0.026320971044586007,1.4043145604462148,0,0,2,1,1,1
1,1,-0.04882689686745417,0.4973490954855814,0.1870601869783958,-0.5542314101429997,0.2869227128836261,-0.583338240199627,-0.2672578598616575,0.8080654114309073,0.20759991853489304,0.7013612026144089,-0.13984646294441605,0.8060087184888338,1.2081206002973983,-1.1293845228825208,1.4043145604462148,0,1,2,1,1,2
1,1,1.1982806640890886,1.5901726776418976,1.8265458762589997,-0.5542314101429997,0.3374125682608089,1.0573562273344705,0.7183950829150397,0.8080654114309073,0.9929207532211743,0.7013612026144089,1.2488289140936326,0.8060087184888338,0.6514320823877386,-0.6848824098336335,-1.0855184990262092,0,0,0,1,1,2
0,2,1.1881415782276534,1.3637317552131114,1.4314890836612637,-0.5542314101429997,1.2967198204272763,0.03192218512565931,0.7183950829150397,-0.9603289765600365,0.9929207532211743,-0.013314707284111467,1.2488289140936326,0.8060087184888338,1.2081206002973983,-1.3071853681020758,1.4043145604462148,0,0,2,1,1,2
1,3,-0.545642104077785,-0.8022248941057144,-0.11910882728485048,-0.5542314101429997,0.13545314675207865,-0.18598254884371343,0.22556861152669114,-0.9603289765600365,0.20759991853489304,-1.4426665270811523,-0.13984646294441605,0.8060087184888338,0.6514320823877386,0.11522139365436314,-1.0855184990262092,0,1,1,1,2,2
1,2,-1.2452390285168224,-1.0188205590375974,-1.0869979691493035,-0.5542314101429997,-1.8336512129580391,-1.7113156866293198,-1.2529108026383546,-0.0761317825645646,-1.3630417508376695,-0.7279906171826318,-0.13984646294441605,-0.45540445323600787,-1.0186334713412402,-1.0404841002727436,1.4043145604462148,0,2,2,1,1,2
1,4,1.0259162044446883,0.9502309403431536,1.0166794514336406,-0.5542314101429997,2.256027072593744,2.6595969182857377,-0.2672578598616575,-0.9603289765600365,0.20759991853489304,-0.013314707284111467,-0.13984646294441605,-0.45540445323600787,0.09474356447807901,0.7375243519228055,1.4043145604462148,0,0,2,0,2,2
1,2,-0.36313855857194954,-0.16228315680697042,-0.15861450654462325,-0.5542314101429997,-1.0763033823003014,-0.8396967507518298,1.2112215543033884,-0.0761317825645646,0.9929207532211743,1.4160371125129294,-1.5285218399824647,1.4367153043512546,0.6514320823877386,0.6486239293130284,-1.4412089360936984,1,0,1,1,2,2
0,1,-0.170495927204679,0.6942542454236565,-0.5931769784021335,-0.5542314101429997,0.7918212666554512,0.14728351487414948,0.22556861152669114,-0.9603289765600365,0.20759991853489304,-0.7279906171826318,-0.13984646294441605,0.17530213262641298,0.09474356447807901,-0.5070815646140784,1.4043145604462148,0,2,1,1,1,2
0,4,1.2996715227034432,-0.024449551850317292,0.8882859938393767,-0.5542314101429997,-0.8743439607915715,-0.35261558070264487,0.7183950829150397,1.6922626054263792,0.9929207532211743,-0.7279906171826318,1.2488289140936326,0.17530213262641298,1.2081206002973983,1.359827310191248,-1.4412089360936984,1,1,0,1,2,2
1,2,-1.3567689729926111,-1.599690751354918,-0.6721883369216803,-0.5542314101429997,-0.41993526239692874,-0.698699569948119,0.22556861152669114,-0.9603289765600365,0.20759991853489304,-0.7279906171826318,-0.13984646294441605,-1.0861110390984288,0.09474356447807901,-2.1961895941998506,-0.018447187823741776,0,1,1,1,1,2
1,0,-0.06910506859032618,-0.15243789931006582,-0.42527784154809534,1.0070502643874932,-2.035610634466769,-1.6344081334636589,-0.7600843312500061,-0.9603289765600365,-1.3630417508376695,1.4160371125129294,1.2488289140936326,-1.7168176249608496,-1.0186334713412402,-1.1293845228825208,1.0486241233787257,1,1,2,1,0,1
0,0,0.2046502496684288,-0.12290212681935483,-0.03022104895035931,-0.5542314101429997,-0.8743439607915715,-1.4421392505495068,1.2112215543033884,-0.0761317825645646,0.9929207532211743,-0.013314707284111467,-0.13984646294441605,0.8060087184888338,1.7648091182070578,0.38192266148369614,-0.018447187823741776,0,0,2,0,0,2
0,4,0.7318827144630649,-0.034294809347221886,0.1870601869783958,-0.5542314101429997,0.5393719897695386,1.1983534081381813,-1.7457372740267034,-0.0761317825645646,-1.3630417508376695,-0.7279906171826318,-0.13984646294441605,-1.7168176249608496,-0.4619449534315806,0.7375243519228055,0.3372432492437474,0,2,2,0,1,1
1,2,0.2350675072527341,0.07400302311872026,-0.4944127802526994,-0.5542314101429997,1.1957401096729117,0.5702750572852855,1.2112215543033884,-0.0761317825645646,0.9929207532211743,-0.7279906171826318,1.2488289140936326,0.8060087184888338,2.3214976361167174,-0.5070815646140784,-0.7298280619587201,0,1,0,1,0,2
1,2,0.366875623451394,0.3496702330320251,1.095690809953189,-0.5542314101429997,-0.5209149731512939,-1.4293213250218972,0.22556861152669114,0.8080654114309073,0.20759991853489304,1.4160371125129294,-0.13984646294441605,-0.45540445323600787,-0.4619449534315806,0.2930222388739182,0.3372432492437474,0,1,2,1,1,2
0,4,-0.3225822151262082,-0.3001167617636221,-0.26725512450900146,2.568331938917986,0.3879024236379912,-0.006531591457170748,0.7183950829150397,-0.0761317825645646,0.20759991853489304,0.7013612026144089,-0.13984646294441605,-1.0861110390984288,0.09474356447807901,0.20412181626414108,-1.4412089360936984,0,0,1,1,2,1
0,3,-0.1299395837589368,0.25121765806298757,1.0068030316186978,-0.5542314101429997,-1.328752659186214,-0.5192486125615763,-0.2672578598616575,-0.0761317825645646,0.9929207532211743,-0.7279906171826318,-0.13984646294441605,0.8060087184888338,0.6514320823877386,-0.9515836776629657,-0.3741376248912309,1,1,2,1,0,2
0,2,-0.1806350130661141,-0.5757839716769284,0.09817240864390461,-0.5542314101429997,-0.6218946839056589,-0.2628901020093735,-1.2529108026383546,-0.0761317825645646,-2.1483625855239508,0.7013612026144089,1.2488289140936326,-2.3475242108232703,-1.5753219892508998,-0.5070815646140784,-1.0855184990262092,0,2,2,0,1,2
0,1,1.7559303864680318,1.4523390726852459,1.4611183431060937,-0.5542314101429997,1.8016183741991014,2.8390478756722786,1.2112215543033884,1.6922626054263792,0.20759991853489304,1.4160371125129294,1.2488289140936326,0.17530213262641298,-1.0186334713412402,-1.396085790711853,0.3372432492437474,0,2,2,1,0,2
0,1,0.16409390622268658,-0.3198072767574299,1.1253200693980188,-0.5542314101429997,-1.025813526923119,-0.8653326018070505,-0.2672578598616575,0.8080654114309073,-0.5777209161513882,-0.013314707284111467,-0.13984646294441605,-0.45540445323600787,-1.5753219892508998,-0.6848824098336335,-0.7298280619587201,1,0,0,1,2,2
1,1,-0.7687019930293626,-0.871141696584041,-0.7116940161814546,-0.5542314101429997,-0.6218946839056589,-1.8010411653225913,-0.2672578598616575,-0.9603289765600365,0.20759991853489304,0.7013612026144089,-0.13984646294441605,0.8060087184888338,-0.4619449534315806,1.359827310191248,-0.018447187823741776,0,2,0,1,2,2
0,0,0.5291009972343574,1.2455886652502661,0.5426113003163576,-0.5542314101429997,-0.01601641937946878,0.37800617437113343,0.22556861152669114,-0.9603289765600365,0.20759991853489304,0.7013612026144089,1.2488289140936326,0.8060087184888338,0.6514320823877386,0.11522139365436314,0.6929336863112365,0,1,2,1,2,2
1,4,-0.819397422336539,-1.0089753015406928,-0.7413232756262844,1.0070502643874932,1.1452502542957288,0.46773165306440295,-2.238563745415052,0.8080654114309073,-2.1483625855239508,-0.013314707284111467,-1.5285218399824647,-1.0861110390984288,-1.5753219892508998,1.804329423240135,-0.7298280619587201,0,2,1,0,2,1
0,2,1.1780024923662185,0.6351827004422346,0.996926611803755,-0.5542314101429997,0.5898618451467215,1.7238883547701982,-0.2672578598616575,0.8080654114309073,0.20759991853489304,0.7013612026144089,1.2488289140936326,0.17530213262641298,-0.4619449534315806,-0.9515836776629657,1.4043145604462148,1,2,0,1,0,2
0,1,0.15395482036125147,0.7828615628957908,0.12780166808873455,-0.5542314101429997,1.2967198204272763,1.1214458549725212,1.2112215543033884,0.8080654114309073,0.9929207532211743,-1.4426665270811523,-0.13984646294441605,1.4367153043512546,0.6514320823877386,0.7375243519228055,1.0486241233787257,1,2,0,0,1,2
1,2,0.19451116380699368,-0.07367583933483607,0.27594796531288557,2.568331938917986,-1.4802222253177615,-1.4421392505495068,-2.238563745415052,0.8080654114309073,-2.1483625855239508,-0.013314707284111467,-0.13984646294441605,-1.7168176249608496,-1.5753219892508998,0.026320971044586007,-0.3741376248912309,0,0,0,1,2,1
0,1,0.5797964265415347,-0.053985324341028276,0.25619512568299985,-0.5542314101429997,-0.5209149731512939,-1.2498703676353546,-0.7600843312500061,0.8080654114309073,0.20759991853489304,-0.7279906171826318,-0.13984646294441605,0.17530213262641298,0.6514320823877386,-0.5070815646140784,-0.018447187823741776,0,2,2,0,2,2
1,2,-1.6305242912513642,-1.0286658165345004,-1.2746499456332279,-0.5542314101429997,-1.5812019360721266,-0.7371533465309491,1.2112215543033884,-0.9603289765600365,0.9929207532211743,-0.7279906171826318,-0.13984646294441605,0.8060087184888338,-0.4619449534315806,-0.8626832550531885,1.0486241233787257,0,2,1,1,1,2
1,2,0.5493791689572295,1.206207635262652,0.6710047579106215,-0.5542314101429997,0.6908415559010865,-0.08343914462283268,-1.7457372740267034,1.6922626054263792,-1.3630417508376695,-0.7279906171826318,1.2488289140936326,-1.7168176249608496,-1.0186334713412402,-0.8626832550531885,0.3372432492437474,0,1,0,1,1,2
1,1,-2.6140156198105897,-2.407001866101026,-2.0746399506436437,4.1296136134484795,1.5996589526903715,1.6982525037149774,-0.2672578598616575,-1.8445261705555083,-0.5777209161513882,-0.7279906171826318,-1.5285218399824647,0.17530213262641298,-0.4619449534315806,0.026320971044586007,1.4043145604462148,0,1,1,0,2,1
0,1,0.7825781437702404,0.3792060055227361,0.6117462390209617,-0.5542314101429997,0.5898618451467215,0.45491372753679354,-0.2672578598616575,-0.0761317825645646,0.20759991853489304,1.4160371125129294,1.2488289140936326,0.17530213262641298,0.09474356447807901,1.1820264649716936,0.6929336863112365,0,2,1,1,0,2
1,1,0.6507700275715823,0.3398249755351219,0.04879030956918762,1.0070502643874932,-1.227772948431849,-1.262688293162965,0.22556861152669114,-0.0761317825645646,0.9929207532211743,-1.4426665270811523,1.2488289140936326,-0.45540445323600787,-0.4619449534315806,0.026320971044586007,-1.4412089360936984,0,2,2,1,2,2
1,2,0.49868373965005214,0.4875038379886782,0.05866672938413186,-0.5542314101429997,0.5898618451467215,0.5318212807024536,1.2112215543033884,-0.0761317825645646,0.9929207532211743,-0.013314707284111467,1.2488289140936326,1.4367153043512546,2.3214976361167174,-0.4181811420043013,-0.7298280619587201,0,2,1,1,2,2
1,4,-1.3973253164383526,-1.5504644638703993,-0.9190988322952653,-0.5542314101429997,0.6908415559010865,0.5190033551748442,0.7183950829150397,1.6922626054263792,0.9929207532211743,-0.013314707284111467,-1.5285218399824647,1.4367153043512546,0.09474356447807901,1.804329423240135,0.3372432492437474,0,2,0,0,2,2
1,1,1.7559303864680318,1.6689347376171286,0.5524877201313019,-0.5542314101429997,-0.06650627475665133,1.531619471856046,-0.2672578598616575,1.6922626054263792,-0.5777209161513882,1.4160371125129294,1.2488289140936326,-1.0861110390984288,-1.0186334713412402,0.4708230840934733,0.6929336863112365,0,1,0,1,1,2
0,2,0.0018685324397213377,0.11338405310633443,-0.23762586506417016,-0.5542314101429997,1.3472096758044592,1.0445383018068592,-0.7600843312500061,1.6922626054263792,-1.3630417508376695,0.7013612026144089,-1.5285218399824647,0.17530213262641298,0.6514320823877386,-0.4181811420043013,-0.3741376248912309,0,1,0,1,2,2
1,0,-1.458159831606964,-0.8317606665964254,-1.8968643939746619,1.0070502643874932,-0.11699613013383389,-0.698699569948119,-1.7457372740267034,-0.0761317825645646,-2.1483625855239508,-0.013314707284111467,-0.13984646294441605,-1.7168176249608496,0.09474356447807901,-0.4181811420043013,1.4043145604462148,0,1,2,1,1,1
0,4,-0.3732776444333846,0.6253374429453299,0.03891388975424478,-0.5542314101429997,0.6403517005239038,0.33955239778830154,1.2112215543033884,-0.0761317825645646,0.9929207532211743,-1.4426665270811523,-1.5285218399824647,0.8060087184888338,0.09474356447807901,-1.662787058541186,-0.018447187823741776,1,2,0,1,1,2
0,4,-0.31244312926477313,0.02477673563420148,0.22656586623816855,1.0070502643874932,1.2967198204272763,1.5957090994940968,-2.238563745415052,-0.0761317825645646,-2.1483625855239508,0.7013612026144089,-0.13984646294441605,-2.3475242108232703,-1.0186334713412402,0.7375243519228055,0.6929336863112365,1,1,1,1,1,1
0,2,1.2286979216733958,1.1077550602936144,1.787040196999227,-0.5542314101429997,0.43839227901517397,1.10862792944491,-0.7600843312500061,-0.9603289765600365,-0.5777209161513882,-0.7279906171826318,1.2488289140936326,-0.45540445323600787,-0.4619449534315806,-1.9294883263705183,0.3372432492437474,1,2,2,1,1,2
0,0,-0.39355581615625573,0.07400302311872026,-0.6030533982170763,-0.5542314101429997,-1.4297323699405788,-0.7884250486413904,-1.7457372740267034,-0.0761317825645646,-2.1483625855239508,1.4160371125129294,-0.13984646294441605,-2.3475242108232703,-1.0186334713412402,0.2930222388739182,-0.3741376248912309,0,2,2,1,2,1
1,1,-1.062735483010987,-0.7234628341304847,-1.6104482193413034,2.568331938917986,0.18594300212926143,0.07037596170848937,-0.7600843312500061,-0.9603289765600365,-0.5777209161513882,-1.4426665270811523,-0.13984646294441605,-0.45540445323600787,-0.4619449534315806,0.7375243519228055,-0.3741376248912309,0,2,2,1,2,1
1,2,-1.224960856793952,-0.71361757663358,-1.6795831580459075,2.568331938917986,-0.41993526239692874,0.18573729145698134,0.22556861152669114,-1.8445261705555083,0.20759991853489304,0.7013612026144089,-1.5285218399824647,0.17530213262641298,2.3214976361167174,-0.9515836776629657,0.3372432492437474,1,0,2,1,2,1
0,4,-1.093152740595292,-0.8416059240933286,-0.22774944524922733,-0.5542314101429997,-0.9753236715459364,-0.3654335062302561,-2.238563745415052,-0.9603289765600365,-2.1483625855239508,-0.7279906171826318,-2.9171972170205134,-1.7168176249608496,-1.0186334713412402,-0.5959819872238563,1.0486241233787257,0,2,0,1,1,2
1,4,-0.5760593616620912,-0.9400584990623662,0.029037469939300533,-0.5542314101429997,-2.035610634466769,-1.647226058991269,0.22556861152669114,-0.9603289765600365,0.9929207532211743,-0.7279906171826318,-1.5285218399824647,-0.45540445323600787,-0.4619449534315806,1.0042256197521378,-1.0855184990262092,0,2,2,1,0,2
1,2,0.7420218003245,0.5170396104793892,1.174702168472736,-0.5542314101429997,1.751128518821919,0.890723195475539,1.2112215543033884,-0.9603289765600365,0.9929207532211743,0.7013612026144089,1.2488289140936326,1.4367153043512546,1.2081206002973983,0.38192266148369614,-0.018447187823741776,0,2,1,1,2,2
0,2,-2.482207503611931,-2.3282398061257963,-2.4005618045367756,-0.5542314101429997,-1.0763033823003014,-1.4677751016047274,-1.2529108026383546,-0.0761317825645646,-1.3630417508376695,1.4160371125129294,-2.9171972170205134,-1.7168176249608496,-1.5753219892508998,-0.7737828324434114,1.4043145604462148,0,2,1,1,1,2
0,2,0.6406309417101472,0.7139447604174642,0.8882859938393767,-0.5542314101429997,-0.21797584088819877,1.2496251102486227,1.2112215543033884,0.8080654114309073,0.9929207532211743,1.4160371125129294,-1.5285218399824647,0.17530213262641298,-1.5753219892508998,0.9153251971423606,-0.7298280619587201,0,0,0,1,0,2
0,4,0.09312030519263906,0.2905986880506031,0.7598925362451128,1.0070502643874932,0.43839227901517397,0.24982691909503205,0.22556861152669114,-0.0761317825645646,-0.5777209161513882,-0.7279906171826318,-0.13984646294441605,0.17530213262641298,0.09474356447807901,-0.5070815646140784,-0.018447187823741776,0,0,1,1,1,2
1,1,-0.4746685030477384,0.08384828061562345,-0.6326826576619062,-0.5542314101429997,0.18594300212926143,-0.4423410593959162,-0.2672578598616575,-0.0761317825645646,-0.5777209161513882,-0.013314707284111467,-0.13984646294441605,-2.3475242108232703,-1.0186334713412402,0.4708230840934733,-1.4412089360936984,0,1,0,1,1,2
1,1,-0.33272130098764335,-0.516712426695505,-1.1067508087791897,1.0070502643874932,-0.36944540701974643,-0.8012429741689998,-0.7600843312500061,0.8080654114309073,-0.5777209161513882,0.7013612026144089,-1.5285218399824647,-1.0861110390984288,0.6514320823877386,-0.15147987417496905,-0.7298280619587201,0,2,2,1,1,2
0,1,-0.2414695282347265,-0.29027150426671894,-0.25737870469405727,1.0070502643874932,-0.6218946839056589,-0.660245793365289,-0.2672578598616575,-0.0761317825645646,0.20759991853489304,0.7013612026144089,1.2488289140936326,0.17530213262641298,0.09474356447807901,-0.4181811420043013,-0.018447187823741776,0,0,1,1,2,2
1,1,0.06270304760833376,-0.3296525342543345,0.3549593238324339,-0.5542314101429997,0.48888213439235634,1.1727175570829607,1.2112215543033884,-0.9603289765600365,0.9929207532211743,0.7013612026144089,1.2488289140936326,0.8060087184888338,0.09474356447807901,1.1820264649716936,-0.7298280619587201,1,2,1,1,1,2
1,4,-0.46452941718630325,-1.3830950864230358,-1.0178630304446994,1.0070502643874932,-2.035610634466769,-1.224234516580135,0.22556861152669114,0.8080654114309073,0.20759991853489304,0.7013612026144089,-0.13984646294441605,-0.45540445323600787,0.09474356447807901,0.4708230840934733,1.4043145604462148,1,0,1,1,2,2
1,1,0.4479883103428766,0.02477673563420148,1.095690809953189,-0.5542314101429997,-0.36944540701974643,0.1729193659293701,0.7183950829150397,-0.0761317825645646,0.9929207532211743,0.7013612026144089,-1.5285218399824647,1.4367153043512546,-1.0186334713412402,0.11522139365436314,0.6929336863112365,0,2,0,1,2,2
0,1,-2.6545719632563314,-2.407001866101026,-2.4005618045367756,-0.5542314101429997,-1.3792425145633966,-0.7627891975861697,1.2112215543033884,-1.8445261705555083,0.9929207532211743,-0.7279906171826318,-1.5285218399824647,0.17530213262641298,0.6514320823877386,0.7375243519228055,0.6929336863112365,0,2,1,1,1,2
0,0,-2.725545564286379,-2.407001866101026,-2.4005618045367756,-0.5542314101429997,-1.6821816468264914,-1.0960552613040335,-0.7600843312500061,-1.8445261705555083,-1.3630417508376695,1.4160371125129294,-2.9171972170205134,-1.0861110390984288,1.2081206002973983,-0.15147987417496905,0.6929336863112365,0,1,1,0,0,2
1,3,1.147585234781913,0.43827755050415945,1.0364322910635277,-0.5542314101429997,-1.1772830930546665,-0.7884250486413904,0.22556861152669114,0.8080654114309073,0.9929207532211743,1.4160371125129294,1.2488289140936326,0.8060087184888338,0.09474356447807901,-0.4181811420043013,-0.018447187823741776,0,2,0,1,0,2
0,2,-0.02854872514458397,0.014931478137296887,0.15743092753356586,-0.5542314101429997,1.1957401096729117,1.4803477697456047,-2.238563745415052,0.8080654114309073,-2.1483625855239508,-0.7279906171826318,-0.13984646294441605,-1.7168176249608496,-1.0186334713412402,0.6486239293130284,-1.0855184990262092,0,1,1,1,0,2
0,3,0.7116045427401947,0.8123973353865018,0.8290274749497168,-0.5542314101429997,1.3976995311816414,0.5702750572852855,1.2112215543033884,-0.0761317825645646,0.9929207532211743,1.4160371125129294,-0.13984646294441605,1.4367153043512546,0.09474356447807901,-0.8626832550531885,-1.7968993731611875,0,2,0,1,2,2
0,3,-1.33649080126974,-1.146808906497346,-0.5931769784021335,-0.5542314101429997,-1.2782628038090316,-1.2114165910525245,1.2112215543033884,-0.0761317825645646,0.9929207532211743,-1.4426665270811523,-0.13984646294441605,1.4367153043512546,0.09474356447807901,-0.7737828324434114,-1.4412089360936984,0,1,1,1,0,2
1,2,-0.6267547909692676,-0.44779562421717845,-0.5536712991423592,-0.5542314101429997,0.8928009774098163,1.3906222910523334,0.22556861152669114,-0.9603289765600365,0.20759991853489304,0.7013612026144089,-1.5285218399824647,-0.45540445323600787,0.6514320823877386,1.0042256197521378,0.3372432492437474,0,2,1,1,1,2
1,4,-0.30230404340333805,0.11338405310633443,-0.040097468765302145,1.0070502643874932,0.5898618451467215,0.4292778764815729,0.7183950829150397,-1.8445261705555083,0.20759991853489304,-0.013314707284111467,-0.13984646294441605,-0.45540445323600787,1.7648091182070578,-0.4181811420043013,-1.7968993731611875,0,2,1,1,2,2
1,4,-1.6913588064199767,-2.3873113511072184,-1.472178341932096,-0.5542314101429997,0.6403517005239038,0.8522694188927071,0.22556861152669114,-0.0761317825645646,0.9929207532211743,-0.013314707284111467,-0.13984646294441605,0.8060087184888338,-1.0186334713412402,0.2930222388739182,-1.0855184990262092,1,2,2,1,1,2
0,1,1.2084197499505256,1.3440412402193038,0.27594796531288557,-0.5542314101429997,1.0442705435413637,0.24982691909503205,-0.7600843312500061,1.6922626054263792,-0.5777209161513882,-0.7279906171826318,1.2488289140936326,-0.45540445323600787,0.6514320823877386,1.359827310191248,-1.0855184990262092,0,2,2,1,1,2
1,3,-0.04882689686745417,-0.3198072767574299,-0.7116940161814546,1.0070502643874932,0.6403517005239038,-0.27570802753698476,-1.2529108026383546,-0.9603289765600365,-1.3630417508376695,0.7013612026144089,-0.13984646294441605,-0.45540445323600787,0.09474356447807901,1.804329423240135,1.4043145604462148,1,2,1,1,2,1
0,3,0.5493791689572295,1.038838257815288,0.4833527814266978,-0.5542314101429997,0.18594300212926143,0.7881797912546564,-0.7600843312500061,1.6922626054263792,-0.5777209161513882,0.7013612026144089,1.2488289140936326,0.17530213262641298,-1.0186334713412402,0.5597235067032504,-1.4412089360936984,0,2,2,0,1,2
0,2,0.9650816892760776,1.0191477428214801,1.0463087108784719,-0.5542314101429997,0.5898618451467215,0.9419948975859785,-1.7457372740267034,0.8080654114309073,-1.3630417508376695,-0.013314707284111467,-0.13984646294441605,-1.7168176249608496,0.09474356447807901,-1.3071853681020758,-0.7298280619587201,0,1,1,1,1,2
0,0,-0.5861984475235263,-0.546248199186216,0.07841956901401753,-0.5542314101429997,-0.21797584088819877,-0.6217920167824589,1.2112215543033884,-0.0761317825645646,0.9929207532211743,0.7013612026144089,-0.13984646294441605,0.8060087184888338,-1.0186334713412402,-0.8626832550531885,1.4043145604462148,0,2,0,1,2,2
1,1,1.4923141540707137,1.265279180244074,0.11792524827379171,-0.5542314101429997,0.6403517005239038,1.185535482610572,0.7183950829150397,-0.9603289765600365,0.9929207532211743,0.7013612026144089,-0.13984646294441605,0.8060087184888338,-1.0186334713412402,0.4708230840934733,0.3372432492437474,0,1,2,1,2,2
1,1,-0.1603568413432439,-0.11305686932245164,0.04879030956918762,1.0070502643874932,1.1452502542957288,1.262443035776232,-1.2529108026383546,-1.8445261705555083,-1.3630417508376695,-1.4426665270811523,-0.13984646294441605,-0.45540445323600787,-1.0186334713412402,0.38192266148369614,-1.0855184990262092,0,0,0,1,1,2
1,3,-1.2350999426553873,-0.8908322115778474,-0.9092224124803225,-0.5542314101429997,1.4986792419360064,1.0573562273344705,1.2112215543033884,-0.0761317825645646,0.9929207532211743,-1.4426665270811523,-1.5285218399824647,0.8060087184888338,1.2081206002973983,0.4708230840934733,-1.0855184990262092,0,1,2,1,2,2
0,2,-0.8092583364751039,-1.0385110740314043,-0.44503068117798245,1.0070502643874932,-0.5714048285284764,-0.6089740912548477,0.22556861152669114,-0.0761317825645646,0.20759991853489304,0.7013612026144089,-0.13984646294441605,-0.45540445323600787,-0.4619449534315806,0.026320971044586007,-1.7968993731611875,0,1,1,1,1,2
1,2,1.5632877551007613,1.0782192878029035,1.372230564771604,-0.5542314101429997,0.8928009774098163,1.454711918690384,-1.2529108026383546,1.6922626054263792,-1.3630417508376695,-0.7279906171826318,1.2488289140936326,0.17530213262641298,0.6514320823877386,0.4708230840934733,-1.7968993731611875,0,2,2,1,1,2
1,3,-0.6571720485535738,-0.5757839716769284,-0.8795931530354912,4.1296136134484795,-0.6723845392828413,-0.9166043039174917,0.7183950829150397,-0.9603289765600365,0.20759991853489304,-0.013314707284111467,-0.13984646294441605,0.17530213262641298,0.6514320823877386,0.8264247745325835,-1.4412089360936984,0,2,1,0,1,1
1,1,-0.7687019930293626,-0.26073573177600795,-0.42527784154809534,-0.5542314101429997,-0.5714048285284764,0.019104259598048075,-0.2672578598616575,0.8080654114309073,-0.5777209161513882,-0.013314707284111467,-1.5285218399824647,1.4367153043512546,-1.0186334713412402,-0.15147987417496905,-1.0855184990262092,0,2,2,1,0,2
1,1,-0.5963375333849623,-0.04414006684412508,-0.1487380867296804,-0.5542314101429997,-0.7733642500372064,-0.660245793365289,-1.2529108026383546,-0.0761317825645646,-1.3630417508376695,1.4160371125129294,-0.13984646294441605,-1.0861110390984288,0.09474356447807901,-0.4181811420043013,1.0486241233787257,1,2,1,1,0,2
0,2,1.7559303864680318,2.0036734925118553,2.1722205697820187,-0.5542314101429997,1.650148808067554,1.1598996315553511,1.2112215543033884,1.6922626054263792,0.9929207532211743,-0.013314707284111467,1.2488289140936326,0.8060087184888338,0.09474356447807901,-0.5959819872238563,-0.3741376248912309,1,0,1,1,1,2
1,0,-1.0525963971495509,-0.6939270616397722,-1.0474922898895294,-0.5542314101429997,-1.6316917914493092,-0.39106935728547493,-0.2672578598616575,-0.9603289765600365,-0.5777209161513882,0.7013612026144089,-1.5285218399824647,0.17530213262641298,0.09474356447807901,0.8264247745325835,1.0486241233787257,0,2,1,1,2,2
0,2,0.22492842139129898,0.3004439455475063,0.8389038947646597,-0.5542314101429997,2.0035777957078316,1.1598996315553511,-1.7457372740267034,0.8080654114309073,-1.3630417508376695,-0.013314707284111467,1.2488289140936326,-1.7168176249608496,-1.0186334713412402,0.7375243519228055,1.4043145604462148,1,2,2,1,2,2
0,1,-0.545642104077785,0.09369353811252804,-0.03022104895035931,-0.5542314101429997,0.18594300212926143,0.18573729145698134,0.7183950829150397,0.8080654114309073,0.9929207532211743,0.7013612026144089,-1.5285218399824647,1.4367153043512546,0.6514320823877386,0.9153251971423606,0.6929336863112365,1,1,1,1,1,2
0,1,-0.170495927204679,-1.146808906497346,-0.10923240746990623,-0.5542314101429997,-1.2782628038090316,-1.4036854739666766,-1.2529108026383546,-0.0761317825645646,-0.5777209161513882,0.7013612026144089,1.2488289140936326,-0.45540445323600787,-0.4619449534315806,0.4708230840934733,1.4043145604462148,0,2,1,1,2,2
1,2,-0.2414695282347265,0.014931478137296887,-0.4154014217331525,1.0070502643874932,0.7918212666554512,2.3519667056230937,-2.238563745415052,-0.9603289765600365,-2.1483625855239508,-0.013314707284111467,-0.13984646294441605,-2.3475242108232703,-1.0186334713412402,-1.1293845228825208,-0.7298280619587201,1,2,1,1,2,1
1,4,1.7559303864680318,1.6295537076295132,1.0068030316186978,-0.5542314101429997,0.23643285750644377,0.929176972058369,-1.7457372740267034,1.6922626054263792,-0.5777209161513882,1.4160371125129294,1.2488289140936326,0.17530213262641298,-0.4619449534315806,-1.396085790711853,-1.0855184990262092,0,1,1,1,1,2
0,2,-1.6812197205585406,-1.4421666314044586,-1.1561329078539069,2.568331938917986,0.23643285750644377,1.0958100039173004,-2.238563745415052,-1.8445261705555083,-2.1483625855239508,1.4160371125129294,-1.5285218399824647,-1.0861110390984288,-0.4619449534315806,-0.06257945156519114,-0.3741376248912309,0,0,1,1,1,1
1,4,-2.735684650147814,-2.407001866101026,-1.6499538986010769,-0.5542314101429997,-0.8743439607915715,-0.7115174954757284,-2.238563745415052,-0.9603289765600365,-2.1483625855239508,-0.7279906171826318,-0.13984646294441605,-2.3475242108232703,-1.0186334713412402,-0.5959819872238563,0.3372432492437474,1,2,1,0,2,2
1,3,-0.9512055385351981,-0.4084145942295643,-0.7314468558113402,2.568331938917986,-0.41993526239692874,-0.9806939315555424,0.7183950829150397,-1.8445261705555083,0.9929207532211743,0.7013612026144089,-0.13984646294441605,0.8060087184888338,0.09474356447807901,0.20412181626414108,-1.7968993731611875,0,0,1,1,2,1
0,4,1.360506037872054,1.934756690033529,0.8586567343945467,-0.5542314101429997,0.48888213439235634,-0.2628901020093735,-2.238563745415052,0.8080654114309073,-1.3630417508376695,1.4160371125129294,1.2488289140936326,-1.7168176249608496,-0.4619449534315806,0.20412181626414108,-1.4412089360936984,0,1,1,1,0,1
