{
    "batch_size": 32,
    "learning_rate": 0.4566,
    "momentum": 0.1896,
    "number_of_epochs": 340,
    "number_of_hidden_layers": 7,
    "number_of_neurons_in_layers": [
        440,
        550,
        850,
        795,
        590,
        285,
        655,
        145,
        20,
        675
    ],
    "dropout_layers": [
        0.3799999952316284,
        0.3799999952316284,
        0.3799999952316284,
        0.3799999952316284,
        0.3799999952316284,
        0.3799999952316284,
        0.3799999952316284,
        0.3799999952316284,
        0.3799999952316284,
        0.3799999952316284
    ],
    "prune_amount": 0.01,
    "prune_epoch_interval": 9,
    "weight_decay": 0.01,
    "weight_perturbation_amount": 0.13,
    "weight_perturbation_interval": 15
}