{
    "batch_size": 128,
    "learning_rate": 0.2062,
    "momentum": 0.3928,
    "number_of_epochs": 180,
    "number_of_hidden_layers": 8,
    "number_of_neurons_in_layers": [
        790,
        945,
        470,
        770,
        700,
        605,
        515,
        395,
        1000,
        780
    ],
    "dropout_layers": [
        0.10208986029684866,
        0.24850720135894727,
        0.13061131486110159,
        0.18350383649025898,
        0.47006724622270546,
        0.394902720533472,
        0.5554483886263879,
        0.10093669599451824,
        0.5960559584104368,
        0.13203387937858188
    ],
    "prune_amount": 0.04,
    "prune_epoch_interval": 18,
    "weight_decay": 0.13,
    "weight_perturbation_amount": 0.001,
    "weight_perturbation_interval": 11
}