{
    "batch_size": 16,
    "learning_rate": 0.4115,
    "momentum": 0.1076,
    "number_of_epochs": 540,
    "number_of_hidden_layers": 10,
    "number_of_neurons_in_layers": [
        925,
        600,
        45,
        5,
        555,
        785,
        505,
        400,
        165,
        845
    ],
    "dropout_layers": [
        0.4555227253519839,
        0.01,
        0.09239385400651187,
        0.1365886726568565,
        0.35565023500452725,
        0.01,
        0.26794917394754025,
        0.5785664346988139,
        0.08884010898822005,
        0.75
    ],
    "prune_amount": 0.38,
    "prune_epoch_interval": 15,
    "weight_decay": 0.01,
    "weight_perturbation_amount": 0.41,
    "weight_perturbation_interval": 95
}