battery_power,blue,clock_speed,dual_sim,fc,four_g,int_memory,m_dep,mobile_wt,target,pc,px_height,px_width,ram,sc_h,sc_w,talk_time,three_g,touch_screen,wifi
-1.374274760797384,1,-1.0116926208689163,0,-0.9956453516694007,0,0.14636609159073022,-0.3550278711448435,-0.7674217813373895,7,-0.8244721746152955,0.9418646852091821,0.3813727030521796,-0.03339220859374944,0.21248681882227238,-0.36305760589535896,1.4138156466278566,1,1,1
-1.6814023342187212,1,-0.8908212265595655,0,-0.30805591260512566,1,-0.8577754122146569,-0.0019415586703236604,-0.200873268771787,3,-0.496076342861456,-0.15349071274717024,-1.1265182576309367,0.056075846706809526,-1.1794294094491837,-0.5924235276347098,-0.7589658239845315,1,1,1
1.4337487676262703,0,0.9222496880806925,0,-0.9956453516694007,1,-1.3040605250170512,-1.4142868085684035,1.4421174176684604,6,-1.1528680063691352,0.18284247998631553,0.44642809118642807,-1.0841853887054165,-1.4114154474944265,-1.0511553711134114,-1.664291436739693,1,0,1
-0.9193564753537492,1,-0.044721466394111724,1,-0.07885943291703394,1,0.2021517306910295,-0.7081141836193636,0.3090203925372553,4,0.9817049000308219,-1.307931671589135,-1.6794890567720486,0.10172281369689064,-0.4834712953134557,-0.8217894493740606,1.4138156466278566,1,1,1
0.9626658730551968,1,-1.1325640151782668,1,-0.9956453516694007,0,-0.8577754122146569,0.704231066278716,0.33734781816553544,4,-1.3170659222460548,-0.22621140306792392,-0.8453860446222201,0.586493603131552,0.4444728568675151,-1.0511553711134114,-1.121096069086596,1,1,1
-0.7646380737054064,0,-0.2864642550128128,0,-0.30805591260512566,0,-1.2482748859167518,-1.4142868085684035,1.35713514078362,2,-0.8244721746152955,-1.267026283283711,0.03750850862829482,-1.6018219943729362,0.21248681882227238,-0.5924235276347098,0.5084900338726949,0,1,1
1.0804365966979652,0,-1.2534354094876172,1,0.6087300061472412,0,-0.07677646481046692,-0.3550278711448435,-0.5691298019394286,2,-0.003482595230696726,-0.7829791883361943,-1.4471483848640183,1.3962707975355908,-1.643401485539669,-1.0511553711134114,1.4138156466278566,0,0,1
-1.512828553318288,1,-1.2534354094876172,1,-0.7664488719813091,1,-0.9135610513149562,1.4104036912277562,-1.4189525707878325,6,1.1459028159077416,0.591896363040555,0.8204965729583568,1.431875431787854,-1.643401485539669,-1.2805212928527623,-1.121096069086596,1,1,0
0.5146752772376072,0,0.19702132222458932,1,1.525515924899608,1,0.6484368434934238,-0.0019415586703236604,0.8189140538462976,2,0.6533090682769823,-0.33529243854905444,-1.251982220461273,-0.44786666886368587,0.6764588949127578,-0.1336916841560081,-1.121096069086596,1,1,1
0.6185906216282852,0,-1.0116926208689163,0,1.525515924899608,0,-1.1924892468164525,-1.0612004960938834,1.32880771515534,5,1.1459028159077416,0.05558127192499659,0.46733875165815075,0.1254592365317328,0.21248681882227238,-1.2805212928527623,-1.121096069086596,0,0,0
1.6762179045378522,0,0.6805068994619917,0,-0.5372523922932173,0,0.871579399894621,0.3511447538041962,1.35713514078362,3,0.6533090682769823,-0.34438252483914866,-1.1660161718553017,-1.6538595367416287,-1.643401485539669,-0.5924235276347098,1.051685401525792,1,1,0
1.4152749286234831,0,-1.2534354094876172,1,-0.9956453516694007,1,0.8157937607943216,-1.4142868085684035,-1.5605896989292332,7,-1.6454617539998944,-1.3556546246121295,1.0598074650236278,0.4687244282971427,0.4444728568675151,1.7012356897587988,1.4138156466278566,1,0,1
0.8102567012822024,0,0.9222496880806925,0,1.525515924899608,0,0.09058045249043094,-0.3550278711448435,-1.4472799964161125,1,0.6533090682769823,-1.2897514990089465,0.9691946029794961,-1.1353099917343072,0.9084449329580004,1.0131379245407461,-0.3968355788824668,0,1,0
-0.2935551791343328,0,-1.2534354094876172,1,-0.9956453516694007,1,-0.5230615776128612,-0.3550278711448435,0.677276925704897,4,-1.4812638381229746,0.43054733139138274,-0.7780072497688914,1.2255511409926874,-1.1794294094491837,-0.36305760589535896,-0.7589658239845315,1,0,0
1.350616492113728,0,-0.16559286070346238,1,-0.5372523922932173,0,0.5926512043931245,1.4104036912277562,0.28069296690897516,5,-0.8244721746152955,-0.046682198838563276,0.3047002813225296,1.5122140936903967,1.1404309710032432,0.3250401593226936,0.32742491132166257,1,1,1
-0.0002829849650860136,0,0.07614992791523893,1,-0.9956453516694007,0,1.0947219562958181,0.3511447538041962,1.32880771515534,8,-0.9886700904922153,-0.24893661879315945,-1.0033777015196808,-1.484052819538527,-1.1794294094491837,-0.5924235276347098,-0.5779007014334991,1,1,1
-0.3559043857687396,1,-1.2534354094876172,1,1.2963194452115163,0,-1.1924892468164525,-0.0019415586703236604,0.7622592025897373,3,0.6533090682769823,-0.3716527837094313,-1.5772591611325153,-1.3151590416752268,0.4444728568675151,-0.36305760589535896,-0.03470533378040212,0,1,0
1.2721026763518823,1,1.2848638710087446,0,-0.07885943291703394,0,0.5368655652928253,0.3511447538041962,0.9605511819876982,3,1.638496563538501,-1.3056591500166115,-0.18786194312249452,1.0785679072846261,0.9084449329580004,0.09567423758334274,1.2327505240768242,1,1,1
1.720093272169472,1,1.4057352653180952,0,0.15033704677105778,1,1.7641496254994096,1.4104036912277562,0.13905583876757452,2,0.4891111524000626,0.9691349440794648,0.17458950505403267,-0.40587145923281126,-1.643401485539669,-0.5924235276347098,-0.5779007014334991,1,1,0
1.5145718132634642,0,-1.2534354094876172,0,1.2963194452115163,0,-1.080917968615854,-1.0612004960938834,0.4223300950503758,4,0.16071532064622304,0.3055586449025874,-0.8662967050939429,-1.1298323556954974,0.4444728568675151,1.0131379245407461,0.6895551564237272,1,1,0
0.2583507610739348,0,0.19702132222458932,0,-0.9956453516694007,0,1.5410070690982123,0.3511447538041962,0.19571069002413477,3,-1.4812638381229746,0.5850787983229844,0.8948455879689264,-1.5863020255963085,0.4444728568675151,1.0131379245407461,0.32742491132166257,1,0,0
-0.7715657633314515,0,-1.0116926208689163,0,-0.30805591260512566,0,0.8157937607943216,1.4104036912277562,1.1871705870139393,3,-0.6602742587383758,0.21011273885659817,-1.0591394627776078,-0.7820024672310796,-1.1794294094491837,-0.8217894493740606,-0.9400309465355637,0,1,1
-1.6421454263377984,0,0.43876411084329037,0,0.15033704677105778,0,-0.46727593851256194,-1.0612004960938834,1.4137899920401802,8,1.4742986476615811,-0.5307292937860799,1.2201225286401687,-1.5096151210529722,-0.7154573333586983,-0.5924235276347098,-1.3021611916376286,0,0,0
0.9187905054235771,0,1.5266066596274452,0,-0.9956453516694007,1,0.6484368434934238,1.763490003702276,-0.08756356625866649,8,-1.6454617539998944,-0.621630156687022,-1.0661096829348489,0.1665415068228058,-1.1794294094491837,-0.36305760589535896,1.4138156466278566,1,0,0
1.0457981485677392,1,-1.2534354094876172,0,2.6714983233400664,0,-0.6346328558134597,-1.4142868085684035,0.45065752067865594,4,1.638496563538501,-1.1965781145354808,-0.35050041345811567,-0.9098139748033066,0.9084449329580004,-1.2805212928527623,1.2327505240768242,1,1,0
-0.7669473035807548,1,-0.7699498322502151,0,-0.5372523922932173,0,-1.5829887205185476,1.0573173787532364,-1.135678314505031,2,0.3249132365231428,-1.0011412592984554,0.5695686472976841,-1.2503403485493116,-0.25148525726821297,0.3250401593226936,-1.121096069086596,1,1,0
-1.1040948653816212,1,-0.7699498322502151,0,2.6714983233400664,1,1.3178645126970152,-1.4142868085684035,-0.7674217813373895,1,1.638496563538501,-0.4852788623356089,-1.7073699374010123,-1.118877083617878,1.6044030470937285,-0.5924235276347098,0.8706202789747596,1,0,1
0.14288926730651477,1,0.8013782937713424,1,-0.7664488719813091,0,1.0389363171955188,-1.0612004960938834,-0.7674217813373895,5,1.1459028159077416,1.907686353531692,0.822819979677437,-0.9025104600848937,0.4444728568675151,-1.0511553711134114,-0.03470533378040212,0,1,0
0.5031291278608652,1,-1.2534354094876172,1,1.525515924899608,0,-1.1367036077161534,1.4104036912277562,-0.654112078824269,2,0.6533090682769823,0.50554054328466,-0.1901853498415748,1.5971174522919476,-1.643401485539669,-0.5924235276347098,0.6895551564237272,0,1,1
0.3876676340934452,1,-0.044721466394111724,1,0.15033704677105778,0,0.6484368434934238,-0.0019415586703236604,1.130515735757379,2,-0.6602742587383758,-1.3352019304594176,-0.3063556857955899,1.1981629607986388,0.9084449329580004,1.471869768019448,0.32742491132166257,0,1,0
0.692485977639434,1,1.4057352653180952,0,-0.30805591260512566,0,1.2620788735967159,-1.0612004960938834,-0.7107669300808293,7,0.6533090682769823,1.8031503611956086,0.799585912486634,1.0895231793622457,0.9084449329580004,0.3250401593226936,0.6895551564237272,0,0,1
-0.1573106164887772,1,-0.5282070436315138,1,-0.9956453516694007,1,-1.1924892468164525,-0.0019415586703236604,-1.1923331657615914,2,-1.4812638381229746,2.084943036188529,0.9552541626650143,-0.0653450854868062,1.1404309710032432,1.0131379245407461,-1.3021611916376286,1,0,1
0.2860615195781156,0,1.647478053936796,0,-0.5372523922932173,1,-0.46727593851256194,-0.7081141836193636,-1.135678314505031,5,-1.1528680063691352,0.39191446465848234,-0.5991049323997081,-0.4615607589607102,-0.4834712953134557,-0.36305760589535896,-1.3021611916376286,1,0,0
1.4776241352578898,0,-1.2534354094876172,0,-0.9956453516694007,1,-0.46727593851256194,-0.3550278711448435,-0.7957492069656696,3,-1.4812638381229746,0.4032770725211001,1.645305958231864,-0.9116398534829099,0.9084449329580004,0.3250401593226936,1.5948807691788889,1,0,1
1.1982073203407335,0,-0.5282070436315138,0,-0.30805591260512566,0,-1.1924892468164525,0.704231066278716,-1.5039348476726728,2,-0.496076342861456,0.4623626334067125,-0.1739215028080127,1.3853155254579712,-1.4114154474944265,-0.1336916841560081,1.2327505240768242,1,0,0
-1.6259808172103596,1,-1.0116926208689163,0,-0.5372523922932173,1,-1.1367036077161534,-1.0612004960938834,1.2721528638987796,2,-1.1528680063691352,2.3690082327539734,1.6708634321417475,1.1570806905075657,1.1404309710032432,-0.8217894493740606,-1.3021611916376286,1,1,1
0.08054006067210798,1,0.9222496880806925,1,-0.9956453516694007,0,-0.24413338211136476,-0.7081141836193636,0.2240381156524149,1,-0.6602742587383758,1.4849973410423112,0.853024267025481,-0.957286820472991,-0.019499219222970297,-1.0511553711134114,-0.9400309465355637,0,1,0
1.5746117900225227,1,0.31789271653393997,0,1.0671229655234247,1,-0.7462041340140584,1.763490003702276,1.32880771515534,3,1.638496563538501,0.13511952696332094,0.7670582184195098,1.4601765513217042,-1.1794294094491837,-0.8217894493740606,0.32742491132166257,1,1,1
0.8125659311575507,1,-0.6490784379408645,1,0.8379264858353329,1,0.9273650389949202,-0.0019415586703236604,-0.7107669300808293,2,0.6533090682769823,-0.21484879520530617,-0.039163913101355155,-0.7893059819494925,-0.019499219222970297,-0.8217894493740606,-0.7589658239845315,1,1,0
0.1913830946888312,1,0.19702132222458932,0,0.15033704677105778,1,-0.5230615776128612,0.3511447538041962,1.6404093970664213,8,-0.6602742587383758,-0.5716346820915039,-1.3193610153146018,0.11906866115312145,-0.25148525726821297,1.0131379245407461,-0.3968355788824668,1,1,0
-0.3882336040236172,1,1.1639924766993939,0,-0.30805591260512566,0,1.3178645126970152,0.3511447538041962,0.5073123719352162,2,-0.6602742587383758,-0.8511548355119009,1.7103613463661125,1.180817113342408,-0.4834712953134557,-0.8217894493740606,-1.664291436739693,1,0,0
0.10132312955024358,1,-0.16559286070346238,1,3.3590877624043416,1,0.14636609159073022,-0.7081141836193636,-0.8524040582222299,4,1.638496563538501,-0.5148216427784151,-1.1799566121697835,-1.1855216554233965,0.9084449329580004,-0.8217894493740606,-0.5779007014334991,1,0,0
1.6115594680280971,0,-1.1325640151782668,1,1.0671229655234247,1,1.4852214299979132,-1.0612004960938834,-0.22920069440006713,7,-0.003482595230696726,0.005585797329478433,-0.39696854783972174,-1.285944982801575,1.6044030470937285,1.7012356897587988,-1.4832263141886608,1,0,1
-1.4851177948141072,1,1.4057352653180952,0,-0.9956453516694007,1,0.5368655652928253,-1.0612004960938834,-0.14421841751522674,8,-1.6454617539998944,0.2601082134521163,-1.15207573154082,-0.2223706519326852,0.4444728568675151,1.0131379245407461,-0.03470533378040212,1,0,0
-0.7022888670709996,0,0.19702132222458932,1,2.213105363963883,0,-0.24413338211136476,1.0573173787532364,0.36567524379381555,8,1.638496563538501,-0.6716256312825403,-1.052169242620367,1.6208538751267898,0.21248681882227238,1.242503846280097,-0.7589658239845315,0,0,1
-0.1526921567380804,1,1.7683494482461466,0,0.6087300061472412,1,0.5926512043931245,1.0573173787532364,-1.079023463248471,1,0.9817049000308219,2.1031232087687175,1.7080379396470322,1.2164217475946713,-0.7154573333586983,-0.1336916841560081,0.32742491132166257,1,1,1
1.1589504124598107,1,-1.2534354094876172,1,1.525515924899608,1,1.1505075953961175,-0.0019415586703236604,-0.7390943557091094,4,1.638496563538501,0.19647760942145684,-0.32726634626731266,0.41577394658864864,0.9084449329580004,-1.2805212928527623,-0.3968355788824668,1,0,0
-1.559013150825256,0,-1.1325640151782668,0,-0.7664488719813091,1,0.5926512043931245,-0.0019415586703236604,0.02574613625445402,3,-0.3318784269845363,-0.9261480474051781,-1.0846969366874912,0.373778736957774,-1.1794294094491837,-0.1336916841560081,1.2327505240768242,1,0,0
0.062066221669320784,0,-0.6490784379408645,0,-0.30805591260512566,1,0.871579399894621,-0.3550278711448435,-1.1640057401333113,4,0.8175069841539021,-0.32165730911391316,-0.8453860446222201,-0.3748315216795561,1.3724170090484857,2.1599675332375003,-0.03470533378040212,1,1,0
0.1913830946888312,0,1.5266066596274452,1,-0.7664488719813091,0,-1.2482748859167518,1.763490003702276,-0.9940411863636306,4,-0.003482595230696726,0.5441734100175604,0.10024049004346298,-1.6803347775958757,-1.643401485539669,-0.36305760589535896,-1.121096069086596,0,1,0
0.923408965174274,1,0.9222496880806925,0,0.8379264858353329,1,0.48107992619252593,-1.0612004960938834,1.2721528638987796,2,-0.003482595230696726,2.4849068329526744,1.5848973835357762,1.0603091204885937,1.3724170090484857,1.0131379245407461,1.4138156466278566,1,1,0
-0.8223688205891164,0,-1.2534354094876172,0,0.15033704677105778,0,-1.3040605250170512,-0.3550278711448435,-0.7674217813373895,1,-0.003482595230696726,-0.3966505210071904,-0.2691811782903051,-0.8577764324346142,-1.4114154474944265,-0.8217894493740606,1.051685401525792,0,0,1
-0.4228720521538432,0,-0.16559286070346238,1,-0.5372523922932173,1,0.871579399894621,1.763490003702276,-0.34251039691318763,5,-0.9886700904922153,-1.1465826399399628,-1.3170376085955215,0.6686581437136979,0.6764588949127578,1.7012356897587988,-0.3968355788824668,1,1,1
-0.7831119127081936,1,1.4057352653180952,0,0.8379264858353329,0,1.1505075953961175,0.704231066278716,0.45065752067865594,2,0.4891111524000626,-1.4124676639252183,1.4664036408626808,1.1789912346628046,-0.9474433714039411,-0.1336916841560081,0.14635978877063022,1,0,0
-0.4782935691622048,0,-1.2534354094876172,1,0.8379264858353329,0,0.8157937607943216,-1.0612004960938834,-0.28585554565662735,8,-0.1676805111076165,-0.5625445958014097,1.4594334207054398,-0.3976550051745966,1.3724170090484857,1.471869768019448,0.6895551564237272,1,0,0
-0.1711659957408676,0,0.43876411084329037,0,-0.9956453516694007,1,-0.2999190212116641,0.704231066278716,0.677276925704897,1,-1.1528680063691352,-0.055772285128657485,-0.3667642604916778,-0.6395839302220265,-0.019499219222970297,-1.2805212928527623,-0.9400309465355637,1,0,0
1.6970009734159879,0,-1.2534354094876172,0,-0.30805591260512566,0,0.3137230088916281,-1.0612004960938834,-1.0506960376201908,5,-0.003482595230696726,-0.7943417961988121,-0.4620239359739702,-0.7171837741051643,-1.643401485539669,-1.2805212928527623,-0.03470533378040212,0,0,0
1.3875641701193022,0,1.5266066596274452,1,0.37953352645914945,0,-0.1883477430110655,0.704231066278716,-0.7957492069656696,7,0.4891111524000626,1.373643783988657,0.2884364342889675,-1.0595360265307727,0.9084449329580004,0.3250401593226936,-0.03470533378040212,1,1,0
-0.6630319591900767,1,0.19702132222458932,0,2.4423018436519746,0,-1.080917968615854,-0.3550278711448435,0.4223300950503758,4,0.9817049000308219,-1.2374835028409048,-1.1938970524842654,1.0502667877507759,-0.4834712953134557,0.7837720028013953,-0.21577045633143446,1,1,1
-0.65841349943938,1,-0.044721466394111724,1,1.2963194452115163,0,1.0389363171955188,-0.7081141836193636,0.33734781816553544,6,0.9817049000308219,-0.17621592847240578,-1.4610888251785001,0.7334768368396131,0.6764588949127578,0.09567423758334274,-0.7589658239845315,1,1,1
-0.8454611193426004,1,0.19702132222458932,1,-0.9956453516694007,0,0.03479481339013166,0.704231066278716,0.9322237563594181,2,-1.3170659222460548,-1.3670172324747474,0.23267467303104022,-0.6970991086295287,-0.019499219222970297,-1.0511553711134114,-0.7589658239845315,1,1,0
-0.693051947569606,1,1.2848638710087446,1,2.9006948030281583,0,-1.5272030814182482,-1.4142868085684035,0.7339317769614572,3,1.638496563538501,2.4235487504945388,1.2108289017638476,1.408139008953012,0.6764588949127578,0.3250401593226936,-1.3021611916376286,0,1,0
-0.6029919824310184,1,-1.2534354094876172,1,-0.07885943291703394,1,-1.5272030814182482,1.0573173787532364,0.5073123719352162,8,-0.1676805111076165,-1.3920149697725064,0.5718920540167644,0.8156413774217591,0.4444728568675151,-0.36305760589535896,0.8706202789747596,1,1,0
-1.593651598955482,0,-0.7699498322502151,0,-0.07885943291703394,1,-1.2482748859167518,1.0573173787532364,-0.14421841751522674,8,0.3249132365231428,-1.0215939534511673,-1.30542057500012,-0.12559908191371327,0.21248681882227238,1.471869768019448,-1.664291436739693,1,0,0
1.1012196655761008,1,-0.6490784379408645,0,-0.7664488719813091,1,-1.4156318032176498,0.3511447538041962,-0.39916524816974785,3,1.1459028159077416,-0.5625445958014097,0.25823214694092356,-0.8805999159296547,-1.643401485539669,-1.2805212928527623,0.8706202789747596,1,1,1
-0.7992765218356324,1,-0.16559286070346238,1,-0.9956453516694007,0,-0.1325621039107662,1.763490003702276,-1.5039348476726728,2,-1.1528680063691352,0.4487275039715712,1.4942845214916445,-1.5872149649361103,-1.4114154474944265,-0.8217894493740606,1.5948807691788889,1,0,0
0.24449538182184438,0,-1.2534354094876172,1,0.8379264858353329,1,-0.5788472167131605,1.4104036912277562,-0.8240766325939498,2,0.3249132365231428,-0.6489004155573047,-1.3193610153146018,-0.5619840863388886,0.9084449329580004,-0.1336916841560081,-0.03470533378040212,1,0,0
1.1243119643295847,0,0.07614992791523893,1,1.0671229655234247,0,1.3178645126970152,-0.0019415586703236604,-0.8240766325939498,6,0.8175069841539021,0.003313275756954881,0.9273732820360506,1.0721773319060148,-1.4114154474944265,-0.1336916841560081,-0.3968355788824668,1,0,0
1.3413795726123343,0,0.19702132222458932,0,-0.07885943291703394,1,0.36950864799192734,-0.0019415586703236604,-0.34251039691318763,5,0.9817049000308219,-1.3102041931616586,-0.5340495442654596,0.6084041472867909,0.4444728568675151,0.7837720028013953,-0.21577045633143446,1,1,0
-1.4597162661852747,0,0.19702132222458932,1,-0.9956453516694007,1,1.4294357908976139,-1.0612004960938834,-0.34251039691318763,7,-1.3170659222460548,-1.3851974050549358,-1.698076310524691,1.1954241427792338,0.6764588949127578,0.09567423758334274,-0.03470533378040212,1,1,1
0.530839886365046,1,-0.40733564932216343,1,-0.9956453516694007,1,1.2620788735967159,-1.4142868085684035,0.8755689051028578,4,-0.8244721746152955,2.2940150208606958,0.9668711962604157,-0.5921110845523422,0.21248681882227238,0.5544060810620445,-1.4832263141886608,1,0,1
-0.9539949234839752,0,1.0431210823900432,1,-0.9956453516694007,0,1.652578347298811,1.0573173787532364,-0.8240766325939498,1,-1.3170659222460548,1.546355423500447,1.4640802341436006,-0.6231510221055973,-1.1794294094491837,-0.8217894493740606,1.2327505240768242,0,1,1
1.4776241352578898,1,0.07614992791523893,0,-0.9956453516694007,1,0.8157937607943216,-1.4142868085684035,1.130515735757379,5,-0.6602742587383758,-0.6125400703969278,0.8274667931155977,1.0128362748189095,-0.019499219222970297,-0.5924235276347098,1.051685401525792,1,0,1
0.2814430598274188,0,-1.2534354094876172,0,1.2963194452115163,1,0.5368655652928253,-1.0612004960938834,-1.3906251451595524,1,1.638496563538501,0.6259841866284083,-0.7547731825780883,-0.5364217848244432,-0.019499219222970297,-1.2805212928527623,0.5084900338726949,1,0,0
0.30915381833159955,0,1.2848638710087446,1,2.4423018436519746,1,1.3178645126970152,-0.0019415586703236604,1.32880771515534,8,0.9817049000308219,-0.29665957181615404,-1.4099738773587336,-1.1426135064527203,-0.7154573333586983,-0.1336916841560081,-0.7589658239845315,1,0,0
0.8564412987891703,1,1.0431210823900432,0,0.8379264858353329,1,0.2021517306910295,1.0573173787532364,-1.5605896989292332,1,-0.1676805111076165,0.25329064873454565,0.40925358368114323,-1.717765290527742,-1.643401485539669,-0.5924235276347098,-0.7589658239845315,1,0,0
-0.8454611193426004,0,-1.2534354094876172,1,0.6087300061472412,1,-0.02099082571016763,-0.0019415586703236604,0.02574613625445402,4,1.1459028159077416,-0.6489004155573047,-1.1869268323270246,-0.9463315483953715,1.6044030470937285,2.6186993767162017,1.5948807691788889,1,1,1
1.59308562902531,1,0.43876411084329037,1,1.9839088842757913,1,0.09058045249043094,-1.0612004960938834,1.1871705870139393,7,0.6533090682769823,-0.09213263028903433,-0.3737344806489187,-0.4624736983005118,-1.4114154474944265,-1.0511553711134114,-0.3968355788824668,1,0,1
-0.1896398347436548,1,1.2848638710087446,1,-0.9956453516694007,0,1.5967927081985116,-0.7081141836193636,-1.4756074220443927,1,-0.6602742587383758,1.080488501133119,0.9436371290696127,1.5350375771854372,-0.25148525726821297,1.0131379245407461,1.051685401525792,0,1,0
-0.4875304886635984,1,1.4057352653180952,0,-0.7664488719813091,0,0.42529428709222666,-1.0612004960938834,0.47898494630693605,5,0.8175069841539021,0.2851059507498754,1.5384292491541702,1.2511134425071329,0.4444728568675151,-0.36305760589535896,-1.121096069086596,0,1,1
0.5631691046199235,1,-1.2534354094876172,1,-0.07885943291703394,1,1.7641496254994096,-0.7081141836193636,0.28069296690897516,8,-0.3318784269845363,1.7849701886154201,0.4975430390061947,1.298586288176817,1.1404309710032432,0.7837720028013953,-0.7589658239845315,1,1,1
0.03204623328979159,0,-1.1325640151782668,0,0.15033704677105778,1,-1.080917968615854,1.763490003702276,-0.9657137607353504,6,-0.6602742587383758,-1.0602268201840677,-1.1938970524842654,0.4860702757533735,0.21248681882227238,-1.0511553711134114,-0.5779007014334991,1,1,0
-1.5844146794540883,0,-1.2534354094876172,0,2.213105363963883,0,-0.5230615776128612,1.763490003702276,0.16738326439585466,8,0.8175069841539021,-0.6261751998320692,1.5175185886824474,0.1665415068228058,1.1404309710032432,2.389333454976851,1.2327505240768242,0,1,1
0.2814430598274188,1,0.07614992791523893,1,-0.07885943291703394,0,-1.3040605250170512,-1.4142868085684035,-0.7107669300808293,7,-0.496076342861456,0.4805428059869009,-0.24362370438042177,0.6969592632475482,0.21248681882227238,1.471869768019448,1.051685401525792,0,1,0
-0.4782935691622048,0,0.43876411084329037,1,-0.5372523922932173,0,-0.9693466904152555,0.704231066278716,-0.7674217813373895,1,-0.8244721746152955,1.5736256823707298,1.6151016708838202,-1.307855526956814,-0.7154573333586983,-0.8217894493740606,-0.21577045633143446,0,0,0
-1.535920852071772,0,0.8013782937713424,0,-0.9956453516694007,0,1.4852214299979132,0.704231066278716,1.2721528638987796,5,-0.6602742587383758,0.38964194308595884,0.8437306401491598,0.5855806637917503,1.6044030470937285,2.6186993767162017,-0.3968355788824668,0,0,1
-1.473571645437365,0,-0.2864642550128128,1,2.4423018436519746,1,-1.6945599987191462,-0.3550278711448435,-0.030908715002106235,3,0.9817049000308219,-1.2124857655431458,-1.4099738773587336,1.330539165069874,0.21248681882227238,-0.36305760589535896,-0.5779007014334991,1,0,0
1.2097534697174754,0,1.2848638710087446,0,1.7547124045876996,0,-0.35570466031196335,-0.0019415586703236604,-1.7022268270706338,1,1.1459028159077416,-1.2124857655431458,1.1016287859670733,-0.48073248509654426,1.3724170090484857,0.09567423758334274,0.5084900338726949,0,0,0
1.6000133186513552,1,-0.2864642550128128,0,0.15033704677105778,0,1.4294357908976139,-0.7081141836193636,0.9605511819876982,2,1.1459028159077416,-1.3238393225967997,-0.6409262533431535,0.37925637299658377,-0.25148525726821297,0.09567423758334274,-0.9400309465355637,0,0,1
-0.1804029152422612,0,-0.2864642550128128,0,1.0671229655234247,0,1.5967927081985116,-1.4142868085684035,-1.4189525707878325,8,-0.003482595230696726,-1.073861949619209,0.7624114049813492,0.9087611900815246,-0.7154573333586983,-0.36305760589535896,1.051685401525792,0,0,1
0.7964013220301119,1,0.8013782937713424,0,-0.30805591260512566,1,0.9273650389949202,-0.3550278711448435,0.39400266942209566,6,-0.496076342861456,1.7099769767221429,1.4710504543008414,1.3926190401763843,1.1404309710032432,0.09567423758334274,1.5948807691788889,1,1,0
-1.2334117384011316,0,-1.2534354094876172,0,0.37953352645914945,0,-0.2999190212116641,-0.0019415586703236604,-1.532262273300953,2,0.16071532064622304,1.394096478141369,0.13741499754874784,-0.16120371616597653,-0.25148525726821297,1.0131379245407461,0.14635978877063022,1,1,1
0.9488104938031063,0,1.2848638710087446,1,-0.30805591260512566,1,-0.5788472167131605,-0.0019415586703236604,-1.5039348476726728,4,1.638496563538501,0.8805066027510462,0.6625049160608961,-0.29723167779641824,0.6764588949127578,-0.1336916841560081,0.14635978877063022,1,1,0
0.5562414149938784,0,-1.1325640151782668,0,3.1298912827162497,1,-1.4714174423179491,1.0573173787532364,1.4421174176684604,4,1.4742986476615811,0.07603396607770856,-0.41323239487328384,0.9872739733044641,-0.25148525726821297,0.7837720028013953,0.32742491132166257,1,0,1
0.013572394287004385,1,1.2848638710087446,1,-0.7664488719813091,1,0.5926512043931245,1.0573173787532364,-0.45582009942630813,1,-1.1528680063691352,-1.0874970790543503,-1.6539315828621652,0.2459672293855469,1.3724170090484857,2.1599675332375003,-0.03470533378040212,1,0,0
-0.7207627060737868,0,-0.5282070436315138,0,0.6087300061472412,0,-0.46727593851256194,1.0573173787532364,-0.7957492069656696,5,0.3249132365231428,1.089578587423213,0.4952196322871144,-1.0595360265307727,-0.019499219222970297,0.3250401593226936,-0.3968355788824668,0,0,1
1.223608848969566,1,0.6805068994619917,1,1.2963194452115163,0,0.14636609159073022,-1.4142868085684035,0.903896330731138,4,0.9817049000308219,-0.8034318824889063,-1.4564420117403396,-0.33283631204868147,0.9084449329580004,1.7012356897587988,1.5948807691788889,1,1,1
1.3252149634848955,1,-0.16559286070346238,0,0.15033704677105778,0,1.0389363171955188,1.4104036912277562,0.6489495000766168,7,-0.003482595230696726,-0.9761435220006963,1.4733738610199216,0.27700716693880206,-0.25148525726821297,0.7837720028013953,-0.03470533378040212,0,0,0
-0.36975976502083,0,-1.2534354094876172,0,1.2963194452115163,0,0.14636609159073022,0.3511447538041962,-0.427492673798028,7,1.1459028159077416,-0.12394793230436406,0.1072107102007039,-1.6036478730525394,-1.1794294094491837,-0.1336916841560081,-0.9400309465355637,1,0,1
-0.9539949234839752,1,0.8013782937713424,0,-0.07885943291703394,0,-0.2999190212116641,1.4104036912277562,-0.45582009942630813,1,-0.6602742587383758,-0.6193576351144985,0.3372279753896538,-0.025175754535534837,-0.7154573333586983,-0.1336916841560081,-0.7589658239845315,0,1,1
0.9534289535538032,0,1.4057352653180952,0,3.1298912827162497,0,1.7641496254994096,0.704231066278716,-1.6172445501857933,2,1.4742986476615811,0.21693030357416881,1.6940974993325504,-0.36478918894173823,-0.4834712953134557,0.7837720028013953,0.32742491132166257,1,0,1
-0.496767408164992,1,0.6805068994619917,1,-0.5372523922932173,1,-1.1924892468164525,-1.4142868085684035,-0.5408023763111485,2,-0.1676805111076165,-0.22621140306792392,-0.0066362190342309215,0.18936499031784634,-0.25148525726821297,0.3250401593226936,0.8706202789747596,1,0,0
1.6831455941638975,1,-0.044721466394111724,0,0.37953352645914945,1,-0.9135610513149562,1.4104036912277562,-0.34251039691318763,8,0.16071532064622304,-1.2533911538485696,-1.38209299672977,0.7489968056162407,-1.643401485539669,-0.36305760589535896,0.32742491132166257,1,1,0
-1.5313023923210751,1,-0.7699498322502151,1,-0.7664488719813091,0,1.0389363171955188,1.4104036912277562,-1.4756074220443927,8,-1.3170659222460548,2.3326478875935965,1.2642672563026944,-0.34561746280590416,0.9084449329580004,0.7837720028013953,-0.7589658239845315,0,1,0
-0.7715657633314515,0,-1.2534354094876172,1,-0.9956453516694007,0,1.4294357908976139,-0.7081141836193636,-0.9373863351070703,5,-1.4812638381229746,-1.0602268201840677,1.099305379247993,1.2739369260021733,1.1404309710032432,-0.5924235276347098,1.5948807691788889,1,1,0
-0.7438550048272707,0,-1.2534354094876172,1,-0.9956453516694007,1,0.8157937607943216,-0.7081141836193636,0.7622592025897373,8,-0.6602742587383758,-1.1897605498179102,1.3084119839652202,-0.5090336046303945,1.1404309710032432,2.1599675332375003,0.14635978877063022,1,0,0
0.40845070297158076,1,0.6805068994619917,0,-0.7664488719813091,0,1.0389363171955188,1.0573173787532364,1.0738608845008186,4,1.3101007317846614,0.003313275756954881,0.28146621413172657,1.0530056057701809,-0.9474433714039411,-0.8217894493740606,-0.5779007014334991,1,1,0
-1.5636316105759527,0,-1.2534354094876172,1,-0.7664488719813091,1,1.1505075953961175,1.763490003702276,0.8472414794745777,8,1.638496563538501,-0.3966505210071904,0.7089730504425023,-0.853211735735606,1.1404309710032432,1.0131379245407461,-0.21577045633143446,1,1,0
1.5214995028895095,0,-1.1325640151782668,1,1.0671229655234247,1,0.2021517306910295,-0.3550278711448435,-0.5974572275677088,3,1.638496563538501,0.43963741768147696,0.6787687630944583,-0.8130424047843346,0.21248681882227238,-0.36305760589535896,0.8706202789747596,1,0,0
-0.5822089135528827,1,1.5266066596274452,1,-0.9956453516694007,0,1.3178645126970152,-0.0019415586703236604,0.9322237563594181,3,-1.1528680063691352,-0.3193847875413896,-1.6725188366148078,0.9242811588581521,-1.643401485539669,-0.8217894493740606,1.5948807691788889,1,1,1
1.2790303659779276,1,0.07614992791523893,1,-0.5372523922932173,0,-0.5230615776128612,1.0573173787532364,1.32880771515534,2,-0.3318784269845363,-1.0284115181687379,-0.26221095813306416,-0.1931565930590333,0.6764588949127578,-0.8217894493740606,-0.7589658239845315,0,0,0
0.9395735743017127,0,-1.2534354094876172,1,-0.5372523922932173,1,0.2579373697913288,1.4104036912277562,1.0172060332442585,4,-0.6602742587383758,-0.4193757367324259,1.2433565958309718,1.622679753806393,1.6044030470937285,-0.36305760589535896,1.2327505240768242,1,1,1
-1.0140349002430336,1,-1.2534354094876172,1,-0.9956453516694007,0,0.2579373697913288,-1.0612004960938834,-0.37083782254146774,4,-1.6454617539998944,-0.8784250943821835,-0.9778202276097974,0.1291109938909393,-1.643401485539669,-0.36305760589535896,-1.3021611916376286,0,0,0
-1.1341148537611503,1,1.5266066596274452,0,0.15033704677105778,1,1.0389363171955188,-0.7081141836193636,1.3004802895270597,4,0.3249132365231428,-0.7193485843055348,-0.6037517458378686,0.5079808199086124,-0.4834712953134557,-1.0511553711134114,0.8706202789747596,1,0,1
-0.8824087973481748,0,0.19702132222458932,0,-0.30805591260512566,1,0.14636609159073022,-0.7081141836193636,-1.0506960376201908,3,-0.496076342861456,0.07148892293266146,1.2898247302125778,-0.24975883212673386,-0.019499219222970297,0.5544060810620445,0.32742491132166257,1,1,1
0.29991689883020595,1,1.0431210823900432,1,-0.9956453516694007,1,0.09058045249043094,-0.3550278711448435,0.7622592025897373,6,-1.4812638381229746,0.2851059507498754,0.28146621413172657,1.5925527555929395,-1.643401485539669,-1.2805212928527623,-1.664291436739693,1,0,0
-0.3189567077631652,1,-0.2864642550128128,1,2.213105363963883,1,-1.6945599987191462,-0.7081141836193636,0.8189140538462976,7,1.638496563538501,-0.962508392565555,1.1434501069105187,-0.8659928864928288,-1.643401485539669,-0.5924235276347098,-1.3021611916376286,1,1,0
-0.5036950977910372,1,1.5266066596274452,0,-0.7664488719813091,1,-0.1325621039107662,-1.4142868085684035,1.4987722689250207,1,-0.003482595230696726,2.6576184724644647,1.5639867230640534,-0.6879697152315125,1.3724170090484857,-0.36305760589535896,0.32742491132166257,1,0,1
-0.3674505351454816,0,-0.2864642550128128,0,-0.9956453516694007,1,-0.9135610513149562,-0.7081141836193636,0.7339317769614572,3,-0.1676805111076165,-0.7647990157560058,-1.5354378401890698,-1.358067190645903,0.4444728568675151,0.09567423758334274,-0.9400309465355637,1,0,1
0.9811397120579839,0,-1.1325640151782668,1,0.6087300061472412,1,1.5967927081985116,-1.4142868085684035,-0.3141829712849075,2,0.16071532064622304,-0.8375197060767595,-0.9336754999472716,0.14463096266756686,-0.4834712953134557,-0.36305760589535896,-0.7589658239845315,1,0,0
0.05513853204327558,1,0.9222496880806925,0,-0.9956453516694007,0,1.4294357908976139,-0.0019415586703236604,-1.0223686119919106,5,-1.4812638381229746,2.0008597380051576,1.083041532214431,1.0237915468965288,0.21248681882227238,-0.36305760589535896,0.8706202789747596,0,0,1
1.685454824039246,0,1.5266066596274452,0,-0.9956453516694007,0,-1.5829887205185476,1.0573173787532364,-1.333970293902992,8,-1.4812638381229746,1.1691168424615372,0.43248765087194624,-1.2539921059085182,-1.643401485539669,-1.0511553711134114,0.5084900338726949,0,1,0
-0.5521889251733536,0,0.559635505152641,0,-0.9956453516694007,0,0.7042224825937231,-1.4142868085684035,-1.2773154426464317,5,-1.3170659222460548,1.2600177053624795,0.6485644757464144,1.342407376487295,-0.7154573333586983,-1.2805212928527623,0.8706202789747596,0,0,0
-1.6652377250912824,1,-1.2534354094876172,1,0.15033704677105778,0,1.0389363171955188,-0.0019415586703236604,-0.08756356625866649,8,0.16071532064622304,-0.8397922276492831,0.7833220654530719,-0.26162704354415495,1.3724170090484857,-0.5924235276347098,0.14635978877063022,0,1,0
1.623105617404839,1,-0.044721466394111724,0,-0.7664488719813091,1,-1.4156318032176498,-0.0019415586703236604,0.9888786076159783,8,1.4742986476615811,-0.24211905407558879,0.3929897366475811,-0.7044026233479417,-1.643401485539669,-1.0511553711134114,-0.5779007014334991,1,1,0
1.4245118481248766,1,1.1639924766993939,1,-0.9956453516694007,0,1.7641496254994096,0.704231066278716,-1.4472799964161125,5,-1.4812638381229746,-1.073861949619209,-1.4680590453357412,0.93432349159597,-1.643401485539669,-0.36305760589535896,1.4138156466278566,1,1,0
-0.7738749932068,1,1.647478053936796,0,-0.9956453516694007,0,0.7600081216940223,-1.4142868085684035,1.1588431613856591,5,-1.4812638381229746,-0.38756043471709617,-1.3472418959435655,-1.6565983547610335,-0.7154573333586983,-0.1336916841560081,1.051685401525792,0,1,0
-0.3535951558933912,0,0.43876411084329037,1,-0.5372523922932173,1,-0.5788472167131605,-0.7081141836193636,1.583754545809861,8,0.6533090682769823,-0.8943327453898484,-1.028935175429564,-0.28171170901979065,-0.9474433714039411,-0.1336916841560081,-1.3021611916376286,1,1,1
1.2467011477230499,0,-0.40733564932216343,0,1.525515924899608,0,1.5967927081985116,-1.4142868085684035,-0.48414752505458825,3,0.6533090682769823,-1.267026283283711,-0.8941775857229064,0.7809496825092974,0.4444728568675151,1.242503846280097,1.051685401525792,0,1,0
1.6993102032913363,1,0.07614992791523893,0,-0.5372523922932173,1,-1.1367036077161534,-1.0612004960938834,-1.7022268270706338,5,1.638496563538501,-0.7829791883361943,-1.5261442133127487,-0.3227939793108636,0.21248681882227238,-0.5924235276347098,0.5084900338726949,1,1,1
-0.231205972499926,0,1.7683494482461466,0,0.15033704677105778,1,1.3736501517973145,-0.3550278711448435,-0.8240766325939498,5,-0.003482595230696726,-1.2692988048562346,-1.5493782805035516,-1.7223299872267503,1.6044030470937285,0.7837720028013953,-0.03470533378040212,1,1,1
0.5031291278608652,0,-1.2534354094876172,1,-0.9956453516694007,1,-0.8577754122146569,0.704231066278716,0.36567524379381555,6,-0.3318784269845363,-0.4852788623356089,0.2117640125593175,-0.8221717981823509,0.21248681882227238,0.09567423758334274,1.4138156466278566,1,0,0
1.6831455941638975,1,0.43876411084329037,1,-0.5372523922932173,0,-0.07677646481046692,1.4104036912277562,0.3090203925372553,1,1.1459028159077416,0.32601133905529933,0.8297901998346779,0.7709073497714796,0.21248681882227238,-0.1336916841560081,1.4138156466278566,0,0,1
-1.3373270827918096,1,-1.1325640151782668,0,0.37953352645914945,1,-1.6387743596188469,0.704231066278716,1.2721528638987796,6,0.4891111524000626,-1.4056500992076477,0.4952196322871144,0.6184464800246087,-1.643401485539669,-1.2805212928527623,1.4138156466278566,1,0,1
-1.674474644592676,1,1.2848638710087446,1,-0.7664488719813091,1,1.7641496254994096,1.0573173787532364,1.6970642483229814,4,0.16071532064622304,-0.12849297544941116,-0.3737344806489187,-1.2266039257144694,-1.4114154474944265,-0.1336916841560081,0.14635978877063022,1,1,1
0.8218028506589443,0,1.4057352653180952,0,-0.07885943291703394,1,0.7600081216940223,0.3511447538041962,-0.6257846531959889,1,-0.8244721746152955,-0.8147944903515241,-0.43646646206408685,-0.28810228439840196,0.9084449329580004,0.7837720028013953,-1.664291436739693,1,0,1
-0.6815057981928639,0,-1.2534354094876172,0,0.37953352645914945,1,-0.9693466904152555,0.3511447538041962,-1.6738994014423536,2,1.1459028159077416,0.50554054328466,-0.7315391153872852,-0.9992820301038656,0.9084449329580004,1.242503846280097,0.8706202789747596,1,1,0
1.4683872157564963,1,0.6805068994619917,1,-0.9956453516694007,0,-0.8577754122146569,-1.4142868085684035,-0.37083782254146774,8,-0.8244721746152955,-0.7988868393438592,-0.1832151296843339,0.7471709269366374,-0.7154573333586983,0.09567423758334274,-1.4832263141886608,1,0,0
-0.8108226712123744,0,-1.2534354094876172,1,0.37953352645914945,0,-0.9135610513149562,-0.7081141836193636,0.677276925704897,8,0.6533090682769823,-1.1488551615124862,0.7554411848241083,0.8622012837516418,-1.1794294094491837,-1.2805212928527623,-1.3021611916376286,0,0,1
1.0758181369472684,0,-0.16559286070346238,0,-0.7664488719813091,0,1.7083639863991102,-0.0019415586703236604,-0.08756356625866649,7,0.3249132365231428,0.2623807350246399,-0.2877684320429475,1.3460591338465016,0.9084449329580004,-1.0511553711134114,1.4138156466278566,1,0,0
-0.9724687624867624,0,1.647478053936796,1,-0.9956453516694007,0,0.09058045249043094,1.0573173787532364,-1.1640057401333113,8,1.1459028159077416,1.907686353531692,1.4315525400764764,0.6732228404127061,-0.9474433714039411,-0.8217894493740606,-0.21577045633143446,1,1,0
1.1012196655761008,1,-0.5282070436315138,1,-0.7664488719813091,0,0.5368655652928253,1.763490003702276,0.677276925704897,8,0.6533090682769823,-0.9761435220006963,1.2572970361454536,1.286718076759396,-0.4834712953134557,-0.1336916841560081,-1.4832263141886608,1,0,0
0.7779274830273247,0,-0.40733564932216343,1,-0.9956453516694007,0,-1.0251323295155548,-1.0612004960938834,0.2240381156524149,2,-0.9886700904922153,1.2259298817746263,0.9831350432939779,0.29252713571542965,0.21248681882227238,0.09567423758334274,-0.5779007014334991,0,0,1
-1.4135316686783068,1,-0.8908212265595655,0,0.15033704677105778,0,0.48107992619252593,-1.0612004960938834,1.4704448432967405,1,0.3249132365231428,1.6599815021266247,1.4013482527284322,0.9717540045278364,1.3724170090484857,1.242503846280097,-1.3021611916376286,1,0,1
-0.5937550629296248,1,0.07614992791523893,1,1.525515924899608,1,-0.46727593851256194,0.3511447538041962,0.45065752067865594,8,1.1459028159077416,-0.039864634120992615,-1.3263312354718426,0.5855806637917503,0.9084449329580004,1.7012356897587988,-1.121096069086596,1,0,1
1.4106564688727863,0,0.43876411084329037,1,-0.9956453516694007,0,1.652578347298811,0.3511447538041962,0.19571069002413477,1,-1.6454617539998944,0.9009592969037581,0.499866445725275,-1.6812477169356772,1.6044030470937285,-1.2805212928527623,-1.121096069086596,0,0,0
-1.1710625317667247,1,1.7683494482461466,0,2.213105363963883,0,1.3178645126970152,0.704231066278716,-1.0506960376201908,8,1.638496563538501,-1.1306749889322978,1.0365733978328249,-1.4128435510340003,1.1404309710032432,-0.8217894493740606,-0.03470533378040212,1,0,0
0.5724060241213171,0,0.07614992791523893,0,-0.30805591260512566,1,0.7042224825937231,1.0573173787532364,0.5073123719352162,5,-0.9886700904922153,-0.4148306935873788,-1.0684330896539291,0.9407140669745813,-0.25148525726821297,0.7837720028013953,-1.3021611916376286,1,0,0
-0.3166474778878168,1,1.4057352653180952,1,-0.7664488719813091,0,0.36950864799192734,-0.3550278711448435,-1.1923331657615914,1,-0.1676805111076165,1.7258846277298077,1.2480034092691323,-0.5966757812513502,0.6764588949127578,1.0131379245407461,-0.7589658239845315,1,1,1
-1.4227685881797003,0,0.559635505152641,0,1.0671229655234247,1,-1.0251323295155548,-0.0019415586703236604,1.130515735757379,8,0.4891111524000626,-1.2852064558638994,0.46036853150090984,-0.8815128552694563,-0.019499219222970297,0.5544060810620445,0.14635978877063022,1,0,0
1.2166811593435207,1,1.1639924766993939,0,2.6714983233400664,1,-0.02099082571016763,0.3511447538041962,0.8472414794745777,6,1.3101007317846614,1.3259208309656625,0.5161302927588372,1.267546350623562,1.1404309710032432,0.09567423758334274,0.32742491132166257,1,0,1
0.07130314117071439,0,1.7683494482461466,0,-0.9956453516694007,1,0.48107992619252593,-0.7081141836193636,1.6970642483229814,4,-1.1528680063691352,0.6146215787657905,-0.3714110739298384,-1.5963443583341264,-0.7154573333586983,-0.36305760589535896,0.5084900338726949,1,1,1
-0.6006827525556699,0,1.5266066596274452,0,-0.9956453516694007,1,-0.35570466031196335,-1.4142868085684035,-1.7022268270706338,8,-0.1676805111076165,-1.4351928796504538,-0.0833086407638809,-0.7865671639300876,-1.1794294094491837,-0.1336916841560081,-0.5779007014334991,1,0,0
-1.0348179691211692,0,1.0431210823900432,0,0.15033704677105778,0,-1.5829887205185476,-1.0612004960938834,-1.2489880170181518,3,-0.1676805111076165,-0.23984653250306523,-1.4099738773587336,0.7188698074027872,0.6764588949127578,0.3250401593226936,0.5084900338726949,1,1,0
1.1243119643295847,1,-0.044721466394111724,1,-0.07885943291703394,1,-1.4714174423179491,1.4104036912277562,0.8472414794745777,1,0.8175069841539021,-0.09440515186155787,-0.5874878988043065,1.1963370821190356,-1.4114154474944265,-0.36305760589535896,-0.21577045633143446,1,1,1
-0.785421142583542,0,0.6805068994619917,1,0.6087300061472412,0,-0.8019897731143576,-1.4142868085684035,-0.11589099188694661,2,0.16071532064622304,1.069125893270501,1.2619438495836142,1.1269536922941121,0.21248681882227238,0.5544060810620445,0.8706202789747596,1,0,0
-0.88933648697422,0,-1.2534354094876172,0,-0.9956453516694007,0,1.7641496254994096,1.0573173787532364,-0.9940411863636306,7,-1.4812638381229746,1.6917968041419544,1.4269057266383156,-1.440231731228049,0.6764588949127578,-1.0511553711134114,0.14635978877063022,0,1,0
-0.36975976502083,0,1.1639924766993939,0,1.525515924899608,0,-1.4156318032176498,-0.0019415586703236604,-0.6824395044525492,6,0.6533090682769823,0.007858318902001987,1.368820558661308,1.0219656682169256,1.3724170090484857,-1.2805212928527623,0.8706202789747596,1,0,0
0.8749151377919575,1,-1.2534354094876172,1,-0.5372523922932173,1,0.9831506780952195,-1.4142868085684035,-0.9373863351070703,8,1.1459028159077416,-1.4170127070702654,-0.07169160716847939,-1.3763259774419354,0.9084449329580004,-0.5924235276347098,-0.5779007014334991,1,0,0
0.8841520572933511,1,0.9222496880806925,0,-0.07885943291703394,0,0.871579399894621,-0.3550278711448435,-0.5408023763111485,1,-0.3318784269845363,1.4281843017292224,0.8925221812498461,0.3235670732686848,-1.643401485539669,-0.36305760589535896,0.5084900338726949,1,0,0
0.24911384157254118,1,-1.0116926208689163,1,-0.30805591260512566,1,-0.35570466031196335,-0.0019415586703236604,-0.11589099188694661,4,-0.6602742587383758,-0.7602539726109587,-0.7710370296116504,-0.07995211492363216,-1.643401485539669,-1.0511553711134114,0.32742491132166257,1,1,0
0.8171843909082476,0,0.559635505152641,1,0.15033704677105778,0,0.6484368434934238,-1.4142868085684035,-1.1923331657615914,1,-0.3318784269845363,0.23511047615435723,-0.10421930123560362,0.6951333845679449,-0.9474433714039411,-0.5924235276347098,1.4138156466278566,1,1,1
-0.5498796952980052,1,1.647478053936796,0,-0.9956453516694007,0,0.36950864799192734,1.4104036912277562,0.5922946488200566,6,-0.8244721746152955,-0.1512181911746467,-0.05078094669675667,1.2885439554389992,0.4444728568675151,-1.0511553711134114,1.2327505240768242,1,0,1
-1.4112224388029584,1,0.43876411084329037,1,-0.9956453516694007,1,1.3736501517973145,1.763490003702276,-0.11589099188694661,6,0.16071532064622304,1.4213667370116516,0.8065561326438749,1.6217668144665913,0.6764588949127578,-0.36305760589535896,1.5948807691788889,1,1,0
-0.07186911110088641,0,-0.6490784379408645,0,-0.07885943291703394,0,-0.9135610513149562,-1.4142868085684035,-0.28585554565662735,4,-0.3318784269845363,-0.403468085724761,0.5184536994779174,0.414861007248847,-1.1794294094491837,-1.0511553711134114,0.6895551564237272,0,0,1
0.03204623328979159,0,0.43876411084329037,1,-0.30805591260512566,0,1.5410070690982123,1.4104036912277562,-1.5605896989292332,2,-0.6602742587383758,0.7759706104149627,-0.32726634626731266,1.6308962078646076,0.6764588949127578,0.5544060810620445,1.2327505240768242,1,0,1
-0.7207627060737868,1,1.0431210823900432,1,-0.30805591260512566,0,1.5967927081985116,-1.0612004960938834,-0.05923614063038636,6,-0.9886700904922153,-1.4124676639252183,-1.4796760789311427,-0.9107269141431082,0.4444728568675151,1.471869768019448,0.8706202789747596,0,1,0
-0.06032296172414441,0,1.647478053936796,0,-0.30805591260512566,0,1.652578347298811,-0.0019415586703236604,-0.427492673798028,4,-0.3318784269845363,-0.5193666859234622,1.5872207902548565,0.37560461563737724,1.6044030470937285,1.242503846280097,0.6895551564237272,1,1,1
-1.2842147956587964,0,-1.2534354094876172,0,-0.5372523922932173,0,1.652578347298811,-0.7081141836193636,-1.4756074220443927,1,-0.1676805111076165,0.003313275756954881,-0.02290006606779304,0.9388881882949781,0.9084449329580004,1.0131379245407461,1.4138156466278566,1,0,0
-0.1457644671120352,1,-1.2534354094876172,1,-0.30805591260512566,1,0.871579399894621,-1.4142868085684035,-0.5691298019394286,8,0.3249132365231428,-0.8261570982141418,-0.5572836114562626,-0.9362892156575536,-0.9474433714039411,-0.5924235276347098,-1.4832263141886608,1,0,0
-0.5106227874170824,1,0.43876411084329037,0,-0.30805591260512566,1,0.3137230088916281,0.704231066278716,-0.05923614063038636,7,-0.8244721746152955,-1.1897605498179102,-0.027546879505953643,1.2346805343907037,-1.643401485539669,-1.2805212928527623,-0.03470533378040212,1,1,0
-0.6630319591900767,1,-0.2864642550128128,1,-0.9956453516694007,0,0.2021517306910295,-0.3550278711448435,1.583754545809861,5,0.6533090682769823,1.5486279450729705,0.18852994536851447,0.8174672561013623,1.6044030470937285,-1.0511553711134114,-0.5779007014334991,1,1,1
0.43847069135110994,1,1.0431210823900432,1,-0.30805591260512566,1,-0.5230615776128612,-0.7081141836193636,-0.9657137607353504,5,-0.9886700904922153,-1.0056863024435025,0.37440248289493866,0.28339774231741344,-0.9474433714039411,-0.36305760589535896,-0.5779007014334991,1,0,0
-0.4782935691622048,0,-1.1325640151782668,0,0.15033704677105778,1,-1.4714174423179491,-1.4142868085684035,-0.11589099188694661,6,-0.3318784269845363,-1.2942965421539936,-1.6399911425476834,0.9443658243337878,0.6764588949127578,0.3250401593226936,-0.7589658239845315,1,0,1
1.7131655825434267,1,1.5266066596274452,1,-0.30805591260512566,0,0.09058045249043094,-0.3550278711448435,0.6489495000766168,3,0.9817049000308219,1.3395559604008038,1.6987443127707111,0.6339664488012363,-1.1794294094491837,0.09567423758334274,1.5948807691788889,1,1,1
-0.6630319591900767,1,1.2848638710087446,1,2.4423018436519746,0,-0.6904184949137591,1.763490003702276,-1.588917124557513,4,1.4742986476615811,-0.1603082774647409,0.8855519610926051,1.6318091472044092,0.9084449329580004,-1.0511553711134114,-0.9400309465355637,1,0,0
0.4061414730962324,1,0.31789271653393997,0,1.7547124045876996,0,-1.6387743596188469,1.4104036912277562,0.13905583876757452,1,0.4891111524000626,0.8895966890411404,-0.06239798029215818,1.6098986030491702,-0.7154573333586983,0.3250401593226936,-1.664291436739693,0,0,0
-1.1456610031378924,1,-0.2864642550128128,0,-0.9956453516694007,0,0.03479481339013166,1.0573173787532364,0.45065752067865594,1,-1.6454617539998944,0.03058353462723751,0.99939889032754,-0.6897955939111157,-1.4114154474944265,-0.1336916841560081,-0.7589658239845315,1,1,0
0.21909385319301197,1,1.2848638710087446,0,-0.07885943291703394,0,0.5926512043931245,-0.3550278711448435,1.5270996945533006,6,-0.3318784269845363,1.0554907638353597,1.006369110484781,0.8101637413829493,-1.4114154474944265,-0.1336916841560081,-0.03470533378040212,0,1,0
-1.5890331392047852,1,0.8013782937713424,0,0.15033704677105778,1,-0.46727593851256194,-1.4142868085684035,0.8189140538462976,4,0.9817049000308219,-0.4193757367324259,-1.035905395586805,-1.5479585733246404,-0.019499219222970297,-0.36305760589535896,-1.3021611916376286,1,1,0
0.2814430598274188,0,1.7683494482461466,1,1.2963194452115163,0,0.9831506780952195,-1.0612004960938834,-1.2206605913898716,7,1.3101007317846614,0.1510271779709858,-0.9778202276097974,0.2907012570358264,0.21248681882227238,0.09567423758334274,-1.121096069086596,0,1,1
-0.2496798115027132,0,-0.044721466394111724,1,-0.9956453516694007,0,1.3736501517973145,-1.0612004960938834,-1.5605896989292332,4,-0.6602742587383758,1.5531729882180176,0.7415007445096264,-1.7022453217511146,0.9084449329580004,1.242503846280097,1.5948807691788889,1,1,0
0.4292337718497164,1,0.19702132222458932,1,0.37953352645914945,1,0.36950864799192734,-0.7081141836193636,0.677276925704897,4,1.3101007317846614,-0.9602358709930314,-0.7036582347583217,-1.5278739078490047,0.4444728568675151,-0.36305760589535896,-0.21577045633143446,1,1,0
1.0527258381937843,0,-1.2534354094876172,0,-0.7664488719813091,1,1.2062932344964166,-0.3550278711448435,-0.25752812002834724,5,-1.3170659222460548,1.0918511089957366,0.7624114049813492,-1.66025011212024,0.21248681882227238,1.471869768019448,-1.121096069086596,1,1,0
-1.0717656471267436,0,-0.5282070436315138,0,-0.9956453516694007,1,0.3137230088916281,-0.3550278711448435,1.6687368226947015,7,-1.3170659222460548,-0.642082850839734,1.5337824357160095,0.5253266673648432,0.4444728568675151,1.7012356897587988,1.5948807691788889,1,0,1
1.172805791711901,0,0.07614992791523893,0,-0.9956453516694007,0,-0.9693466904152555,-1.4142868085684035,0.7339317769614572,5,-1.4812638381229746,-0.7125310195879642,1.3014417638079794,-0.1931565930590333,-0.019499219222970297,0.3250401593226936,-0.7589658239845315,1,0,0
-1.212628669522996,1,1.2848638710087446,1,-0.7664488719813091,0,0.36950864799192734,0.3511447538041962,0.7905866282180174,2,-1.3170659222460548,-0.005776810533139329,0.6020963413648083,1.0904361187020473,-1.643401485539669,-1.0511553711134114,-0.9400309465355637,0,0,0
-0.5637350745500956,0,-0.8908212265595655,1,-0.9956453516694007,1,0.14636609159073022,-0.0019415586703236604,-1.6172445501857933,2,-0.9886700904922153,1.6213486353937243,0.38601951649034016,-0.4122620346114226,0.9084449329580004,-0.1336916841560081,1.4138156466278566,1,0,1
0.8564412987891703,1,-0.2864642550128128,1,-0.30805591260512566,1,-0.1325621039107662,0.704231066278716,-0.9940411863636306,2,-0.9886700904922153,-0.87615257280966,-0.4922282233220141,-1.2311686224134777,-0.7154573333586983,-1.2805212928527623,-0.21577045633143446,1,0,0
0.42230608222367116,1,-0.6490784379408645,0,0.6087300061472412,0,-1.1924892468164525,0.704231066278716,0.28069296690897516,4,-0.3318784269845363,-0.44437347403018496,-1.014994735115082,-0.20319892579685114,-1.1794294094491837,-0.1336916841560081,-1.664291436739693,1,1,0
1.5261179626402064,1,-0.5282070436315138,1,-0.7664488719813091,0,-0.5788472167131605,-1.4142868085684035,-1.7022268270706338,8,-0.9886700904922153,-0.2943870502436305,-0.3179727193909914,1.2858051374195945,-0.25148525726821297,-0.8217894493740606,-0.9400309465355637,1,0,1
-0.4644381899101144,1,-0.40733564932216343,1,-0.30805591260512566,1,0.42529428709222666,-1.4142868085684035,0.9888786076159783,6,-0.496076342861456,1.0145853755299357,0.7298837109142249,-0.03704396595295592,-0.25148525726821297,0.5544060810620445,0.14635978877063022,1,0,1
-1.5520854611992108,0,1.5266066596274452,1,2.6714983233400664,0,0.3137230088916281,-1.4142868085684035,-1.4189525707878325,6,1.1459028159077416,-0.7852517099087178,-0.1832151296843339,0.9964033667024803,-0.9474433714039411,0.3250401593226936,-0.21577045633143446,0,1,0
0.48465528885807796,1,-1.2534354094876172,1,0.6087300061472412,0,-1.4156318032176498,-0.3550278711448435,-0.9940411863636306,5,0.3249132365231428,0.43509237453642985,-0.33888337986271416,-0.539160602843848,-1.4114154474944265,-0.1336916841560081,1.5948807691788889,1,0,1
1.1520227228337656,1,0.559635505152641,0,1.9839088842757913,0,0.8157937607943216,0.3511447538041962,0.39400266942209566,2,1.3101007317846614,0.8759615596059991,1.6336889246364625,-0.42230436734924043,-1.4114154474944265,-0.36305760589535896,0.8706202789747596,0,1,1
0.5516229552431816,1,-0.7699498322502151,1,-0.9956453516694007,1,-0.24413338211136476,1.0573173787532364,0.5073123719352162,5,-1.4812638381229746,-0.5920873762442159,-0.5270793241082187,0.9708410651880348,0.4444728568675151,1.242503846280097,-0.03470533378040212,1,1,0
-0.8870272570988715,1,-0.8908212265595655,1,-0.30805591260512566,0,-0.5230615776128612,-0.3550278711448435,0.7056043513331771,2,0.8175069841539021,0.3669167273607233,1.1806246144158037,-1.7341981986441712,0.9084449329580004,-0.5924235276347098,-0.03470533378040212,0,0,1
0.5216029668636524,0,-0.16559286070346238,1,0.6087300061472412,0,-1.4714174423179491,-1.4142868085684035,1.1871705870139393,8,-0.003482595230696726,0.5214481942923249,-0.276151398447546,-0.508120665290593,1.1404309710032432,-1.2805212928527623,1.4138156466278566,1,0,1
1.36216264149047,0,-1.1325640151782668,0,3.1298912827162497,1,1.3736501517973145,1.0573173787532364,-0.8240766325939498,5,1.638496563538501,-1.0511367338939734,-0.8686201118130231,-1.039451361055137,-1.643401485539669,-0.5924235276347098,-0.5779007014334991,1,1,1
-0.6884334878189092,0,0.9222496880806925,0,2.213105363963883,0,-0.5788472167131605,-1.4142868085684035,0.9322237563594181,5,1.638496563538501,-0.8511548355119009,0.9389903156314522,1.2063794148568534,-0.25148525726821297,0.3250401593226936,1.4138156466278566,1,1,1
-0.6214658214338056,1,-0.5282070436315138,1,-0.5372523922932173,0,1.3736501517973145,0.3511447538041962,1.1588431613856591,6,-0.496076342861456,-1.2920240205814701,-1.5888761947279169,-0.886990491308266,-1.1794294094491837,-1.0511553711134114,-0.5779007014334991,0,1,1
1.3021226647314115,1,-0.5282070436315138,1,0.37953352645914945,0,1.7083639863991102,1.4104036912277562,0.3090203925372553,1,1.4742986476615811,-0.11258532444174629,1.1666841741013219,1.1287795709737154,1.3724170090484857,1.0131379245407461,-0.21577045633143446,1,0,0
-1.1756809915174216,1,1.0431210823900432,1,0.6087300061472412,0,0.9273650389949202,0.3511447538041962,1.4987722689250207,4,0.9817049000308219,0.33964646849044067,0.4952196322871144,0.7060886566455644,-1.1794294094491837,-1.2805212928527623,-0.21577045633143446,0,1,0
0.8171843909082476,0,1.1639924766993939,1,-0.7664488719813091,0,-0.7462041340140584,0.3511447538041962,-1.4756074220443927,6,-0.1676805111076165,0.4532725471166183,1.07607131205719,-0.9116398534829099,-0.4834712953134557,-0.5924235276347098,1.2327505240768242,0,0,1
-0.6722688786914703,1,-1.2534354094876172,0,-0.5372523922932173,0,-1.6945599987191462,0.3511447538041962,0.4223300950503758,4,-0.003482595230696726,-0.4625536466103734,0.009627627999331196,-0.18585307834062031,0.4444728568675151,-1.0511553711134114,1.2327505240768242,1,1,0
1.4037287792467412,0,1.7683494482461466,0,-0.5372523922932173,1,-1.3598461641173505,-1.4142868085684035,-1.1073508888767511,5,-0.8244721746152955,-0.2852969639535363,-1.4471483848640183,-0.26619174024316306,1.1404309710032432,-0.36305760589535896,1.5948807691788889,1,1,0
-1.1595163823899828,0,-1.2534354094876172,0,-0.7664488719813091,0,0.3137230088916281,-0.7081141836193636,1.35713514078362,3,-0.8244721746152955,0.4873603707044716,1.0481904314282264,-0.16120371616597653,0.6764588949127578,1.7012356897587988,1.051685401525792,1,1,0
-1.3765839906727324,1,-0.044721466394111724,0,1.7547124045876996,0,0.871579399894621,1.0573173787532364,1.32880771515534,4,0.6533090682769823,0.805513390857769,0.09559367660530238,-0.5072077259507913,-0.9474433714039411,0.09567423758334274,1.4138156466278566,1,1,1
0.15212618680790838,0,-0.2864642550128128,0,0.15033704677105778,1,-1.2482748859167518,0.3511447538041962,0.6489495000766168,2,-0.1676805111076165,-1.2193033302607164,-0.829122197588658,1.6098986030491702,-1.4114154474944265,-0.8217894493740606,0.32742491132166257,1,1,1
1.3483072622383796,1,-0.6490784379408645,0,0.6087300061472412,1,0.8157937607943216,-0.7081141836193636,-0.654112078824269,1,0.16071532064622304,1.2713803132250971,1.468727047581761,1.0813067253040312,0.21248681882227238,1.0131379245407461,-0.03470533378040212,1,0,0
-0.1596198463641256,0,1.0431210823900432,1,0.6087300061472412,1,0.3137230088916281,0.704231066278716,0.6206220744483367,6,0.9817049000308219,1.3554636114084686,1.6848038724562293,-0.2716693762819728,0.9084449329580004,-0.36305760589535896,1.2327505240768242,1,1,1
1.0642719875705264,0,-0.16559286070346238,0,-0.9956453516694007,0,0.48107992619252593,1.0573173787532364,-1.7022268270706338,7,-1.3170659222460548,1.5895333333783945,0.3209641283560917,-0.36844094630094476,-0.019499219222970297,-1.2805212928527623,-0.21577045633143446,0,0,0
-0.6214658214338056,1,1.5266066596274452,1,-0.5372523922932173,0,0.14636609159073022,0.3511447538041962,0.7056043513331771,2,0.8175069841539021,1.978134522279922,1.422258913200155,1.4026613729142021,1.6044030470937285,-0.5924235276347098,-0.21577045633143446,0,1,1
0.6255183112543303,1,0.8013782937713424,1,1.525515924899608,0,-0.7462041340140584,-0.7081141836193636,1.1021883101290988,2,0.9817049000308219,-0.7738891020461001,0.7949390990484734,-0.18767895702022355,-0.25148525726821297,-1.2805212928527623,0.32742491132166257,0,0,1
0.5169845071129555,1,0.19702132222458932,1,0.37953352645914945,0,0.7042224825937231,-1.4142868085684035,-0.5408023763111485,1,-0.1676805111076165,0.33055638220034644,-0.3714110739298384,0.9872739733044641,-0.4834712953134557,-1.0511553711134114,0.5084900338726949,1,0,1
-0.023375283718570013,0,-0.7699498322502151,1,-0.5372523922932173,1,1.3736501517973145,-1.4142868085684035,1.35713514078362,1,0.6533090682769823,-0.2602992266557772,-1.0242883619914034,-0.7044026233479417,0.4444728568675151,1.471869768019448,1.5948807691788889,1,0,1
0.05052007229257879,0,1.4057352653180952,0,-0.07885943291703394,0,1.1505075953961175,-0.0019415586703236604,0.02574613625445402,1,-0.1676805111076165,0.11466683281060895,-0.9011478058801473,0.6622675683350866,1.1404309710032432,-1.2805212928527623,0.8706202789747596,0,1,0
0.6832490581380404,0,0.9222496880806925,0,-0.7664488719813091,0,0.5926512043931245,1.0573173787532364,1.1871705870139393,2,0.16071532064622304,-0.6489004155573047,-0.6595135070957959,1.2994992275166188,0.4444728568675151,-0.36305760589535896,0.8706202789747596,0,0,0
1.4222026182495284,0,-0.044721466394111724,0,-0.7664488719813091,0,1.652578347298811,1.763490003702276,1.1871705870139393,1,-1.3170659222460548,-0.5579995526563626,-0.4736409695693717,-1.0595360265307727,-0.25148525726821297,-0.5924235276347098,-0.3968355788824668,1,0,0
-0.1573106164887772,1,-0.2864642550128128,0,-0.9956453516694007,0,0.9273650389949202,0.3511447538041962,-1.1073508888767511,5,-1.6454617539998944,-0.11940288915931696,-1.5191739931555077,0.3043953471328507,-1.4114154474944265,-0.5924235276347098,1.051685401525792,0,0,0
0.47079990960598755,0,0.6805068994619917,0,-0.7664488719813091,0,-0.07677646481046692,0.3511447538041962,-0.7390943557091094,5,-0.9886700904922153,2.1394835539290944,0.9041392148452476,-1.2631214993065343,-0.25148525726821297,-0.1336916841560081,-0.3968355788824668,0,1,1
-1.508210093567591,0,-1.2534354094876172,0,0.37953352645914945,0,-0.07677646481046692,-0.3550278711448435,0.45065752067865594,7,-0.496076342861456,1.3668262192710865,0.15600225130139025,-0.44330197216467776,-1.4114154474944265,-0.8217894493740606,-0.7589658239845315,1,0,0
-1.2888332554094932,0,1.1639924766993939,1,-0.9956453516694007,0,1.3736501517973145,1.0573173787532364,-0.25752812002834724,7,-1.1528680063691352,-0.4670986897554205,1.659246398546346,1.4309624924480524,1.1404309710032432,-1.0511553711134114,-1.3021611916376286,0,1,0
0.5724060241213171,0,0.43876411084329037,0,-0.5372523922932173,1,0.8157937607943216,-0.3550278711448435,-0.3141829712849075,2,-0.1676805111076165,-0.9647809141380785,-0.1692746893698521,0.9352364309357716,0.21248681882227238,-1.0511553711134114,0.5084900338726949,1,0,0
-1.6236715873350112,0,-0.7699498322502151,0,-0.30805591260512566,1,-1.4714174423179491,-0.3550278711448435,-1.3906251451595524,1,-0.1676805111076165,-0.8170670119240476,0.15600225130139025,-1.4730975474609074,-0.9474433714039411,-0.1336916841560081,0.14635978877063022,1,0,1
0.17521848556139238,0,0.19702132222458932,1,0.37953352645914945,0,-1.4156318032176498,1.0573173787532364,-0.002581289373826107,3,-0.1676805111076165,-1.032956561313785,1.7196549732424338,-0.6934473512703222,1.6044030470937285,2.6186993767162017,0.14635978877063022,0,1,0
-1.346564002293203,0,-0.8908212265595655,1,-0.9956453516694007,0,-0.4114902994122626,0.3511447538041962,1.2154980126422192,2,-1.4812638381229746,-1.2488461107035225,0.8251433863965173,0.9115000081009295,-1.4114154474944265,-0.8217894493740606,-1.664291436739693,1,0,1
-0.8916457168495684,1,-0.2864642550128128,1,-0.7664488719813091,1,0.9273650389949202,0.704231066278716,0.02574613625445402,6,0.4891111524000626,0.13739204853584447,-0.629309219747752,1.5441669705834535,0.9084449329580004,1.9306016114981492,1.5948807691788889,1,1,1
0.41768762247297436,1,-0.8908212265595655,1,-0.5372523922932173,0,-0.07677646481046692,1.4104036912277562,1.3004802895270597,1,1.638496563538501,0.6873422690865442,-0.5689006450516642,0.332696466666701,-1.1794294094491837,0.09567423758334274,-0.21577045633143446,0,0,0
-0.646867350062638,0,0.559635505152641,0,0.8379264858353329,1,0.09058045249043094,-0.0019415586703236604,-0.6257846531959889,2,-0.003482595230696726,-0.9488732631304136,0.6346240354319326,1.23833229174991,1.3724170090484857,2.6186993767162017,-0.03470533378040212,1,1,1
0.646301380132466,0,-0.5282070436315138,1,-0.5372523922932173,1,0.3137230088916281,-0.7081141836193636,-0.6824395044525492,5,-0.6602742587383758,0.37827933522334106,0.3906663299285008,1.040224455012958,-1.1794294094491837,-1.0511553711134114,-0.5779007014334991,1,1,1
-1.5220654728196816,1,0.9222496880806925,1,-0.07885943291703394,0,-1.4714174423179491,0.704231066278716,0.8472414794745777,1,0.9817049000308219,-0.04440967726603972,1.2619438495836142,0.5472372115200822,-0.7154573333586983,-0.8217894493740606,0.5084900338726949,1,1,0
-0.5983735226803216,0,0.559635505152641,1,-0.7664488719813091,0,-0.6904184949137591,1.0573173787532364,1.4704448432967405,7,-1.1528680063691352,-0.49891399177075024,-1.5911996014469971,-0.6605815350374638,-0.25148525726821297,-0.5924235276347098,-0.5779007014334991,1,1,0
-1.115641014758363,1,-1.2534354094876172,0,1.0671229655234247,1,1.0389363171955188,-0.7081141836193636,-1.0223686119919106,5,0.3249132365231428,-0.8147944903515241,0.06538938925725846,0.627575873422625,-0.25148525726821297,0.09567423758334274,-0.3968355788824668,1,1,1
0.4777275992320328,0,0.07614992791523893,1,1.7547124045876996,1,1.0947219562958181,-0.7081141836193636,-1.2489880170181518,2,1.3101007317846614,-1.0102313455885497,0.14206181098690843,0.1784097182402269,-0.4834712953134557,-1.0511553711134114,-0.21577045633143446,1,1,1
0.28375228970276717,1,0.19702132222458932,1,-0.30805591260512566,0,-0.24413338211136476,0.3511447538041962,-0.9090589094787902,1,1.3101007317846614,1.8622359220812208,0.5091600726015962,0.9388881882949781,0.9084449329580004,2.1599675332375003,-1.3021611916376286,0,0,0
1.4129656987481347,0,1.7683494482461466,1,-0.9956453516694007,0,-0.8577754122146569,0.3511447538041962,-0.45582009942630813,4,-1.4812638381229746,-0.12849297544941116,-0.11583633483100514,0.22770844258951448,0.9084449329580004,1.242503846280097,0.32742491132166257,1,1,0
-0.6422488903119412,1,-0.7699498322502151,0,1.2963194452115163,1,-0.35570466031196335,-0.0019415586703236604,-1.4756074220443927,5,0.6533090682769823,0.7327927005370153,-0.21109601031329753,1.0986525727602618,0.4444728568675151,-0.1336916841560081,-0.21577045633143446,1,0,1
0.7109598166422212,0,1.5266066596274452,1,0.6087300061472412,0,-0.5230615776128612,-1.4142868085684035,-0.9940411863636306,6,1.3101007317846614,0.15329969954350936,0.5625984271404432,0.005864183017720314,0.21248681882227238,0.7837720028013953,1.5948807691788889,1,0,1
0.5608598747445752,0,1.0431210823900432,1,0.8379264858353329,0,-0.02099082571016763,0.3511447538041962,1.6970642483229814,1,0.9817049000308219,-1.0443191691764029,-1.0173181418341624,-1.2795544074229637,-1.1794294094491837,0.09567423758334274,-0.5779007014334991,0,0,0
0.39921378347018716,0,-1.2534354094876172,0,-0.9956453516694007,0,0.36950864799192734,-1.0612004960938834,1.3854625664119,7,-1.4812638381229746,0.21693030357416881,-0.27382799172846567,1.1479512971095496,-0.7154573333586983,-0.8217894493740606,-0.9400309465355637,0,0,0
-0.13421831773529322,1,-0.16559286070346238,1,-0.9956453516694007,1,-1.3040605250170512,0.3511447538041962,-0.7390943557091094,2,-1.6454617539998944,1.607713505958583,0.7159432705997432,0.6558769929564753,-0.019499219222970297,1.242503846280097,0.8706202789747596,1,0,1
0.03897392291583678,0,0.9222496880806925,0,1.9839088842757913,0,-1.5829887205185476,1.4104036912277562,1.0738608845008186,7,1.3101007317846614,-0.2807519208084892,-0.4713175628502914,-1.3781518561215387,0.4444728568675151,-0.5924235276347098,-1.3021611916376286,0,1,0
1.0758181369472684,1,-0.7699498322502151,1,-0.5372523922932173,0,-0.5230615776128612,1.763490003702276,0.4223300950503758,7,1.4742986476615811,-1.0829520359093032,-1.3635057429771276,-0.6897955939111157,-1.643401485539669,-1.2805212928527623,0.6895551564237272,1,1,0
1.7293301916708654,1,-1.2534354094876172,0,0.37953352645914945,0,-0.35570466031196335,-1.0612004960938834,-0.3141829712849075,1,0.8175069841539021,0.039673620917331724,-0.33888337986271416,-0.781089527891278,0.6764588949127578,1.242503846280097,-0.7589658239845315,0,1,1
-0.381305914397572,0,1.7683494482461466,0,0.6087300061472412,1,-0.8577754122146569,-1.4142868085684035,-1.4472799964161125,5,1.1459028159077416,-1.0397741260313558,1.006369110484781,1.4574377333022994,1.1404309710032432,2.1599675332375003,0.8706202789747596,1,1,0
-1.046364118497911,1,1.5266066596274452,1,-0.7664488719813091,1,1.7641496254994096,-0.3550278711448435,1.1021883101290988,4,-1.3170659222460548,0.4237297666738121,-0.5665772383325838,0.10811338907550198,-0.019499219222970297,-1.2805212928527623,-1.121096069086596,1,1,0
1.5723025601471743,0,-0.7699498322502151,1,-0.30805591260512566,0,-1.1924892468164525,-0.3550278711448435,1.4137899920401802,8,0.3249132365231428,-0.3193847875413896,0.5951261212075674,0.6741357797525077,0.9084449329580004,1.242503846280097,1.2327505240768242,0,1,1
0.7640721037752344,0,-1.2534354094876172,1,-0.9956453516694007,1,0.5368655652928253,-0.7081141836193636,1.6120819714381411,5,-0.9886700904922153,0.9395921636366585,1.1318330733151172,-0.10734029511768083,1.6044030470937285,0.09567423758334274,0.14635978877063022,1,0,0
-0.1919490646190032,1,0.43876411084329037,0,0.37953352645914945,0,-1.6945599987191462,1.4104036912277562,-0.200873268771787,5,1.638496563538501,0.6532544454986909,-0.40393876799696266,-0.5565064503000788,0.4444728568675151,-1.2805212928527623,1.4138156466278566,1,0,0
-1.3788932205480808,0,0.43876411084329037,0,-0.9956453516694007,0,1.0389363171955188,0.3511447538041962,1.1021883101290988,4,0.3249132365231428,1.2327474464921968,0.3209641283560917,1.1579936298473674,-0.25148525726821297,-0.1336916841560081,1.2327505240768242,0,1,1
0.7917828622794152,0,1.2848638710087446,0,1.0671229655234247,0,0.7600081216940223,-0.3550278711448435,-1.588917124557513,3,0.9817049000308219,-0.03077454783089841,-0.7199220817918838,0.1784097182402269,-0.25148525726821297,0.7837720028013953,1.5948807691788889,1,1,0
1.138167343581675,0,1.2848638710087446,0,1.0671229655234247,0,0.36950864799192734,-0.0019415586703236604,-0.14421841751522674,8,-0.003482595230696726,-1.2397560244134285,1.6429825515127838,-0.26984349760236953,0.21248681882227238,1.471869768019448,-0.5779007014334991,1,1,0
1.4060380091220894,1,-0.8908212265595655,0,-0.9956453516694007,1,-0.35570466031196335,1.0573173787532364,0.5922946488200566,4,-1.6454617539998944,0.805513390857769,0.2071171991211569,1.1899465067404242,-0.9474433714039411,0.3250401593226936,1.4138156466278566,1,1,1
-0.36975976502083,0,1.4057352653180952,0,-0.9956453516694007,1,-0.46727593851256194,-1.4142868085684035,-0.14421841751522674,8,1.4742986476615811,2.8235125472586837,1.6871272791753096,1.5998562703113524,1.1404309710032432,-1.0511553711134114,1.2327505240768242,1,1,1
-1.1318056238858019,0,-0.6490784379408645,0,-0.9956453516694007,0,0.03479481339013166,-1.0612004960938834,1.0455334588725387,1,-1.1528680063691352,-0.2852969639535363,-1.5726123476943548,1.117824298896096,1.6044030470937285,-1.2805212928527623,-1.4832263141886608,1,1,0
-0.36975976502083,1,0.19702132222458932,1,-0.9956453516694007,1,0.5926512043931245,-1.0612004960938834,-0.8240766325939498,6,-1.4812638381229746,-1.307931671589135,-0.23200667078502024,1.0110103961393062,-0.25148525726821297,-0.1336916841560081,1.051685401525792,1,1,0
-1.0186533599937304,1,1.0431210823900432,1,-0.5372523922932173,0,1.4852214299979132,0.704231066278716,-0.8524040582222299,1,-1.1528680063691352,0.6100765356207434,1.705714532927952,0.6750487190923093,-0.019499219222970297,-0.8217894493740606,1.5948807691788889,1,1,0
-0.9101195558523556,1,0.43876411084329037,0,-0.30805591260512566,1,-1.6387743596188469,-0.0019415586703236604,0.5922946488200566,2,-0.9886700904922153,-0.5807247683815981,-0.8779137386893443,-1.493182212936543,0.4444728568675151,0.7837720028013953,-0.3968355788824668,1,0,1
-1.304997864536932,0,-1.2534354094876172,1,1.7547124045876996,1,-0.8577754122146569,1.4104036912277562,1.5270996945533006,5,1.4742986476615811,-0.5920873762442159,1.0505138381473067,0.33817410270551074,-1.4114154474944265,-1.0511553711134114,-1.121096069086596,1,0,1
-0.9909426014895496,1,-0.6490784379408645,1,1.9839088842757913,1,0.42529428709222666,1.0573173787532364,-0.002581289373826107,4,1.1459028159077416,1.2463825759273381,1.2549736294263734,-1.589953782955515,1.6044030470937285,0.09567423758334274,0.5084900338726949,1,0,1
-0.6006827525556699,1,-0.8908212265595655,0,1.9839088842757913,1,-0.24413338211136476,1.0573173787532364,1.1871705870139393,4,1.638496563538501,-0.9829610867182669,-1.3263312354718426,-0.9390280336769585,-0.9474433714039411,0.3250401593226936,1.2327505240768242,1,1,0
0.23756769219579918,1,0.8013782937713424,1,0.15033704677105778,0,1.2620788735967159,-1.4142868085684035,-0.9940411863636306,7,-0.496076342861456,0.03740109934480817,-0.5363729509845399,0.25966131948257126,0.6764588949127578,0.3250401593226936,1.051685401525792,1,0,1
-0.9193564753537492,0,-0.5282070436315138,1,0.6087300061472412,1,0.36950864799192734,-0.3550278711448435,-0.9373863351070703,4,0.9817049000308219,2.5826252605711875,1.30608857724614,-1.5543491487032517,1.3724170090484857,-0.36305760589535896,0.8706202789747596,1,0,0
0.42230608222367116,1,1.1639924766993939,0,0.37953352645914945,0,0.03479481339013166,-1.4142868085684035,-0.5408023763111485,5,-0.496076342861456,0.5850787983229844,1.3850844056948701,-1.6200807811689686,-0.25148525726821297,0.09567423758334274,1.2327505240768242,1,1,1
1.1704965618365528,0,-1.0116926208689163,0,-0.07885943291703394,0,0.42529428709222666,0.3511447538041962,1.4421174176684604,4,0.16071532064622304,2.319012758158455,1.7033911262088717,-0.9728067892496185,-0.9474433714039411,-0.8217894493740606,0.6895551564237272,1,1,1
1.3898733999946506,0,-0.2864642550128128,1,0.6087300061472412,0,-1.1367036077161534,-1.4142868085684035,1.0738608845008186,2,1.4742986476615811,-0.9920511730083611,-1.6655486164575668,1.5861621802143282,-0.7154573333586983,0.3250401593226936,-0.5779007014334991,0,0,1
-1.5151377831936363,1,-0.40733564932216343,1,-0.9956453516694007,0,-0.02099082571016763,-0.3550278711448435,0.02574613625445402,6,-1.4812638381229746,-0.9193304826876074,-1.721310377715494,-0.329184554689475,-0.4834712953134557,-1.2805212928527623,-0.9400309465355637,0,1,0
-1.3003794047862351,1,0.6805068994619917,0,0.6087300061472412,0,-0.1325621039107662,-1.4142868085684035,1.6120819714381411,7,-0.3318784269845363,0.6714346180788794,-0.2668577715712248,-0.10186265907887108,-0.7154573333586983,-1.2805212928527623,0.6895551564237272,0,0,0
-0.11805370860785441,1,-0.5282070436315138,1,-0.5372523922932173,1,-1.3598461641173505,1.4104036912277562,-1.7022268270706338,6,-0.6602742587383758,-0.6920783254352522,-0.5781942719279853,-1.4009753396165794,0.4444728568675151,-0.8217894493740606,1.4138156466278566,1,0,0
0.09901389967489518,0,-0.7699498322502151,0,1.2963194452115163,1,-0.4114902994122626,1.763490003702276,1.0738608845008186,6,0.3249132365231428,0.30328612333006383,-0.8151817572741762,-1.0357996036959305,-1.4114154474944265,-0.8217894493740606,-0.03470533378040212,1,1,0
0.9465012639277579,1,-1.2534354094876172,1,0.8379264858353329,1,0.3137230088916281,-1.4142868085684035,-0.9940411863636306,7,1.1459028159077416,-0.2852969639535363,-1.698076310524691,-0.6194992647463908,-0.019499219222970297,0.5544060810620445,1.4138156466278566,1,0,1
-0.08803372022832522,0,1.4057352653180952,0,-0.9956453516694007,0,-0.8577754122146569,-1.0612004960938834,0.7905866282180174,2,-1.4812638381229746,2.396278491624256,1.2619438495836142,-0.011481664438510505,-0.7154573333586983,-1.0511553711134114,1.4138156466278566,1,1,1
-0.866244188220736,0,-1.1325640151782668,0,-0.5372523922932173,0,1.0947219562958181,-1.4142868085684035,1.0738608845008186,3,-1.1528680063691352,-0.9943236945808847,0.4348110575910265,-1.5890408436157135,0.4444728568675151,0.3250401593226936,1.051685401525792,1,0,0
0.1936923245641796,0,-0.7699498322502151,0,0.37953352645914945,1,1.0947219562958181,1.0573173787532364,-1.588917124557513,4,0.3249132365231428,-0.3852879131445726,0.1257979639533463,0.9964033667024803,1.6044030470937285,0.09567423758334274,-0.5779007014334991,1,1,0
0.9395735743017127,0,-1.0116926208689163,1,-0.7664488719813091,1,-1.080917968615854,-0.0019415586703236604,-0.7390943557091094,4,0.8175069841539021,2.166753812799377,1.5012547416488853,0.4011669171518227,0.9084449329580004,-0.36305760589535896,1.2327505240768242,1,1,1
1.426821078000225,0,0.8013782937713424,0,-0.9956453516694007,1,-1.4156318032176498,-1.4142868085684035,0.05407356188273415,1,-1.3170659222460548,-0.9238755258326545,0.6857389832516992,0.07342169416304034,-0.4834712953134557,-1.0511553711134114,-0.21577045633143446,1,0,0
-0.12959985798459642,1,0.8013782937713424,1,0.15033704677105778,0,-0.7462041340140584,1.4104036912277562,0.5073123719352162,5,0.8175069841539021,-0.9193304826876074,1.4083184728856732,-1.0823595100258132,0.21248681882227238,-1.2805212928527623,0.8706202789747596,1,1,0
-1.3673470711713387,1,-0.2864642550128128,1,1.525515924899608,0,-1.5272030814182482,0.704231066278716,1.6687368226947015,4,0.6533090682769823,-0.962508392565555,1.6848038724562293,1.4820870954769432,0.4444728568675151,1.7012356897587988,-0.3968355788824668,1,1,1
-1.0371271989965176,1,1.647478053936796,1,-0.07885943291703394,0,0.3137230088916281,-0.0019415586703236604,-1.4189525707878325,4,-0.6602742587383758,0.2987410801850167,0.37904929633309925,-1.4493611246260654,-0.7154573333586983,-0.8217894493740606,-0.9400309465355637,0,1,0
0.4869645187334264,0,-1.2534354094876172,1,0.6087300061472412,0,-1.3598461641173505,-0.7081141836193636,-0.5691298019394286,7,0.4891111524000626,0.35100907635305845,-0.5061686636364959,-1.454838760664875,0.21248681882227238,-0.36305760589535896,-0.21577045633143446,1,0,0
-0.7784934529574968,1,-0.16559286070346238,0,-0.9956453516694007,0,1.1505075953961175,-0.7081141836193636,-1.6455719758140734,8,-1.6454617539998944,0.007858318902001987,-0.6432496600622338,0.9215423408387472,-0.019499219222970297,0.7837720028013953,-1.3021611916376286,1,0,0
0.7940920921547635,0,-0.044721466394111724,1,1.7547124045876996,1,-1.0251323295155548,-0.0019415586703236604,1.32880771515534,4,0.8175069841539021,0.9691349440794648,-0.32726634626731266,0.6011006325683779,-1.4114154474944265,-0.1336916841560081,-1.3021611916376286,1,0,0
1.4683872157564963,1,-0.2864642550128128,1,0.8379264858353329,0,0.8157937607943216,-1.0612004960938834,-0.002581289373826107,2,0.4891111524000626,-1.1647628125201512,-1.389063216887011,0.29435301439503286,1.1404309710032432,-1.0511553711134114,-0.03470533378040212,0,0,1
-0.277390570006894,1,1.0431210823900432,0,-0.5372523922932173,1,-1.2482748859167518,-0.3550278711448435,0.5639672231917764,6,-1.1528680063691352,1.344101003545851,0.8390838267109991,-0.11646968851569704,-1.1794294094491837,0.09567423758334274,0.14635978877063022,1,1,1
0.41306916272227756,1,-1.1325640151782668,0,-0.9956453516694007,1,0.03479481339013166,-0.0019415586703236604,-1.4472799964161125,3,-1.3170659222460548,-0.535274336931127,0.9250498753169704,1.4546989152828946,-0.4834712953134557,-0.5924235276347098,-0.3968355788824668,1,0,1
-0.277390570006894,0,-1.0116926208689163,0,-0.30805591260512566,0,0.9273650389949202,1.4104036912277562,0.7056043513331771,8,1.1459028159077416,-1.176125420382769,1.106275599405234,1.4254848564092426,0.4444728568675151,-1.0511553711134114,0.32742491132166257,1,0,0
0.15212618680790838,1,-0.8908212265595655,1,-0.9956453516694007,0,-0.46727593851256194,1.4104036912277562,0.45065752067865594,6,-1.6454617539998944,-1.1738528988102452,1.2572970361454536,1.5113011543505952,0.4444728568675151,1.7012356897587988,1.051685401525792,0,1,0
0.06899391129536599,1,1.647478053936796,1,-0.5372523922932173,0,1.1505075953961175,-0.7081141836193636,-0.28585554565662735,2,-1.1528680063691352,-0.942055698412843,-1.1962204592033459,1.4793482774575384,1.6044030470937285,1.0131379245407461,-0.5779007014334991,1,1,1
1.519190273014161,1,-1.2534354094876172,1,0.8379264858353329,0,-1.0251323295155548,-0.0019415586703236604,-1.2773154426464317,4,0.4891111524000626,0.010130840474525539,-0.9801436343288776,-0.07903917558383054,-0.9474433714039411,-1.2805212928527623,-0.9400309465355637,0,1,1
-0.5267873965445212,0,0.8013782937713424,0,0.8379264858353329,0,-0.9135610513149562,0.3511447538041962,0.36567524379381555,8,-0.003482595230696726,0.8191485202929103,0.4255174307147053,0.8813730098874759,1.1404309710032432,1.471869768019448,1.5948807691788889,0,1,0
-1.547467001448514,0,-0.8908212265595655,0,-0.9956453516694007,1,-0.2999190212116641,-1.4142868085684035,-0.5408023763111485,2,-0.9886700904922153,0.2851059507498754,0.623007001836531,-0.6012404779503584,1.3724170090484857,0.09567423758334274,-0.5779007014334991,1,0,1
-0.7600196139547096,1,-1.2534354094876172,0,-0.7664488719813091,1,-0.07677646481046692,-0.0019415586703236604,-1.4756074220443927,6,-1.3170659222460548,-0.4739162544729912,-0.7919476900833732,1.1379089643717317,1.6044030470937285,-0.8217894493740606,0.32742491132166257,1,1,0
-1.0948579458802277,0,-0.6490784379408645,1,-0.9956453516694007,1,-0.5230615776128612,0.3511447538041962,-1.2206605913898716,7,0.16071532064622304,-0.7148035411604877,1.2898247302125778,0.5518019082190904,-1.1794294094491837,-1.2805212928527623,1.051685401525792,1,0,0
1.2143719294681723,1,-1.2534354094876172,1,-0.30805591260512566,0,1.7641496254994096,0.704231066278716,-0.6824395044525492,8,0.8175069841539021,-0.8216120550690947,-1.6376677358286031,-0.3136645859128474,-1.643401485539669,-0.8217894493740606,1.5948807691788889,0,1,1
-0.566044304425444,0,-0.8908212265595655,0,-0.9956453516694007,0,0.871579399894621,1.763490003702276,-1.1923331657615914,5,-1.6454617539998944,-0.3648352189918606,-1.38209299672977,-0.6322804155036135,-0.4834712953134557,-0.8217894493740606,-0.03470533378040212,1,1,1
1.004232010811468,1,1.1639924766993939,1,0.37953352645914945,0,-0.8019897731143576,-0.7081141836193636,0.7622592025897373,1,-0.496076342861456,0.4964504569945658,-0.5689006450516642,0.0798122695416517,-1.643401485539669,-0.5924235276347098,1.5948807691788889,1,1,1
1.3760180207425603,1,-1.2534354094876172,0,-0.9956453516694007,1,-0.7462041340140584,-1.0612004960938834,0.19571069002413477,3,-1.6454617539998944,-0.1512181911746467,-1.2566290338994337,-1.4539258213250734,-0.25148525726821297,-0.5924235276347098,1.4138156466278566,1,0,0
0.36457533533996117,0,0.6805068994619917,0,2.6714983233400664,0,0.6484368434934238,1.4104036912277562,0.3090203925372553,1,1.638496563538501,2.4349113583571564,1.4640802341436006,-0.8961198847062823,-0.4834712953134557,0.09567423758334274,-1.121096069086596,0,0,1
-1.605197748332224,1,1.5266066596274452,0,-0.9956453516694007,1,1.2062932344964166,-1.4142868085684035,0.903896330731138,7,0.8175069841539021,-1.0511367338939734,1.5477228760304913,-0.6970991086295287,-1.4114154474944265,-1.0511553711134114,1.4138156466278566,1,0,1
-1.1017856355062727,1,1.647478053936796,1,-0.9956453516694007,0,-1.3040605250170512,-1.4142868085684035,1.1871705870139393,5,-1.4812638381229746,-0.8716075296646129,-0.8732669252511838,1.6144632997481785,-1.643401485539669,-0.8217894493740606,-0.7589658239845315,0,0,0
-0.4829120289129016,0,1.647478053936796,1,-0.5372523922932173,0,1.3736501517973145,0.704231066278716,-1.6172445501857933,6,-0.8244721746152955,0.266925778169687,-0.6618369138148762,0.885937706586484,0.9084449329580004,1.7012356897587988,-0.3968355788824668,1,0,0
-1.2149378993983444,1,-0.16559286070346238,1,-0.9956453516694007,1,1.5967927081985116,0.3511447538041962,-1.2489880170181518,7,-0.3318784269845363,1.6258936785387714,1.122539446438796,0.5673218769957179,-1.643401485539669,-0.5924235276347098,0.6895551564237272,1,0,1
-1.4643347259359716,1,0.43876411084329037,1,0.37953352645914945,0,-0.9135610513149562,-0.7081141836193636,-1.079023463248471,7,-0.496076342861456,1.6554364589815775,1.4896377080534837,0.8978059180039051,-0.9474433714039411,-0.36305760589535896,-1.4832263141886608,0,0,0
0.4061414730962324,0,-0.6490784379408645,0,2.4423018436519746,0,-1.6387743596188469,-1.4142868085684035,-0.7957492069656696,1,1.1459028159077416,-1.4329203580779304,-0.752449775859008,-1.5233092111499966,1.6044030470937285,-1.0511553711134114,-1.4832263141886608,1,1,1
-0.4367274314059336,1,1.4057352653180952,0,-0.30805591260512566,1,0.48107992619252593,-1.4142868085684035,-1.2206605913898716,4,-0.003482595230696726,-0.5330018153586035,-0.8337690110268186,-0.13198965729232462,0.9084449329580004,0.7837720028013953,-1.664291436739693,1,1,0
-0.9447580039825816,0,1.0431210823900432,1,-0.7664488719813091,0,1.0389363171955188,-1.0612004960938834,-1.0223686119919106,5,0.8175069841539021,0.014675883619572644,1.3502333049086657,-1.4457093672668588,0.9084449329580004,0.09567423758334274,1.5948807691788889,1,0,1
-1.3373270827918096,0,1.2848638710087446,1,-0.30805591260512566,0,-1.3598461641173505,1.0573173787532364,1.2721528638987796,1,-0.496076342861456,0.871416516460952,1.6197484843219807,0.3199153159094783,-0.25148525726821297,0.5544060810620445,-0.5779007014334991,0,1,0
-1.3604193815452936,0,1.1639924766993939,0,-0.9956453516694007,0,0.2579373697913288,0.704231066278716,0.02574613625445402,2,-1.4812638381229746,-0.3534726111292429,-0.6711305406911974,-0.6989249873091319,0.4444728568675151,-0.5924235276347098,1.2327505240768242,0,1,0
-1.6675469549666306,0,-0.7699498322502151,1,0.8379264858353329,1,-1.2482748859167518,-1.4142868085684035,-1.5605896989292332,7,0.6533090682769823,-0.7829791883361943,-1.38209299672977,-1.4174082477330086,-1.4114154474944265,-1.2805212928527623,-1.3021611916376286,1,1,1
-0.7877303724588903,0,0.43876411084329037,1,1.525515924899608,1,-1.1367036077161534,0.704231066278716,0.9322237563594181,7,0.3249132365231428,-0.5034590349157974,-0.5317261375463793,-1.2101710175980402,1.6044030470937285,-1.2805212928527623,-1.4832263141886608,1,1,0
1.5399733418922967,1,0.31789271653393997,0,-0.9956453516694007,0,-0.1883477430110655,0.3511447538041962,-0.8240766325939498,5,-0.9886700904922153,0.09875918180294409,-1.1799566121697835,-0.14111905069034084,1.1404309710032432,1.7012356897587988,-0.5779007014334991,1,1,0
-1.2495763475285704,1,-1.2534354094876172,0,0.15033704677105778,1,1.3736501517973145,1.4104036912277562,0.4223300950503758,6,-0.1676805111076165,1.0963961521407837,0.2884364342889675,-0.6103698713483746,0.6764588949127578,1.242503846280097,1.2327505240768242,1,1,1
-1.6167438977089659,1,1.2848638710087446,1,0.15033704677105778,0,-0.35570466031196335,1.763490003702276,0.5356397975634963,5,0.8175069841539021,-0.489823905480656,0.9482839425077734,-0.5729393584165081,-1.1794294094491837,-0.8217894493740606,-1.4832263141886608,0,1,0
1.2951949751053664,0,-0.40733564932216343,0,-0.07885943291703394,0,0.2579373697913288,1.0573173787532364,0.6206220744483367,1,0.16071532064622304,-0.87615257280966,-0.7385093355445261,0.5143713952872238,-1.1794294094491837,-1.0511553711134114,-0.3968355788824668,1,1,1
-0.2150413633724872,1,1.5266066596274452,1,-0.9956453516694007,1,1.652578347298811,-1.0612004960938834,-1.3056428682747119,5,-1.6454617539998944,-1.012503867161073,0.06771279597633875,1.0730902712458166,-1.1794294094491837,-0.1336916841560081,-0.21577045633143446,1,0,0
-0.1434552372366868,0,-0.044721466394111724,1,-0.7664488719813091,1,0.871579399894621,0.3511447538041962,1.4421174176684604,1,-0.6602742587383758,-0.2557541835107301,0.7600879982622689,1.038398576333355,1.1404309710032432,0.3250401593226936,0.5084900338726949,1,1,1
-1.00479798074164,1,1.0431210823900432,1,0.15033704677105778,1,-1.6945599987191462,-0.7081141836193636,-0.9657137607353504,6,0.4891111524000626,-0.6784431960001109,0.4162238038383841,-0.060780388787798095,1.3724170090484857,0.3250401593226936,-1.664291436739693,1,0,1
0.415378392597626,1,-0.8908212265595655,0,-0.5372523922932173,1,0.5368655652928253,0.3511447538041962,-1.588917124557513,3,-0.003482595230696726,0.1896600447038862,-0.20180238343697632,-0.7500495903380228,0.6764588949127578,0.7837720028013953,0.8706202789747596,1,0,1
-1.2218655890243895,0,-0.5282070436315138,1,-0.5372523922932173,1,-1.0251323295155548,-1.4142868085684035,-1.1640057401333113,8,-0.6602742587383758,2.832602633548778,1.6987443127707111,-1.413756490373802,0.9084449329580004,2.1599675332375003,1.5948807691788889,1,0,0
0.7109598166422212,0,1.4057352653180952,1,-0.30805591260512566,1,0.8157937607943216,0.704231066278716,1.2721528638987796,5,0.3249132365231428,-0.7102584980154406,0.2721725872554054,-1.5233092111499966,-0.019499219222970297,-0.5924235276347098,1.4138156466278566,1,0,0
1.172805791711901,0,0.19702132222458932,1,-0.7664488719813091,1,1.4294357908976139,1.4104036912277562,1.6120819714381411,3,1.1459028159077416,0.43509237453642985,-0.499198443479255,-0.6678850497558768,1.3724170090484857,-0.5924235276347098,-1.664291436739693,1,1,1
1.7293301916708654,1,0.43876411084329037,0,0.37953352645914945,0,-1.3040605250170512,1.0573173787532364,-0.030908715002106235,6,1.3101007317846614,2.7235215980676477,1.6569229918272657,-0.8897293093276709,0.4444728568675151,1.471869768019448,1.2327505240768242,1,1,1
-1.3719655309220355,0,-1.2534354094876172,0,0.37953352645914945,0,-1.6387743596188469,0.3511447538041962,1.4987722689250207,1,-0.3318784269845363,0.9191394694839465,0.22105763943563872,0.5746253917141309,1.6044030470937285,2.6186993767162017,0.32742491132166257,1,0,1
0.8056382415315055,1,-0.8908212265595655,1,-0.9956453516694007,1,0.6484368434934238,0.704231066278716,-1.5605896989292332,4,1.638496563538501,0.891869210613664,1.3664971519422278,1.555122242661073,0.4444728568675151,1.0131379245407461,-0.3968355788824668,1,0,1
1.6946917435406395,0,-1.2534354094876172,1,-0.5372523922932173,1,-0.1883477430110655,1.0573173787532364,1.0455334588725387,1,0.4891111524000626,-0.7261661490231055,1.5337824357160095,1.540515213224247,-0.019499219222970297,1.0131379245407461,1.2327505240768242,1,0,0
1.4845518248839351,0,1.5266066596274452,0,0.15033704677105778,1,-0.07677646481046692,1.763490003702276,-0.22920069440006713,1,-0.003482595230696726,-1.04886421232145,-0.33423656642455357,1.364317920642534,-1.643401485539669,-1.0511553711134114,-1.4832263141886608,1,1,1
-1.1179502446337115,1,-1.1325640151782668,1,1.525515924899608,1,0.36950864799192734,0.704231066278716,0.677276925704897,1,0.6533090682769823,0.9850425950871295,1.0133393306420218,0.08528990558046143,-0.019499219222970297,0.3250401593226936,-0.5779007014334991,1,1,0
0.7917828622794152,0,-1.1325640151782668,0,-0.9956453516694007,0,-1.5272030814182482,1.0573173787532364,-0.7957492069656696,5,-1.3170659222460548,0.3282838606278229,0.3418747888278144,1.1433866004105415,-1.1794294094491837,-0.1336916841560081,1.4138156466278566,1,1,1
1.161259642335159,1,-1.2534354094876172,1,0.6087300061472412,1,0.9273650389949202,1.0573173787532364,1.0738608845008186,1,-0.3318784269845363,-0.36710774056438417,-1.1032841904401336,0.015906515755538156,-1.643401485539669,-0.36305760589535896,-1.3021611916376286,1,0,1
-0.415944362527798,1,1.0431210823900432,0,0.37953352645914945,0,-0.5230615776128612,0.3511447538041962,0.9322237563594181,3,-0.496076342861456,0.5419008884450368,-0.5201091039509778,-1.1700016866467688,-0.019499219222970297,0.7837720028013953,-0.21577045633143446,0,0,1
1.4706964456318448,1,-1.2534354094876172,0,-0.30805591260512566,1,-1.2482748859167518,-0.7081141836193636,0.16738326439585466,6,0.4891111524000626,0.4646351549792361,1.136479886753278,0.3856469483751951,0.9084449329580004,0.5544060810620445,1.5948807691788889,1,0,0
-1.3812024504234293,1,-1.2534354094876172,1,1.0671229655234247,1,1.2062932344964166,-0.3550278711448435,-0.88073148385051,5,1.638496563538501,1.1850244934692022,1.3177056108415415,0.8640271624312451,-1.643401485539669,-1.2805212928527623,0.32742491132166257,1,0,0
-1.339636312667158,0,-0.5282070436315138,0,-0.7664488719813091,1,-0.24413338211136476,1.4104036912277562,1.1021883101290988,1,0.4891111524000626,-1.0784069927642561,0.5021898524443553,1.5268211231272226,-1.1794294094491837,-0.1336916841560081,-0.3968355788824668,1,1,1
0.10594158930094039,1,1.7683494482461466,1,-0.7664488719813091,1,1.7083639863991102,-0.7081141836193636,0.47898494630693605,6,-0.3318784269845363,-0.4080131288698081,0.13741499754874784,-0.6980120479693303,0.21248681882227238,-0.8217894493740606,-0.21577045633143446,1,1,1
1.5630656406457808,0,-1.2534354094876172,1,0.6087300061472412,0,0.7600081216940223,-0.0019415586703236604,1.4421174176684604,1,-0.003482595230696726,0.30783116647511094,1.182948021134884,-0.628628658144407,-0.4834712953134557,0.7837720028013953,-1.4832263141886608,1,1,1
-1.362728611420642,0,1.4057352653180952,1,-0.9956453516694007,1,0.871579399894621,-1.0612004960938834,0.677276925704897,2,-1.6454617539998944,-0.7466188431758175,-1.7236337844345744,-0.9545480024535861,-1.643401485539669,-1.2805212928527623,0.5084900338726949,1,0,0
-0.4806027990375532,1,-1.2534354094876172,1,-0.7664488719813091,0,0.871579399894621,-1.0612004960938834,-1.1640057401333113,6,-1.3170659222460548,-1.246573589130999,-0.3412067865817945,-1.0084114235018817,-1.643401485539669,-0.36305760589535896,-1.664291436739693,0,0,1
-0.8916457168495684,1,-0.2864642550128128,1,0.8379264858353329,1,0.42529428709222666,0.704231066278716,0.8472414794745777,3,0.4891111524000626,2.1394835539290944,0.7693816251385901,0.5974488752091714,0.21248681882227238,0.3250401593226936,1.5948807691788889,1,1,1
-1.3950578296755196,0,1.5266066596274452,0,-0.30805591260512566,0,0.09058045249043094,1.0573173787532364,1.6120819714381411,2,0.8175069841539021,-0.6829882391451579,-0.5549602047371823,1.0749161499254198,-0.019499219222970297,-0.1336916841560081,0.32742491132166257,0,0,0
-0.04415835259670561,1,-0.5282070436315138,1,-0.9956453516694007,0,0.09058045249043094,-1.0612004960938834,-0.28585554565662735,3,-1.1528680063691352,0.6896147906590677,1.2340629689546505,-0.7792636492116747,-1.1794294094491837,-0.5924235276347098,0.14635978877063022,0,1,1
0.9303366548003191,1,-0.8908212265595655,1,-0.7664488719813091,1,0.42529428709222666,-1.4142868085684035,0.5356397975634963,3,-1.1528680063691352,-1.032956561313785,-1.5424080603463108,0.5271525460444465,0.6764588949127578,0.7837720028013953,-1.4832263141886608,1,0,1
0.9095535859221835,1,-1.0116926208689163,0,1.2963194452115163,1,-0.6346328558134597,1.0573173787532364,0.8189140538462976,7,0.6533090682769823,-0.09667767343408143,0.1188277437961054,-1.6803347775958757,0.9084449329580004,-0.5924235276347098,-1.121096069086596,1,1,0
0.5562414149938784,0,-0.044721466394111724,0,0.15033704677105778,1,0.5368655652928253,1.0573173787532364,-0.5691298019394286,2,-0.496076342861456,0.5123581080022307,-0.606075152556949,-0.15937783748637327,-0.019499219222970297,-0.36305760589535896,-1.4832263141886608,1,0,0
1.0457981485677392,0,-1.2534354094876172,1,-0.7664488719813091,0,1.4852214299979132,-0.0019415586703236604,-1.2206605913898716,4,-1.1528680063691352,-0.3761978268544784,1.2038586816066066,1.4775223987779351,1.1404309710032432,1.0131379245407461,0.14635978877063022,0,1,1
0.24218615194649598,1,-1.0116926208689163,0,1.2963194452115163,0,0.871579399894621,-0.0019415586703236604,-0.17254584314350688,8,0.9817049000308219,0.1555722211160329,-1.2148077129559882,1.4638283086809107,0.6764588949127578,-1.2805212928527623,-1.121096069086596,0,0,1
1.7247117319201688,1,-1.2534354094876172,0,1.2963194452115163,1,-0.2999190212116641,-0.7081141836193636,0.19571069002413477,8,0.16071532064622304,-1.094314643771921,-1.7189869709964138,0.2368378359875307,0.4444728568675151,-1.2805212928527623,-0.3968355788824668,1,0,0
-0.646867350062638,1,-1.1325640151782668,0,1.0671229655234247,1,0.9831506780952195,-1.0612004960938834,-0.654112078824269,4,-0.003482595230696726,1.8508733142186031,1.1713309875394824,0.3619105255403529,-0.4834712953134557,-1.0511553711134114,-1.121096069086596,1,0,1
-0.11805370860785441,0,0.559635505152641,1,-0.7664488719813091,1,-0.5230615776128612,-1.4142868085684035,-1.6455719758140734,4,-0.1676805111076165,-1.0647718633291148,-0.3481770067390354,-1.0933147821034326,0.21248681882227238,0.7837720028013953,1.051685401525792,1,0,0
1.5792302497732196,1,0.559635505152641,0,1.525515924899608,0,-0.9135610513149562,1.0573173787532364,1.3004802895270597,8,0.3249132365231428,2.88487062971682,1.5570165029068126,-0.3602244922427301,1.1404309710032432,-0.5924235276347098,0.32742491132166257,0,0,1
-0.935521084481188,1,-1.2534354094876172,1,0.8379264858353329,0,0.36950864799192734,-1.4142868085684035,1.6687368226947015,6,0.4891111524000626,-0.1943961010525942,-0.9801436343288776,0.6978722025873498,-0.25148525726821297,-0.1336916841560081,0.8706202789747596,0,1,1
-0.8985734064756136,1,0.559635505152641,1,-0.30805591260512566,0,-0.8577754122146569,-1.0612004960938834,1.5554271201815808,7,-0.1676805111076165,-1.0784069927642561,-0.7013348280392413,0.8421166182760061,1.1404309710032432,-0.1336916841560081,0.32742491132166257,1,1,0
1.6115594680280971,1,0.31789271653393997,1,-0.9956453516694007,1,-0.07677646481046692,1.0573173787532364,-1.5039348476726728,4,-0.003482595230696726,1.089578587423213,0.2605555536600039,0.3491293747831302,-1.1794294094491837,-0.5924235276347098,-0.5779007014334991,1,0,0
-0.9285933948551428,0,0.8013782937713424,1,-0.7664488719813091,1,-0.5788472167131605,1.4104036912277562,1.6120819714381411,7,-1.3170659222460548,0.33055638220034644,1.7312720068378353,0.8914153426252938,0.4444728568675151,1.242503846280097,-0.7589658239845315,1,0,0
1.6138686979034456,0,0.07614992791523893,0,-0.07885943291703394,0,-0.6346328558134597,0.704231066278716,-0.7674217813373895,3,-0.003482595230696726,-0.7988868393438592,-0.8244753841504974,0.7645167743928682,-1.4114154474944265,-1.0511553711134114,0.6895551564237272,0,0,0
1.2166811593435207,1,-1.2534354094876172,0,2.213105363963883,1,1.5967927081985116,-1.4142868085684035,0.02574613625445402,7,1.638496563538501,0.48963289227699514,0.7252368974760643,-1.0193666955795013,1.1404309710032432,-0.36305760589535896,0.6895551564237272,1,0,1
1.3367611128616375,0,-0.5282070436315138,1,1.9839088842757913,1,-0.8577754122146569,-1.4142868085684035,0.47898494630693605,4,1.3101007317846614,2.2485645894102246,1.2154757152020081,0.8695047984700548,-0.019499219222970297,-0.36305760589535896,-1.664291436739693,1,0,1
1.1335488838309784,1,0.559635505152641,1,-0.9956453516694007,0,-1.0251323295155548,-0.3550278711448435,0.45065752067865594,5,-1.3170659222460548,0.9009592969037581,1.1783012076967232,0.16928032484221067,-0.9474433714039411,-1.2805212928527623,-0.21577045633143446,1,0,1
-0.1642383061148224,1,0.6805068994619917,0,-0.30805591260512566,0,0.03479481339013166,1.4104036912277562,-0.45582009942630813,6,-0.3318784269845363,-1.1647628125201512,1.2247693420783294,-0.5117724226497994,-1.643401485539669,-0.5924235276347098,-0.7589658239845315,0,0,1
1.662362525285762,1,-0.16559286070346238,1,-0.5372523922932173,0,0.42529428709222666,1.4104036912277562,1.2721528638987796,8,1.3101007317846614,1.2850154426602385,1.7126847530851927,-0.9061622174441001,-0.25148525726821297,-0.8217894493740606,1.5948807691788889,0,1,0
0.28375228970276717,1,0.31789271653393997,1,0.37953352645914945,0,0.09058045249043094,-0.0019415586703236604,0.6206220744483367,1,-0.496076342861456,-0.17848845004492933,-1.2148077129559882,1.5322987591660324,1.3724170090484857,-0.36305760589535896,1.2327505240768242,0,1,1
0.3068445884562512,1,0.6805068994619917,1,2.213105363963883,1,1.7083639863991102,1.763490003702276,-1.6172445501857933,1,1.1459028159077416,-0.9647809141380785,0.2791428074126463,-1.3936718248981663,-0.7154573333586983,0.09567423758334274,-0.7589658239845315,1,1,0
-1.2080102097722991,0,-1.2534354094876172,0,-0.9956453516694007,1,-1.6387743596188469,-1.0612004960938834,0.7905866282180174,4,-1.1528680063691352,0.6555269670712145,1.1573905472250006,-0.2981446171362198,0.6764588949127578,-0.5924235276347098,0.8706202789747596,1,0,0
1.2097534697174754,1,0.559635505152641,0,0.8379264858353329,0,-1.1367036077161534,1.0573173787532364,-0.6257846531959889,2,-0.1676805111076165,-1.3056591500166115,-0.8337690110268186,1.4957811855739676,-0.9474433714039411,-0.36305760589535896,1.4138156466278566,1,0,0
-1.0948579458802277,0,1.2848638710087446,1,0.6087300061472412,0,-1.4714174423179491,-1.4142868085684035,-1.135678314505031,2,-0.003482595230696726,0.24874560558949857,0.5138068860397568,-1.1398746884333153,0.21248681882227238,0.09567423758334274,1.2327505240768242,0,1,1
-0.12267216835855121,1,1.7683494482461466,0,1.2963194452115163,0,1.3178645126970152,-0.3550278711448435,1.583754545809861,3,1.1459028159077416,0.09648666023042053,-0.8965009924419868,0.19758144437606096,1.6044030470937285,1.242503846280097,0.5084900338726949,1,1,0
-0.8062042114616775,0,-0.16559286070346238,1,-0.7664488719813091,0,-0.8577754122146569,-0.3550278711448435,0.8755689051028578,1,-1.3170659222460548,-0.19212357948007064,1.399024846009352,0.7033498386261596,-0.019499219222970297,-0.5924235276347098,-1.121096069086596,0,0,1
-1.512828553318288,0,0.6805068994619917,1,3.1298912827162497,1,-0.9135610513149562,-0.0019415586703236604,1.583754545809861,7,1.638496563538501,0.7282476573919682,1.106275599405234,-1.3452860398886803,0.4444728568675151,-0.1336916841560081,-1.3021611916376286,1,1,1
0.3622661054646128,0,1.4057352653180952,0,-0.5372523922932173,1,-0.35570466031196335,-1.4142868085684035,0.677276925704897,5,-1.1528680063691352,-0.38756043471709617,0.0026574078420902878,1.0895231793622457,0.21248681882227238,0.7837720028013953,-0.3968355788824668,1,0,1
0.08054006067210798,0,1.7683494482461466,1,-0.5372523922932173,1,-1.4714174423179491,0.3511447538041962,1.4421174176684604,2,-0.1676805111076165,-0.6102675488244043,-1.0196415485532428,0.48880909377277837,0.21248681882227238,0.3250401593226936,-1.3021611916376286,1,1,0
0.2976076689548576,1,-0.5282070436315138,0,-0.30805591260512566,1,-1.3040605250170512,1.4104036912277562,0.13905583876757452,7,1.4742986476615811,-0.35574513270176644,-1.2171311196750685,1.5441669705834535,1.6044030470937285,2.848065298455553,-0.21577045633143446,1,1,1
0.8772243676673059,0,1.4057352653180952,0,-0.30805591260512566,0,-0.6904184949137591,-1.4142868085684035,0.677276925704897,2,1.1459028159077416,1.0532182422628362,0.5788622741740053,-1.5735208748390859,-0.9474433714039411,-0.36305760589535896,-0.9400309465355637,1,1,0
0.16598156605999878,1,1.0431210823900432,0,-0.7664488719813091,1,0.7042224825937231,-1.4142868085684035,-0.11589099188694661,2,-0.496076342861456,-1.0193214318786437,-1.368152556415288,-1.2987261335587976,1.3724170090484857,-0.5924235276347098,-0.3968355788824668,1,0,1
-1.6444546562131468,1,1.1639924766993939,0,-0.7664488719813091,1,-0.6346328558134597,-0.7081141836193636,0.677276925704897,7,-0.1676805111076165,-0.6466278939847812,0.5277473263542386,0.48241851839416705,-1.1794294094491837,-0.1336916841560081,1.2327505240768242,1,1,0
1.1843519410886432,0,-1.2534354094876172,1,1.0671229655234247,0,1.4294357908976139,-1.0612004960938834,-1.1073508888767511,2,0.3249132365231428,-0.2762068776634421,-1.475029265492982,1.1415607217309383,1.1404309710032432,-1.2805212928527623,-0.3968355788824668,1,1,0
-1.2449578877778735,0,-1.2534354094876172,0,-0.9956453516694007,1,-0.9135610513149562,-1.4142868085684035,1.5270996945533006,2,-1.6454617539998944,0.8986867753312345,0.599772934645728,-0.2963187384566166,1.1404309710032432,1.9306016114981492,0.14635978877063022,1,1,1
0.7294336556450084,1,-0.2864642550128128,1,-0.7664488719813091,1,-1.4156318032176498,-1.0612004960938834,1.4137899920401802,5,0.8175069841539021,0.023765969909666854,0.6578581026227356,0.059727604066016016,-0.019499219222970297,1.0131379245407461,-0.9400309465355637,1,0,0
0.6947952075147824,1,1.7683494482461466,1,-0.5372523922932173,1,-1.0251323295155548,0.704231066278716,1.6404093970664213,3,1.4742986476615811,0.9327745989190879,1.352556711627746,-0.10825323445748244,-1.643401485539669,-1.2805212928527623,0.6895551564237272,1,0,1
-1.0602194977500015,1,-1.2534354094876172,0,2.4423018436519746,0,-1.1924892468164525,0.3511447538041962,-1.333970293902992,1,0.9817049000308219,0.39645950780352945,0.4022833635239023,0.6905686878689369,-0.9474433714039411,0.09567423758334274,0.5084900338726949,1,0,1
-0.014138364217176413,1,-0.16559286070346238,0,-0.30805591260512566,1,-1.3040605250170512,1.4104036912277562,-1.333970293902992,5,-0.496076342861456,-0.35120008955671933,0.16064906473955085,1.6263315111655996,0.4444728568675151,0.7837720028013953,0.6895551564237272,1,0,0
1.5076441236374192,1,-1.2534354094876172,0,-0.07885943291703394,1,-0.24413338211136476,-1.4142868085684035,-1.2773154426464317,5,-0.496076342861456,0.33964646849044067,0.3906663299285008,-1.532438604548013,-1.643401485539669,-0.5924235276347098,0.6895551564237272,1,0,1
-1.63983619646245,1,-0.16559286070346238,0,-0.9956453516694007,1,1.1505075953961175,0.704231066278716,-0.14421841751522674,3,-1.6454617539998944,-0.19212357948007064,-1.2659226607757548,-0.882425794609258,0.6764588949127578,1.0131379245407461,-0.7589658239845315,1,0,1
0.2583507610739348,0,1.1639924766993939,1,-0.9956453516694007,0,-0.6904184949137591,0.3511447538041962,-0.14421841751522674,7,-1.6454617539998944,1.9395016555470217,0.9413137223505325,1.1214760562553026,-1.643401485539669,-1.0511553711134114,-0.03470533378040212,0,0,1
-0.07648757085158321,1,-1.2534354094876172,0,-0.9956453516694007,0,-0.9135610513149562,-0.0019415586703236604,-0.9090589094787902,5,-1.6454617539998944,-0.921603004260131,-0.004312812315150619,0.4769408823553573,-0.019499219222970297,-0.5924235276347098,-0.3968355788824668,0,0,1
0.7640721037752344,0,-0.6490784379408645,1,-0.9956453516694007,1,1.7641496254994096,-1.4142868085684035,-0.9940411863636306,3,-0.496076342861456,-1.1715803772377218,0.423194023995625,0.7206956860823904,-1.1794294094491837,-0.5924235276347098,-0.7589658239845315,1,1,1
0.7409798050217503,0,1.7683494482461466,0,1.9839088842757913,0,-0.5230615776128612,0.3511447538041962,1.0738608845008186,3,1.3101007317846614,0.8259660850104809,-0.0809852340448006,1.298586288176817,0.9084449329580004,1.242503846280097,-0.3968355788824668,1,1,1
-1.5313023923210751,0,-1.2534354094876172,0,1.0671229655234247,1,0.03479481339013166,1.4104036912277562,-0.11589099188694661,5,1.3101007317846614,2.36673571118145,1.2177991219210884,0.9662763684890268,-0.019499219222970297,0.7837720028013953,0.32742491132166257,1,0,0
-0.704598096946348,0,1.1639924766993939,0,-0.7664488719813091,1,0.48107992619252593,-0.7081141836193636,-0.654112078824269,8,-0.9886700904922153,0.04649118563490238,1.405995066166593,-0.35292097752431717,-1.1794294094491837,-0.36305760589535896,-0.21577045633143446,1,0,1
1.5353548821415999,0,-0.5282070436315138,1,-0.30805591260512566,1,-0.9135610513149562,0.704231066278716,0.39400266942209566,7,-0.9886700904922153,-0.8988777885348955,0.7391773377905462,1.3579273452639227,0.4444728568675151,1.471869768019448,-1.3021611916376286,1,1,0
1.004232010811468,1,1.1639924766993939,0,-0.5372523922932173,0,-1.1924892468164525,-0.3550278711448435,0.5073123719352162,2,0.4891111524000626,-0.9920511730083611,-0.10421930123560362,-0.9636773958516023,-0.019499219222970297,0.09567423758334274,0.8706202789747596,0,1,1
-0.4113259027771012,0,-0.2864642550128128,0,0.37953352645914945,1,1.0947219562958181,-1.4142868085684035,-1.2206605913898716,8,-0.496076342861456,0.8236935634379573,0.5811856808930855,-0.677014443153893,0.9084449329580004,-1.0511553711134114,0.6895551564237272,1,0,0
-0.9193564753537492,1,0.6805068994619917,1,1.2963194452115163,1,-0.7462041340140584,1.0573173787532364,0.2240381156524149,7,1.3101007317846614,-1.0352290828863087,-0.5131388837937368,1.0785679072846261,-0.4834712953134557,-1.2805212928527623,0.5084900338726949,1,0,0
-0.4413458911566304,1,1.7683494482461466,1,-0.7664488719813091,0,1.3178645126970152,0.3511447538041962,-0.8240766325939498,7,-0.3318784269845363,0.39645950780352945,-0.9034712125992277,-0.5893722665329373,-1.643401485539669,-1.2805212928527623,0.32742491132166257,1,0,0
1.715474812418775,0,0.31789271653393997,1,2.6714983233400664,1,-1.2482748859167518,1.4104036912277562,-1.532262273300953,3,1.3101007317846614,-1.1284024673597743,-1.5656421275371137,-0.01787223981712186,0.4444728568675151,0.5544060810620445,-1.3021611916376286,1,0,0
-0.8939549467249168,1,1.4057352653180952,0,0.15033704677105778,0,1.4294357908976139,-0.3550278711448435,1.0738608845008186,1,0.9817049000308219,1.348646046690898,0.25126192678368264,-1.2439497731707003,-0.4834712953134557,-0.36305760589535896,-1.664291436739693,1,0,1
-0.2981736388850296,1,-1.2534354094876172,1,-0.5372523922932173,0,-0.6346328558134597,-1.4142868085684035,1.0455334588725387,2,1.4742986476615811,-0.3102947012512954,-0.499198443479255,-0.16302959484557977,0.6764588949127578,0.7837720028013953,-1.664291436739693,1,0,1
0.4684906797306392,1,-1.2534354094876172,1,-0.9956453516694007,0,1.0947219562958181,0.3511447538041962,-0.9940411863636306,6,-1.6454617539998944,-0.9556908278479843,-0.7036582347583217,-0.12925083927291975,-1.643401485539669,-1.0511553711134114,-0.21577045633143446,0,1,0
1.6138686979034456,0,0.07614992791523893,1,-0.9956453516694007,1,1.3736501517973145,-0.7081141836193636,1.5554271201815808,4,-1.4812638381229746,0.25329064873454565,1.1690075808204021,-1.3197237383742348,0.4444728568675151,-1.0511553711134114,0.5084900338726949,1,1,0
1.2467011477230499,0,-1.2534354094876172,0,1.0671229655234247,1,1.4294357908976139,0.704231066278716,0.5922946488200566,7,-0.003482595230696726,-0.9102403963975132,0.9784882298558173,0.5353690001026611,-0.7154573333586983,-0.5924235276347098,-0.7589658239845315,1,1,1
-0.4367274314059336,0,1.4057352653180952,1,-0.30805591260512566,0,0.2021517306910295,0.704231066278716,-0.9940411863636306,3,0.16071532064622304,1.5599905529355884,0.23499807975012052,0.31352474053086693,1.6044030470937285,2.1599675332375003,-0.9400309465355637,0,1,1
-0.5706627641761408,0,0.19702132222458932,0,0.37953352645914945,0,0.9273650389949202,0.3511447538041962,-0.22920069440006713,1,1.1459028159077416,-0.053499763556133936,1.6731868388608278,-0.5291182701060302,-1.1794294094491837,-1.2805212928527623,-0.5779007014334991,0,1,0
1.385254940243954,1,-0.6490784379408645,0,0.15033704677105778,1,1.1505075953961175,0.704231066278716,-0.9657137607353504,8,-0.496076342861456,-1.0147763887335968,1.352556711627746,-1.4740104868007091,-0.7154573333586983,-0.1336916841560081,-0.21577045633143446,1,0,1
1.5076441236374192,1,-1.1325640151782668,0,-0.9956453516694007,0,-0.35570466031196335,-1.4142868085684035,0.3090203925372553,2,-1.6454617539998944,-1.217030808688193,-1.0126713283960018,-1.6812477169356772,0.21248681882227238,1.242503846280097,-1.3021611916376286,1,0,1
0.8841520572933511,1,0.9222496880806925,0,-0.5372523922932173,1,-1.6945599987191462,1.0573173787532364,-1.532262273300953,6,1.4742986476615811,0.9623173793618941,-0.11583633483100514,0.0003865469789105818,1.6044030470937285,1.0131379245407461,1.2327505240768242,1,1,0
-1.0440548886225627,0,1.1639924766993939,1,2.4423018436519746,0,-1.0251323295155548,0.3511447538041962,1.6120819714381411,3,1.4742986476615811,-0.7261661490231055,0.29308324772712807,-0.006004028399700772,1.6044030470937285,0.5544060810620445,1.2327505240768242,0,0,1
0.7917828622794152,1,0.8013782937713424,1,-0.5372523922932173,0,1.4294357908976139,-1.4142868085684035,-0.34251039691318763,4,-0.9886700904922153,0.739610265254586,1.53610584243509,1.6281573898452026,0.9084449329580004,1.9306016114981492,0.5084900338726949,1,0,1
-1.2541948072792672,1,1.4057352653180952,0,1.7547124045876996,1,-0.1325621039107662,-0.7081141836193636,-0.7674217813373895,1,1.638496563538501,-0.9397831768403194,-0.42949624190684593,-0.6441486269210346,0.4444728568675151,0.3250401593226936,-0.7589658239845315,1,0,0
-1.3927485998001712,0,1.2848638710087446,0,-0.9956453516694007,1,-1.3598461641173505,-0.7081141836193636,-0.7107669300808293,4,-0.9886700904922153,0.21011273885659817,-0.1739215028080127,1.4263977957490444,-0.9474433714039411,0.3250401593226936,0.32742491132166257,1,0,1
-0.12729062810924802,1,0.19702132222458932,0,-0.7664488719813091,0,-1.4156318032176498,-0.3550278711448435,-1.079023463248471,3,-1.3170659222460548,1.6418013295464362,0.3906663299285008,0.5079808199086124,1.3724170090484857,-0.1336916841560081,0.6895551564237272,1,1,0
0.7479074946477956,0,-1.1325640151782668,0,0.6087300061472412,0,-1.1367036077161534,-1.0612004960938834,0.02574613625445402,8,0.4891111524000626,-0.32847487383148377,-1.7027231239628517,-0.25797528618494847,1.3724170090484857,1.242503846280097,-1.121096069086596,0,0,1
-1.63983619646245,0,1.0431210823900432,1,1.7547124045876996,1,-1.6387743596188469,-0.7081141836193636,1.1871705870139393,7,0.6533090682769823,1.71452201986719,0.6717985429372174,-1.7287205626053617,-0.019499219222970297,0.7837720028013953,-1.3021611916376286,1,1,0
-1.709113092722902,0,0.07614992791523893,0,0.37953352645914945,1,0.48107992619252593,1.0573173787532364,0.5356397975634963,1,-0.496076342861456,0.5532634963076546,-0.522432510670058,0.7188698074027872,0.21248681882227238,1.0131379245407461,0.6895551564237272,1,0,0
1.2513196074737467,0,-1.2534354094876172,0,-0.9956453516694007,1,-1.4714174423179491,-1.0612004960938834,0.02574613625445402,6,0.9817049000308219,-1.0965871653444446,-0.5294027308272989,0.13093687257054254,-1.1794294094491837,-0.1336916841560081,1.5948807691788889,1,1,0
0.15674464655860518,1,1.5266066596274452,1,1.9839088842757913,1,-1.5272030814182482,1.763490003702276,-1.5039348476726728,4,1.3101007317846614,-1.2488461107035225,-1.714340157558253,1.1260407529543106,1.1404309710032432,2.389333454976851,1.2327505240768242,1,0,0
1.3944918597453475,0,0.8013782937713424,1,1.0671229655234247,0,0.48107992619252593,1.0573173787532364,-0.200873268771787,8,0.4891111524000626,-1.373834797192318,-1.7003997172437713,0.7800367431694958,-0.9474433714039411,-1.0511553711134114,-0.21577045633143446,1,1,1
-0.6076104421817152,0,0.31789271653393997,0,-0.9956453516694007,1,1.1505075953961175,1.4104036912277562,1.32880771515534,1,-0.9886700904922153,0.8396012144456222,-0.1715980960889324,-0.7199225921245692,1.1404309710032432,0.5544060810620445,-0.5779007014334991,1,1,1
-0.8177503608384196,1,-1.2534354094876172,0,-0.9956453516694007,1,0.8157937607943216,-0.3550278711448435,-1.3056428682747119,1,1.3101007317846614,0.05330875035247304,1.2363863756737308,-0.8550376144152093,-0.019499219222970297,-0.5924235276347098,-0.3968355788824668,1,0,1
0.9118628157975319,0,-0.5282070436315138,0,0.37953352645914945,0,0.871579399894621,0.704231066278716,-1.2206605913898716,8,-0.496076342861456,-0.9261480474051781,1.728948600118755,-0.44056315414527286,0.21248681882227238,0.09567423758334274,1.051685401525792,1,0,1
0.31839073783299315,1,0.8013782937713424,1,-0.9956453516694007,0,0.9273650389949202,0.704231066278716,1.3854625664119,1,-1.6454617539998944,0.2123852604291217,1.1411267001914385,-0.7217484708041725,0.21248681882227238,-0.5924235276347098,0.32742491132166257,1,1,1
1.2374642282216564,1,1.5266066596274452,1,0.37953352645914945,1,1.4294357908976139,1.0573173787532364,0.47898494630693605,1,0.4891111524000626,0.5350833237274661,-0.5828410853661459,0.2076237771138788,0.6764588949127578,-1.2805212928527623,0.8706202789747596,1,0,1
-0.2358244322506228,1,-0.044721466394111724,1,-0.9956453516694007,0,-0.6346328558134597,-0.3550278711448435,1.3854625664119,1,0.16071532064622304,-1.073861949619209,-1.221777933113229,0.9808833979258527,0.9084449329580004,-1.2805212928527623,-0.5779007014334991,0,0,0
1.0827458265733136,1,-1.2534354094876172,1,0.8379264858353329,1,0.8157937607943216,-0.3550278711448435,-0.6824395044525492,8,-0.1676805111076165,0.6100765356207434,-0.07169160716847939,0.8996317966835083,1.3724170090484857,2.1599675332375003,-0.03470533378040212,1,0,1
1.588467169274613,1,1.2848638710087446,1,-0.9956453516694007,1,0.7600081216940223,-1.4142868085684035,-1.0506960376201908,1,1.1459028159077416,-0.028502026258374856,0.1141809303579448,0.6960463239077466,0.21248681882227238,0.7837720028013953,-1.664291436739693,1,1,1
-1.1248779342597568,0,1.1639924766993939,0,-0.30805591260512566,1,0.36950864799192734,-0.7081141836193636,0.6206220744483367,2,-0.3318784269845363,-1.1852155066728631,0.15600225130139025,-1.1042700541810522,-1.4114154474944265,-0.8217894493740606,-1.664291436739693,1,0,0
1.5699933302718259,0,0.31789271653393997,0,-0.7664488719813091,0,-0.9693466904152555,1.4104036912277562,-1.532262273300953,2,-0.8244721746152955,-0.2466640972206359,1.0435436179900657,-1.31698492035483,-1.643401485539669,-0.8217894493740606,-0.5779007014334991,0,1,0
-1.3211624736643708,1,1.0431210823900432,0,0.15033704677105778,0,0.9273650389949202,0.3511447538041962,-0.28585554565662735,1,-0.1676805111076165,-1.4261027933603596,1.5941910104120973,0.0012994863187122039,-0.9474433714039411,-1.2805212928527623,1.5948807691788889,1,1,0
-0.8916457168495684,1,0.07614992791523893,1,1.9839088842757913,0,0.871579399894621,-0.0019415586703236604,1.32880771515534,7,1.3101007317846614,-0.6738981528550638,0.4952196322871144,-0.280798769679989,1.1404309710032432,-0.8217894493740606,1.2327505240768242,1,0,0
1.5792302497732196,0,-0.2864642550128128,0,-0.5372523922932173,0,1.3736501517973145,-1.0612004960938834,0.3090203925372553,1,-0.1676805111076165,0.10557674652051474,-0.30867909251467024,-1.365370705364316,0.9084449329580004,1.0131379245407461,-0.5779007014334991,0,0,1
-1.2334117384011316,0,1.1639924766993939,1,-0.7664488719813091,0,0.9273650389949202,0.3511447538041962,-1.1640057401333113,6,-1.1528680063691352,1.135029018873684,1.145773513629599,-1.6219066598485719,-1.643401485539669,-1.2805212928527623,-0.21577045633143446,1,0,1
-0.8477703492179488,1,1.1639924766993939,0,1.525515924899608,1,-1.0251323295155548,0.704231066278716,-1.6172445501857933,6,0.8175069841539021,-0.5193666859234622,-0.33655997314363384,-1.669379505518256,0.9084449329580004,1.0131379245407461,-1.664291436739693,1,0,1
1.1150750448281912,1,0.6805068994619917,1,-0.7664488719813091,0,-1.1367036077161534,1.4104036912277562,1.3004802895270597,1,-0.6602742587383758,-0.38756043471709617,-0.16695128265077178,-0.6012404779503584,-0.7154573333586983,-0.36305760589535896,-1.121096069086596,1,0,1
1.0550350680691327,1,-1.2534354094876172,0,-0.9956453516694007,1,-0.5788472167131605,0.3511447538041962,1.4704448432967405,1,-1.6454617539998944,-0.7852517099087178,-0.03451709966319455,-1.0330607856765257,-1.643401485539669,-0.36305760589535896,0.32742491132166257,1,0,1
1.3483072622383796,0,-1.2534354094876172,0,-0.9956453516694007,0,-1.4156318032176498,1.4104036912277562,1.4421174176684604,6,0.3249132365231428,-0.3898329562896197,0.7740284385767506,0.14280508398796363,-0.9474433714039411,0.3250401593226936,0.5084900338726949,0,1,0
-1.6467638860884952,1,-1.0116926208689163,1,2.6714983233400664,0,1.4294357908976139,1.0573173787532364,-1.2206605913898716,5,1.3101007317846614,-0.271661834518395,-0.32261953282915207,0.13184981191034417,1.1404309710032432,-0.5924235276347098,-1.664291436739693,0,1,0
-1.212628669522996,1,1.2848638710087446,0,-0.7664488719813091,0,0.9273650389949202,0.3511447538041962,0.7905866282180174,4,-0.3318784269845363,-1.3556546246121295,-1.5145271797173472,1.1826429920220112,0.6764588949127578,0.5544060810620445,1.051685401525792,0,0,0
-1.074074877002092,1,-0.2864642550128128,1,-0.7664488719813091,0,1.7641496254994096,-1.0612004960938834,-1.4756074220443927,2,-0.496076342861456,-0.5989049409617866,-1.4936165192456246,1.5377763952048422,1.1404309710032432,1.0131379245407461,-0.3968355788824668,0,0,0
-0.185021374992958,1,-1.2534354094876172,0,0.6087300061472412,0,1.4852214299979132,-0.0019415586703236604,-1.7022268270706338,1,0.16071532064622304,-0.4421009524576614,-1.4215909109541351,1.5605998786998827,-0.9474433714039411,0.09567423758334274,-0.7589658239845315,1,0,1
0.23525846232045078,0,-0.8908212265595655,0,0.37953352645914945,1,0.9831506780952195,-1.4142868085684035,-0.48414752505458825,4,0.16071532064622304,-0.1512181911746467,0.44875149790550833,-0.08360387228283865,-0.019499219222970297,0.5544060810620445,1.5948807691788889,1,0,0
1.4706964456318448,1,1.4057352653180952,1,0.37953352645914945,1,-0.1325621039107662,-0.0019415586703236604,-1.2773154426464317,2,-0.003482595230696726,-0.22848392464044748,-1.0661096829348489,1.4117907663122182,0.9084449329580004,2.1599675332375003,1.5948807691788889,1,1,1
-1.6421454263377984,1,-1.2534354094876172,1,0.8379264858353329,1,1.2062932344964166,-0.0019415586703236604,0.13905583876757452,8,0.8175069841539021,0.17829743684126842,-0.722245488510964,0.45320445952051513,0.4444728568675151,0.5544060810620445,-0.21577045633143446,1,0,0
-0.9563041533593236,0,-0.5282070436315138,0,-0.9956453516694007,1,0.7600081216940223,-0.7081141836193636,-1.333970293902992,6,-1.6454617539998944,0.4282748098188592,0.26984918053632506,1.040224455012958,-0.9474433714039411,-1.2805212928527623,1.4138156466278566,1,1,0
-1.374274760797384,0,0.07614992791523893,1,-0.9956453516694007,1,-1.4156318032176498,0.3511447538041962,-0.3141829712849075,1,-0.6602742587383758,1.4463644743094108,0.4022833635239023,-0.024262815195733214,1.6044030470937285,1.0131379245407461,1.5948807691788889,1,1,1
-0.381305914397572,1,0.43876411084329037,1,1.9839088842757913,1,0.5368655652928253,-1.4142868085684035,-1.1073508888767511,7,1.1459028159077416,-1.246573589130999,-1.0080245149578413,0.2541836834437615,-1.1794294094491837,-0.36305760589535896,-0.7589658239845315,1,0,0
-0.04877681234740241,0,-1.0116926208689163,1,-0.9956453516694007,1,-1.6945599987191462,0.3511447538041962,-0.05923614063038636,7,-1.4812638381229746,-0.942055698412843,-0.3458536000199551,0.45411739886031677,-0.019499219222970297,1.242503846280097,0.6895551564237272,1,1,0
-0.7484734645779676,0,1.4057352653180952,1,-0.9956453516694007,1,-1.6387743596188469,-0.0019415586703236604,-1.135678314505031,4,-1.6454617539998944,-0.8602449218019951,0.26520236709816447,1.58159748351532,1.3724170090484857,0.5544060810620445,-0.21577045633143446,1,0,0
-0.03261220321996361,0,-0.40733564932216343,0,1.7547124045876996,0,-0.1325621039107662,1.4104036912277562,-0.25752812002834724,6,0.6533090682769823,-0.01486689682323354,-1.1358118845072578,-0.47616778839753615,-0.9474433714039411,-0.36305760589535896,0.6895551564237272,1,1,1
-0.669959648816122,0,-1.2534354094876172,0,-0.7664488719813091,1,0.48107992619252593,1.763490003702276,0.08240098751101427,7,-0.6602742587383758,-0.27393435609091854,-0.4062621747160429,1.0119233354791077,1.1404309710032432,0.5544060810620445,0.14635978877063022,1,1,0
0.08977698017350158,0,1.0431210823900432,0,-0.7664488719813091,1,1.0389363171955188,1.763490003702276,-0.002581289373826107,7,-1.3170659222460548,-0.35574513270176644,-1.7422210381872167,-0.07630035756442567,-0.9474433714039411,-1.2805212928527623,-0.21577045633143446,1,0,0
0.6601567593845563,1,0.559635505152641,0,-0.9956453516694007,0,-1.4156318032176498,-1.0612004960938834,-0.17254584314350688,2,-0.003482595230696726,-1.2647537617111875,-0.9662031940143958,1.1607324478667722,-1.643401485539669,-0.36305760589535896,-0.7589658239845315,1,1,1
-0.4251812820291916,1,1.1639924766993939,1,0.37953352645914945,0,-1.2482748859167518,1.4104036912277562,0.5639672231917764,1,0.4891111524000626,2.191751550097136,1.2944715436507384,1.4839129741565464,-1.1794294094491837,-0.5924235276347098,0.8706202789747596,0,0,1
0.004335474785610786,1,0.6805068994619917,1,-0.5372523922932173,1,-1.1367036077161534,-1.4142868085684035,0.8472414794745777,2,-1.1528680063691352,-0.6898058038627286,0.2977300611652887,-0.8322141309201687,-0.25148525726821297,-1.2805212928527623,-0.9400309465355637,1,1,0
-0.9563041533593236,1,-1.2534354094876172,0,0.15033704677105778,1,-0.5788472167131605,0.3511447538041962,1.6404093970664213,1,-0.3318784269845363,-0.6557179802748754,0.42087061727654473,-0.46703839499951993,0.6764588949127578,-0.36305760589535896,1.5948807691788889,1,1,1
0.8726059079166092,1,1.2848638710087446,1,-0.9956453516694007,0,1.4294357908976139,1.763490003702276,1.6970642483229814,3,0.16071532064622304,2.0417651263105814,1.1480969203486793,-0.8459082210171931,0.21248681882227238,-0.36305760589535896,1.2327505240768242,0,1,1
0.5354583461157427,1,-0.8908212265595655,1,1.7547124045876996,0,0.871579399894621,0.704231066278716,-1.1640057401333113,5,1.1459028159077416,0.14193709168089158,-0.8546796714985413,-0.9463315483953715,-1.643401485539669,-0.8217894493740606,-0.9400309465355637,0,0,1
-1.4527885765592297,1,0.9222496880806925,0,-0.9956453516694007,0,-0.02099082571016763,-0.0019415586703236604,1.6687368226947015,7,1.638496563538501,0.3101036880476345,-0.8732669252511838,0.03233942387196735,1.3724170090484857,1.7012356897587988,-0.7589658239845315,0,0,0
-1.3280901632904158,0,-1.2534354094876172,0,-0.7664488719813091,0,0.3137230088916281,-1.4142868085684035,-0.9940411863636306,8,-0.8244721746152955,-0.06031732827370459,-1.2264247465513898,0.029600605852562488,-1.4114154474944265,-1.0511553711134114,1.2327505240768242,0,1,1
-0.7184534761984384,1,-1.2534354094876172,1,-0.30805591260512566,1,1.4294357908976139,-1.4142868085684035,0.4223300950503758,5,0.3249132365231428,0.016948405192096196,-0.3783812940870793,0.2697036522203891,-0.4834712953134557,-0.36305760589535896,-0.3968355788824668,1,0,1
-1.6536915757145403,1,-1.2534354094876172,1,-0.9956453516694007,0,0.8157937607943216,-0.0019415586703236604,-1.333970293902992,3,-1.3170659222460548,-0.38301539157204906,-0.7849774699261323,1.166210083905582,1.6044030470937285,0.5544060810620445,-1.664291436739693,1,1,1
-0.762328843830058,1,-1.2534354094876172,0,-0.9956453516694007,1,0.8157937607943216,-1.0612004960938834,-1.6455719758140734,4,-1.4812638381229746,1.171389364034061,0.33258116195149323,-0.47342897037813125,-0.25148525726821297,1.0131379245407461,-0.03470533378040212,1,1,0
-0.4690566496608112,0,1.4057352653180952,0,-0.30805591260512566,0,-0.1883477430110655,-1.0612004960938834,-1.6172445501857933,8,1.1459028159077416,0.5805337551779373,-0.829122197588658,-0.9079880961237033,-1.643401485539669,-0.5924235276347098,-0.5779007014334991,1,0,0
1.0434889186923908,0,0.6805068994619917,0,0.15033704677105778,1,-0.8019897731143576,1.4104036912277562,0.5639672231917764,6,1.638496563538501,-0.6102675488244043,-0.5944581189615474,-1.261295620626931,0.21248681882227238,-0.5924235276347098,0.5084900338726949,1,0,1
0.4246153120990196,0,-1.2534354094876172,1,-0.7664488719813091,0,-0.2999190212116641,-0.0019415586703236604,1.2154980126422192,1,0.9817049000308219,1.1373015404462077,-0.15765765577445057,0.5974488752091714,-1.1794294094491837,-1.0511553711134114,0.6895551564237272,0,1,1
0.15905387643395358,1,-0.7699498322502151,0,-0.30805591260512566,1,0.42529428709222666,0.3511447538041962,0.6206220744483367,6,-0.6602742587383758,1.455454560599505,0.15367884458230993,1.144299539750343,-0.9474433714039411,-0.8217894493740606,1.5948807691788889,1,1,0
0.8910797469193964,1,-0.16559286070346238,0,-0.9956453516694007,0,0.48107992619252593,-1.4142868085684035,-0.22920069440006713,4,-1.4812638381229746,0.16920735055117422,0.8669647073399628,0.3984280991324178,-1.643401485539669,-0.36305760589535896,0.6895551564237272,1,0,0
-0.12036293848320281,1,0.8013782937713424,1,-0.30805591260512566,0,-1.6387743596188469,-1.0612004960938834,-1.4189525707878325,5,-0.3318784269845363,-1.3306568873143705,0.08862345644806148,0.6339664488012363,-1.4114154474944265,-0.1336916841560081,0.32742491132166257,1,1,0
-0.4321089716552368,0,-1.2534354094876172,1,-0.9956453516694007,0,0.9831506780952195,0.704231066278716,1.1871705870139393,8,-1.4812638381229746,-0.2557541835107301,0.6857389832516992,-1.4228858837718181,-1.643401485539669,-0.5924235276347098,1.2327505240768242,0,1,1
-0.25429827125341,0,-1.2534354094876172,0,-0.9956453516694007,1,-1.3040605250170512,1.4104036912277562,0.28069296690897516,6,-1.3170659222460548,1.5349928156378294,1.2015352748875263,-0.06169332812759972,-0.7154573333586983,-0.1336916841560081,0.8706202789747596,1,0,1
0.8864612871686995,1,-1.1325640151782668,1,-0.07885943291703394,0,-0.6904184949137591,1.4104036912277562,0.36567524379381555,7,-0.003482595230696726,1.135029018873684,0.25590874022184323,1.1799041740026064,1.1404309710032432,0.09567423758334274,-1.3021611916376286,1,1,0
-1.2195563591490413,1,0.07614992791523893,1,-0.7664488719813091,1,-0.1325621039107662,-0.3550278711448435,-1.333970293902992,3,0.3249132365231428,0.0692164013601379,-0.5874878988043065,-0.5263794520866254,-0.4834712953134557,0.7837720028013953,0.14635978877063022,1,1,1
0.19600155443952796,0,-1.2534354094876172,0,0.8379264858353329,0,1.2620788735967159,1.4104036912277562,0.16738326439585466,3,0.8175069841539021,1.2054771876219141,0.6532112891845749,-0.40678439857261284,-1.4114154474944265,-0.8217894493740606,-0.03470533378040212,1,0,1
1.0919827460747071,0,0.6805068994619917,0,-0.9956453516694007,1,1.7083639863991102,0.704231066278716,1.3854625664119,7,-1.3170659222460548,-0.09667767343408143,0.899492401407087,-0.46429957698011504,0.4444728568675151,-1.2805212928527623,0.32742491132166257,1,0,1
-1.5682500703266495,1,1.4057352653180952,1,2.213105363963883,1,1.3178645126970152,-0.3550278711448435,0.7056043513331771,8,1.1459028159077416,-0.17394340689988222,0.09327026988622208,-1.6812477169356772,-1.1794294094491837,0.09567423758334274,-0.7589658239845315,1,1,1
1.165878102085856,0,-1.2534354094876172,1,0.37953352645914945,0,-1.3598461641173505,0.3511447538041962,1.0738608845008186,6,1.638496563538501,-1.04886421232145,-1.5935230081660774,0.7225215647619936,-0.9474433714039411,0.09567423758334274,1.051685401525792,0,0,1
1.1243119643295847,1,1.5266066596274452,0,-0.30805591260512566,1,0.2021517306910295,1.763490003702276,-0.5974572275677088,6,1.638496563538501,-0.6239026782595456,-1.6794890567720486,1.2766757440215781,1.1404309710032432,2.389333454976851,-0.3968355788824668,1,0,0
-1.6329085068364046,0,0.559635505152641,1,-0.7664488719813091,0,-0.46727593851256194,-0.0019415586703236604,-1.532262273300953,4,-1.3170659222460548,0.7418827868271095,-0.6571901003767155,-0.7774377705320714,-1.1794294094491837,-0.36305760589535896,-1.4832263141886608,1,1,0
-0.02799374346926681,1,0.07614992791523893,1,-0.7664488719813091,0,0.03479481339013166,0.3511447538041962,0.903896330731138,1,-1.1528680063691352,-1.0579542986115442,-1.0963139702828928,-0.6651462317364719,-0.25148525726821297,0.3250401593226936,-0.9400309465355637,0,0,1
0.3876676340934452,0,-1.2534354094876172,0,-0.9956453516694007,1,-0.9693466904152555,1.0573173787532364,0.7905866282180174,2,-1.6454617539998944,-0.7670715373285294,-0.039163913101355155,-1.0120631808610883,1.3724170090484857,0.09567423758334274,0.5084900338726949,1,0,0
-1.5890331392047852,1,1.5266066596274452,0,-0.7664488719813091,1,0.9273650389949202,1.0573173787532364,0.05407356188273415,5,-0.9886700904922153,0.830511128155528,0.8251433863965173,-1.6301231139067864,-0.4834712953134557,-0.1336916841560081,-0.5779007014334991,1,1,1
1.0227058498142552,1,1.0431210823900432,1,-0.9956453516694007,1,-1.080917968615854,1.4104036912277562,0.7905866282180174,2,-0.1676805111076165,-0.251209140365683,-1.3379482690672442,-0.9180304288615212,-0.019499219222970297,1.242503846280097,1.051685401525792,1,1,1
-0.5868273733035796,1,1.2848638710087446,1,1.2963194452115163,0,1.0947219562958181,-0.7081141836193636,-0.9373863351070703,7,0.3249132365231428,0.07148892293266146,0.6299772219937719,-1.6848994742948837,0.4444728568675151,0.7837720028013953,-0.7589658239845315,0,0,1
0.8333490000356863,1,-1.2534354094876172,1,-0.5372523922932173,1,-0.1883477430110655,0.704231066278716,-0.9940411863636306,2,-0.1676805111076165,-0.8829701375272306,-0.03684050638227485,1.1789912346628046,-0.4834712953134557,-1.0511553711134114,0.6895551564237272,1,0,0
0.6786305983873435,0,-0.6490784379408645,0,-0.07885943291703394,1,0.42529428709222666,-0.3550278711448435,0.6206220744483367,5,-0.496076342861456,-1.2238483734057635,0.9157562484406492,-1.264034438646336,-0.019499219222970297,0.3250401593226936,-1.4832263141886608,1,0,0
-1.6929484835954631,1,-1.2534354094876172,0,0.37953352645914945,1,0.6484368434934238,-1.4142868085684035,1.3004802895270597,4,0.3249132365231428,-0.028502026258374856,-0.8895307722847459,-0.7619178017554439,-1.643401485539669,-1.0511553711134114,-0.3968355788824668,1,1,0
-1.3673470711713387,1,-0.044721466394111724,1,-0.5372523922932173,0,1.3178645126970152,0.704231066278716,-0.5124749506828684,1,-0.9886700904922153,-0.43301086616756723,-1.6957529038056107,0.39386340243340967,-1.1794294094491837,-0.8217894493740606,0.8706202789747596,1,1,1
-0.9932518313648979,0,1.7683494482461466,1,-0.5372523922932173,0,-1.3040605250170512,-1.4142868085684035,-0.654112078824269,1,-1.1528680063691352,1.282742921087715,0.9320200954742113,1.5277340624670244,-0.4834712953134557,-0.5924235276347098,0.5084900338726949,1,0,1
0.7178875062682664,1,0.19702132222458932,1,-0.7664488719813091,0,-0.02099082571016763,-0.7081141836193636,0.33734781816553544,7,0.16071532064622304,1.7622449728901846,0.8901987745307658,0.7946437726063218,1.1404309710032432,1.242503846280097,-0.7589658239845315,1,0,0
1.5907763991499615,0,-1.2534354094876172,0,-0.9956453516694007,1,-0.1883477430110655,0.3511447538041962,-0.45582009942630813,5,-0.1676805111076165,0.39645950780352945,-0.905794619318308,-1.5726079354992843,-0.7154573333586983,-0.8217894493740606,-0.9400309465355637,1,0,1
-1.2934517151601899,1,-1.2534354094876172,0,1.525515924899608,0,-1.6387743596188469,-0.7081141836193636,-1.3906251451595524,6,0.8175069841539021,1.085033544278166,0.3302577552324129,-1.4676199114220978,-1.1794294094491837,0.09567423758334274,1.4138156466278566,0,1,0
0.8333490000356863,0,-0.5282070436315138,1,0.37953352645914945,1,-0.6904184949137591,1.763490003702276,1.4704448432967405,2,-0.3318784269845363,0.3282838606278229,-0.5689006450516642,-1.1800440193845867,-0.25148525726821297,-1.0511553711134114,0.5084900338726949,1,1,0
0.7455982647724472,1,0.07614992791523893,1,-0.07885943291703394,1,1.2062932344964166,1.4104036912277562,1.4137899920401802,4,-0.6602742587383758,-0.5920873762442159,-1.3588589295389668,1.5770327868163119,-1.4114154474944265,-0.8217894493740606,-1.3021611916376286,1,0,0
0.7917828622794152,0,1.1639924766993939,0,0.15033704677105778,1,1.0389363171955188,1.0573173787532364,1.5554271201815808,1,1.3101007317846614,0.4055495940936237,1.145773513629599,0.39660222045281457,-0.9474433714039411,-0.8217894493740606,0.8706202789747596,1,0,0
0.8264213104096412,0,-0.40733564932216343,0,-0.7664488719813091,0,-1.4714174423179491,-0.0019415586703236604,1.4421174176684604,6,0.8175069841539021,-1.2806614127188523,-0.4829345964456929,1.2657204719439588,-1.1794294094491837,-0.8217894493740606,-1.664291436739693,1,1,0
-0.1550013866134288,1,-1.2534354094876172,0,0.6087300061472412,1,-0.02099082571016763,-0.7081141836193636,1.1871705870139393,2,0.3249132365231428,-1.242028545985952,0.46733875165815075,-1.6775959595764707,0.9084449329580004,-0.1336916841560081,0.8706202789747596,1,0,0
1.1243119643295847,0,-1.2534354094876172,0,-0.5372523922932173,0,-0.6904184949137591,-0.0019415586703236604,0.45065752067865594,8,-1.1528680063691352,-0.48300634076308535,1.292148136931658,-0.8952069453664807,-0.9474433714039411,0.3250401593226936,-0.21577045633143446,0,1,0
0.062066221669320784,0,-1.2534354094876172,1,0.37953352645914945,1,0.8157937607943216,-1.0612004960938834,-1.1923331657615914,1,0.3249132365231428,0.12148439752817962,0.23732148646920084,-1.7113747151491308,-0.25148525726821297,-0.8217894493740606,0.5084900338726949,1,0,0
0.27913382995207037,0,1.647478053936796,0,-0.07885943291703394,0,1.3178645126970152,1.0573173787532364,1.0172060332442585,2,-0.6602742587383758,-1.353382103039606,-1.4122972840778139,-1.7150264725083373,-1.4114154474944265,-0.8217894493740606,-0.21577045633143446,0,1,0
-1.4504793466838812,1,-0.6490784379408645,0,1.0671229655234247,1,-1.080917968615854,-1.4142868085684035,-1.7022268270706338,4,0.8175069841539021,-0.09213263028903433,-1.221777933113229,-0.6879697152315125,0.6764588949127578,1.471869768019448,-0.7589658239845315,1,1,0
-1.046364118497911,0,-0.40733564932216343,1,-0.7664488719813091,1,0.3137230088916281,0.3511447538041962,1.0172060332442585,4,-0.496076342861456,1.3509185682634215,1.313058797403381,0.8777212525282694,-1.4114154474944265,-1.0511553711134114,0.14635978877063022,1,1,1
1.431439537750922,1,1.1639924766993939,1,-0.30805591260512566,1,0.8157937607943216,1.0573173787532364,-1.4472799964161125,5,-0.1676805111076165,-0.621630156687022,1.2363863756737308,-0.66971092843548,-1.1794294094491837,-0.36305760589535896,1.5948807691788889,1,0,0
-0.6076104421817152,0,-1.1325640151782668,1,-0.9956453516694007,1,0.7042224825937231,-1.4142868085684035,-0.28585554565662735,4,0.16071532064622304,0.719157571101874,-0.10421930123560362,-0.1146438098360938,-1.643401485539669,-0.5924235276347098,-0.9400309465355637,1,0,1
0.5470044954924848,1,-0.40733564932216343,1,1.2963194452115163,1,0.3137230088916281,-1.4142868085684035,-1.5039348476726728,5,0.6533090682769823,-0.7057134548703935,0.3720790761758584,0.5472372115200822,1.1404309710032432,0.7837720028013953,0.8706202789747596,1,1,0
1.4452949170030123,1,0.43876411084329037,0,0.15033704677105778,0,0.14636609159073022,0.3511447538041962,-0.8240766325939498,3,0.6533090682769823,2.0781254714709583,1.4617568274245203,0.2204049278711015,0.6764588949127578,-0.1336916841560081,1.4138156466278566,0,0,0
-1.3442547724178548,0,-0.044721466394111724,0,0.15033704677105778,1,-1.4714174423179491,1.4104036912277562,0.677276925704897,2,1.4742986476615811,1.0100403323848888,0.5161302927588372,1.4574377333022994,-0.25148525726821297,-0.1336916841560081,1.2327505240768242,1,0,0
-0.762328843830058,1,-0.5282070436315138,1,0.15033704677105778,1,0.6484368434934238,1.4104036912277562,-0.6824395044525492,3,0.9817049000308219,0.5941688846130786,-0.27382799172846567,0.17293208220141715,-0.9474433714039411,-0.1336916841560081,-0.7589658239845315,1,0,1
1.6970009734159879,1,-1.2534354094876172,0,-0.5372523922932173,0,-0.7462041340140584,-0.3550278711448435,-0.48414752505458825,7,-1.1528680063691352,-0.06031732827370459,-1.1172246307546154,1.3561014665843194,0.6764588949127578,-1.2805212928527623,-1.664291436739693,1,0,0
-0.6260842811845024,1,-0.7699498322502151,0,0.15033704677105778,0,-1.4714174423179491,0.3511447538041962,0.6489495000766168,6,1.1459028159077416,0.31237620962015805,0.9738414164176566,1.4693059447197205,-0.9474433714039411,0.3250401593226936,1.2327505240768242,0,0,0
0.21447539344231517,1,0.9222496880806925,1,-0.9956453516694007,0,0.42529428709222666,-1.4142868085684035,-0.48414752505458825,2,-1.4812638381229746,-0.9534183062754608,0.04447872878553573,0.18662617229844147,-1.4114154474944265,-0.36305760589535896,-0.7589658239845315,1,0,1
1.269793446476534,1,-1.2534354094876172,0,-0.9956453516694007,0,0.6484368434934238,-1.0612004960938834,0.8189140538462976,4,-0.9886700904922153,0.4759977628418538,1.2851779167744173,-0.7299649248623871,-0.019499219222970297,-1.2805212928527623,0.32742491132166257,1,0,1
1.4060380091220894,0,-0.6490784379408645,1,0.8379264858353329,0,1.4294357908976139,1.4104036912277562,0.13905583876757452,4,0.6533090682769823,1.0191304186749828,1.4710504543008414,0.5992747538887747,0.4444728568675151,-0.8217894493740606,-1.4832263141886608,1,1,0
-1.0648379575006983,0,1.0431210823900432,0,0.37953352645914945,0,-0.9135610513149562,-1.0612004960938834,-0.14421841751522674,3,0.4891111524000626,-0.9284205689777016,0.26984918053632506,0.4194257039478551,-0.019499219222970297,0.5544060810620445,0.8706202789747596,0,0,0
-1.669856184841979,0,1.2848638710087446,1,-0.7664488719813091,0,-1.0251323295155548,-1.4142868085684035,0.4223300950503758,8,-1.3170659222460548,-0.744346321603294,-0.4829345964456929,-0.6852308972121076,-0.7154573333586983,-1.0511553711134114,-0.3968355788824668,0,1,0
-0.7715657633314515,1,0.559635505152641,0,-0.7664488719813091,0,1.2062932344964166,-0.7081141836193636,0.5922946488200566,8,-0.8244721746152955,-0.687533282290205,-0.4573771225358096,0.13915332662875712,1.6044030470937285,-0.1336916841560081,1.5948807691788889,0,1,0
1.2605565269751404,1,-0.6490784379408645,0,-0.30805591260512566,1,1.652578347298811,-0.7081141836193636,0.8472414794745777,7,-0.3318784269845363,2.2599271972728427,1.5407526558732505,0.35186819280253506,1.3724170090484857,1.9306016114981492,0.6895551564237272,1,0,1
-0.5129320172924308,1,0.07614992791523893,1,-0.9956453516694007,1,0.3137230088916281,1.0573173787532364,-1.6738994014423536,2,-1.6454617539998944,-1.1420375967949157,-0.4689941561312111,-1.208345138918437,-0.25148525726821297,-0.5924235276347098,-0.21577045633143446,1,0,0
0.38073994446739995,1,1.2848638710087446,0,-0.9956453516694007,0,1.5967927081985116,-0.7081141836193636,0.7056043513331771,5,-1.1528680063691352,1.1282114541561135,1.6476293649509444,-1.5470456339848389,0.9084449329580004,-0.1336916841560081,-1.3021611916376286,1,1,0
0.47541836935668436,1,-0.7699498322502151,1,0.37953352645914945,1,0.2021517306910295,-0.0019415586703236604,-1.6455719758140734,5,0.3249132365231428,0.08057900922275567,0.99939889032754,-1.070491298608392,-0.019499219222970297,-0.36305760589535896,0.6895551564237272,1,0,1
1.2628657568504886,0,0.31789271653393997,1,1.2963194452115163,0,-1.1367036077161534,-0.0019415586703236604,0.8189140538462976,6,1.1459028159077416,1.032765548110124,0.3906663299285008,1.2374193524101085,0.9084449329580004,1.9306016114981492,0.6895551564237272,1,1,1
-0.2127321334971388,0,0.559635505152641,0,0.37953352645914945,1,0.14636609159073022,1.0573173787532364,0.5356397975634963,5,0.9817049000308219,0.8441462575906693,1.3409396780323444,0.9900127913238689,0.9084449329580004,2.1599675332375003,0.8706202789747596,1,0,0
1.59308562902531,0,-0.2864642550128128,0,-0.5372523922932173,0,0.6484368434934238,-1.4142868085684035,-0.030908715002106235,3,-1.1528680063691352,-0.13985558331202894,-0.5317261375463793,-0.7098802593867514,1.1404309710032432,0.3250401593226936,-1.4832263141886608,0,0,1
1.3459980323630312,0,-1.2534354094876172,0,-0.5372523922932173,1,1.2062932344964166,0.3511447538041962,-1.1923331657615914,3,1.638496563538501,-0.5648171173739333,-0.20877260359421723,-0.49625245387317185,-1.1794294094491837,-1.2805212928527623,0.14635978877063022,1,0,0
0.9719027925565903,0,-0.6490784379408645,1,-0.9956453516694007,1,-0.6346328558134597,1.4104036912277562,-0.05923614063038636,2,-1.6454617539998944,1.3168307446755683,0.33955138210873415,-1.4082788543349922,1.1404309710032432,0.3250401593226936,0.6895551564237272,1,0,0
1.0365612290663455,0,0.9222496880806925,1,-0.7664488719813091,0,0.09058045249043094,-0.3550278711448435,-1.588917124557513,5,-0.003482595230696726,0.1851150015588391,1.1434501069105187,1.021052728877124,1.1404309710032432,0.09567423758334274,0.5084900338726949,0,0,0
0.20754770381626997,1,1.2848638710087446,0,0.6087300061472412,0,-0.35570466031196335,-0.0019415586703236604,-1.6172445501857933,5,1.1459028159077416,-0.8943327453898484,0.353491822423216,-1.691290049673495,-0.9474433714039411,-0.8217894493740606,-0.3968355788824668,1,0,0
-0.6561042695640316,1,-0.5282070436315138,1,-0.30805591260512566,0,-0.8577754122146569,-1.4142868085684035,0.5922946488200566,8,1.638496563538501,-0.1943961010525942,0.4046067702429826,1.1506901151289544,0.4444728568675151,-0.5924235276347098,1.5948807691788889,0,0,0
0.6070444722515431,0,-1.1325640151782668,1,0.15033704677105778,0,0.9831506780952195,-0.7081141836193636,-1.6738994014423536,4,-0.3318784269845363,0.8600539085983342,1.0086925172038612,-0.5820687518145243,-0.019499219222970297,0.5544060810620445,-1.4832263141886608,1,1,0
0.5585506448692268,0,1.2848638710087446,0,1.0671229655234247,0,0.2579373697913288,0.704231066278716,1.3854625664119,4,1.638496563538501,-1.3283843657418468,-1.605140041761479,0.31626355855027183,-1.643401485539669,-1.2805212928527623,-0.9400309465355637,0,0,0
1.4730056755071932,0,-0.6490784379408645,1,-0.30805591260512566,0,-0.46727593851256194,-0.0019415586703236604,0.25236554128069505,6,-0.9886700904922153,1.2191123170570555,-0.16462787593169148,-0.7135320167459579,0.6764588949127578,0.5544060810620445,-0.3968355788824668,1,1,1
-1.316544013913674,0,0.8013782937713424,0,-0.7664488719813091,1,0.36950864799192734,-1.0612004960938834,-1.588917124557513,1,-0.8244721746152955,0.5282657590098955,-0.5549602047371823,-0.10368853775847434,0.21248681882227238,0.3250401593226936,-0.9400309465355637,1,0,0
0.32762765733438676,1,-1.1325640151782668,1,1.7547124045876996,1,-0.8577754122146569,0.3511447538041962,0.9605511819876982,5,1.4742986476615811,-1.0874970790543503,-0.6455730667813141,-1.6922029890132968,0.4444728568675151,-1.2805212928527623,-1.4832263141886608,1,0,0
-0.4367274314059336,0,0.6805068994619917,0,-0.07885943291703394,0,-1.5272030814182482,-0.0019415586703236604,0.39400266942209566,5,0.4891111524000626,-0.489823905480656,-0.452730309097649,1.3944449188559875,-1.4114154474944265,-0.36305760589535896,0.32742491132166257,1,0,0
-1.1064040952569696,0,-0.8908212265595655,0,0.6087300061472412,1,-1.2482748859167518,-0.0019415586703236604,-0.9373863351070703,4,0.3249132365231428,-0.2602992266557772,1.7312720068378353,0.12728511521133604,-1.4114154474944265,-1.2805212928527623,0.14635978877063022,1,1,1
-1.3881301400494743,1,1.647478053936796,1,-0.30805591260512566,0,-1.5272030814182482,-1.4142868085684035,1.2721528638987796,3,-0.6602742587383758,-0.42164825830494945,0.7507943713859476,-0.7874801032698893,-0.25148525726821297,-1.0511553711134114,-1.3021611916376286,1,0,0
-0.12959985798459642,0,-0.8908212265595655,0,0.15033704677105778,0,1.5967927081985116,0.3511447538041962,0.13905583876757452,3,0.9817049000308219,-0.6511729371298283,-0.47828778300753233,-1.7095488364695275,-1.1794294094491837,-1.2805212928527623,0.5084900338726949,0,1,0
1.1866611709639916,0,-0.16559286070346238,1,0.15033704677105778,0,1.7083639863991102,1.0573173787532364,-0.37083782254146774,8,1.4742986476615811,1.7054319335770958,0.3093470947606902,-0.11373087049629217,1.6044030470937285,1.471869768019448,0.8706202789747596,0,1,0
-0.404398213151056,0,1.2848638710087446,0,-0.9956453516694007,0,0.9273650389949202,-0.7081141836193636,1.6687368226947015,4,-0.8244721746152955,1.582715768660824,1.6731868388608278,1.1096078448378814,-1.4114154474944265,-0.1336916841560081,-0.7589658239845315,1,0,0
0.48465528885807796,0,0.07614992791523893,1,0.15033704677105778,0,0.9273650389949202,-1.0612004960938834,1.4987722689250207,3,1.638496563538501,1.4849973410423112,0.4115769904002235,1.320496832332056,-0.019499219222970297,1.242503846280097,0.8706202789747596,1,1,0
1.5099533535127676,1,-1.2534354094876172,1,-0.9956453516694007,1,1.2620788735967159,1.4104036912277562,0.8755689051028578,1,-1.4812638381229746,0.6873422690865442,-0.020576659348712736,1.5879880588939315,0.6764588949127578,-0.1336916841560081,1.2327505240768242,1,0,1
-0.912428785727704,0,0.9222496880806925,1,0.6087300061472412,1,1.2062932344964166,1.763490003702276,-1.1073508888767511,2,-0.1676805111076165,0.3555541194981055,-0.5642538316135035,-1.070491298608392,-0.019499219222970297,-0.8217894493740606,0.5084900338726949,1,0,1
-0.9840149118635043,1,-1.2534354094876172,1,1.2963194452115163,1,-0.9693466904152555,-0.7081141836193636,0.25236554128069505,8,0.3249132365231428,-1.0602268201840677,-1.667872023176647,-1.3471119185682836,-1.4114154474944265,-1.2805212928527623,1.4138156466278566,1,1,0
-0.7161442463230899,0,-0.6490784379408645,0,-0.7664488719813091,0,-0.8019897731143576,-1.0612004960938834,0.36567524379381555,3,1.3101007317846614,1.587260811805871,1.0133393306420218,0.19484262635665608,-0.019499219222970297,0.09567423758334274,-1.4832263141886608,1,1,1
-1.6998761732215084,0,-0.2864642550128128,1,-0.9956453516694007,1,-0.9693466904152555,-0.0019415586703236604,-0.25752812002834724,1,-1.4812638381229746,-0.8261570982141418,0.5928027144884871,0.00860300103712518,-1.643401485539669,-0.36305760589535896,1.051685401525792,1,0,1
-1.2726686462820544,0,-0.40733564932216343,0,-0.7664488719813091,1,0.48107992619252593,-0.3550278711448435,0.8189140538462976,8,-0.3318784269845363,0.35782664107062906,-0.0902788609211218,0.09533223831827928,-1.643401485539669,-0.8217894493740606,1.051685401525792,1,1,0
-0.6838150280682124,1,0.07614992791523893,0,0.15033704677105778,1,0.48107992619252593,-0.0019415586703236604,1.35713514078362,3,1.638496563538501,-0.9965962161534082,-1.2148077129559882,0.6887428091893336,-0.4834712953134557,0.3250401593226936,1.5948807691788889,1,0,0
-0.2381336621259712,0,-0.40733564932216343,1,-0.7664488719813091,1,-0.5788472167131605,1.763490003702276,-0.427492673798028,3,-0.6602742587383758,1.1009411952858308,1.1016287859670733,-0.8796869765898531,-0.019499219222970297,-0.1336916841560081,0.8706202789747596,1,1,0
0.7063413568915243,0,-0.40733564932216343,0,1.2963194452115163,1,1.1505075953961175,-0.7081141836193636,1.130515735757379,8,1.3101007317846614,-0.4580086034653263,-1.3751227765725291,0.39112458441400483,0.21248681882227238,0.09567423758334274,0.14635978877063022,1,0,0
0.34610149633717396,1,-0.8908212265595655,1,0.6087300061472412,1,-1.2482748859167518,-0.7081141836193636,-0.9090589094787902,4,0.9817049000308219,0.03285605619976106,1.0946585658098325,1.555122242661073,0.21248681882227238,-1.2805212928527623,-0.3968355788824668,1,1,1
0.20062001419022477,0,-0.16559286070346238,0,-0.30805591260512566,1,1.4852214299979132,0.704231066278716,1.2154980126422192,7,-0.8244721746152955,-0.5398193800761741,0.1188277437961054,1.154341872488161,1.3724170090484857,2.389333454976851,-1.121096069086596,1,1,0
-1.2149378993983444,1,-0.7699498322502151,1,1.7547124045876996,1,-1.0251323295155548,1.0573173787532364,0.7056043513331771,4,0.6533090682769823,-0.6034499841068337,-0.03684050638227485,-0.9965432120844607,0.4444728568675151,0.3250401593226936,-1.4832263141886608,1,1,0
-0.3951612936496624,1,0.43876411084329037,0,-0.9956453516694007,0,0.2021517306910295,0.3511447538041962,-0.37083782254146774,4,-1.1528680063691352,1.5986234196684888,0.4115769904002235,1.545079909923255,-0.9474433714039411,-0.5924235276347098,1.5948807691788889,1,1,0
1.6715994447871556,1,-1.2534354094876172,1,-0.9956453516694007,1,-0.9693466904152555,1.763490003702276,-0.22920069440006713,2,-1.6454617539998944,1.744064800309996,1.0086925172038612,-0.4743419097179329,0.6764588949127578,0.7837720028013953,1.5948807691788889,1,1,1
-1.3211624736643708,1,1.5266066596274452,1,-0.9956453516694007,1,-1.3598461641173505,-1.0612004960938834,-1.333970293902992,3,-1.6454617539998944,0.26919829974221055,-1.1102544105973746,-1.4502740639658669,1.3724170090484857,0.09567423758334274,-1.3021611916376286,1,1,0
-0.8800995674728264,0,-0.40733564932216343,1,0.8379264858353329,0,1.4852214299979132,-1.4142868085684035,0.5356397975634963,3,-0.1676805111076165,0.3941869862310059,1.2875013234934976,0.16745444616260743,0.9084449329580004,1.242503846280097,1.4138156466278566,1,0,1
-0.496767408164992,1,0.559635505152641,1,-0.7664488719813091,1,-0.6904184949137591,0.704231066278716,1.0455334588725387,1,-0.9886700904922153,-0.41255817201485523,-0.7873008766452125,0.3363482240259075,-0.7154573333586983,0.09567423758334274,0.14635978877063022,1,0,1
-1.547467001448514,1,1.1639924766993939,1,1.2963194452115163,0,1.3736501517973145,0.704231066278716,1.1021883101290988,5,0.8175069841539021,0.8577813870258106,0.9436371290696127,0.31443767987066856,-0.25148525726821297,-0.1336916841560081,0.14635978877063022,0,1,0
-0.4690566496608112,1,-1.2534354094876172,0,0.6087300061472412,0,0.5368655652928253,-1.4142868085684035,-0.8240766325939498,3,-0.3318784269845363,0.19193256627640976,0.8739349274972037,-1.155394657209943,0.9084449329580004,0.7837720028013953,-0.9400309465355637,0,1,0
0.4246153120990196,1,0.559635505152641,1,-0.9956453516694007,1,-0.9135610513149562,-1.0612004960938834,0.8755689051028578,4,-1.4812638381229746,0.1464821348259387,-1.145105511383579,0.6741357797525077,-1.4114154474944265,-0.5924235276347098,-0.21577045633143446,1,1,0
-0.014138364217176413,0,0.07614992791523893,0,-0.9956453516694007,0,0.36950864799192734,-1.4142868085684035,0.16738326439585466,2,-0.1676805111076165,1.998587216432634,1.175977800977643,0.9881869126442656,0.21248681882227238,-1.0511553711134114,1.051685401525792,0,0,1
-1.443551657057836,1,1.4057352653180952,1,-0.9956453516694007,0,1.2062932344964166,-1.4142868085684035,0.3090203925372553,4,1.638496563538501,-0.44891851717523207,-0.7896242833642928,0.5691477556753212,-1.4114154474944265,-1.0511553711134114,-1.121096069086596,1,1,1
1.30443189460676,0,-0.40733564932216343,0,3.1298912827162497,1,-0.4114902994122626,1.0573173787532364,1.2721528638987796,6,1.4742986476615811,1.7713350591802788,0.44875149790550833,-0.4569960622617021,-0.4834712953134557,0.09567423758334274,-1.664291436739693,1,1,0
-0.1526921567380804,1,0.9222496880806925,1,-0.9956453516694007,1,-0.02099082571016763,1.0573173787532364,-1.2206605913898716,2,-1.4812638381229746,2.207659201104801,1.1899182412921248,1.2109441115558615,1.1404309710032432,0.3250401593226936,-0.21577045633143446,1,1,1
0.062066221669320784,1,0.559635505152641,0,2.4423018436519746,1,-1.4156318032176498,1.4104036912277562,0.08240098751101427,1,0.9817049000308219,-0.7807066667636707,-1.2635992540566745,-0.39674206583479504,-0.019499219222970297,0.3250401593226936,0.32742491132166257,1,1,0
0.5169845071129555,0,0.8013782937713424,1,-0.07885943291703394,1,0.03479481339013166,-0.3550278711448435,-0.05923614063038636,7,-0.003482595230696726,2.6326207351667055,1.7150081598042732,-0.4971653932129734,1.3724170090484857,-0.36305760589535896,-1.3021611916376286,1,0,0
1.692382513665291,1,1.647478053936796,1,-0.9956453516694007,1,-0.7462041340140584,1.763490003702276,1.0172060332442585,3,-0.1676805111076165,1.5895333333783945,0.6555346959036552,-1.6127772664505555,-0.9474433714039411,-0.8217894493740606,-1.664291436739693,1,1,1
-0.1480736969873836,0,0.19702132222458932,0,-0.07885943291703394,1,0.5368655652928253,1.4104036912277562,1.3854625664119,3,1.638496563538501,0.06239883664256725,-1.368152556415288,-0.4971653932129734,0.4444728568675151,-0.5924235276347098,-0.9400309465355637,1,0,1
1.2467011477230499,0,1.2848638710087446,0,0.37953352645914945,0,-1.0251323295155548,1.763490003702276,-0.7107669300808293,4,0.8175069841539021,-0.03531959097594551,-0.7849774699261323,0.7855143792083056,1.3724170090484857,-1.2805212928527623,0.5084900338726949,1,0,0
-0.0626321915994928,0,0.07614992791523893,1,0.15033704677105778,0,-1.5829887205185476,-0.7081141836193636,0.8189140538462976,6,-0.496076342861456,1.7895152317604672,1.0412202112709854,-0.16394253418538138,-0.7154573333586983,-0.8217894493740606,-1.3021611916376286,0,0,0
0.47079990960598755,1,1.4057352653180952,1,1.0671229655234247,0,-0.7462041340140584,0.3511447538041962,-0.25752812002834724,1,1.1459028159077416,0.17147987212369778,1.468727047581761,-1.4630552147230895,0.6764588949127578,0.7837720028013953,0.14635978877063022,0,0,0
1.0827458265733136,0,-0.2864642550128128,0,-0.9956453516694007,1,-1.1367036077161534,-0.7081141836193636,-1.3056428682747119,8,-0.6602742587383758,1.3463735251183744,0.9901052634512189,-0.4971653932129734,0.6764588949127578,1.0131379245407461,-1.121096069086596,1,1,1
-0.8777903375974779,0,-1.2534354094876172,1,0.15033704677105778,1,0.7600081216940223,-0.0019415586703236604,1.1021883101290988,8,-0.496076342861456,0.13739204853584447,1.0133393306420218,1.5039976396321821,-0.019499219222970297,1.242503846280097,-1.664291436739693,1,1,1
-0.5198597069184759,0,-0.2864642550128128,0,0.6087300061472412,0,-1.3040605250170512,0.704231066278716,1.4704448432967405,2,0.3249132365231428,0.6123490571932669,1.2619438495836142,-0.7509625296778244,-1.4114154474944265,-1.0511553711134114,0.5084900338726949,1,1,0
-0.9078103259770072,0,-1.1325640151782668,1,-0.30805591260512566,1,0.42529428709222666,0.704231066278716,0.7339317769614572,4,-0.1676805111076165,-0.3534726111292429,0.3070236880416099,0.30348240779304914,-0.9474433714039411,-0.5924235276347098,-0.9400309465355637,1,1,0
1.5445918016429936,0,-1.2534354094876172,0,-0.07885943291703394,0,-0.46727593851256194,-1.0612004960938834,-0.9657137607353504,4,1.1459028159077416,0.6623445317887852,0.5858324943312462,-1.6730312628774626,1.3724170090484857,1.0131379245407461,1.5948807691788889,0,0,1
0.38073994446739995,1,0.19702132222458932,0,1.0671229655234247,1,1.3736501517973145,-0.0019415586703236604,-1.7022268270706338,7,1.1459028159077416,0.1555722211160329,-0.03684050638227485,-0.8669058258326304,1.1404309710032432,-0.5924235276347098,-0.7589658239845315,1,1,0
0.16367233618465038,0,0.31789271653393997,1,-0.5372523922932173,0,0.5926512043931245,-0.0019415586703236604,-0.7674217813373895,5,-1.1528680063691352,-1.0284115181687379,-1.4796760789311427,1.148864236449351,0.9084449329580004,1.7012356897587988,-1.121096069086596,0,1,1
-0.6514858098133348,1,1.7683494482461466,1,-0.30805591260512566,1,0.871579399894621,1.4104036912277562,-0.25752812002834724,6,0.4891111524000626,0.4487275039715712,-0.22271304390869903,-0.5300312094458318,0.6764588949127578,0.3250401593226936,1.2327505240768242,1,1,1
-0.5152412471677792,1,-1.0116926208689163,0,-0.5372523922932173,1,1.7083639863991102,0.704231066278716,0.36567524379381555,7,-0.3318784269845363,-0.6011774625343101,1.7080379396470322,0.8923282819650954,-0.25148525726821297,1.0131379245407461,-0.7589658239845315,1,1,1
0.7340521153957051,0,0.19702132222458932,0,0.15033704677105778,0,0.14636609159073022,1.4104036912277562,0.9322237563594181,4,-0.6602742587383758,-1.012503867161073,-0.09260226764020212,0.3354352846861059,1.3724170090484857,0.09567423758334274,-1.3021611916376286,1,1,1
0.253732301323238,1,-1.2534354094876172,1,-0.9956453516694007,0,0.14636609159073022,1.0573173787532364,-0.25752812002834724,1,1.4742986476615811,0.3419189900629642,-0.6943646078820004,1.1625583265463755,-1.643401485539669,-0.8217894493740606,1.051685401525792,1,1,1
-0.37899668452222357,1,-0.7699498322502151,0,-0.07885943291703394,1,-0.46727593851256194,1.4104036912277562,0.7622592025897373,7,-0.1676805111076165,-0.46937121132794407,-1.1358118845072578,-0.684317957872306,0.9084449329580004,-1.2805212928527623,0.14635978877063022,1,1,0
0.276824600076722,1,-1.0116926208689163,1,-0.9956453516694007,1,0.09058045249043094,-1.4142868085684035,0.28069296690897516,2,-0.1676805111076165,-0.5216392074959858,-0.6641603205339565,1.2082052935364567,0.21248681882227238,1.242503846280097,-1.4832263141886608,1,0,0
0.9580474133044999,1,-0.16559286070346238,0,-0.9956453516694007,0,-0.1883477430110655,-0.7081141836193636,-0.5974572275677088,2,-1.6454617539998944,-0.21712131677782973,-0.9034712125992277,-1.4484481852862636,-0.7154573333586983,-0.8217894493740606,-0.3968355788824668,1,1,1
0.30453535858090275,1,1.1639924766993939,1,-0.07885943291703394,1,1.0947219562958181,-0.0019415586703236604,1.2438254382704994,3,-0.496076342861456,-1.4056500992076477,-1.4146206907968941,1.2328546557111004,-1.643401485539669,-1.0511553711134114,-0.7589658239845315,1,0,0
1.0296335394403004,0,0.8013782937713424,0,0.15033704677105778,1,-1.1924892468164525,-1.4142868085684035,0.3090203925372553,3,-0.496076342861456,1.4190942154391282,0.31631731491793114,-1.5096151210529722,-1.643401485539669,-0.8217894493740606,-0.21577045633143446,1,1,0
-0.4136351326524496,1,1.0431210823900432,1,-0.30805591260512566,1,0.42529428709222666,0.3511447538041962,-0.5124749506828684,8,0.8175069841539021,-0.31256722282381894,1.7173315665233535,-1.4365799738688425,0.9084449329580004,1.9306016114981492,-0.03470533378040212,1,0,0
1.0296335394403004,1,0.6805068994619917,0,-0.30805591260512566,1,1.5967927081985116,1.4104036912277562,1.0172060332442585,6,0.3249132365231428,0.7805156535600098,1.7335954135569156,-0.751875469017626,0.9084449329580004,0.3250401593226936,1.4138156466278566,1,0,0
0.7294336556450084,0,-1.2534354094876172,1,-0.7664488719813091,1,-0.6904184949137591,1.0573173787532364,0.903896330731138,8,-0.003482595230696726,0.10557674652051474,0.9901052634512189,1.1753394773035981,0.9084449329580004,1.242503846280097,-0.9400309465355637,1,1,0
1.41989338837418,1,-0.7699498322502151,0,-0.07885943291703394,1,1.2620788735967159,-0.0019415586703236604,0.2240381156524149,7,-0.3318784269845363,2.4235487504945388,1.4571100139863595,-1.4393187918882475,-1.1794294094491837,-0.1336916841560081,-1.3021611916376286,1,0,0
-1.1064040952569696,1,-1.2534354094876172,1,-0.07885943291703394,0,-0.1325621039107662,1.0573173787532364,-1.135678314505031,5,-0.3318784269845363,0.37827933522334106,1.638335738074623,1.1935982640996305,-0.7154573333586983,-1.0511553711134114,-1.3021611916376286,1,0,1
1.6600532954104135,1,-1.2534354094876172,0,-0.07885943291703394,1,-0.1883477430110655,-0.0019415586703236604,0.25236554128069505,5,0.4891111524000626,-0.1080402812966992,-1.3333014556290836,0.7261733221212001,-0.25148525726821297,-1.0511553711134114,1.5948807691788889,1,1,1
0.22833077269440558,1,1.7683494482461466,0,0.6087300061472412,1,0.3137230088916281,-1.4142868085684035,0.6206220744483367,3,0.16071532064622304,-0.271661834518395,0.499866445725275,-0.781089527891278,-0.7154573333586983,-0.8217894493740606,0.6895551564237272,1,0,0
-1.0232718197444273,1,0.8013782937713424,1,-0.9956453516694007,0,-0.9135610513149562,-1.4142868085684035,-0.9940411863636306,1,-1.6454617539998944,-0.9829610867182669,-1.1938970524842654,-0.6258898401250022,1.1404309710032432,1.471869768019448,1.2327505240768242,1,0,0
-0.6168473616831088,0,0.6805068994619917,0,0.37953352645914945,0,-0.46727593851256194,0.3511447538041962,-0.45582009942630813,5,0.9817049000308219,1.278197877942668,0.0142744414374918,1.4620024300013075,-1.1794294094491837,-0.8217894493740606,1.5948807691788889,0,1,0
-0.6330119708105476,1,-0.2864642550128128,0,0.8379264858353329,0,0.6484368434934238,0.704231066278716,-1.6455719758140734,7,-0.003482595230696726,-0.7602539726109587,-1.5354378401890698,1.5952915736123443,-1.1794294094491837,0.09567423758334274,-0.7589658239845315,0,1,0
0.015881624162352784,0,-1.0116926208689163,0,-0.9956453516694007,1,0.09058045249043094,1.4104036912277562,-0.7674217813373895,4,-0.003482595230696726,-1.0693169064741619,-1.4006802504824123,1.223725262313084,-1.1794294094491837,-0.5924235276347098,-0.5779007014334991,1,1,1
1.0481073784430874,1,0.43876411084329037,0,-0.9956453516694007,1,1.2062932344964166,-0.0019415586703236604,0.8472414794745777,7,1.1459028159077416,0.02831101305471396,-0.7826540632070519,-0.05165099538978188,0.4444728568675151,0.5544060810620445,0.6895551564237272,1,1,0
0.7109598166422212,1,-1.2534354094876172,1,1.525515924899608,0,-1.5272030814182482,1.763490003702276,-0.45582009942630813,3,0.3249132365231428,-0.5375468585036506,0.7647348117004295,1.330539165069874,-1.1794294094491837,-0.36305760589535896,1.2327505240768242,0,0,0
1.6138686979034456,0,-0.40733564932216343,0,-0.30805591260512566,0,-0.35570466031196335,0.704231066278716,-0.7957492069656696,6,-0.8244721746152955,0.982770073514606,0.6741219496562977,1.0447891517119663,1.3724170090484857,0.3250401593226936,1.5948807691788889,0,0,1
-0.6307027409351992,1,-0.044721466394111724,0,0.15033704677105778,1,1.3736501517973145,-1.0612004960938834,1.4137899920401802,7,0.9817049000308219,-0.3966505210071904,1.3153822041224612,0.7298250794804066,-1.4114154474944265,-0.36305760589535896,-1.664291436739693,1,0,0
1.0365612290663455,1,-1.2534354094876172,1,-0.5372523922932173,1,0.8157937607943216,-0.0019415586703236604,1.3854625664119,5,0.4891111524000626,-0.7352562353131997,-0.09724908107836272,-0.5008171505721799,-0.9474433714039411,0.09567423758334274,-0.03470533378040212,1,1,0
1.392182629869999,1,-1.2534354094876172,0,-0.7664488719813091,0,-0.1883477430110655,-0.0019415586703236604,1.1588431613856591,7,0.3249132365231428,0.7873332182775805,1.7103613463661125,1.0520926664303791,0.4444728568675151,-0.36305760589535896,0.6895551564237272,1,0,1
-1.6421454263377984,0,-0.044721466394111724,0,-0.7664488719813091,1,0.871579399894621,0.704231066278716,-0.7674217813373895,1,-0.9886700904922153,-0.7761616236186236,-1.0196415485532428,-1.312420223655822,-0.25148525726821297,1.0131379245407461,1.2327505240768242,1,1,0
-1.3788932205480808,0,1.647478053936796,0,-0.9956453516694007,0,0.3137230088916281,-0.0019415586703236604,-0.28585554565662735,1,-0.003482595230696726,0.5941688846130786,-0.15068743561720968,-1.4785751834997172,-0.9474433714039411,-0.36305760589535896,-0.03470533378040212,1,1,1
0.05744776191862398,0,-1.2534354094876172,1,-0.5372523922932173,0,1.2062932344964166,-1.4142868085684035,0.5356397975634963,8,-1.1528680063691352,-0.04213715569351617,-1.3937100303251715,-1.0841853887054165,0.4444728568675151,1.242503846280097,-0.9400309465355637,0,1,1
-0.20118598412039682,0,-0.044721466394111724,0,-0.30805591260512566,0,0.2021517306910295,-0.3550278711448435,-1.0223686119919106,4,-0.3318784269845363,0.19420508784893328,-0.10189589451652332,-0.057128631428591606,-0.9474433714039411,0.3250401593226936,1.2327505240768242,0,0,0
0.6255183112543303,0,-1.2534354094876172,0,0.37953352645914945,1,0.871579399894621,0.3511447538041962,0.08240098751101427,5,0.6533090682769823,0.3873694215134353,0.5556282069832023,0.5883194818111552,0.6764588949127578,-0.1336916841560081,-0.03470533378040212,1,1,1
1.5769210198978711,1,-1.2534354094876172,1,-0.9956453516694007,1,-0.7462041340140584,1.763490003702276,0.6489495000766168,6,-1.3170659222460548,-0.642082850839734,-0.4620239359739702,-0.24154237806851928,-0.019499219222970297,0.3250401593226936,-0.9400309465355637,1,1,0
-0.3189567077631652,0,-0.6490784379408645,0,-0.30805591260512566,0,0.9273650389949202,0.704231066278716,-0.002581289373826107,5,0.3249132365231428,1.5145401214851173,0.9668711962604157,0.9827092766054559,-0.019499219222970297,-1.2805212928527623,0.8706202789747596,1,0,0
-1.1987732902709056,1,-1.2534354094876172,1,-0.9956453516694007,1,0.5368655652928253,-1.4142868085684035,0.6489495000766168,8,-1.4812638381229746,-1.3352019304594176,-1.145105511383579,-0.12651202125351488,-1.643401485539669,-1.2805212928527623,1.4138156466278566,1,1,1
-0.0025922148404344137,1,-1.1325640151782668,0,-0.5372523922932173,0,-0.1325621039107662,0.704231066278716,-0.9940411863636306,5,-1.1528680063691352,-0.6852607607176815,0.42784083743378565,0.45503033820011834,1.1404309710032432,0.5544060810620445,-0.7589658239845315,1,0,0
0.34610149633717396,0,-0.044721466394111724,1,-0.9956453516694007,1,0.6484368434934238,-1.4142868085684035,-0.6257846531959889,6,-1.4812638381229746,-1.0420466476038792,1.3781141855376293,-0.7226614101439741,-1.1794294094491837,-1.0511553711134114,-0.5779007014334991,1,1,1
1.662362525285762,0,-0.8908212265595655,1,2.4423018436519746,1,0.871579399894621,-1.0612004960938834,0.1107284131392944,1,0.9817049000308219,1.3872789134237984,1.6801570590180686,-0.8449952816773915,-1.4114154474944265,-0.36305760589535896,1.4138156466278566,1,1,1
1.3459980323630312,0,0.19702132222458932,0,-0.9956453516694007,0,0.2021517306910295,1.0573173787532364,-0.7957492069656696,5,-1.4812638381229746,-0.7738891020461001,-1.5958464148851577,-0.6414098089016297,-0.25148525726821297,-0.36305760589535896,-0.7589658239845315,0,0,0
1.2143719294681723,1,0.07614992791523893,0,2.9006948030281583,1,0.7042224825937231,-0.0019415586703236604,0.5356397975634963,2,1.3101007317846614,0.4669076765517596,0.36046204258045683,-0.9417668516963634,-1.4114154474944265,-1.0511553711134114,1.051685401525792,1,1,0
-1.3996762894262162,0,-0.2864642550128128,1,0.15033704677105778,1,-1.4714174423179491,0.3511447538041962,0.08240098751101427,8,1.638496563538501,0.7827881751325334,0.23964489318828114,0.48698321509317516,0.6764588949127578,0.3250401593226936,-0.5779007014334991,1,1,0
-0.8616257284700392,1,-1.2534354094876172,1,0.37953352645914945,0,-1.3598461641173505,0.3511447538041962,0.33734781816553544,7,-0.1676805111076165,1.4213667370116516,0.37440248289493866,-1.4630552147230895,0.6764588949127578,0.5544060810620445,-0.7589658239845315,1,0,1
-1.3558009217945968,0,-1.2534354094876172,1,0.6087300061472412,1,-1.5272030814182482,-0.7081141836193636,0.8189140538462976,8,-0.003482595230696726,0.06239883664256725,-1.2078374927987472,0.011341819056530046,0.9084449329580004,1.0131379245407461,0.8706202789747596,1,1,0
0.9626658730551968,1,-1.2534354094876172,0,-0.9956453516694007,0,0.42529428709222666,0.3511447538041962,0.19571069002413477,4,0.8175069841539021,0.7259751358194446,0.6857389832516992,-0.7683083771340552,-0.9474433714039411,-0.1336916841560081,0.6895551564237272,1,0,0
0.3160815079576448,0,0.19702132222458932,0,1.525515924899608,1,0.42529428709222666,-1.4142868085684035,0.19571069002413477,6,1.4742986476615811,-0.32847487383148377,-1.7259571911536546,0.30348240779304914,1.3724170090484857,0.7837720028013953,1.4138156466278566,1,1,0
-0.2612259608794552,0,-0.16559286070346238,0,-0.30805591260512566,0,0.5368655652928253,-1.4142868085684035,1.6687368226947015,5,0.3249132365231428,0.22374786829173948,0.6810921698135386,-0.657842717018059,1.3724170090484857,1.471869768019448,1.5948807691788889,1,0,1
1.496097974260677,1,-1.2534354094876172,1,1.2963194452115163,0,-0.9135610513149562,-1.4142868085684035,0.903896330731138,3,1.638496563538501,2.278107369853031,1.5965144171311778,-1.0558842691715662,1.3724170090484857,2.6186993767162017,0.8706202789747596,1,1,0
0.450016840727852,0,0.6805068994619917,1,1.525515924899608,1,-1.6387743596188469,-1.4142868085684035,-0.6257846531959889,8,1.1459028159077416,-0.12394793230436406,-0.41555580159236416,0.12728511521133604,0.9084449329580004,-0.36305760589535896,-0.7589658239845315,1,0,1
-1.3003794047862351,0,-1.0116926208689163,0,0.15033704677105778,0,-0.7462041340140584,1.4104036912277562,0.9322237563594181,4,1.1459028159077416,0.7327927005370153,1.7080379396470322,0.4057316138508308,0.9084449329580004,-0.5924235276347098,-1.121096069086596,0,0,1
0.7432890348970987,1,-1.2534354094876172,0,2.6714983233400664,0,0.03479481339013166,1.763490003702276,0.28069296690897516,8,1.638496563538501,-0.4966414701982267,-1.3844164034488502,-1.5242221504897984,-1.643401485539669,-1.0511553711134114,-0.9400309465355637,1,1,1
-0.8108226712123744,1,1.1639924766993939,0,-0.5372523922932173,0,-0.5230615776128612,-0.0019415586703236604,-1.1923331657615914,5,-1.1528680063691352,-1.3761073187648416,-1.3635057429771276,0.4988514265105962,0.9084449329580004,1.9306016114981492,-0.7589658239845315,0,0,0
-1.0948579458802277,1,1.0431210823900432,1,-0.7664488719813091,1,-1.2482748859167518,-0.0019415586703236604,-1.7022268270706338,4,-1.3170659222460548,1.3872789134237984,1.0737479053381096,0.9717540045278364,1.3724170090484857,1.242503846280097,-1.3021611916376286,1,1,0
0.17290925568604398,1,-0.2864642550128128,0,-0.9956453516694007,1,1.7083639863991102,-0.3550278711448435,-0.88073148385051,8,-0.1676805111076165,0.42145724510128857,-0.7175986750728035,-0.6514521416394475,-1.1794294094491837,0.09567423758334274,0.8706202789747596,1,1,1
1.6785271344132007,1,-1.2534354094876172,1,-0.30805591260512566,0,-0.6346328558134597,1.0573173787532364,-1.2773154426464317,8,-0.496076342861456,-1.1465826399399628,-1.7259571911536546,-0.41408791329102584,-0.019499219222970297,1.0131379245407461,-0.5779007014334991,0,0,1
-0.2727721102561972,1,-0.16559286070346238,0,1.7547124045876996,0,1.1505075953961175,-0.3550278711448435,-1.588917124557513,5,0.6533090682769823,-0.05122724198361038,0.2791428074126463,0.7343897761794147,0.4444728568675151,0.7837720028013953,0.14635978877063022,1,1,0
-0.970159532611414,1,1.0431210823900432,1,-0.9956453516694007,1,1.4294357908976139,-0.7081141836193636,-1.4756074220443927,4,-1.4812638381229746,-1.0284115181687379,-1.0777267165302504,0.6257499947430217,-0.7154573333586983,-0.5924235276347098,1.2327505240768242,1,0,1
-0.20118598412039682,0,0.6805068994619917,0,-0.5372523922932173,1,-0.2999190212116641,0.704231066278716,-0.08756356625866649,1,0.8175069841539021,2.032675040020487,1.2898247302125778,0.9863610339646625,-0.9474433714039411,-1.2805212928527623,-1.664291436739693,1,0,0
0.28837074945346397,0,1.5266066596274452,1,-0.5372523922932173,1,-0.7462041340140584,0.3511447538041962,-1.3056428682747119,4,-1.1528680063691352,0.8895966890411404,0.9901052634512189,-0.3748315216795561,-1.4114154474944265,-1.0511553711134114,-0.5779007014334991,1,0,1
-1.6560008055898887,0,1.1639924766993939,1,0.15033704677105778,0,1.3178645126970152,-0.7081141836193636,-0.030908715002106235,4,-0.6602742587383758,-1.139765075222392,-1.4006802504824123,1.610811542388972,-0.4834712953134557,-1.2805212928527623,-0.7589658239845315,0,0,1
0.6139721618775884,1,-1.2534354094876172,0,0.8379264858353329,1,-0.8019897731143576,-1.4142868085684035,-1.4756074220443927,3,1.1459028159077416,1.0168578971024593,1.5035781483679656,1.3049768635554284,-0.019499219222970297,1.0131379245407461,-0.9400309465355637,1,1,1
0.38535840421809675,1,0.19702132222458932,0,-0.5372523922932173,0,-1.2482748859167518,-1.0612004960938834,1.6970642483229814,6,-0.6602742587383758,-0.7216211058780584,0.8274667931155977,0.6294017521022282,-1.643401485539669,-0.36305760589535896,0.6895551564237272,0,1,0
0.14519849718186317,0,-0.044721466394111724,0,1.0671229655234247,1,-1.1367036077161534,1.4104036912277562,-1.1923331657615914,6,1.638496563538501,0.5441734100175604,0.5440111733878007,-1.720504108547147,0.6764588949127578,-1.2805212928527623,-0.3968355788824668,1,1,0
-1.2172471292736928,1,-1.2534354094876172,1,-0.9956453516694007,1,-0.5230615776128612,-0.3550278711448435,-0.7674217813373895,6,-0.1676805111076165,-0.45573608189280274,1.1085990061243143,1.6546326306994499,0.4444728568675151,0.7837720028013953,0.14635978877063022,1,1,1
-0.3189567077631652,1,1.647478053936796,0,1.2963194452115163,0,1.0947219562958181,-1.4142868085684035,1.2154980126422192,2,0.3249132365231428,-1.139765075222392,1.0598074650236278,0.9918386700034721,0.9084449329580004,-1.0511553711134114,0.32742491132166257,0,1,1
-1.1017856355062727,1,-0.40733564932216343,0,-0.5372523922932173,0,-0.8577754122146569,-1.4142868085684035,-1.2773154426464317,8,-0.9886700904922153,1.7099769767221429,0.47430897181539167,-0.27440819430137764,1.3724170090484857,-0.8217894493740606,-0.03470533378040212,0,0,1
-0.3305028571399072,0,-0.6490784379408645,1,0.37953352645914945,0,-0.1883477430110655,0.704231066278716,-0.8240766325939498,6,-0.3318784269845363,0.8146034771478632,0.5486579868259613,-0.31092576789344256,-0.9474433714039411,0.3250401593226936,0.8706202789747596,0,1,1
-0.5568073849240504,0,-1.2534354094876172,0,-0.9956453516694007,0,0.7600081216940223,-0.3550278711448435,-0.200873268771787,8,1.1459028159077416,-1.0352290828863087,0.7112964571615825,1.557861060680478,1.1404309710032432,-1.2805212928527623,1.5948807691788889,0,1,1
-0.5221689367938244,0,-0.044721466394111724,0,1.9839088842757913,1,-1.4156318032176498,0.704231066278716,-1.2489880170181518,3,1.3101007317846614,0.5419008884450368,0.8437306401491598,-0.9454186090555698,0.21248681882227238,0.7837720028013953,-0.5779007014334991,1,0,1
-1.4597162661852747,1,-1.0116926208689163,0,-0.07885943291703394,1,1.0389363171955188,-1.4142868085684035,1.0738608845008186,7,-0.496076342861456,0.8645989517433813,-0.4875814098838535,0.6175335406848071,-0.4834712953134557,0.3250401593226936,0.14635978877063022,1,0,1
-0.3512859260180428,0,0.07614992791523893,1,-0.5372523922932173,0,0.09058045249043094,0.3511447538041962,-0.34251039691318763,8,-0.9886700904922153,0.30328612333006383,-0.9615563805762352,0.516197273966827,-0.7154573333586983,-0.5924235276347098,1.5948807691788889,0,0,1
-0.7554011542040128,0,-1.2534354094876172,1,1.525515924899608,0,-1.080917968615854,-0.7081141836193636,0.5356397975634963,1,0.8175069841539021,-0.810249447206477,-1.5795825678515956,-1.0494936937929549,-0.9474433714039411,-0.36305760589535896,1.051685401525792,1,0,0
-1.0186533599937304,1,-0.044721466394111724,0,-0.9956453516694007,0,-0.4114902994122626,-0.7081141836193636,0.9605511819876982,2,-1.1528680063691352,-0.24893661879315945,-1.6190804820759608,-0.5455511782224595,0.6764588949127578,1.7012356897587988,-1.4832263141886608,1,0,0
0.5585506448692268,0,0.31789271653393997,0,-0.9956453516694007,1,-1.6945599987191462,-1.4142868085684035,-0.45582009942630813,4,-1.6454617539998944,0.30328612333006383,-1.098637377001973,1.06943851388661,1.1404309710032432,0.09567423758334274,-1.664291436739693,1,0,0
-0.150382926862732,0,0.9222496880806925,0,1.7547124045876996,1,1.5967927081985116,0.3511447538041962,-0.6824395044525492,2,0.9817049000308219,-0.5602720742288861,-0.9731734141716367,-0.1438578687097457,-1.4114154474944265,-1.2805212928527623,1.2327505240768242,1,1,0
0.692485977639434,0,-1.2534354094876172,1,3.1298912827162497,1,-0.4114902994122626,-0.0019415586703236604,-1.2489880170181518,8,1.638496563538501,-0.7647990157560058,1.1666841741013219,1.5660775147386925,-0.4834712953134557,-1.2805212928527623,-0.7589658239845315,1,1,0
-0.577590453802186,0,-1.2534354094876172,1,2.213105363963883,0,1.5967927081985116,1.0573173787532364,0.9605511819876982,7,0.8175069841539021,-0.5261842506410329,-0.606075152556949,-0.860515250454019,-0.25148525726821297,1.0131379245407461,0.8706202789747596,1,1,1
1.36216264149047,1,0.6805068994619917,1,-0.9956453516694007,1,-0.1325621039107662,-1.0612004960938834,1.2438254382704994,7,0.8175069841539021,-0.8079769256339534,-0.04613413325859606,0.8165543167615608,-1.1794294094491837,-0.5924235276347098,-1.121096069086596,1,1,0
-1.5243747026950298,0,-1.2534354094876172,1,-0.7664488719813091,0,1.3736501517973145,-0.7081141836193636,1.35713514078362,2,-0.8244721746152955,1.3509185682634215,0.323287535075172,1.3405814978076918,0.6764588949127578,-0.36305760589535896,-0.03470533378040212,1,1,1
-1.5774869898280433,0,0.559635505152641,1,-0.30805591260512566,0,0.8157937607943216,-0.7081141836193636,-0.7107669300808293,7,0.3249132365231428,-0.9556908278479843,-1.3147142018764413,0.7617779563734633,0.4444728568675151,-0.36305760589535896,0.6895551564237272,1,0,0
-0.08341526047762841,1,0.07614992791523893,1,1.0671229655234247,0,1.3736501517973145,-0.0019415586703236604,-0.8240766325939498,4,1.638496563538501,-0.687533282290205,-0.48990481660293383,-0.26619174024316306,0.9084449329580004,-1.2805212928527623,1.051685401525792,1,0,1
0.17060002581069558,0,0.6805068994619917,1,-0.9956453516694007,1,0.48107992619252593,0.3511447538041962,0.1107284131392944,7,-1.3170659222460548,-1.155672726230057,-0.048457539977676364,-1.493182212936543,-0.25148525726821297,-1.0511553711134114,0.5084900338726949,1,1,0
0.16829079593534718,0,-0.2864642550128128,1,1.2963194452115163,0,-1.5272030814182482,-1.4142868085684035,-0.002581289373826107,8,1.1459028159077416,-0.6034499841068337,1.3269992377178625,1.2091182328762582,0.4444728568675151,0.09567423758334274,-1.4832263141886608,1,0,0
-1.432005507681094,0,-1.0116926208689163,1,-0.5372523922932173,1,-0.5230615776128612,-0.0019415586703236604,1.32880771515534,2,-0.1676805111076165,-1.2306659381233342,0.1955001655257554,1.1689489019249868,-1.1794294094491837,-0.1336916841560081,-0.03470533378040212,1,0,1
0.5585506448692268,0,-1.2534354094876172,0,-0.7664488719813091,0,0.36950864799192734,1.0573173787532364,-0.7957492069656696,5,-0.6602742587383758,2.0372200831655345,0.92272646859789,0.8001214086451315,0.4444728568675151,1.0131379245407461,1.4138156466278566,0,0,0
0.3738122548413548,1,0.6805068994619917,1,1.2963194452115163,0,0.7042224825937231,1.4104036912277562,-1.4472799964161125,5,0.6533090682769823,-0.04213715569351617,-0.376057887367999,1.619940935786988,-0.9474433714039411,0.09567423758334274,-1.4832263141886608,0,0,1
0.022809313788397987,0,-1.2534354094876172,0,2.4423018436519746,1,1.0389363171955188,0.3511447538041962,-1.6172445501857933,2,1.3101007317846614,-0.44437347403018496,0.1350915908296675,0.03233942387196735,0.21248681882227238,0.7837720028013953,0.14635978877063022,1,1,0
1.4637687560057995,0,-1.2534354094876172,0,-0.9956453516694007,1,-1.4156318032176498,0.3511447538041962,-1.0223686119919106,4,-1.4812638381229746,0.5873513198955079,-0.5363729509845399,0.7216086254221921,-0.7154573333586983,-1.2805212928527623,-1.4832263141886608,1,1,0
1.6485071460336715,1,0.6805068994619917,0,-0.7664488719813091,0,-1.4156318032176498,-1.0612004960938834,0.7056043513331771,7,-0.1676805111076165,0.5373558452999897,-0.8662967050939429,1.4565247939624977,-0.25148525726821297,0.7837720028013953,-0.9400309465355637,0,1,1
0.5724060241213171,0,1.0431210823900432,0,0.37953352645914945,1,-1.6387743596188469,1.4104036912277562,-1.333970293902992,7,1.1459028159077416,0.7100674848117797,-0.5735474584898247,-0.8851646126286629,0.4444728568675151,1.7012356897587988,1.051685401525792,1,1,0
0.3253184274590384,0,-1.2534354094876172,0,-0.9956453516694007,1,1.5967927081985116,-0.0019415586703236604,-1.1923331657615914,3,-1.6454617539998944,0.3487365547805349,-0.22968326406593995,-1.413756490373802,-1.643401485539669,-0.5924235276347098,-0.03470533378040212,1,1,0
0.4107599328469292,0,-1.2534354094876172,1,2.6714983233400664,1,-0.5230615776128612,0.3511447538041962,-1.7022268270706338,4,1.3101007317846614,1.744064800309996,0.9599009761031748,-1.0266702102979142,0.4444728568675151,1.242503846280097,0.8706202789747596,1,1,1
-0.3605228455194364,0,-0.2864642550128128,1,0.15033704677105778,0,-0.2999190212116641,-1.4142868085684035,-1.3906251451595524,4,0.9817049000308219,2.2871974561431254,1.5337824357160095,-0.7537013476972293,-1.643401485539669,-1.0511553711134114,-0.03470533378040212,0,1,0
1.0919827460747071,1,0.43876411084329037,1,-0.5372523922932173,0,0.42529428709222666,-1.4142868085684035,-0.6257846531959889,3,0.3249132365231428,0.06012631507004369,1.2270927487974097,0.32539295194828805,-0.4834712953134557,0.09567423758334274,-1.121096069086596,0,1,1
0.276824600076722,1,-0.2864642550128128,0,0.15033704677105778,0,1.0389363171955188,1.763490003702276,-0.3141829712849075,3,0.8175069841539021,0.5532634963076546,1.1852714278539642,0.49154791179218327,1.1404309710032432,2.1599675332375003,-1.664291436739693,0,1,0
-0.9193564753537492,1,1.5266066596274452,0,-0.7664488719813091,0,-1.3598461641173505,-1.4142868085684035,-1.0506960376201908,7,-1.1528680063691352,-1.419285228642789,0.1025638967625433,-1.589953782955515,-0.4834712953134557,0.09567423758334274,0.6895551564237272,1,1,1
-1.2172471292736928,0,1.647478053936796,0,0.6087300061472412,0,-1.4714174423179491,0.704231066278716,-1.079023463248471,6,-0.3318784269845363,-0.5148216427784151,-0.252917331256743,-1.220213350335858,-0.7154573333586983,-1.0511553711134114,-1.664291436739693,1,0,0
-0.6514858098133348,0,0.559635505152641,0,-0.9956453516694007,1,-0.5788472167131605,0.704231066278716,-1.532262273300953,8,-1.6454617539998944,-0.9238755258326545,-0.03684050638227485,0.3646493435597578,1.1404309710032432,2.389333454976851,-1.121096069086596,1,1,0
1.0896735161993587,1,1.1639924766993939,1,2.213105363963883,1,-1.4714174423179491,-1.4142868085684035,1.2154980126422192,5,0.9817049000308219,-0.15349071274717024,-0.6269858130286716,1.4400918858460685,-1.1794294094491837,-1.0511553711134114,-0.5779007014334991,1,1,1
1.2397734580970048,1,-1.2534354094876172,0,0.8379264858353329,0,-1.0251323295155548,0.3511447538041962,1.2154980126422192,8,0.16071532064622304,0.6328017513459789,0.7345305243523855,-0.33009749402927663,-0.019499219222970297,0.3250401593226936,-0.7589658239845315,0,0,1
-0.8408426595919036,1,-0.7699498322502151,1,1.9839088842757913,0,-0.02099082571016763,1.0573173787532364,-1.0506960376201908,8,0.6533090682769823,-0.9261480474051781,-1.128841664350017,0.2368378359875307,1.1404309710032432,1.9306016114981492,0.6895551564237272,0,1,1
0.7317428855203567,0,1.0431210823900432,0,-0.9956453516694007,1,-0.46727593851256194,-1.0612004960938834,0.8472414794745777,8,-1.6454617539998944,-1.1124948163521093,1.0435436179900657,1.3533626485649144,-1.1794294094491837,-0.1336916841560081,-1.121096069086596,1,1,0
1.4452949170030123,1,0.9222496880806925,0,0.37953352645914945,0,0.6484368434934238,0.704231066278716,-0.17254584314350688,3,0.8175069841539021,-0.3921054778621433,0.021244661594732706,-0.20319892579685114,-0.7154573333586983,-0.36305760589535896,0.6895551564237272,1,0,1
0.6185906216282852,0,1.647478053936796,0,-0.9956453516694007,0,-0.2999190212116641,-1.0612004960938834,-0.6257846531959889,3,-1.4812638381229746,-1.012503867161073,1.3014417638079794,-0.9362892156575536,-0.9474433714039411,-0.5924235276347098,1.5948807691788889,0,1,1
1.6646717551611103,1,-1.1325640151782668,0,-0.5372523922932173,0,-0.4114902994122626,1.763490003702276,-0.88073148385051,6,-0.1676805111076165,-1.1897605498179102,-1.159045951698061,-0.46703839499951993,-0.7154573333586983,0.3250401593226936,1.2327505240768242,1,1,1
0.9465012639277579,1,0.07614992791523893,1,-0.9956453516694007,0,-0.9135610513149562,1.763490003702276,-0.654112078824269,7,-1.3170659222460548,-0.707985976442917,-0.8151817572741762,0.6193594193644103,0.4444728568675151,-0.5924235276347098,1.5948807691788889,1,1,1
-1.0440548886225627,1,1.4057352653180952,0,-0.5372523922932173,1,-1.6387743596188469,-0.7081141836193636,-0.37083782254146774,2,1.3101007317846614,2.1076682519137644,1.1132458195624748,-0.9463315483953715,1.3724170090484857,0.09567423758334274,-1.4832263141886608,1,0,1
0.14058003743116637,1,-1.2534354094876172,0,-0.9956453516694007,1,-1.5829887205185476,-0.7081141836193636,-0.22920069440006713,4,-1.4812638381229746,-1.2488461107035225,-0.03219369294411425,0.35369407148213833,-0.9474433714039411,-0.36305760589535896,1.4138156466278566,1,1,1
-0.0949614098543704,1,1.4057352653180952,0,0.15033704677105778,0,-1.2482748859167518,-1.4142868085684035,0.6489495000766168,6,-0.003482595230696726,-0.7057134548703935,1.4408461669527974,-1.1179641442780766,1.3724170090484857,1.242503846280097,1.5948807691788889,0,1,1
1.2166811593435207,0,-1.2534354094876172,1,0.6087300061472412,0,0.03479481339013166,-0.7081141836193636,0.08240098751101427,5,0.4891111524000626,0.4532725471166183,-0.1855385364034142,-0.16759429154458788,0.9084449329580004,0.7837720028013953,1.5948807691788889,1,0,0
1.165878102085856,0,1.1639924766993939,0,-0.7664488719813091,0,-1.5829887205185476,0.3511447538041962,0.16738326439585466,8,-0.1676805111076165,1.9713169575623515,1.6313655179173823,-0.9335503976381488,1.6044030470937285,1.9306016114981492,0.14635978877063022,0,1,1
-0.8824087973481748,0,0.07614992791523893,1,-0.9956453516694007,1,1.1505075953961175,-0.7081141836193636,-1.4756074220443927,6,-1.4812638381229746,-0.8397922276492831,0.43248765087194624,-1.5379162405868225,1.3724170090484857,0.7837720028013953,-0.21577045633143446,1,1,0
-0.12959985798459642,0,0.559635505152641,1,-0.9956453516694007,0,0.42529428709222666,-1.0612004960938834,-1.333970293902992,5,-1.4812638381229746,1.744064800309996,0.9204030618788097,1.3077156815748334,0.21248681882227238,0.3250401593226936,-0.3968355788824668,0,0,1
-1.600579288581527,0,1.0431210823900432,1,-0.7664488719813091,1,-1.3598461641173505,-0.0019415586703236604,-0.5408023763111485,7,-1.1528680063691352,-0.6966233685802993,-0.8082115371169353,-0.8888163699878693,-0.25148525726821297,-0.36305760589535896,-0.5779007014334991,1,1,1
0.025118543663746384,0,0.31789271653393997,0,-0.30805591260512566,1,-0.07677646481046692,0.3511447538041962,0.4223300950503758,5,-0.003482595230696726,0.85096382230824,0.6578581026227356,-0.14933550474855545,0.6764588949127578,0.5544060810620445,0.14635978877063022,1,0,0
1.327524193360244,0,-0.7699498322502151,0,1.0671229655234247,1,-1.1367036077161534,-0.7081141836193636,-0.7390943557091094,1,1.3101007317846614,-1.2147582871156692,1.2851779167744173,0.23044726060891935,-1.1794294094491837,-0.36305760589535896,-0.9400309465355637,1,1,1
1.5953948589006584,1,0.19702132222458932,0,2.9006948030281583,0,1.4294357908976139,0.3511447538041962,1.3854625664119,1,1.4742986476615811,2.4917243976702452,1.2015352748875263,1.0438762123721645,-1.643401485539669,-0.36305760589535896,0.5084900338726949,1,1,0
1.4083472389974379,1,0.43876411084329037,1,1.0671229655234247,1,-0.9693466904152555,-0.0019415586703236604,0.5639672231917764,3,0.6533090682769823,-0.41255817201485523,-1.2450120003040321,-0.6058051746493665,-1.1794294094491837,-1.0511553711134114,0.32742491132166257,1,1,0
1.299813434856063,0,-1.2534354094876172,0,0.37953352645914945,0,-0.5230615776128612,0.704231066278716,-0.48414752505458825,6,1.4742986476615811,-0.4511910387477556,0.9552541626650143,0.5536277868986935,-0.019499219222970297,0.09567423758334274,1.5948807691788889,1,1,1
1.3737087908672119,1,-0.2864642550128128,1,0.37953352645914945,0,-1.0251323295155548,0.3511447538041962,0.7622592025897373,8,-0.3318784269845363,-0.08758758714398722,-1.3425950825054047,0.11541690379391496,-1.1794294094491837,-1.0511553711134114,1.2327505240768242,0,0,1
1.6461979161583231,0,-1.2534354094876172,1,0.15033704677105778,0,-0.8019897731143576,0.704231066278716,1.4421174176684604,6,1.638496563538501,-1.287478977436423,-0.452730309097649,-1.4228858837718181,-1.1794294094491837,-0.36305760589535896,-0.5779007014334991,1,1,1
-1.3904393699248228,1,-1.2534354094876172,1,1.0671229655234247,0,-0.9693466904152555,-1.0612004960938834,-0.030908715002106235,5,-0.003482595230696726,-0.010321853678186435,-1.4401781647067775,1.51403997237,-0.4834712953134557,0.7837720028013953,-0.21577045633143446,1,0,1
0.23525846232045078,1,0.559635505152641,1,0.15033704677105778,0,0.2021517306910295,-0.7081141836193636,0.13905583876757452,6,-0.6602742587383758,-0.3716527837094313,-1.182280018888864,0.3436517387443205,1.6044030470937285,-1.0511553711134114,0.14635978877063022,0,1,0
1.5861579393992646,0,-0.40733564932216343,0,2.6714983233400664,1,1.2620788735967159,-1.0612004960938834,0.7339317769614572,5,1.638496563538501,0.22147534671921593,-0.004312812315150619,-1.396410642917571,-0.4834712953134557,0.3250401593226936,0.32742491132166257,1,1,0
0.8495136091631251,0,0.43876411084329037,0,0.8379264858353329,1,1.2620788735967159,-0.7081141836193636,1.35713514078362,3,1.1459028159077416,0.5191756727198014,0.18620653864943418,1.5852492408745265,1.1404309710032432,1.7012356897587988,0.32742491132166257,1,0,0
0.9603566431798484,0,-1.2534354094876172,0,-0.9956453516694007,1,1.5967927081985116,1.0573173787532364,-0.39916524816974785,4,0.4891111524000626,-1.3624721893297003,0.6020963413648083,1.4446565825450768,-0.7154573333586983,-0.1336916841560081,0.32742491132166257,1,1,1
0.5377675759910912,0,-1.2534354094876172,0,0.8379264858353329,0,-0.7462041340140584,0.3511447538041962,0.45065752067865594,3,-0.003482595230696726,-1.0261389965962144,0.5254239196351583,1.0457020910517678,0.21248681882227238,1.471869768019448,-0.9400309465355637,1,0,1
-0.9724687624867624,1,-1.2534354094876172,1,0.6087300061472412,0,1.0947219562958181,1.4104036912277562,-0.28585554565662735,3,-0.003482595230696726,-0.07849750085389301,-0.898824399161067,1.23833229174991,-0.4834712953134557,-0.36305760589535896,-0.9400309465355637,0,1,0
1.2790303659779276,1,1.7683494482461466,0,0.15033704677105778,0,1.1505075953961175,-0.7081141836193636,-1.5039348476726728,1,0.3249132365231428,-1.0011412592984554,-0.329589752986393,-1.3891071281991583,0.4444728568675151,1.0131379245407461,1.2327505240768242,0,0,1
1.5076441236374192,1,-0.8908212265595655,1,2.4423018436519746,0,-1.0251323295155548,-0.3550278711448435,1.4421174176684604,4,0.9817049000308219,1.2918330073778093,0.22105763943563872,-0.4569960622617021,-1.643401485539669,-1.0511553711134114,0.5084900338726949,0,0,1
-1.4112224388029584,1,-1.1325640151782668,1,-0.7664488719813091,1,0.9831506780952195,-0.7081141836193636,-1.2206605913898716,5,0.4891111524000626,-0.9965962161534082,-0.606075152556949,-0.06443214614700458,0.21248681882227238,1.471869768019448,0.14635978877063022,1,0,0
-0.5683535343007924,1,-1.2534354094876172,0,1.7547124045876996,0,1.7083639863991102,0.704231066278716,1.1021883101290988,8,1.3101007317846614,2.0576727773182464,1.1875948345730445,1.4300495531082507,-0.25148525726821297,-1.0511553711134114,-0.7589658239845315,0,0,1
-1.4112224388029584,1,-1.2534354094876172,0,1.0671229655234247,0,-0.9135610513149562,1.763490003702276,-0.8524040582222299,7,1.1459028159077416,-0.07395245770884591,0.1141809303579448,0.25053192608455505,1.6044030470937285,2.6186993767162017,-0.5779007014334991,1,0,0
-1.2957609450355383,0,0.8013782937713424,1,-0.5372523922932173,1,-1.6945599987191462,-0.3550278711448435,0.903896330731138,3,-0.6602742587383758,-0.7647990157560058,-1.6074634484805592,-0.8176071014833428,-1.1794294094491837,0.09567423758334274,-0.21577045633143446,1,1,1
0.7779274830273247,1,0.07614992791523893,0,0.15033704677105778,1,0.5368655652928253,1.0573173787532364,-0.6257846531959889,3,-0.003482595230696726,-0.810249447206477,-0.9011478058801473,1.3460591338465016,0.4444728568675151,1.0131379245407461,-0.3968355788824668,1,0,0
-0.5960642928049732,0,0.07614992791523893,0,0.37953352645914945,1,-1.1367036077161534,1.0573173787532364,-0.22920069440006713,4,-0.3318784269845363,0.02831101305471396,0.09559367660530238,-1.6447301433436123,-0.7154573333586983,-1.0511553711134114,1.051685401525792,1,0,1
1.6762179045378522,0,-0.40733564932216343,1,-0.9956453516694007,0,0.2579373697913288,0.704231066278716,-1.079023463248471,2,-1.4812638381229746,0.1896600447038862,0.9250498753169704,0.632140570121633,0.9084449329580004,-1.2805212928527623,1.051685401525792,0,0,0
0.40383224322088396,0,1.5266066596274452,0,-0.9956453516694007,1,1.3736501517973145,-0.3550278711448435,0.7056043513331771,1,-1.3170659222460548,0.33964646849044067,0.9459605357886931,0.5454113328404789,0.21248681882227238,0.5544060810620445,0.5084900338726949,1,0,1
-0.4898397185389468,1,-1.0116926208689163,0,0.6087300061472412,1,0.8157937607943216,-1.0612004960938834,-0.9940411863636306,6,0.8175069841539021,-0.9488732631304136,0.4952196322871144,-0.31275164657304577,-0.9474433714039411,-1.0511553711134114,-0.3968355788824668,1,0,0
-1.69756694334616,1,1.7683494482461466,1,0.15033704677105778,1,0.09058045249043094,1.4104036912277562,-0.427492673798028,8,0.4891111524000626,-1.0965871653444446,0.08165323629082057,0.9927516093432738,0.4444728568675151,0.3250401593226936,0.5084900338726949,1,0,0
0.3437922664618256,1,-1.1325640151782668,0,0.15033704677105778,0,0.3137230088916281,-0.7081141836193636,0.7622592025897373,6,0.9817049000308219,0.6009864493306492,0.5835090876121659,-1.1526558391905382,-1.643401485539669,-0.36305760589535896,-0.9400309465355637,1,1,0
-0.7600196139547096,1,-0.2864642550128128,0,-0.9956453516694007,0,1.1505075953961175,-1.0612004960938834,0.7339317769614572,5,-1.4812638381229746,0.26919829974221055,0.2071171991211569,-1.4374929132086443,-0.019499219222970297,0.09567423758334274,-0.7589658239845315,1,0,1
1.3113595842328052,0,0.07614992791523893,0,0.37953352645914945,1,-1.6387743596188469,0.704231066278716,0.45065752067865594,5,0.9817049000308219,1.282742921087715,0.9668711962604157,0.28431068165721507,-0.7154573333586983,-0.5924235276347098,0.14635978877063022,1,1,0
1.6461979161583231,1,-1.2534354094876172,0,-0.9956453516694007,0,-0.1325621039107662,-1.4142868085684035,0.36567524379381555,3,-1.4812638381229746,0.6123490571932669,-0.5177856972318975,0.8028602266645364,0.4444728568675151,-1.0511553711134114,1.2327505240768242,1,0,0
-0.8015857517109808,0,0.19702132222458932,1,-0.9956453516694007,1,-1.6387743596188469,-1.4142868085684035,0.7056043513331771,8,-1.6454617539998944,-1.0556817770390206,-0.02522347278687334,-0.8048259507261201,0.4444728568675151,1.242503846280097,-0.3968355788824668,1,0,1
0.7686905635259311,1,-0.044721466394111724,0,-0.9956453516694007,0,-0.2999190212116641,-1.0612004960938834,0.05407356188273415,6,1.3101007317846614,0.4532725471166183,0.5440111733878007,-0.4241302460288437,0.9084449329580004,-0.36305760589535896,-0.21577045633143446,1,1,1
-1.3003794047862351,0,-1.2534354094876172,1,-0.9956453516694007,1,-1.3040605250170512,1.0573173787532364,1.3004802895270597,7,-1.1528680063691352,1.8963237456690742,1.1713309875394824,-0.6067181139891681,-1.4114154474944265,-0.1336916841560081,1.4138156466278566,1,0,0
1.5422825717676452,0,-1.0116926208689163,0,-0.7664488719813091,0,0.14636609159073022,0.3511447538041962,-0.6257846531959889,8,-1.3170659222460548,0.7055224416667326,1.0481904314282264,-1.4009753396165794,1.1404309710032432,-1.0511553711134114,-0.5779007014334991,1,0,1
-0.3651413052701332,1,1.7683494482461466,1,-0.5372523922932173,1,1.0947219562958181,-0.7081141836193636,0.677276925704897,7,-0.9886700904922153,-1.2397560244134285,-1.5377612469081503,-0.6669721104160752,1.6044030470937285,2.389333454976851,0.6895551564237272,1,1,1
-1.4504793466838812,0,-1.1325640151782668,0,0.8379264858353329,0,-0.9135610513149562,-1.0612004960938834,0.08240098751101427,1,0.6533090682769823,1.0759434579880718,0.8181731662392764,0.07707345152224683,0.9084449329580004,2.1599675332375003,-1.3021611916376286,0,1,0
1.4799333651332383,1,1.7683494482461466,1,0.37953352645914945,1,-0.8577754122146569,-1.0612004960938834,-0.39916524816974785,8,-0.496076342861456,1.2282024033471497,1.2735608831790157,1.0685255745468083,1.3724170090484857,2.389333454976851,0.8706202789747596,1,1,0
0.42230608222367116,0,1.647478053936796,0,-0.5372523922932173,0,1.4294357908976139,-1.0612004960938834,-0.34251039691318763,4,-1.1528680063691352,-0.48755138390813246,-0.6200155928714307,-0.15755195880677003,0.6764588949127578,-1.0511553711134114,-0.3968355788824668,0,1,0
-0.9332118546058396,0,0.8013782937713424,0,-0.7664488719813091,0,-1.4156318032176498,0.3511447538041962,1.35713514078362,2,-1.3170659222460548,-1.389742448199983,-1.1474289181026593,0.33908704204531237,-0.7154573333586983,0.3250401593226936,1.4138156466278566,0,0,1
0.4246153120990196,1,-0.7699498322502151,0,-0.30805591260512566,0,1.3178645126970152,-1.4142868085684035,1.1021883101290988,3,-0.8244721746152955,-0.1421281048845525,-0.7989179102406141,-1.3014649515782024,1.1404309710032432,0.5544060810620445,1.051685401525792,0,0,1
-1.247267117653222,0,-1.2534354094876172,0,1.9839088842757913,1,-0.07677646481046692,-1.4142868085684035,-0.9090589094787902,3,1.4742986476615811,-0.20121366577016486,-0.7245688952300443,0.2204049278711015,-0.9474433714039411,0.3250401593226936,-1.3021611916376286,1,0,1
-0.9493764637332783,0,-0.8908212265595655,1,-0.5372523922932173,1,0.5368655652928253,1.0573173787532364,-0.34251039691318763,5,1.3101007317846614,-0.535274336931127,0.2977300611652887,0.3701269795985675,0.6764588949127578,-0.8217894493740606,0.32742491132166257,1,1,1
0.7063413568915243,1,0.8013782937713424,0,0.37953352645914945,1,-1.080917968615854,-1.0612004960938834,-0.48414752505458825,6,-0.1676805111076165,-0.8238845766416183,-0.5201091039509778,0.20579789843427554,-0.7154573333586983,-0.8217894493740606,-0.3968355788824668,1,1,1
-1.2033917500216023,0,-1.2534354094876172,1,-0.9956453516694007,1,-0.35570466031196335,1.0573173787532364,1.0172060332442585,5,-1.4812638381229746,0.4487275039715712,-0.6734539474102778,-0.7372684395808,-1.1794294094491837,0.09567423758334274,-0.3968355788824668,1,1,1
-0.5591166147993988,0,0.43876411084329037,0,1.7547124045876996,0,-0.46727593851256194,1.0573173787532364,-0.34251039691318763,8,1.1459028159077416,0.3669167273607233,0.6671517294990568,-1.3945847642379678,-1.4114154474944265,-1.2805212928527623,1.051685401525792,0,1,0
1.4014195493713928,1,-0.6490784379408645,0,-0.5372523922932173,0,-0.5230615776128612,-0.3550278711448435,-1.3622977195312722,1,0.8175069841539021,-0.9761435220006963,1.629042111198302,0.5454113328404789,0.4444728568675151,-0.36305760589535896,1.051685401525792,1,0,0
0.020500083913049586,0,-0.5282070436315138,0,-0.9956453516694007,1,0.09058045249043094,-1.0612004960938834,-1.5605896989292332,3,-1.4812638381229746,-1.1670353340926747,-1.2264247465513898,-0.3912644297959853,1.6044030470937285,2.6186993767162017,-0.5779007014334991,1,1,1
-1.6837115640940696,0,-0.044721466394111724,1,-0.30805591260512566,0,0.3137230088916281,-1.4142868085684035,-1.2206605913898716,7,-0.9886700904922153,0.11012178966556185,-0.2598875514139839,0.5198490313260336,-0.25148525726821297,-0.1336916841560081,-1.664291436739693,0,1,1
-1.501282403941546,0,0.6805068994619917,1,1.0671229655234247,0,1.7641496254994096,1.0573173787532364,-0.8240766325939498,8,0.8175069841539021,0.5759887120328901,1.4036716594475127,0.96810224716863,0.9084449329580004,1.7012356897587988,-0.21577045633143446,0,0,0
0.5331491162403944,1,0.19702132222458932,0,-0.7664488719813091,0,-0.9693466904152555,-0.3550278711448435,1.0738608845008186,8,-0.8244721746152955,1.703159412004572,0.48592600541079317,0.46233385291853135,1.3724170090484857,1.7012356897587988,-0.5779007014334991,1,1,1
0.8287305402849896,1,-0.2864642550128128,0,-0.7664488719813091,1,1.0389363171955188,1.0573173787532364,-1.6172445501857933,4,1.638496563538501,-0.07849750085389301,-0.7640668094544095,-0.7920447999688974,-0.25148525726821297,0.7837720028013953,-0.21577045633143446,1,1,1
-1.0348179691211692,1,-1.2534354094876172,1,0.6087300061472412,0,-1.6945599987191462,1.0573173787532364,0.2240381156524149,2,0.8175069841539021,-0.30574965810624827,-1.4471483848640183,1.2921957127982058,0.4444728568675151,0.7837720028013953,-1.4832263141886608,0,1,0
-1.2888332554094932,1,-0.044721466394111724,0,-0.9956453516694007,0,-1.6945599987191462,1.763490003702276,-1.4472799964161125,3,-1.3170659222460548,-0.8193395334965712,-0.8848839588465852,-1.631036053246588,-1.643401485539669,-0.8217894493740606,-0.5779007014334991,1,1,1
0.646301380132466,1,-0.40733564932216343,0,0.6087300061472412,1,-0.02099082571016763,-0.0019415586703236604,-0.34251039691318763,4,0.3249132365231428,1.1827519718966786,0.7949390990484734,-1.3973235822573729,1.6044030470937285,-0.5924235276347098,1.2327505240768242,1,0,1
-0.7253811658244835,0,-0.2864642550128128,0,-0.7664488719813091,0,1.7641496254994096,0.704231066278716,0.39400266942209566,7,-1.3170659222460548,1.237292489637244,-0.060074573573077876,1.496694124913769,-0.9474433714039411,0.3250401593226936,-0.3968355788824668,1,1,1
0.5470044954924848,1,1.2848638710087446,1,1.9839088842757913,0,-0.7462041340140584,0.3511447538041962,0.16738326439585466,7,1.4742986476615811,-0.6148125919694514,0.7020028302852613,-0.539160602843848,-0.7154573333586983,-0.36305760589535896,1.4138156466278566,0,0,0
0.7940920921547635,1,1.0431210823900432,0,0.15033704677105778,0,-0.9693466904152555,1.4104036912277562,0.47898494630693605,8,-0.6602742587383758,0.7123400063843033,-0.545666577860861,-0.17763662428240573,0.21248681882227238,1.0131379245407461,-0.03470533378040212,1,0,0
-0.4113259027771012,0,1.4057352653180952,1,-0.9956453516694007,1,0.7042224825937231,0.3511447538041962,1.5270996945533006,5,-1.4812638381229746,0.6896147906590677,0.5788622741740053,-0.3866997330969772,1.1404309710032432,0.3250401593226936,-0.3968355788824668,1,0,1
-0.7692565334561032,0,0.19702132222458932,1,1.7547124045876996,0,1.4294357908976139,-1.0612004960938834,1.6970642483229814,5,0.6533090682769823,0.49417793542204225,1.7266251933996746,-1.0193666955795013,1.1404309710032432,1.471869768019448,-1.121096069086596,0,0,0
-1.2865240255341448,0,-0.16559286070346238,0,-0.5372523922932173,0,0.7042224825937231,-0.0019415586703236604,-1.0506960376201908,5,0.16071532064622304,-0.8534273570844244,-0.9917606679242791,1.284892198079793,-0.4834712953134557,-1.0511553711134114,-0.21577045633143446,1,0,0
1.3598534116151215,1,0.9222496880806925,0,-0.07885943291703394,1,-1.1924892468164525,-1.4142868085684035,1.4987722689250207,7,0.4891111524000626,-0.5602720742288861,-1.5493782805035516,-1.5789985108778957,1.3724170090484857,2.6186993767162017,0.5084900338726949,1,0,0
1.038870458941694,0,0.19702132222458932,0,-0.7664488719813091,0,-1.080917968615854,1.4104036912277562,-1.2206605913898716,3,-1.3170659222460548,-1.0284115181687379,-1.1102544105973746,-1.510528060392774,-1.643401485539669,-1.2805212928527623,-1.3021611916376286,0,1,1
-1.3442547724178548,1,1.647478053936796,0,1.2963194452115163,1,0.42529428709222666,-1.4142868085684035,0.9322237563594181,5,0.8175069841539021,0.8418737360181457,0.023568068313813008,1.0849584826632377,-0.9474433714039411,-0.36305760589535896,-1.121096069086596,1,1,0
-1.1271871641351052,0,1.5266066596274452,0,1.9839088842757913,0,0.871579399894621,0.704231066278716,-1.1073508888767511,3,1.3101007317846614,2.7507918569379304,1.5012547416488853,-1.1426135064527203,-0.7154573333586983,-0.1336916841560081,1.2327505240768242,0,0,0
1.6600532954104135,1,1.2848638710087446,1,-0.9956453516694007,0,0.36950864799192734,-1.0612004960938834,1.32880771515534,4,-1.1528680063691352,0.6441643592085967,1.6615698052654262,-0.13290259663212625,-0.25148525726821297,1.0131379245407461,0.8706202789747596,1,1,1
-0.2404428920013196,1,-0.16559286070346238,1,0.37953352645914945,0,-1.4714174423179491,0.704231066278716,1.4137899920401802,8,-0.3318784269845363,-0.2216663599228768,-0.9174116529137094,-1.382716552820547,-0.019499219222970297,-0.36305760589535896,-1.121096069086596,0,1,1
1.0827458265733136,1,1.1639924766993939,1,-0.5372523922932173,1,-0.1325621039107662,1.4104036912277562,-0.17254584314350688,7,-1.1528680063691352,2.775789594235689,1.675510245579908,-1.2868579221413765,1.6044030470937285,0.7837720028013953,0.6895551564237272,1,0,0
1.4452949170030123,0,-1.2534354094876172,0,0.15033704677105778,1,-0.35570466031196335,-0.0019415586703236604,0.903896330731138,4,-0.003482595230696726,0.09194161708537343,-0.376057887367999,0.08711578426006468,-0.9474433714039411,-0.36305760589535896,-0.5779007014334991,1,0,1
1.1935888605900367,0,-1.2534354094876172,1,1.7547124045876996,0,-1.2482748859167518,-1.0612004960938834,1.2438254382704994,3,1.4742986476615811,-0.8943327453898484,1.4942845214916445,-1.2649473779861375,1.1404309710032432,1.471869768019448,0.32742491132166257,1,0,1
-0.4251812820291916,0,-1.2534354094876172,0,-0.30805591260512566,1,0.36950864799192734,1.4104036912277562,-0.45582009942630813,4,-0.9886700904922153,-0.13758306173950538,-1.005701108238761,-0.7600919230758406,0.9084449329580004,-1.2805212928527623,-0.03470533378040212,1,0,1
1.3783272506179087,1,0.31789271653393997,1,1.9839088842757913,1,-0.9135610513149562,0.704231066278716,-0.17254584314350688,6,1.3101007317846614,-1.1670353340926747,-1.5563485006607927,0.9452787636735894,0.6764588949127578,1.9306016114981492,0.6895551564237272,1,1,0
0.9372643444263643,1,-0.044721466394111724,1,-0.7664488719813091,0,1.3736501517973145,-1.4142868085684035,0.9888786076159783,6,1.1459028159077416,-0.17394340689988222,-1.2450120003040321,-1.541567997946029,-0.019499219222970297,-0.8217894493740606,-1.664291436739693,1,1,1
-1.628290047085708,0,0.6805068994619917,0,-0.9956453516694007,1,-0.24413338211136476,-0.3550278711448435,0.45065752067865594,7,-0.9886700904922153,-1.201123157680528,-0.48990481660293383,0.4805926397145638,0.4444728568675151,-1.2805212928527623,-1.121096069086596,1,1,0
-0.13190908785994482,1,0.43876411084329037,0,0.15033704677105778,0,-1.4156318032176498,-0.0019415586703236604,0.677276925704897,2,1.638496563538501,-1.2556636754210933,-1.475029265492982,-1.220213350335858,0.21248681882227238,1.0131379245407461,-0.03470533378040212,0,1,0
1.6970009734159879,0,1.647478053936796,1,-0.5372523922932173,1,-1.1924892468164525,-0.7081141836193636,1.2438254382704994,8,0.4891111524000626,0.5555360178801781,0.36743226273769775,0.1875391116382431,-0.25148525726821297,-0.8217894493740606,1.2327505240768242,1,0,0
1.0781273668226168,1,0.559635505152641,0,1.0671229655234247,1,-1.5272030814182482,0.704231066278716,1.6687368226947015,6,0.9817049000308219,-1.1897605498179102,1.6569229918272657,-0.6067181139891681,0.6764588949127578,0.09567423758334274,-1.664291436739693,1,0,1
-0.5060043276663856,1,0.8013782937713424,0,-0.9956453516694007,0,1.7083639863991102,1.0573173787532364,-1.079023463248471,5,-0.9886700904922153,-1.089769600626874,-1.2450120003040321,-0.40678439857261284,-0.9474433714039411,-0.1336916841560081,0.32742491132166257,0,1,1
1.2559380672244436,1,0.9222496880806925,1,-0.30805591260512566,1,0.9273650389949202,-0.0019415586703236604,-1.135678314505031,3,0.16071532064622304,-0.535274336931127,1.6964209060516307,1.2693722293031653,-1.4114154474944265,-0.8217894493740606,1.2327505240768242,1,0,1
1.6438886862829747,1,0.43876411084329037,1,-0.9956453516694007,0,-1.5829887205185476,-1.0612004960938834,1.4137899920401802,2,-1.1528680063691352,-0.744346321603294,-1.4239143176732154,-0.7016638053285368,0.9084449329580004,-0.1336916841560081,-1.4832263141886608,0,0,0
-1.5982700587061787,1,-0.2864642550128128,0,-0.9956453516694007,0,-1.1367036077161534,-1.4142868085684035,-0.9940411863636306,6,-0.003482595230696726,-1.242028545985952,-1.0312585821486442,1.448308339904283,-0.4834712953134557,0.3250401593226936,-1.3021611916376286,0,1,1
-1.6929484835954631,0,0.43876411084329037,0,0.8379264858353329,0,-0.2999190212116641,-0.3550278711448435,0.9605511819876982,8,0.4891111524000626,-0.7943417961988121,-1.2543056271803532,1.1159984202164928,0.9084449329580004,0.09567423758334274,0.32742491132166257,0,1,1
0.26065999094928316,1,-0.7699498322502151,1,0.37953352645914945,0,0.42529428709222666,-1.4142868085684035,1.1871705870139393,2,-0.496076342861456,-1.139765075222392,-0.5108154770746566,0.5727995130345276,1.6044030470937285,1.9306016114981492,1.2327505240768242,0,1,1
0.045901612541881985,0,1.2848638710087446,0,-0.7664488719813091,0,-0.8019897731143576,-0.3550278711448435,-1.532262273300953,7,-1.3170659222460548,1.262290226935003,0.8019093192057143,-1.6246454778679766,0.9084449329580004,0.5544060810620445,-1.4832263141886608,1,1,1
-0.9401395442318847,1,1.4057352653180952,0,-0.07885943291703394,0,0.2579373697913288,0.704231066278716,-1.333970293902992,2,-0.496076342861456,-1.337474452031941,-0.0902788609211218,1.211857050895663,-1.643401485539669,-1.0511553711134114,-1.3021611916376286,0,0,0
0.9557381834291515,0,-1.1325640151782668,0,-0.5372523922932173,1,-0.46727593851256194,1.0573173787532364,0.8189140538462976,2,-1.1528680063691352,-0.9284205689777016,1.2247693420783294,0.20488495909447393,-0.019499219222970297,1.0131379245407461,0.5084900338726949,1,1,1
1.299813434856063,1,0.19702132222458932,0,-0.30805591260512566,1,1.4852214299979132,-1.4142868085684035,0.9605511819876982,3,-0.9886700904922153,0.016948405192096196,-1.22874815327047,0.1336756905899474,-0.4834712953134557,0.09567423758334274,0.8706202789747596,1,0,1
-0.4228720521538432,0,0.559635505152641,0,-0.9956453516694007,0,-0.2999190212116641,-1.0612004960938834,-1.532262273300953,6,-0.496076342861456,-0.9784160435732199,-1.551701687222632,0.4477268234817054,-0.019499219222970297,-0.1336916841560081,1.4138156466278566,0,0,0
1.5099533535127676,1,0.559635505152641,1,-0.7664488719813091,0,0.48107992619252593,-0.0019415586703236604,1.4137899920401802,8,-0.6602742587383758,0.637346794491026,0.8042327259247947,-1.2119968962776435,-1.643401485539669,-1.0511553711134114,-1.3021611916376286,1,1,1
-0.4806027990375532,1,0.31789271653393997,0,-0.7664488719813091,1,0.5368655652928253,-1.0612004960938834,0.28069296690897516,6,0.16071532064622304,-1.2556636754210933,-0.14836402889812936,1.64915499466064,0.4444728568675151,0.7837720028013953,1.5948807691788889,1,0,0
-1.6998761732215084,0,0.19702132222458932,1,-0.30805591260512566,0,0.14636609159073022,1.0573173787532364,-0.5691298019394286,3,-0.6602742587383758,-0.5670896389464568,-0.05078094669675667,0.3025694684532475,1.1404309710032432,-0.8217894493740606,-0.03470533378040212,0,1,1
-0.3766874546468752,1,0.559635505152641,0,-0.30805591260512566,0,0.48107992619252593,0.704231066278716,0.5073123719352162,5,-0.8244721746152955,0.6941598338041148,-0.19947897671789602,-0.5793299337951194,1.3724170090484857,-0.5924235276347098,-0.21577045633143446,0,0,1
0.4684906797306392,0,-0.8908212265595655,1,-0.30805591260512566,1,-1.2482748859167518,-1.0612004960938834,0.1107284131392944,1,0.3249132365231428,2.0144948674402987,1.4710504543008414,-1.0458419364337483,-0.4834712953134557,-1.2805212928527623,-0.5779007014334991,1,1,1
-1.5313023923210751,0,-1.2534354094876172,1,-0.7664488719813091,1,1.652578347298811,1.0573173787532364,-1.588917124557513,8,-0.6602742587383758,0.19420508784893328,1.0853649389335112,-1.1791310800447852,0.21248681882227238,-0.8217894493740606,0.32742491132166257,1,1,0
-1.6144346678336174,0,0.43876411084329037,1,-0.7664488719813091,0,0.2579373697913288,-0.3550278711448435,0.39400266942209566,5,-0.9886700904922153,-0.5920873762442159,-1.6469613627049244,0.4815055790543654,1.1404309710032432,-0.5924235276347098,-0.21577045633143446,1,1,0
1.1173842747035396,0,-1.2534354094876172,1,-0.07885943291703394,0,1.2062932344964166,0.704231066278716,-1.333970293902992,3,-0.496076342861456,-0.7920692746262885,-0.22968326406593995,-0.44056315414527286,1.6044030470937285,-0.1336916841560081,1.051685401525792,0,1,0
-0.1526921567380804,0,0.9222496880806925,1,0.6087300061472412,1,-0.46727593851256194,-1.0612004960938834,1.6404093970664213,2,0.9817049000308219,-0.3307473954040073,0.9784882298558173,-0.1392931720107376,-0.9474433714039411,-1.2805212928527623,1.4138156466278566,1,0,0
1.2790303659779276,1,-1.0116926208689163,0,-0.5372523922932173,1,-1.3598461641173505,-0.3550278711448435,-1.135678314505031,7,-0.6602742587383758,-0.5261842506410329,-0.9917606679242791,1.1899465067404242,-0.4834712953134557,0.5544060810620445,-0.5779007014334991,1,0,1
-1.2218655890243895,0,0.31789271653393997,0,-0.7664488719813091,1,-0.4114902994122626,-0.3550278711448435,0.9322237563594181,5,-0.3318784269845363,0.08285153079527922,0.7833220654530719,1.3268874077106674,-1.4114154474944265,-0.1336916841560081,-0.9400309465355637,1,0,1
-0.3905428338989656,1,0.19702132222458932,1,-0.7664488719813091,0,1.4294357908976139,1.0573173787532364,-1.532262273300953,7,0.4891111524000626,-1.1284024673597743,1.4919611147725642,1.574293968796907,-0.7154573333586983,-0.5924235276347098,-1.4832263141886608,1,0,0
1.1012196655761008,1,-1.1325640151782668,1,-0.7664488719813091,0,1.3736501517973145,-0.7081141836193636,-0.5124749506828684,5,1.4742986476615811,1.6849792394243839,0.7484709646668674,0.8768083131884677,-0.019499219222970297,0.5544060810620445,-0.03470533378040212,0,1,0
-0.9955610612402463,0,0.559635505152641,1,-0.07885943291703394,0,1.0389363171955188,-0.7081141836193636,-1.5605896989292332,6,0.3249132365231428,0.7964233045676747,0.09559367660530238,1.1789912346628046,-1.643401485539669,-0.36305760589535896,-0.9400309465355637,1,0,1
-0.9863241417388527,1,1.1639924766993939,1,-0.9956453516694007,1,-1.1924892468164525,-1.0612004960938834,-1.6172445501857933,8,-1.4812638381229746,-0.43982843088513784,-0.9940840746433595,-0.9892396973660478,-0.4834712953134557,-0.1336916841560081,0.6895551564237272,1,0,0
-1.1110225550076664,1,1.1639924766993939,0,-0.30805591260512566,0,0.6484368434934238,-0.7081141836193636,-1.4756074220443927,8,0.16071532064622304,1.6645265452716718,1.3967014392902717,0.0715958154834371,-1.4114154474944265,-1.0511553711134114,1.4138156466278566,0,1,1
-1.1294963940104537,1,-0.7699498322502151,1,-0.07885943291703394,0,1.7641496254994096,-0.0019415586703236604,0.47898494630693605,7,-0.8244721746152955,-1.176125420382769,-1.0010542948006003,1.1461254184299463,-1.4114154474944265,-0.1336916841560081,-0.21577045633143446,1,1,0
1.523808732764858,0,-0.7699498322502151,1,-0.30805591260512566,0,-1.0251323295155548,-0.0019415586703236604,-0.7390943557091094,4,0.3249132365231428,-0.9829610867182669,-0.8895307722847459,1.0931749367214523,-1.4114154474944265,-0.5924235276347098,1.4138156466278566,1,0,1
0.8633689884152156,0,1.2848638710087446,1,0.37953352645914945,0,-1.5272030814182482,1.4104036912277562,1.3004802895270597,6,1.3101007317846614,-0.44891851717523207,0.2071171991211569,-0.9965432120844607,1.3724170090484857,1.9306016114981492,0.32742491132166257,1,0,0
-1.2195563591490413,0,1.5266066596274452,0,1.2963194452115163,0,1.4852214299979132,1.0573173787532364,-0.7674217813373895,6,0.4891111524000626,1.2577451837899558,0.3186407216370114,-0.3227939793108636,-0.25148525726821297,0.7837720028013953,-1.4832263141886608,1,1,0
-0.8131319010877228,0,-0.7699498322502151,0,0.15033704677105778,1,1.2062932344964166,-1.0612004960938834,-0.28585554565662735,3,0.8175069841539021,-1.1988506361080045,-1.6469613627049244,0.5947100571897665,-0.25148525726821297,-0.1336916841560081,0.32742491132166257,1,0,1
-0.5706627641761408,0,1.2848638710087446,1,1.525515924899608,1,1.3178645126970152,1.763490003702276,0.7056043513331771,4,0.4891111524000626,-0.6579905018473989,0.9087860282834083,0.8265966494993785,-0.9474433714039411,-0.36305760589535896,-0.03470533378040212,1,1,1
-1.12025947450906,1,1.2848638710087446,0,0.15033704677105778,1,1.0947219562958181,1.0573173787532364,0.02574613625445402,3,1.3101007317846614,0.571443668887843,-0.6153687794332702,0.373778736957774,-0.25148525726821297,-0.1336916841560081,-0.9400309465355637,1,1,1
-0.4321089716552368,0,1.0431210823900432,0,0.8379264858353329,0,1.5967927081985116,-1.4142868085684035,-0.17254584314350688,3,1.3101007317846614,2.230384416830036,1.5477228760304913,1.4044872515938054,0.6764588949127578,1.7012356897587988,-0.03470533378040212,1,1,0
-0.6006827525556699,0,-1.0116926208689163,1,0.6087300061472412,1,-0.9135610513149562,-0.3550278711448435,0.1107284131392944,8,-0.1676805111076165,-0.9034228316799426,-1.444824978144938,-1.7141135331685358,-0.9474433714039411,-0.1336916841560081,-0.7589658239845315,1,0,1
-1.5959608288308302,1,-1.2534354094876172,1,-0.5372523922932173,0,-0.8577754122146569,-1.0612004960938834,0.6489495000766168,5,0.3249132365231428,0.7373377436820624,-0.5572836114562626,-1.6748571415570659,1.6044030470937285,1.9306016114981492,-1.4832263141886608,0,1,1
1.5676841003964774,0,1.7683494482461466,1,-0.9956453516694007,1,-0.9135610513149562,1.0573173787532364,0.9888786076159783,8,0.16071532064622304,0.7986958261401983,-0.3783812940870793,-0.004178149720097528,-1.1794294094491837,-0.5924235276347098,1.4138156466278566,1,1,0
-0.02799374346926681,0,0.6805068994619917,1,-0.07885943291703394,1,0.6484368434934238,-0.3550278711448435,-0.9373863351070703,3,1.1459028159077416,0.3760068136508175,-0.45505371581672927,0.5855806637917503,0.21248681882227238,-0.5924235276347098,-0.5779007014334991,1,0,1
-1.0579102678746533,0,0.07614992791523893,1,0.37953352645914945,1,1.0947219562958181,-1.4142868085684035,-1.2489880170181518,1,1.638496563538501,-0.23075644621297103,0.43248765087194624,-0.21598007655407384,0.4444728568675151,-1.2805212928527623,1.4138156466278566,1,1,0
0.5677875643706204,1,-0.044721466394111724,0,0.15033704677105778,0,-1.1924892468164525,1.4104036912277562,-1.5605896989292332,3,-0.496076342861456,2.3917334484792088,1.15274373378684,0.07433463350284197,0.4444728568675151,1.471869768019448,1.4138156466278566,0,1,1
-0.04877681234740241,0,-1.0116926208689163,1,0.37953352645914945,0,1.5410070690982123,-1.4142868085684035,-0.9373863351070703,2,0.8175069841539021,-1.4124676639252183,0.7368539310714658,0.224056685230308,1.1404309710032432,1.242503846280097,-0.9400309465355637,1,0,0
-1.5844146794540883,1,0.559635505152641,1,0.37953352645914945,1,1.3736501517973145,-0.7081141836193636,-1.6738994014423536,3,0.3249132365231428,-1.2533911538485696,0.17923631849219326,-0.009655785758907262,-0.25148525726821297,1.0131379245407461,-0.7589658239845315,1,0,1
-0.7831119127081936,1,1.2848638710087446,1,0.6087300061472412,0,0.6484368434934238,-1.0612004960938834,0.5639672231917764,3,0.3249132365231428,-1.1079497732070622,-0.8221519774314171,1.5825104228551217,0.21248681882227238,0.09567423758334274,-0.5779007014334991,0,0,0
0.09901389967489518,0,-0.8908212265595655,1,-0.30805591260512566,1,-0.9135610513149562,1.4104036912277562,0.5922946488200566,6,1.1459028159077416,0.1851150015588391,1.4036716594475127,0.9032835540427148,0.4444728568675151,0.5544060810620445,1.5948807691788889,1,1,0
1.692382513665291,0,-1.2534354094876172,1,2.4423018436519746,0,1.2062932344964166,-0.7081141836193636,-0.11589099188694661,3,1.4742986476615811,0.08512405236780277,0.14206181098690843,0.8886765246058889,-0.019499219222970297,-1.0511553711134114,1.5948807691788889,1,1,1
-0.4182535924031464,0,-1.2534354094876172,0,-0.9956453516694007,0,-0.4114902994122626,0.3511447538041962,1.3854625664119,6,-1.4812638381229746,0.3282838606278229,-0.5898113055233868,-0.9709809105700153,-1.643401485539669,-1.0511553711134114,1.4138156466278566,0,0,1
-0.3743782247715268,1,1.2848638710087446,0,-0.30805591260512566,1,0.42529428709222666,1.4104036912277562,-0.9373863351070703,3,0.16071532064622304,-0.7034409332978699,-1.1125778173164549,-0.21232831919486736,0.6764588949127578,-0.36305760589535896,-0.21577045633143446,1,1,0
0.2675876805753284,0,-1.2534354094876172,0,-0.30805591260512566,0,-0.4114902994122626,1.0573173787532364,-0.25752812002834724,7,-0.1676805111076165,-0.17848845004492933,0.5928027144884871,-1.0796206920064084,-1.1794294094491837,0.09567423758334274,1.2327505240768242,0,1,1
0.450016840727852,0,-1.1325640151782668,1,-0.9956453516694007,1,1.1505075953961175,-0.0019415586703236604,-0.9657137607353504,1,0.3249132365231428,-0.8579724002294715,-0.6873943877247595,-0.7162708347653628,-0.7154573333586983,-0.36305760589535896,-1.3021611916376286,1,1,1
-1.5751777599526948,1,-1.2534354094876172,0,-0.5372523922932173,0,0.03479481339013166,0.3511447538041962,1.4704448432967405,1,-0.6602742587383758,-1.1783979419552923,-0.898824399161067,0.3609975862005513,0.21248681882227238,0.09567423758334274,-1.664291436739693,0,1,1
-1.2264840487750863,0,0.9222496880806925,1,-0.07885943291703394,0,0.871579399894621,-1.4142868085684035,0.5639672231917764,4,-0.6602742587383758,-1.3874699266274593,-1.5981698216042381,1.398096676215194,0.4444728568675151,-0.8217894493740606,-0.21577045633143446,0,0,0
0.9788304821826356,0,-1.2534354094876172,0,-0.7664488719813091,1,0.03479481339013166,1.4104036912277562,-0.37083782254146774,2,-1.1528680063691352,-1.0147763887335968,-1.028935175429564,-0.3173163432720539,-1.643401485539669,-1.2805212928527623,-0.9400309465355637,1,1,1
-1.3927485998001712,1,-1.0116926208689163,1,-0.30805591260512566,1,-0.5230615776128612,1.0573173787532364,0.45065752067865594,1,-0.1676805111076165,-0.7216211058780584,0.3488450089850553,-0.07447447888482243,0.21248681882227238,0.09567423758334274,-1.664291436739693,1,0,0
-0.023375283718570013,1,1.5266066596274452,0,0.37953352645914945,1,-0.02099082571016763,-0.7081141836193636,0.08240098751101427,4,1.3101007317846614,-0.31711226596886605,0.35581522914229624,-1.1280064770158944,0.9084449329580004,1.471869768019448,0.5084900338726949,1,1,1
0.392286093844142,1,0.31789271653393997,1,-0.9956453516694007,0,-0.6904184949137591,-1.4142868085684035,-1.333970293902992,4,-1.6454617539998944,1.2350199680647205,0.7624114049813492,1.5469057886028583,-0.4834712953134557,-0.8217894493740606,-0.7589658239845315,0,0,1
-0.2450613517520164,1,-0.7699498322502151,1,-0.9956453516694007,0,0.42529428709222666,-1.4142868085684035,-0.5974572275677088,3,-1.4812638381229746,-0.9556908278479843,-1.6144336686378002,1.1032172694592701,0.21248681882227238,-0.36305760589535896,-1.664291436739693,1,0,0
1.6785271344132007,1,1.0431210823900432,1,0.37953352645914945,0,0.7600081216940223,-1.4142868085684035,1.4987722689250207,4,-0.003482595230696726,0.15329969954350936,-0.9267052797900307,-1.4046270969757857,-1.4114154474944265,-1.2805212928527623,-1.4832263141886608,0,0,1
1.1196935045788878,1,-0.16559286070346238,1,-0.07885943291703394,1,-1.5829887205185476,-0.0019415586703236604,0.6489495000766168,6,1.3101007317846614,0.4032770725211001,1.7150081598042732,1.5651645753988908,-1.643401485539669,-1.0511553711134114,-1.3021611916376286,1,1,1
-0.439036661281282,0,0.8013782937713424,0,0.37953352645914945,0,-1.6945599987191462,-0.3550278711448435,0.7339317769614572,6,0.4891111524000626,-0.2375740109305417,-0.9871138544861185,0.9471046423531927,0.9084449329580004,0.5544060810620445,-0.9400309465355637,1,0,1
0.34610149633717396,1,-1.1325640151782668,0,-0.9956453516694007,0,0.2579373697913288,0.704231066278716,-0.17254584314350688,4,0.8175069841539021,-0.16258079903726447,-0.1692746893698521,0.47146324631654757,1.3724170090484857,-0.5924235276347098,1.4138156466278566,0,0,1
-0.42749051190454,1,0.6805068994619917,0,-0.30805591260512566,1,1.0947219562958181,-1.4142868085684035,-0.88073148385051,7,-0.9886700904922153,-1.1215849026422036,0.18620653864943418,-1.075968934647202,0.9084449329580004,1.471869768019448,-0.3968355788824668,1,1,0
-1.2287932786504348,1,0.6805068994619917,1,0.15033704677105778,1,-1.1924892468164525,-1.4142868085684035,1.6120819714381411,3,-0.6602742587383758,2.5417198722657632,1.4106418796047535,-0.9253339435799341,0.6764588949127578,1.471869768019448,1.4138156466278566,1,1,0
-1.0186533599937304,1,-1.0116926208689163,0,-0.9956453516694007,0,1.7641496254994096,-1.4142868085684035,-1.2206605913898716,4,0.6533090682769823,0.0214934483371433,-1.268246067494835,-1.6063866910719442,-0.25148525726821297,0.09567423758334274,1.051685401525792,0,1,1
-0.1018890994804156,1,1.0431210823900432,1,-0.9956453516694007,0,-0.7462041340140584,-1.4142868085684035,-0.5124749506828684,2,-1.4812638381229746,-0.5170941643509387,1.1434501069105187,-1.444796427927057,1.6044030470937285,-1.2805212928527623,-1.4832263141886608,0,0,0
0.253732301323238,0,1.5266066596274452,0,-0.9956453516694007,0,-0.1883477430110655,-0.0019415586703236604,1.6404093970664213,6,-1.6454617539998944,2.2281118952575127,1.7033911262088717,1.3917061008365825,1.1404309710032432,-1.2805212928527623,1.4138156466278566,0,0,0
1.0596535278198296,1,1.5266066596274452,0,-0.5372523922932173,1,-0.5230615776128612,1.763490003702276,-0.5124749506828684,3,1.638496563538501,2.1099407734862883,1.2967949503698186,-0.4579090016015037,-0.9474433714039411,0.09567423758334274,1.5948807691788889,1,1,1
0.6185906216282852,1,-0.16559286070346238,0,-0.30805591260512566,1,-1.1367036077161534,0.3511447538041962,-0.05923614063038636,3,-0.9886700904922153,-0.7398012784582468,-1.6539315828621652,-1.0412772397347403,0.6764588949127578,-0.5924235276347098,0.6895551564237272,1,0,1
-0.7299996255751804,0,-0.6490784379408645,1,0.15033704677105778,1,0.42529428709222666,1.0573173787532364,-0.34251039691318763,7,0.8175069841539021,0.32601133905529933,-0.060074573573077876,1.4957811855739676,0.21248681882227238,-1.2805212928527623,-1.664291436739693,1,1,1
0.657847529509208,0,0.559635505152641,0,-0.9956453516694007,1,1.5410070690982123,-0.3550278711448435,0.6206220744483367,6,-1.4812638381229746,-0.01486689682323354,-1.1265182576309367,0.31626355855027183,0.21248681882227238,1.242503846280097,-0.7589658239845315,1,0,0
-0.1596198463641256,0,-0.7699498322502151,0,-0.7664488719813091,1,-0.1883477430110655,-0.3550278711448435,1.4421174176684604,2,-0.3318784269845363,-1.0306840397412615,-0.8546796714985413,-1.704071200430718,1.3724170090484857,-0.1336916841560081,1.4138156466278566,1,0,0
0.0020262449102623863,1,0.6805068994619917,0,1.2963194452115163,1,1.7083639863991102,-1.4142868085684035,-0.6824395044525492,4,0.3249132365231428,-1.04886421232145,-0.5154622905128171,0.7499097449560423,-0.7154573333586983,-0.5924235276347098,1.5948807691788889,1,1,0
0.5954983228748012,0,0.43876411084329037,1,0.6087300061472412,1,-0.4114902994122626,-0.7081141836193636,0.33734781816553544,4,-0.1676805111076165,-0.5375468585036506,1.4013482527284322,-0.355659795543722,0.21248681882227238,1.242503846280097,0.32742491132166257,1,0,1
-1.5035916338168944,0,1.2848638710087446,0,-0.9956453516694007,1,-0.6904184949137591,-0.3550278711448435,-0.5124749506828684,2,1.3101007317846614,-0.019411939968280646,-1.0080245149578413,-0.5336829668050384,1.6044030470937285,1.242503846280097,-1.664291436739693,1,0,1
-0.2727721102561972,1,-1.2534354094876172,1,0.37953352645914945,0,0.03479481339013166,0.3511447538041962,0.19571069002413477,8,-0.496076342861456,0.6964323553766384,-0.05542776013491727,-0.6733626857946865,1.1404309710032432,2.1599675332375003,1.4138156466278566,1,0,0
-1.4066039790522615,1,-0.8908212265595655,1,-0.5372523922932173,0,-0.24413338211136476,0.3511447538041962,1.5270996945533006,4,-0.6602742587383758,1.0191304186749828,0.09094686316714178,0.49976436585039785,0.6764588949127578,1.0131379245407461,-0.7589658239845315,0,0,0
0.854132068913822,1,0.9222496880806925,1,-0.30805591260512566,0,1.0947219562958181,-1.4142868085684035,-1.135678314505031,5,-0.3318784269845363,-1.0920421221993974,-0.2715045850093854,-1.3881941888593565,-1.1794294094491837,-0.5924235276347098,-1.664291436739693,1,1,0
-0.900882636350962,0,0.43876411084329037,1,-0.9956453516694007,1,-1.0251323295155548,0.3511447538041962,-0.7107669300808293,1,-0.496076342861456,-0.5375468585036506,-0.5177856972318975,0.23866371466713393,-1.4114154474944265,-0.5924235276347098,0.14635978877063022,1,1,1
0.34148303658647716,1,1.4057352653180952,1,0.6087300061472412,0,-1.3598461641173505,1.0573173787532364,0.28069296690897516,3,-0.1676805111076165,-0.9466007415578901,-0.5386963577036201,-1.321549617053838,0.6764588949127578,0.3250401593226936,-1.3021611916376286,0,1,1
-1.2680501865313576,0,1.4057352653180952,1,0.15033704677105778,1,-0.6904184949137591,-0.3550278711448435,0.9322237563594181,2,-0.6602742587383758,-0.3489275679841958,0.5277473263542386,-1.7515440461004022,-0.019499219222970297,0.09567423758334274,-1.3021611916376286,1,1,1
-0.6838150280682124,1,-1.2534354094876172,0,1.0671229655234247,0,1.2620788735967159,-1.4142868085684035,0.45065752067865594,5,-0.003482595230696726,0.3237388174827758,-0.9452925335426731,-0.9883267580262461,0.4444728568675151,1.471869768019448,0.32742491132166257,0,1,0
-1.4897362545648039,1,0.19702132222458932,1,-0.30805591260512566,1,-1.4714174423179491,1.0573173787532364,0.8189140538462976,4,0.16071532064622304,0.4237297666738121,1.3409396780323444,0.4322068547050778,0.4444728568675151,0.5544060810620445,-0.3968355788824668,1,0,1
-0.021066053843221612,0,-1.2534354094876172,0,-0.5372523922932173,0,-0.2999190212116641,-1.4142868085684035,-1.5039348476726728,8,-0.8244721746152955,-0.8125219687790005,-1.5029101461219456,0.25235780476415826,0.4444728568675151,-1.2805212928527623,-0.5779007014334991,1,1,1
0.692485977639434,1,0.07614992791523893,1,-0.5372523922932173,1,-0.2999190212116641,0.704231066278716,-0.45582009942630813,2,-0.6602742587383758,1.150936669881349,0.5602750204213629,-1.744240531381989,-0.019499219222970297,1.0131379245407461,0.8706202789747596,1,1,0
-0.231205972499926,0,-1.2534354094876172,1,-0.07885943291703394,1,-0.6346328558134597,-0.0019415586703236604,0.33734781816553544,7,-0.6602742587383758,0.4759977628418538,-0.5944581189615474,-0.908901035463505,0.6764588949127578,-0.8217894493740606,1.4138156466278566,1,0,0
0.22140308306836037,0,1.5266066596274452,0,-0.7664488719813091,0,0.9831506780952195,-1.4142868085684035,0.9322237563594181,1,-0.3318784269845363,-1.1465826399399628,-1.4634122318975806,0.4258162793264665,-1.1794294094491837,-0.8217894493740606,-0.03470533378040212,0,1,1
0.35071995608787077,0,0.07614992791523893,1,0.8379264858353329,1,-0.35570466031196335,1.0573173787532364,0.28069296690897516,1,0.3249132365231428,0.28056090760482827,0.07932982957174027,1.1963370821190356,0.4444728568675151,-0.5924235276347098,-0.03470533378040212,1,1,0
0.8956982066700931,1,-0.16559286070346238,0,-0.7664488719813091,1,-0.8577754122146569,-1.0612004960938834,1.6970642483229814,2,-0.8244721746152955,0.7555179162622507,0.9924286701702991,0.7791238038296943,-0.25148525726821297,0.09567423758334274,-0.9400309465355637,1,1,1
0.03897392291583678,0,-1.2534354094876172,0,1.7547124045876996,0,1.7641496254994096,-0.7081141836193636,0.9888786076159783,5,1.3101007317846614,-1.0306840397412615,1.4710504543008414,-0.9079880961237033,0.4444728568675151,-0.5924235276347098,1.051685401525792,0,0,1
-0.8015857517109808,1,1.4057352653180952,0,-0.30805591260512566,1,1.1505075953961175,-0.7081141836193636,1.4704448432967405,4,0.16071532064622304,0.0214934483371433,0.9018158081261674,0.632140570121633,1.6044030470937285,2.389333454976851,-0.21577045633143446,1,0,1
0.08515852042280478,0,-1.2534354094876172,1,0.37953352645914945,0,0.871579399894621,-0.0019415586703236604,1.0172060332442585,6,-0.1676805111076165,0.5646261041702724,-0.6641603205339565,-0.908901035463505,-0.25148525726821297,0.5544060810620445,1.051685401525792,1,1,0
0.2675876805753284,1,1.647478053936796,0,-0.9956453516694007,0,0.8157937607943216,-0.0019415586703236604,1.3004802895270597,6,-0.9886700904922153,-0.07167993613632236,-0.4829345964456929,1.3250615290310641,1.6044030470937285,2.6186993767162017,-1.121096069086596,0,1,1
1.7385671111722591,0,-1.2534354094876172,1,-0.7664488719813091,1,-0.9693466904152555,0.704231066278716,1.2154980126422192,8,0.16071532064622304,-1.3601996677571766,-1.3867398101679305,1.5176917297292065,1.6044030470937285,2.6186993767162017,0.14635978877063022,1,0,1
0.9788304821826356,1,1.7683494482461466,0,2.213105363963883,0,1.652578347298811,-0.0019415586703236604,-0.7390943557091094,8,1.638496563538501,1.1032137168583542,0.18620653864943418,0.7727332284510828,-1.4114154474944265,-1.2805212928527623,1.5948807691788889,0,0,1
1.142785803332372,1,0.31789271653393997,0,-0.9956453516694007,0,-1.0251323295155548,0.704231066278716,0.08240098751101427,8,-1.6454617539998944,0.22374786829173948,1.498931334929805,1.1041302087990716,-0.25148525726821297,-0.5924235276347098,-1.4832263141886608,1,0,0
-0.5060043276663856,0,-1.2534354094876172,0,-0.5372523922932173,1,1.7641496254994096,1.4104036912277562,-1.0506960376201908,2,-0.496076342861456,2.4235487504945388,1.1550671405059203,1.4683930053799188,1.1404309710032432,1.471869768019448,0.14635978877063022,1,0,0
-1.5636316105759527,0,-1.1325640151782668,1,-0.5372523922932173,0,0.36950864799192734,-1.4142868085684035,1.2438254382704994,8,-0.1676805111076165,-0.5511819879387919,-1.1869268323270246,0.5782771490733374,-1.1794294094491837,0.09567423758334274,-0.7589658239845315,1,0,1
-0.5221689367938244,1,-1.0116926208689163,1,-0.30805591260512566,1,-0.2999190212116641,0.704231066278716,-0.34251039691318763,4,-0.9886700904922153,0.6532544454986909,0.5393643599496402,0.9370623096153748,1.3724170090484857,-1.0511553711134114,-0.3968355788824668,1,0,1
1.2628657568504886,0,1.4057352653180952,0,1.7547124045876996,1,0.6484368434934238,0.704231066278716,0.9888786076159783,5,1.1459028159077416,0.05330875035247304,0.48592600541079317,0.5709736343549243,1.6044030470937285,0.7837720028013953,-0.9400309465355637,1,1,1
0.3484107262125224,0,1.0431210823900432,1,0.15033704677105778,1,-1.6387743596188469,-1.0612004960938834,-0.5408023763111485,3,0.8175069841539021,-0.4511910387477556,0.9482839425077734,-0.7299649248623871,1.3724170090484857,2.1599675332375003,-1.3021611916376286,1,1,1
-0.10881678910646081,1,1.1639924766993939,1,2.4423018436519746,1,-0.9135610513149562,-1.0612004960938834,-0.6824395044525492,4,1.638496563538501,1.2191123170570555,0.7020028302852613,1.1598195085269707,1.1404309710032432,1.7012356897587988,-0.21577045633143446,1,0,1
-1.5682500703266495,0,1.2848638710087446,0,-0.9956453516694007,0,-1.6945599987191462,-1.0612004960938834,-1.5039348476726728,4,-1.4812638381229746,-1.0238664750236908,-1.5888761947279169,0.059727604066016016,0.9084449329580004,0.09567423758334274,-0.21577045633143446,0,1,1
-0.8454611193426004,0,0.19702132222458932,0,-0.5372523922932173,0,-1.4714174423179491,0.3511447538041962,1.6404093970664213,4,1.4742986476615811,0.0010407541844313284,-1.3704759631343684,0.7563003203346537,-1.4114154474944265,-0.36305760589535896,-1.4832263141886608,1,0,0
0.7964013220301119,1,0.8013782937713424,1,-0.07885943291703394,1,1.0947219562958181,1.763490003702276,0.5922946488200566,3,0.9817049000308219,-0.18985105790754708,0.9087860282834083,-1.730546441284965,-0.4834712953134557,0.7837720028013953,0.5084900338726949,1,1,1
1.1912796307146882,1,-0.7699498322502151,1,2.213105363963883,0,-1.1924892468164525,-1.4142868085684035,-0.9373863351070703,4,1.1459028159077416,0.03512857777228462,-1.0428756157440457,1.3241485896912626,-0.7154573333586983,-0.5924235276347098,-0.21577045633143446,0,0,1
1.4706964456318448,0,0.07614992791523893,0,1.0671229655234247,0,-0.46727593851256194,-1.4142868085684035,-1.5039348476726728,1,0.9817049000308219,-0.9738710004281728,-0.7780072497688914,1.2648075326041572,1.1404309710032432,1.0131379245407461,-1.4832263141886608,0,0,0
-0.8616257284700392,1,-1.2534354094876172,0,-0.07885943291703394,1,-0.1325621039107662,-1.0612004960938834,0.9888786076159783,6,1.3101007317846614,-0.896605266962372,0.6532112891845749,1.3487979518659063,0.6764588949127578,1.7012356897587988,0.6895551564237272,1,0,0
1.7131655825434267,1,-1.2534354094876172,0,-0.9956453516694007,1,-0.9135610513149562,-1.4142868085684035,-1.3056428682747119,8,-1.4812638381229746,-1.0874970790543503,-1.2868333212474776,0.8822859492272775,0.9084449329580004,-0.8217894493740606,0.5084900338726949,1,0,0
0.21909385319301197,1,0.6805068994619917,1,-0.9956453516694007,0,0.2021517306910295,-0.3550278711448435,-0.9373863351070703,8,-1.4812638381229746,-0.36029017584681355,-1.5702889409752745,0.020471212454546268,1.3724170090484857,1.9306016114981492,0.6895551564237272,0,1,0
-0.20580444387109362,1,1.2848638710087446,1,-0.07885943291703394,0,-1.5829887205185476,1.4104036912277562,0.25236554128069505,7,-0.6602742587383758,0.5600810610252253,1.1318330733151172,-0.6614944743772654,1.1404309710032432,1.0131379245407461,-0.3968355788824668,1,0,0
-1.0879302562541824,1,1.1639924766993939,1,-0.7664488719813091,1,-1.2482748859167518,-1.4142868085684035,1.2721528638987796,7,0.6533090682769823,-0.42619330144999656,0.7089730504425023,-0.41865260999003395,1.6044030470937285,-0.5924235276347098,1.2327505240768242,1,1,1
-1.3534916919192483,1,-1.0116926208689163,1,-0.30805591260512566,0,-1.1367036077161534,-0.3550278711448435,0.5922946488200566,8,0.6533090682769823,-0.2852969639535363,-1.0475224291822065,1.2520263818469344,1.6044030470937285,2.848065298455553,0.14635978877063022,1,0,1
0.8610597585398672,1,0.43876411084329037,0,-0.5372523922932173,1,-0.6346328558134597,-0.3550278711448435,-0.05923614063038636,1,-0.1676805111076165,-1.3306568873143705,-1.5981698216042381,-0.4898618784945605,-1.1794294094491837,-0.8217894493740606,0.32742491132166257,1,0,0
1.1289304240802815,1,1.4057352653180952,0,0.15033704677105778,1,-0.6346328558134597,-1.4142868085684035,-0.39916524816974785,3,-0.3318784269845363,-0.7943417961988121,0.02589147503289331,0.38290813035579024,0.9084449329580004,1.471869768019448,-0.5779007014334991,1,0,1
-0.5498796952980052,0,1.1639924766993939,0,-0.30805591260512566,0,0.2021517306910295,1.763490003702276,-0.88073148385051,1,0.6533090682769823,0.43963741768147696,1.6778336522989883,-0.9992820301038656,-1.4114154474944265,-0.36305760589535896,-0.9400309465355637,0,0,0
0.08515852042280478,1,1.0431210823900432,1,0.8379264858353329,1,0.03479481339013166,1.763490003702276,-1.333970293902992,3,0.8175069841539021,-0.2762068776634421,-0.6269858130286716,-1.2822932254423685,1.1404309710032432,0.3250401593226936,-1.664291436739693,1,1,0
1.2328457684709595,1,-1.2534354094876172,0,0.37953352645914945,0,-0.2999190212116641,-1.4142868085684035,1.4137899920401802,4,0.16071532064622304,1.5895333333783945,0.4952196322871144,0.5463242721802806,1.6044030470937285,2.6186993767162017,0.5084900338726949,1,1,1
-0.20811367374644202,1,-0.40733564932216343,1,-0.9956453516694007,1,0.9831506780952195,1.0573173787532364,0.5356397975634963,2,-1.6454617539998944,-0.7034409332978699,-1.6330209223904426,-1.55891384540226,-1.1794294094491837,-1.2805212928527623,0.6895551564237272,1,1,0
-1.1133317848830149,0,-0.6490784379408645,1,1.0671229655234247,1,0.7042224825937231,-0.0019415586703236604,-0.45582009942630813,8,0.16071532064622304,-1.3170217578792291,-1.651608176143085,-0.7637436804350471,1.6044030470937285,-1.0511553711134114,0.14635978877063022,1,0,0
-1.1040948653816212,1,-1.2534354094876172,1,-0.7664488719813091,0,0.7042224825937231,-1.4142868085684035,0.9888786076159783,4,0.9817049000308219,1.2100222307669612,0.29308324772712807,1.61537623908798,-1.4114154474944265,-1.0511553711134114,0.14635978877063022,1,1,0
0.21909385319301197,0,-0.16559286070346238,0,0.8379264858353329,1,0.3137230088916281,1.763490003702276,0.8472414794745777,5,-0.003482595230696726,-0.0694074145637988,-0.7268923019491247,-0.546464117562261,0.9084449329580004,-0.36305760589535896,1.4138156466278566,1,0,1
-0.3628320753947848,0,-0.16559286070346238,1,1.2963194452115163,0,-1.6945599987191462,-1.4142868085684035,0.36567524379381555,7,1.638496563538501,-0.9556908278479843,0.36975566945677807,0.4039057351712275,-1.1794294094491837,-0.1336916841560081,0.32742491132166257,1,0,0
-0.11112601898180921,1,-1.2534354094876172,1,-0.9956453516694007,0,-0.07677646481046692,0.3511447538041962,-0.427492673798028,7,-0.496076342861456,-0.1943961010525942,-0.06239798029215818,0.5472372115200822,0.9084449329580004,-0.5924235276347098,1.5948807691788889,1,0,0
0.20985693369161837,1,1.4057352653180952,1,-0.9956453516694007,0,-1.5272030814182482,0.704231066278716,1.6970642483229814,4,-1.4812638381229746,-1.0693169064741619,-0.5131388837937368,0.9717540045278364,-0.4834712953134557,-1.0511553711134114,1.5948807691788889,0,1,0
0.29298920920416077,0,-0.16559286070346238,1,-0.30805591260512566,0,-0.2999190212116641,0.3511447538041962,-1.7022268270706338,8,-0.6602742587383758,0.04649118563490238,-0.3481770067390354,-1.1060959328606554,0.4444728568675151,-1.2805212928527623,-0.3968355788824668,0,0,1
1.720093272169472,0,0.8013782937713424,1,-0.7664488719813091,1,0.5368655652928253,0.704231066278716,-1.6455719758140734,1,0.4891111524000626,-0.6034499841068337,-1.4796760789311427,-1.3288531317722512,-1.4114154474944265,-0.1336916841560081,-0.21577045633143446,1,1,0
1.3991103194960444,0,0.07614992791523893,1,0.15033704677105778,1,-0.4114902994122626,-1.4142868085684035,-1.5605896989292332,3,0.8175069841539021,-0.09895019500660499,0.23964489318828114,0.9324976129163667,-0.9474433714039411,-0.36305760589535896,-1.3021611916376286,1,0,0
-0.635321200685896,1,0.6805068994619917,0,1.0671229655234247,0,-1.4156318032176498,-0.7081141836193636,0.08240098751101427,4,1.1459028159077416,1.0054952892398417,1.475697267739002,-1.2476015305299069,1.3724170090484857,-0.8217894493740606,0.32742491132166257,1,1,0
-1.4689531856866684,1,0.07614992791523893,1,1.0671229655234247,0,1.0947219562958181,-0.3550278711448435,-1.4189525707878325,4,1.4742986476615811,0.9259570342015172,0.05377235566185694,1.1817300526822094,-0.4834712953134557,-0.36305760589535896,0.14635978877063022,1,1,1
-0.5475704654226567,1,1.5266066596274452,1,0.6087300061472412,1,-1.6945599987191462,0.3511447538041962,-0.7107669300808293,7,0.8175069841539021,-0.8284296197866654,1.3734673720994688,0.09898399567748577,1.6044030470937285,0.5544060810620445,0.32742491132166257,1,0,0
-1.6190531275843143,0,-1.2534354094876172,0,-0.9956453516694007,1,-1.1924892468164525,-0.7081141836193636,-0.25752812002834724,3,-1.4812638381229746,-0.5693621605189804,0.4696621583772311,-1.4256247017912231,0.6764588949127578,0.09567423758334274,1.4138156466278566,1,1,1
-1.3003794047862351,1,0.43876411084329037,1,2.6714983233400664,1,1.3178645126970152,-1.4142868085684035,1.4137899920401802,1,1.1459028159077416,-1.1079497732070622,-1.544731467065391,-1.447535245946462,1.1404309710032432,0.7837720028013953,-1.4832263141886608,1,0,0
0.8980074365454416,0,1.2848638710087446,1,-0.9956453516694007,1,-1.6945599987191462,0.3511447538041962,1.1871705870139393,4,-1.6454617539998944,1.3122857015305212,0.37440248289493866,0.1254592365317328,-0.4834712953134557,-1.0511553711134114,-1.664291436739693,1,1,0
-0.5475704654226567,1,-0.6490784379408645,1,-0.5372523922932173,0,-1.6945599987191462,0.3511447538041962,-1.079023463248471,8,0.6533090682769823,0.637346794491026,-0.4806111897266126,-0.4213914280094388,-1.1794294094491837,-0.1336916841560081,0.6895551564237272,0,0,0
-1.2565040371546154,0,1.2848638710087446,1,-0.5372523922932173,1,-1.3040605250170512,0.704231066278716,0.02574613625445402,3,-1.1528680063691352,-0.2898420070985834,0.7438241512287067,0.709740414004771,-0.4834712953134557,-0.36305760589535896,1.4138156466278566,1,0,0
-0.9447580039825816,1,-0.5282070436315138,1,-0.5372523922932173,0,-0.2999190212116641,-0.0019415586703236604,0.7622592025897373,4,-0.1676805111076165,-0.18303349318997642,1.2410331891118915,0.19210380833725121,-1.643401485539669,-1.2805212928527623,0.5084900338726949,0,1,1
0.03897392291583678,0,1.0431210823900432,1,1.525515924899608,1,1.2062932344964166,0.3511447538041962,-1.135678314505031,5,0.6533090682769823,-1.4079226207801712,1.4106418796047535,-1.5698691174798793,-0.019499219222970297,-0.1336916841560081,0.6895551564237272,1,0,0
0.40845070297158076,1,-1.2534354094876172,1,0.6087300061472412,0,1.4294357908976139,1.4104036912277562,-0.7957492069656696,3,-0.1676805111076165,0.8214210418654339,0.10488730348162359,-0.45151842622289234,0.6764588949127578,1.7012356897587988,0.8706202789747596,0,1,1
0.7201967361436148,1,1.0431210823900432,0,-0.9956453516694007,1,-0.2999190212116641,-1.4142868085684035,0.16738326439585466,1,-1.4812638381229746,-1.1624902909476276,0.36975566945677807,1.2967604094972138,-0.7154573333586983,-0.8217894493740606,0.14635978877063022,1,0,1
1.292885745230018,0,-0.5282070436315138,0,-0.5372523922932173,1,1.7641496254994096,-0.7081141836193636,-0.200873268771787,5,-0.496076342861456,-0.7988868393438592,-1.3170376085955215,-0.33648806940788795,-1.1794294094491837,0.09567423758334274,-0.9400309465355637,1,1,1
-1.224174818899738,1,-0.2864642550128128,1,-0.9956453516694007,1,1.3178645126970152,0.704231066278716,0.7622592025897373,1,-1.3170659222460548,-0.5489094663662684,-1.2264247465513898,1.61537623908798,-1.4114154474944265,-0.5924235276347098,-1.121096069086596,1,1,1
-0.4667474197854628,1,1.5266066596274452,1,0.6087300061472412,0,0.03479481339013166,0.3511447538041962,-0.3141829712849075,4,0.4891111524000626,-1.3397469736044647,0.028214881751973613,-0.33009749402927663,1.1404309710032432,2.389333454976851,0.6895551564237272,1,0,1
-0.4690566496608112,1,0.31789271653393997,1,2.213105363963883,0,-1.5272030814182482,-1.4142868085684035,1.4987722689250207,3,0.9817049000308219,-0.921603004260131,0.376725889614019,1.185381810041416,-0.019499219222970297,0.3250401593226936,-1.664291436739693,0,1,0
0.9280274249249707,1,-1.2534354094876172,0,-0.7664488719813091,1,-0.8577754122146569,1.4104036912277562,0.05407356188273415,2,-1.1528680063691352,1.1077587600034013,-0.027546879505953643,-0.9070751567839017,-1.4114154474944265,-0.8217894493740606,-1.664291436739693,1,0,1
1.4360579975016188,0,0.559635505152641,1,-0.9956453516694007,1,0.5368655652928253,-1.0612004960938834,0.8189140538462976,1,-0.9886700904922153,-0.6466278939847812,-1.3704759631343684,0.8704177378098564,-0.9474433714039411,-0.5924235276347098,-0.7589658239845315,1,1,1
-0.5591166147993988,0,0.07614992791523893,1,-0.9956453516694007,1,-0.1325621039107662,1.763490003702276,0.5639672231917764,8,-1.4812638381229746,-1.2942965421539936,-1.5540250939417124,-1.0641007232297808,-1.1794294094491837,-0.36305760589535896,0.32742491132166257,1,1,1
0.14288926730651477,0,-0.2864642550128128,1,0.8379264858353329,0,0.7600081216940223,1.4104036912277562,1.6687368226947015,1,0.3249132365231428,-0.810249447206477,-0.606075152556949,-1.5424809372858308,-1.643401485539669,-0.5924235276347098,-0.3968355788824668,0,1,0
-1.0532918081239564,0,0.559635505152641,1,2.6714983233400664,1,-1.1924892468164525,-0.7081141836193636,-1.5039348476726728,6,1.1459028159077416,-0.6466278939847812,-1.2078374927987472,0.905109432722318,-1.4114154474944265,-1.0511553711134114,-1.664291436739693,1,0,1
0.577024483872014,1,-0.2864642550128128,1,-0.9956453516694007,0,0.5368655652928253,1.4104036912277562,-0.45582009942630813,2,-0.8244721746152955,-0.835247184504236,-0.5921347122424672,1.241071109769315,0.6764588949127578,1.9306016114981492,-0.9400309465355637,1,0,0
1.5330456522662514,0,-0.16559286070346238,0,-0.9956453516694007,0,-0.1883477430110655,0.3511447538041962,0.16738326439585466,7,-1.3170659222460548,-0.6784431960001109,-1.4192675042350549,0.6996980812669531,-0.9474433714039411,0.3250401593226936,-1.664291436739693,1,1,1
-1.5636316105759527,1,1.1639924766993939,1,-0.9956453516694007,0,0.48107992619252593,-0.7081141836193636,-0.45582009942630813,1,-1.4812638381229746,-0.5534545095113155,-1.498263332683785,0.4322068547050778,1.1404309710032432,0.3250401593226936,-1.3021611916376286,0,0,0
1.0827458265733136,0,0.43876411084329037,0,-0.07885943291703394,1,-1.6387743596188469,-1.4142868085684035,0.8755689051028578,5,-0.6602742587383758,-1.2556636754210933,0.9343435021932915,-1.5187445144509886,-1.1794294094491837,-0.36305760589535896,0.32742491132166257,1,0,0
-0.3951612936496624,0,-1.2534354094876172,1,-0.5372523922932173,0,-1.1924892468164525,-1.0612004960938834,-0.5124749506828684,1,0.9817049000308219,-0.8193395334965712,1.2061820883256869,1.5971174522919476,-0.9474433714039411,-0.5924235276347098,-0.7589658239845315,1,0,0
-0.1757844554915644,0,1.647478053936796,1,-0.5372523922932173,0,0.42529428709222666,-0.3550278711448435,0.8189140538462976,6,-0.8244721746152955,-0.46482616818289696,-1.3147142018764413,0.17201914286161554,0.9084449329580004,0.5544060810620445,-1.664291436739693,1,1,1
-0.3097197882617716,0,-1.2534354094876172,0,-0.9956453516694007,1,-1.1367036077161534,1.4104036912277562,1.4137899920401802,4,-0.6602742587383758,0.33055638220034644,-0.30403227907650965,1.0265303649159339,-0.25148525726821297,-1.2805212928527623,1.5948807691788889,1,1,1
-0.1942582944943516,0,-0.6490784379408645,0,-0.9956453516694007,0,0.9831506780952195,-0.0019415586703236604,-1.0223686119919106,4,-0.003482595230696726,-0.6807157175726345,-0.8918541790038261,-0.706228502027545,-0.4834712953134557,-0.5924235276347098,0.6895551564237272,1,1,1
0.11517850880233398,0,-0.16559286070346238,1,-0.30805591260512566,0,-1.1924892468164525,-1.0612004960938834,-0.3141829712849075,7,-0.9886700904922153,1.3418284819733273,0.3070236880416099,0.3418258600647172,1.6044030470937285,0.5544060810620445,-0.21577045633143446,1,1,1
0.9788304821826356,1,0.07614992791523893,1,-0.9956453516694007,0,0.8157937607943216,1.0573173787532364,-0.030908715002106235,8,0.8175069841539021,2.441728923074727,1.4780206744580824,-1.1882604734428013,0.9084449329580004,-1.2805212928527623,-1.121096069086596,1,1,0
-0.2681536505055004,0,-1.1325640151782668,0,0.15033704677105778,0,1.0389363171955188,-0.0019415586703236604,0.9888786076159783,8,0.3249132365231428,-0.7625264941834823,-1.544731467065391,-0.07264860020521918,-1.643401485539669,-0.8217894493740606,1.2327505240768242,1,0,0
-0.843151889467252,1,1.5266066596274452,0,-0.7664488719813091,0,0.2021517306910295,-0.0019415586703236604,0.7622592025897373,1,-0.6602742587383758,1.703159412004572,0.45107490462458866,0.16106387078399606,1.6044030470937285,1.0131379245407461,-1.121096069086596,1,1,1
0.018190854037701185,1,-0.40733564932216343,0,-0.5372523922932173,1,-0.2999190212116641,-1.0612004960938834,-0.17254584314350688,2,-0.003482595230696726,1.4918149057598817,0.2837896208508069,-1.242123894491097,0.4444728568675151,-1.0511553711134114,0.8706202789747596,1,1,1
-1.1294963940104537,0,0.9222496880806925,1,0.15033704677105778,1,1.4294357908976139,-1.0612004960938834,0.6489495000766168,4,-0.496076342861456,-0.21939383835035328,-1.2845099145283971,0.9671893078288284,1.6044030470937285,1.471869768019448,-0.3968355788824668,1,0,1
0.2629692208246316,0,-1.0116926208689163,0,0.8379264858353329,1,-0.4114902994122626,-0.3550278711448435,-0.9090589094787902,7,1.638496563538501,-0.3148397443963425,-1.321684422033682,1.6035080276705589,0.9084449329580004,-0.36305760589535896,-1.121096069086596,1,0,0
-1.1872271408941635,1,0.9222496880806925,1,0.6087300061472412,1,0.36950864799192734,0.3511447538041962,1.35713514078362,7,0.16071532064622304,1.2077497091944378,0.7066496437234219,1.3725343747007486,1.6044030470937285,-0.5924235276347098,0.6895551564237272,1,1,1
1.2951949751053664,1,1.647478053936796,0,-0.9956453516694007,0,-0.9135610513149562,-1.0612004960938834,-0.427492673798028,3,-1.6454617539998944,1.3395559604008038,0.3836961097712599,0.6787004764515158,-0.9474433714039411,-0.1336916841560081,1.051685401525792,0,1,0
1.3644718713658184,0,-0.6490784379408645,1,0.15033704677105778,1,-1.1367036077161534,1.4104036912277562,-1.0506960376201908,8,-0.6602742587383758,1.7917877533329907,0.6717985429372174,0.10628751039589875,-0.9474433714039411,0.3250401593226936,1.5948807691788889,1,0,1
-0.3281936272645588,0,-1.2534354094876172,1,-0.5372523922932173,0,1.3736501517973145,0.3511447538041962,-0.3141829712849075,5,0.8175069841539021,2.180388942234518,1.162037360663161,0.06976993680383387,0.4444728568675151,0.3250401593226936,0.8706202789747596,1,1,0
0.47541836935668436,1,-1.2534354094876172,1,-0.7664488719813091,1,-0.4114902994122626,1.4104036912277562,-0.48414752505458825,6,0.16071532064622304,-1.3397469736044647,-0.4875814098838535,0.448639762821507,-0.019499219222970297,1.0131379245407461,0.32742491132166257,1,0,0
1.269793446476534,1,0.9222496880806925,0,-0.07885943291703394,0,0.6484368434934238,1.4104036912277562,1.2438254382704994,2,0.16071532064622304,0.891869210613664,0.26287896037908415,1.2775886833613799,1.1404309710032432,0.3250401593226936,-1.3021611916376286,1,1,0
-0.3974705235250108,0,1.0431210823900432,1,-0.5372523922932173,1,-1.3040605250170512,1.4104036912277562,-1.0506960376201908,6,0.6533090682769823,0.7146125279568268,-0.6920412011629201,-0.2095895011754625,0.21248681882227238,-1.0511553711134114,1.2327505240768242,1,1,1
1.3067411244821083,0,-0.7699498322502151,1,1.0671229655234247,0,0.6484368434934238,-1.0612004960938834,1.6120819714381411,3,0.9817049000308219,-0.7557089294659117,-0.08795545420204151,1.4939553068943643,-0.7154573333586983,0.09567423758334274,0.32742491132166257,1,1,0
-0.9586133832346719,0,0.19702132222458932,1,0.6087300061472412,1,-0.35570466031196335,0.704231066278716,1.0455334588725387,5,0.16071532064622304,-0.27393435609091854,-1.4610888251785001,-0.4323467000870583,-1.4114154474944265,-0.1336916841560081,1.5948807691788889,1,1,1
-1.547467001448514,1,1.5266066596274452,0,-0.5372523922932173,1,-1.2482748859167518,-1.0612004960938834,1.2438254382704994,5,-0.496076342861456,-0.26938931294587143,0.43713446431010683,0.6942204452281433,-1.4114154474944265,-1.2805212928527623,-1.121096069086596,1,1,1
1.685454824039246,1,-1.0116926208689163,1,-0.07885943291703394,0,-0.02099082571016763,1.0573173787532364,0.8755689051028578,2,-0.496076342861456,1.521357686202688,1.5616633163449731,1.3889672828171777,1.1404309710032432,1.242503846280097,0.32742491132166257,0,1,1
-1.3558009217945968,0,0.8013782937713424,0,-0.9956453516694007,1,-0.46727593851256194,0.704231066278716,0.3090203925372553,8,-1.3170659222460548,0.6646170533613087,1.4571100139863595,1.5952915736123443,-0.9474433714039411,-1.0511553711134114,-0.21577045633143446,1,1,1
-1.2911424852848417,1,0.559635505152641,1,1.9839088842757913,1,1.3178645126970152,1.0573173787532364,-0.25752812002834724,7,1.4742986476615811,-0.1171303675867934,-1.1938970524842654,-1.4685328507618993,1.3724170090484857,-1.0511553711134114,-0.9400309465355637,1,1,1
-0.9493764637332783,0,-0.5282070436315138,1,-0.5372523922932173,0,-1.4156318032176498,-1.0612004960938834,-1.1073508888767511,4,-0.496076342861456,-0.7011684117253464,0.822819979677437,-0.9098139748033066,0.21248681882227238,-0.1336916841560081,0.6895551564237272,1,1,1
1.061962757695178,0,0.31789271653393997,1,1.2963194452115163,1,0.6484368434934238,-1.0612004960938834,-0.08756356625866649,5,0.4891111524000626,0.19193256627640976,0.4417812777482674,0.96810224716863,-1.643401485539669,-0.5924235276347098,1.5948807691788889,1,0,0
0.6255183112543303,0,1.1639924766993939,0,-0.5372523922932173,1,-1.3598461641173505,1.0573173787532364,0.8189140538462976,4,1.3101007317846614,-0.13985558331202894,0.9180796551597294,0.511632577267819,1.3724170090484857,2.389333454976851,0.14635978877063022,1,0,0
-0.7900396023342388,0,0.31789271653393997,0,-0.30805591260512566,1,0.14636609159073022,-0.3550278711448435,0.7905866282180174,3,-0.9886700904922153,-1.3397469736044647,-1.7259571911536546,-0.7463978329788162,0.6764588949127578,1.471869768019448,-0.03470533378040212,1,0,0
1.1912796307146882,1,1.4057352653180952,1,1.9839088842757913,1,-0.4114902994122626,1.4104036912277562,1.3854625664119,1,0.6533090682769823,-0.7534364078933882,-1.6794890567720486,-0.25706234684514684,0.4444728568675151,1.0131379245407461,1.5948807691788889,1,1,1
1.4683872157564963,0,0.559635505152641,0,1.525515924899608,1,0.6484368434934238,1.0573173787532364,-0.7674217813373895,8,1.4742986476615811,-1.4261027933603596,-1.1776332054507033,1.2794145620409831,1.6044030470937285,0.5544060810620445,1.5948807691788889,1,1,0
1.4799333651332383,0,0.19702132222458932,0,0.37953352645914945,1,0.48107992619252593,1.4104036912277562,-1.6738994014423536,8,0.8175069841539021,0.698704876949162,-0.6432496600622338,-0.46886427367912314,1.6044030470937285,1.9306016114981492,0.5084900338726949,1,0,0
-1.69756694334616,0,-0.7699498322502151,1,2.4423018436519746,1,-0.46727593851256194,0.3511447538041962,-0.11589099188694661,3,1.3101007317846614,-0.6011774625343101,0.03286169519013422,0.182974414939235,1.3724170090484857,-0.5924235276347098,-1.3021611916376286,1,0,0
0.8310397701603379,1,-1.2534354094876172,1,-0.9956453516694007,1,0.03479481339013166,1.4104036912277562,1.6970642483229814,5,-1.6454617539998944,-1.0784069927642561,-1.1149012240355352,1.1497771757891528,-0.25148525726821297,-1.0511553711134114,-1.664291436739693,1,0,0
-1.1964640603955572,0,1.4057352653180952,1,-0.9956453516694007,0,-0.4114902994122626,-1.0612004960938834,-1.4756074220443927,4,-1.4812638381229746,-0.23984653250306523,0.6485644757464144,-0.12651202125351488,-1.643401485539669,-1.0511553711134114,0.14635978877063022,1,1,1
1.0989104357007524,1,-0.6490784379408645,0,0.6087300061472412,0,-0.4114902994122626,1.0573173787532364,-1.4756074220443927,6,1.4742986476615811,1.2441100543548145,0.9018158081261674,0.18114853625963176,-1.643401485539669,-1.0511553711134114,1.4138156466278566,0,0,1
-0.5983735226803216,0,-0.2864642550128128,1,-0.9956453516694007,1,1.5967927081985116,-0.3550278711448435,-0.9373863351070703,3,-0.1676805111076165,-0.11485784601426985,-0.99873088808152,1.629983268524806,-0.7154573333586983,-0.36305760589535896,1.5948807691788889,1,0,1
-0.06955988122553801,0,0.19702132222458932,1,-0.7664488719813091,0,-0.35570466031196335,0.704231066278716,-0.6824395044525492,3,-0.9886700904922153,0.739610265254586,1.3037651705270596,1.3049768635554284,-0.4834712953134557,-1.2805212928527623,1.051685401525792,1,0,0
-0.4344182015305852,0,-0.044721466394111724,0,-0.5372523922932173,0,-0.7462041340140584,-0.3550278711448435,0.7339317769614572,4,0.6533090682769823,-0.3148397443963425,-0.0066362190342309215,-1.6063866910719442,-0.7154573333586983,0.3250401593226936,0.8706202789747596,0,0,1
1.30443189460676,1,-1.2534354094876172,1,-0.9956453516694007,0,-0.02099082571016763,1.763490003702276,-0.7107669300808293,6,-1.6454617539998944,-0.9715984788556492,-0.27382799172846567,-1.6702924448580578,1.1404309710032432,1.242503846280097,1.2327505240768242,1,0,1
-0.935521084481188,1,-1.2534354094876172,1,-0.07885943291703394,1,1.5967927081985116,1.0573173787532364,1.4421174176684604,5,0.3249132365231428,0.2601082134521163,-0.9127648394755489,1.5679033934182958,-1.4114154474944265,-1.2805212928527623,-0.7589658239845315,1,0,0
-0.6145381318077604,0,-1.2534354094876172,0,-0.7664488719813091,0,-1.3598461641173505,-1.4142868085684035,-1.3906251451595524,5,-0.8244721746152955,-1.312476714734182,-1.3751227765725291,-1.4174082477330086,1.1404309710032432,-0.5924235276347098,-0.7589658239845315,0,1,1
-0.8339149699658583,0,0.9222496880806925,1,-0.9956453516694007,1,-0.9693466904152555,-0.3550278711448435,-1.0506960376201908,7,-1.6454617539998944,0.31237620962015805,-1.0405522090249655,-0.7007508659887351,0.9084449329580004,1.0131379245407461,-1.121096069086596,1,1,1
-0.5868273733035796,0,0.07614992791523893,1,1.2963194452115163,0,-0.2999190212116641,-0.7081141836193636,0.6206220744483367,4,0.6533090682769823,-1.1943055929629574,-1.1218714441927762,1.566990454078494,0.6764588949127578,0.7837720028013953,0.32742491132166257,1,0,1
1.2674842166011855,1,-1.1325640151782668,1,1.2963194452115163,0,1.0947219562958181,-0.7081141836193636,-0.002581289373826107,2,0.9817049000308219,0.5078130648571836,-0.7896242833642928,1.5505575459620649,1.3724170090484857,2.6186993767162017,-1.664291436739693,1,0,0
-0.06725065135018961,1,-1.2534354094876172,0,-0.30805591260512566,0,-0.8577754122146569,-0.0019415586703236604,1.1871705870139393,4,0.4891111524000626,-0.008049332105662882,-1.435531351268617,-0.4259561247084469,-1.1794294094491837,-0.5924235276347098,-0.3968355788824668,1,0,1
0.14750772705721157,1,0.8013782937713424,1,-0.9956453516694007,1,1.0389363171955188,0.3511447538041962,-1.135678314505031,4,-1.6454617539998944,-1.0306840397412615,1.5546930961877323,1.5222564264282146,-1.1794294094491837,-1.2805212928527623,0.14635978877063022,1,1,0
1.7224025020448204,1,0.07614992791523893,0,0.15033704677105778,1,1.3736501517973145,1.763490003702276,-1.135678314505031,2,0.8175069841539021,2.0917606009061,0.8042327259247947,-1.4347540951892392,-0.7154573333586983,-0.5924235276347098,-1.3021611916376286,1,1,1
1.6369609966569296,1,-0.16559286070346238,0,-0.7664488719813091,0,-0.1325621039107662,-1.0612004960938834,-1.3906251451595524,6,-1.3170659222460548,-0.9352381336952723,-1.1404586979454185,0.14828272002677337,-0.7154573333586983,-1.2805212928527623,0.14635978877063022,1,1,1
-0.9886333716142012,0,-1.2534354094876172,1,-0.5372523922932173,1,-0.5230615776128612,-1.0612004960938834,1.4704448432967405,5,1.1459028159077416,-0.10349523815165208,0.7020028302852613,0.3107859225114621,1.6044030470937285,1.471869768019448,-1.4832263141886608,1,1,0
0.3530291859632192,1,0.43876411084329037,1,-0.7664488719813091,0,1.3178645126970152,-0.7081141836193636,0.36567524379381555,1,0.8175069841539021,-1.139765075222392,-1.4843228923693033,0.8676789197904515,1.1404309710032432,-0.8217894493740606,1.4138156466278566,1,1,0
0.84258591953708,0,-1.2534354094876172,1,-0.07885943291703394,1,-0.2999190212116641,1.4104036912277562,1.6687368226947015,1,-0.003482595230696726,-1.0647718633291148,-0.5549602047371823,0.8220319528003704,0.6764588949127578,-0.8217894493740606,-0.9400309465355637,1,0,1
-0.2589167310041068,1,-1.2534354094876172,1,-0.9956453516694007,1,1.7641496254994096,-0.0019415586703236604,0.7339317769614572,5,-1.6454617539998944,0.09194161708537343,0.8065561326438749,-1.38454243150015,0.21248681882227238,0.3250401593226936,1.5948807691788889,1,0,0
-0.4575105002840692,1,-0.7699498322502151,0,1.2963194452115163,1,-0.24413338211136476,1.0573173787532364,1.5270996945533006,2,1.4742986476615811,0.7600629594072978,1.6848038724562293,-0.6569297776782573,-1.643401485539669,-1.0511553711134114,0.6895551564237272,1,0,1
-1.6814023342187212,0,-0.8908212265595655,1,-0.9956453516694007,0,-1.6387743596188469,-1.4142868085684035,1.0738608845008186,7,-1.4812638381229746,-0.4421009524576614,1.6197484843219807,0.5974488752091714,-1.643401485539669,-1.2805212928527623,-0.5779007014334991,1,0,1
0.46156299010459395,1,1.5266066596274452,1,-0.9956453516694007,1,-0.8019897731143576,-0.7081141836193636,1.0738608845008186,8,-1.4812638381229746,-0.6375378076946869,1.2061820883256869,1.0612220598283955,-0.9474433714039411,-1.2805212928527623,0.8706202789747596,1,1,1
0.5054383577362136,0,1.1639924766993939,0,-0.5372523922932173,0,-1.6387743596188469,1.763490003702276,-1.4189525707878325,5,-0.3318784269845363,0.7577904378347743,-0.6409262533431535,-0.12377320323411002,-0.9474433714039411,-0.8217894493740606,0.14635978877063022,0,1,1
-1.1918456006448603,0,-0.044721466394111724,0,1.0671229655234247,0,-1.3040605250170512,0.704231066278716,-0.5124749506828684,4,0.8175069841539021,1.6804341962793368,0.9924286701702991,0.5563666049180984,-0.4834712953134557,0.5544060810620445,-0.7589658239845315,1,0,1
-1.7068038628475535,1,-1.2534354094876172,1,-0.7664488719813091,0,-0.02099082571016763,-0.0019415586703236604,0.02574613625445402,7,0.16071532064622304,0.6918873122315913,0.34419819554689474,-0.43417257876666154,1.1404309710032432,-1.2805212928527623,-1.121096069086596,1,1,1
-1.3881301400494743,0,-0.40733564932216343,0,0.37953352645914945,1,0.48107992619252593,0.704231066278716,1.2438254382704994,8,1.1459028159077416,0.24874560558949857,-0.2784748051666263,-1.3361566464906642,1.3724170090484857,-0.8217894493740606,0.32742491132166257,1,1,0
0.3738122548413548,1,1.1639924766993939,0,-0.30805591260512566,0,-0.02099082571016763,-1.4142868085684035,0.3090203925372553,4,-0.6602742587383758,0.5532634963076546,-0.6223389995905111,0.8987188573437067,1.6044030470937285,2.848065298455553,-1.4832263141886608,1,0,0
0.2976076689548576,1,-0.2864642550128128,1,-0.5372523922932173,0,-1.1367036077161534,-1.4142868085684035,-0.9940411863636306,1,0.4891111524000626,0.6055314924756963,1.0156627373611022,0.6503993569176655,1.1404309710032432,-1.0511553711134114,0.14635978877063022,0,0,0
0.06668468142001759,0,-1.2534354094876172,1,0.15033704677105778,0,-0.46727593851256194,-0.7081141836193636,1.2438254382704994,2,0.16071532064622304,-0.7557089294659117,-0.02522347278687334,1.113259602197088,1.6044030470937285,2.1599675332375003,1.4138156466278566,1,1,1
0.5862614033734076,0,0.8013782937713424,0,-0.5372523922932173,0,1.2620788735967159,0.3511447538041962,-1.7022268270706338,7,-0.6602742587383758,-0.29211452867110693,0.20014697896391598,1.5414281525640485,0.21248681882227238,0.3250401593226936,1.5948807691788889,0,1,0
-0.6422488903119412,0,-1.2534354094876172,1,1.9839088842757913,1,1.5967927081985116,-1.4142868085684035,0.7905866282180174,8,0.9817049000308219,-1.2283934165508106,0.7786752520149113,-1.2046933815592304,-0.9474433714039411,0.3250401593226936,-0.03470533378040212,1,1,0
0.09901389967489518,1,0.31789271653393997,0,-0.7664488719813091,0,1.7641496254994096,0.3511447538041962,-0.427492673798028,7,0.6533090682769823,-1.0420466476038792,-1.6306975156713623,0.5518019082190904,-0.7154573333586983,-0.5924235276347098,0.5084900338726949,0,0,1
0.9395735743017127,1,-0.2864642550128128,0,-0.9956453516694007,0,0.9273650389949202,0.704231066278716,-1.1640057401333113,7,-0.9886700904922153,-0.9670534357106021,-0.729215708668205,-1.6438172040038108,-0.7154573333586983,0.3250401593226936,-0.21577045633143446,1,0,0
-0.6884334878189092,0,-0.044721466394111724,1,0.37953352645914945,0,-0.8019897731143576,-0.7081141836193636,-0.5974572275677088,4,-0.496076342861456,-0.662535544992446,1.1109224128433945,0.6832651731505239,1.1404309710032432,1.7012356897587988,-0.3968355788824668,1,1,1
0.7479074946477956,1,1.5266066596274452,0,-0.9956453516694007,1,-0.8019897731143576,-0.3550278711448435,0.2240381156524149,5,0.4891111524000626,-0.27847939923596565,-1.6399911425476834,0.8905024032854921,-1.4114154474944265,-0.8217894493740606,-0.7589658239845315,1,1,1
-0.04877681234740241,1,1.0431210823900432,0,-0.9956453516694007,0,-0.9693466904152555,-1.4142868085684035,0.4223300950503758,5,-1.6454617539998944,0.47372524126933024,-0.6223389995905111,-0.18950483569982682,0.9084449329580004,0.5544060810620445,0.6895551564237272,1,1,0
0.03435546316513999,0,-1.2534354094876172,0,-0.30805591260512566,1,1.0947219562958181,-0.7081141836193636,-1.532262273300953,2,-0.1676805111076165,-0.06031732827370459,0.4162238038383841,-0.7418331362798082,-0.7154573333586983,-0.5924235276347098,0.8706202789747596,1,0,1
-1.046364118497911,1,0.43876411084329037,1,-0.9956453516694007,1,0.5926512043931245,-0.7081141836193636,-0.45582009942630813,8,-1.3170659222460548,-1.4011050560626006,-0.12512996170732635,-1.0294090283173192,-0.25148525726821297,0.7837720028013953,-1.4832263141886608,1,1,1
-1.1641348421406796,1,-1.2534354094876172,0,-0.9956453516694007,1,0.2021517306910295,0.704231066278716,-0.030908715002106235,3,-1.4812638381229746,1.2032046660493907,0.08862345644806148,-1.7214170478869486,-0.9474433714039411,-1.2805212928527623,-0.9400309465355637,1,1,1
-0.185021374992958,0,0.559635505152641,0,-0.30805591260512566,1,-0.4114902994122626,1.0573173787532364,1.6404093970664213,5,-0.9886700904922153,-1.3011141068715644,-0.10886611467376422,0.28339774231741344,0.21248681882227238,-0.1336916841560081,0.6895551564237272,1,0,0
-0.9724687624867624,0,1.1639924766993939,0,1.525515924899608,0,1.3178645126970152,0.704231066278716,0.9322237563594181,3,1.638496563538501,0.3441915116354878,-0.6734539474102778,-0.44330197216467776,1.3724170090484857,-1.0511553711134114,1.4138156466278566,0,1,0
0.20292924406557317,0,-0.40733564932216343,1,-0.9956453516694007,0,0.14636609159073022,-1.4142868085684035,1.6687368226947015,2,-1.4812638381229746,-1.0761344711917327,-0.6478964735003944,-1.0403643003949385,0.9084449329580004,1.9306016114981492,1.051685401525792,1,0,0
-1.1802994512681184,1,-1.2534354094876172,1,-0.07885943291703394,1,-0.8577754122146569,0.3511447538041962,-0.25752812002834724,2,-0.6602742587383758,-0.048954720411086824,0.07700642285265996,0.27974598495820696,-0.25148525726821297,-0.8217894493740606,-1.4832263141886608,1,0,0
-0.9424487741072332,0,-1.2534354094876172,0,-0.7664488719813091,1,-1.080917968615854,-1.4142868085684035,1.583754545809861,8,-0.9886700904922153,0.8009683477127219,1.3943780325711914,1.2565910785459427,-0.4834712953134557,0.7837720028013953,1.4138156466278566,1,0,1
-1.1595163823899828,1,0.8013782937713424,0,0.37953352645914945,1,1.0947219562958181,1.4104036912277562,1.583754545809861,4,-0.496076342861456,-0.8261570982141418,-1.5098803662791866,-0.553767632280674,-1.1794294094491837,-0.1336916841560081,1.2327505240768242,1,1,1
-0.06955988122553801,0,1.7683494482461466,0,-0.07885943291703394,0,0.8157937607943216,-0.3550278711448435,1.6687368226947015,3,-0.496076342861456,2.7735170726631657,1.6662166187035867,0.08255108756105657,0.21248681882227238,-0.1336916841560081,-1.3021611916376286,0,1,1
-1.1364240836364987,0,-1.2534354094876172,1,0.6087300061472412,1,1.4852214299979132,0.704231066278716,1.0738608845008186,7,-0.003482595230696726,2.914413410159626,1.575603756659455,-1.0504066331327564,-1.4114154474944265,-0.5924235276347098,-1.121096069086596,1,0,0
-1.3234717035397192,1,0.8013782937713424,1,-0.5372523922932173,0,-1.6387743596188469,-0.3550278711448435,-1.588917124557513,2,-0.1676805111076165,1.085033544278166,-0.0066362190342309215,0.4942867298115881,1.6044030470937285,-0.8217894493740606,-0.3968355788824668,1,1,1
-0.092652179979022,0,1.7683494482461466,1,1.2963194452115163,1,-0.1325621039107662,0.3511447538041962,-0.37083782254146774,3,0.4891111524000626,2.157663726509283,1.07607131205719,-0.321881039971062,-1.1794294094491837,-1.0511553711134114,-1.3021611916376286,1,0,1
-0.3974705235250108,1,-0.40733564932216343,0,-0.9956453516694007,0,0.7042224825937231,1.0573173787532364,1.4987722689250207,3,-0.6602742587383758,1.3350109172557567,1.5198419954015276,-1.1900863521224045,-0.25148525726821297,0.3250401593226936,-1.664291436739693,1,0,0
1.5561379510197355,0,-1.1325640151782668,1,-0.30805591260512566,1,-0.7462041340140584,-0.0019415586703236604,-0.25752812002834724,3,-0.3318784269845363,0.08739657394032632,-0.22735985734685965,1.6117244817287735,0.21248681882227238,-1.2805212928527623,-1.3021611916376286,1,1,0
1.6115594680280971,1,-1.2534354094876172,0,-0.7664488719813091,1,-0.35570466031196335,-0.0019415586703236604,-1.3622977195312722,4,-0.1676805111076165,-0.723893627450582,-1.2496588137421927,0.13184981191034417,1.6044030470937285,0.5544060810620445,-0.7589658239845315,1,0,1
0.34610149633717396,0,1.0431210823900432,1,-0.9956453516694007,0,0.7600081216940223,-1.4142868085684035,-0.05923614063038636,7,-1.4812638381229746,1.2713803132250971,0.2257044528737993,0.19301674767705285,-1.1794294094491837,-0.5924235276347098,0.6895551564237272,0,0,1
-1.542848541697817,0,-1.2534354094876172,0,-0.30805591260512566,1,0.3137230088916281,0.704231066278716,-0.5408023763111485,6,-0.8244721746152955,-1.3920149697725064,-1.3542121161008063,-0.6815791398529011,-1.643401485539669,-1.2805212928527623,-0.7589658239845315,1,0,0
1.6600532954104135,1,-1.2534354094876172,0,-0.9956453516694007,1,-1.6387743596188469,1.4104036912277562,0.7905866282180174,7,1.1459028159077416,1.6849792394243839,1.6243952977601415,-1.7095488364695275,-1.4114154474944265,-1.2805212928527623,1.5948807691788889,1,0,0
-1.5821054495787399,1,1.5266066596274452,1,-0.5372523922932173,1,0.42529428709222666,-1.4142868085684035,-1.1640057401333113,7,-0.6602742587383758,-0.4670986897554205,-0.8941775857229064,0.7270862614610017,0.6764588949127578,1.471869768019448,1.4138156466278566,1,0,1
-0.7900396023342388,0,1.4057352653180952,1,-0.07885943291703394,0,-0.7462041340140584,0.3511447538041962,0.19571069002413477,6,-0.496076342861456,1.0509457206903126,0.5718920540167644,-1.4904433949171383,1.6044030470937285,2.848065298455553,0.8706202789747596,0,0,0
-0.854698038843994,0,1.4057352653180952,0,1.7547124045876996,1,0.48107992619252593,-0.7081141836193636,-1.3622977195312722,7,0.9817049000308219,-1.1170398594971565,-1.714340157558253,1.0557444237895857,0.9084449329580004,-0.5924235276347098,0.5084900338726949,1,0,1
-1.512828553318288,1,-1.0116926208689163,0,-0.7664488719813091,0,-0.6346328558134597,-1.4142868085684035,1.2721528638987796,6,-0.496076342861456,-0.6148125919694514,-1.6144336686378002,0.03872999925057871,-0.25148525726821297,1.0131379245407461,0.32742491132166257,1,1,0
-1.6814023342187212,1,1.4057352653180952,0,-0.9956453516694007,1,0.7042224825937231,0.704231066278716,0.5356397975634963,6,0.8175069841539021,-0.15349071274717024,-1.1869268323270246,-0.8851646126286629,-0.4834712953134557,0.7837720028013953,-0.3968355788824668,1,1,0
0.022809313788397987,0,-1.2534354094876172,0,-0.30805591260512566,0,-1.3598461641173505,-0.3550278711448435,1.4421174176684604,1,-0.1676805111076165,-0.535274336931127,-1.4076504706396533,0.7426062302376293,-1.1794294094491837,0.09567423758334274,1.4138156466278566,1,1,0
1.0134689303128614,0,-1.1325640151782668,0,2.213105363963883,0,-0.9135610513149562,0.3511447538041962,-0.08756356625866649,7,0.8175069841539021,-1.1624902909476276,0.4162238038383841,-1.1836957767437932,-1.4114154474944265,-0.5924235276347098,1.051685401525792,0,1,1
0.3830491743427484,1,1.0431210823900432,0,0.15033704677105778,0,-0.4114902994122626,1.0573173787532364,-1.2489880170181518,8,1.1459028159077416,-0.26257174822830076,1.4966079282107247,-1.2238651076950646,0.6764588949127578,0.7837720028013953,-1.3021611916376286,0,0,1
-0.5591166147993988,1,1.647478053936796,1,-0.9956453516694007,0,0.14636609159073022,-1.0612004960938834,0.02574613625445402,6,-0.1676805111076165,0.6123490571932669,-0.2041257901560566,1.4556118546226962,1.1404309710032432,0.5544060810620445,1.2327505240768242,0,1,1
0.09670466979954678,0,1.5266066596274452,1,2.4423018436519746,0,0.9831506780952195,-1.4142868085684035,-0.5408023763111485,2,1.638496563538501,1.2395650112097674,1.2991183570888991,0.8685918591302532,1.1404309710032432,0.09567423758334274,-1.664291436739693,0,0,0
0.30915381833159955,1,0.6805068994619917,1,-0.7664488719813091,1,-1.5829887205185476,1.0573173787532364,-1.3622977195312722,3,0.4891111524000626,-0.4807338191905618,-1.7422210381872167,-1.2603826812871295,0.21248681882227238,-0.8217894493740606,0.6895551564237272,1,1,0
-1.0948579458802277,0,-0.5282070436315138,1,1.7547124045876996,0,0.36950864799192734,1.0573173787532364,-1.6738994014423536,7,0.6533090682769823,1.5509004666454942,1.4036716594475127,0.5855806637917503,1.1404309710032432,2.1599675332375003,-1.4832263141886608,1,1,0
0.9557381834291515,0,-1.2534354094876172,0,-0.5372523922932173,1,-0.9693466904152555,0.704231066278716,-1.135678314505031,8,-0.3318784269845363,-0.4352833877400908,-1.581905974570676,0.2249696245701096,-0.019499219222970297,-0.1336916841560081,-0.3968355788824668,1,1,0
-0.2519890413780616,1,-0.8908212265595655,0,-0.30805591260512566,1,-1.4156318032176498,1.763490003702276,-0.5124749506828684,3,1.3101007317846614,-0.21484879520530617,-1.4634122318975806,-1.1243547196566879,0.21248681882227238,-0.36305760589535896,-0.7589658239845315,1,0,1
1.6946917435406395,0,-1.2534354094876172,1,0.6087300061472412,0,-0.9693466904152555,-0.3550278711448435,0.02574613625445402,6,0.3249132365231428,-0.30120461496120116,-0.5131388837937368,-0.42686906404824854,-0.25148525726821297,-0.8217894493740606,-0.03470533378040212,1,1,0
-1.5243747026950298,1,-1.1325640151782668,0,2.6714983233400664,1,0.5368655652928253,-0.7081141836193636,-0.5408023763111485,7,1.1459028159077416,0.3487365547805349,-0.3063556857955899,-0.28171170901979065,-0.019499219222970297,-0.8217894493740606,-0.7589658239845315,1,1,1
-0.13883677748599002,1,-1.2534354094876172,1,-0.5372523922932173,0,-0.6346328558134597,-0.3550278711448435,0.5639672231917764,8,-0.9886700904922153,-1.2806614127188523,-1.5470548737844714,0.16745444616260743,1.1404309710032432,0.5544060810620445,-0.7589658239845315,1,0,0
0.8056382415315055,1,1.2848638710087446,0,0.6087300061472412,0,-1.1367036077161534,-0.7081141836193636,-0.5408023763111485,8,1.4742986476615811,-0.6534454587023518,-1.38209299672977,1.3058898028952302,0.6764588949127578,-1.0511553711134114,0.8706202789747596,0,1,0
-0.9770872222374591,0,1.1639924766993939,0,1.525515924899608,1,-0.46727593851256194,-0.0019415586703236604,1.5554271201815808,5,0.8175069841539021,1.6645265452716718,0.6183601883983704,0.09259342029887441,-1.4114154474944265,-0.36305760589535896,-1.4832263141886608,1,0,1
-1.5751777599526948,0,0.31789271653393997,1,-0.9956453516694007,1,1.0389363171955188,-0.0019415586703236604,0.7905866282180174,3,-1.4812638381229746,0.637346794491026,1.6964209060516307,-1.0074984841620802,0.4444728568675151,0.5544060810620445,0.6895551564237272,1,1,0
0.07361237104606279,1,-0.6490784379408645,0,0.6087300061472412,1,-0.46727593851256194,1.0573173787532364,0.8472414794745777,3,0.9817049000308219,1.637256286401389,1.2201225286401687,0.8795471312078726,-1.4114154474944265,-0.8217894493740606,-0.03470533378040212,1,1,1
-0.8038949815863292,0,1.4057352653180952,0,-0.9956453516694007,0,-0.9135610513149562,-1.0612004960938834,-1.6738994014423536,4,-0.9886700904922153,-1.1193123810696801,0.952930755945934,0.09898399567748577,-1.643401485539669,-1.2805212928527623,-1.3021611916376286,1,0,0
-1.704494632972205,0,0.07614992791523893,1,-0.9956453516694007,0,-1.3040605250170512,-0.3550278711448435,0.6206220744483367,6,-1.3170659222460548,1.7895152317604672,1.5570165029068126,0.40025397781202104,1.3724170090484857,0.5544060810620445,-0.21577045633143446,1,1,1
0.6693936788859499,0,-0.8908212265595655,0,1.7547124045876996,0,-1.080917968615854,-0.7081141836193636,-0.9940411863636306,7,1.638496563538501,-1.3851974050549358,0.8925221812498461,-0.1438578687097457,-1.4114154474944265,-1.2805212928527623,0.8706202789747596,1,1,0
-1.0140349002430336,0,-1.2534354094876172,0,1.0671229655234247,0,-1.3598461641173505,-0.7081141836193636,0.5073123719352162,5,1.638496563538501,0.08057900922275567,-1.2845099145283971,-0.8157812228037395,1.1404309710032432,1.7012356897587988,-1.664291436739693,0,1,1
1.4175841584988316,0,-1.2534354094876172,1,-0.5372523922932173,1,1.2620788735967159,0.704231066278716,-1.6172445501857933,6,-1.1528680063691352,-0.9920511730083611,-1.0475224291822065,-1.3708483414031258,0.6764588949127578,-1.2805212928527623,-1.3021611916376286,1,0,1
-1.5913423690801336,1,0.07614992791523893,0,-0.9956453516694007,0,-0.46727593851256194,-0.0019415586703236604,-0.427492673798028,3,-1.6454617539998944,1.135029018873684,0.15135543786322964,-0.7966094966679055,-0.019499219222970297,0.5544060810620445,-1.4832263141886608,1,0,1
-0.3489766961426944,1,0.31789271653393997,1,1.0671229655234247,0,0.8157937607943216,-0.7081141836193636,0.33734781816553544,6,0.8175069841539021,-0.6307202429771163,1.3409396780323444,-0.7701342558136585,-0.019499219222970297,-0.8217894493740606,0.14635978877063022,0,0,1
-0.9886333716142012,0,-0.2864642550128128,0,2.213105363963883,0,0.5926512043931245,1.4104036912277562,1.0455334588725387,6,0.8175069841539021,-1.1829429851003395,-1.7189869709964138,-1.4895304555773365,-0.019499219222970297,0.09567423758334274,-0.7589658239845315,1,1,1
-1.1641348421406796,0,0.8013782937713424,1,-0.07885943291703394,0,1.3178645126970152,-1.0612004960938834,1.4137899920401802,7,0.6533090682769823,-0.12394793230436406,0.25358533350276297,1.2593298965653474,0.9084449329580004,1.242503846280097,0.14635978877063022,0,1,1
-1.4019855193015647,0,-0.2864642550128128,0,0.15033704677105778,0,-0.24413338211136476,1.4104036912277562,-0.7674217813373895,7,0.9817049000308219,0.7986958261401983,0.276819400693566,-1.631036053246588,-1.4114154474944265,-0.8217894493740606,0.14635978877063022,0,0,1
1.500716434011374,0,-1.2534354094876172,1,0.8379264858353329,1,-1.4156318032176498,-0.3550278711448435,0.02574613625445402,2,0.4891111524000626,-0.4193757367324259,-1.0591394627776078,1.3752731927201534,-0.7154573333586983,0.3250401593226936,1.2327505240768242,1,0,0
1.6970009734159879,1,0.43876411084329037,1,1.9839088842757913,0,0.7042224825937231,-0.7081141836193636,0.9888786076159783,6,1.3101007317846614,-0.9965962161534082,-0.03684050638227485,-0.7281390461827838,-0.4834712953134557,-1.0511553711134114,0.32742491132166257,0,1,0
0.006644704660959186,1,-1.2534354094876172,0,-0.30805591260512566,1,1.2620788735967159,1.0573173787532364,-0.002581289373826107,3,-0.3318784269845363,-0.06031732827370459,-0.13210018186456726,-1.503224545674361,1.3724170090484857,1.0131379245407461,0.32742491132166257,1,1,1
-0.4228720521538432,0,-0.044721466394111724,0,0.6087300061472412,0,-1.6387743596188469,1.4104036912277562,0.4223300950503758,4,-0.003482595230696726,-0.5398193800761741,-0.9313520932281912,-0.23606474202970953,-0.019499219222970297,1.0131379245407461,1.5948807691788889,1,1,0
-1.6236715873350112,0,-1.2534354094876172,0,-0.9956453516694007,0,1.3736501517973145,0.704231066278716,1.4704448432967405,5,-0.9886700904922153,-0.5466369447937448,-0.6176921861523504,0.21492729183229176,1.1404309710032432,1.9306016114981492,0.6895551564237272,1,0,0
1.2051350099667788,1,0.559635505152641,0,-0.9956453516694007,1,-1.6945599987191462,1.0573173787532364,-1.4756074220443927,7,-1.3170659222460548,1.5259027293477352,1.3107353906843004,0.9845351552850592,-0.7154573333586983,0.09567423758334274,-1.121096069086596,1,1,0
0.07130314117071439,1,-1.2534354094876172,1,-0.9956453516694007,1,0.14636609159073022,-0.3550278711448435,0.05407356188273415,6,-0.6602742587383758,-0.7329837137406762,0.4882494121298735,1.2611557752449507,1.3724170090484857,2.6186993767162017,-0.9400309465355637,1,1,0
-1.6790931043433728,1,0.07614992791523893,1,0.6087300061472412,1,1.0389363171955188,-0.7081141836193636,-0.22920069440006713,4,1.4742986476615811,-0.18530601476249997,-1.405327063920573,1.4473954005644816,0.9084449329580004,-1.0511553711134114,-1.3021611916376286,1,0,1
0.9418828041770612,0,0.559635505152641,0,-0.5372523922932173,0,1.4294357908976139,0.704231066278716,-0.5974572275677088,7,-1.1528680063691352,-0.3898329562896197,1.122539446438796,0.5691477556753212,-0.9474433714039411,-1.2805212928527623,-1.121096069086596,1,0,0
1.258247297099792,1,-1.2534354094876172,1,-0.7664488719813091,1,0.03479481339013166,-0.0019415586703236604,-0.8524040582222299,5,-0.9886700904922153,-0.5920873762442159,-1.3193610153146018,-1.4457093672668588,1.1404309710032432,0.5544060810620445,0.8706202789747596,1,0,1
-0.4759843392868564,1,-1.1325640151782668,0,-0.9956453516694007,0,1.2062932344964166,-0.7081141836193636,1.6687368226947015,2,-0.8244721746152955,-0.39437799943466684,-0.675777354129358,1.5596869393600812,0.6764588949127578,-0.1336916841560081,1.5948807691788889,0,1,1
-1.1918456006448603,1,-1.2534354094876172,1,-0.30805591260512566,1,-0.2999190212116641,-1.4142868085684035,-0.7957492069656696,5,-0.003482595230696726,-1.2942965421539936,-0.9383223133854321,1.3195838929922545,-0.7154573333586983,-0.36305760589535896,0.6895551564237272,1,1,0
1.334451882986289,1,0.43876411084329037,1,1.0671229655234247,1,-1.6945599987191462,0.704231066278716,-1.0506960376201908,1,0.6533090682769823,-1.3215668010242763,-0.33655997314363384,1.6254185718257979,-0.019499219222970297,-0.8217894493740606,1.4138156466278566,1,1,0
-0.4413458911566304,1,-0.40733564932216343,1,3.1298912827162497,1,-0.1883477430110655,1.0573173787532364,-1.1073508888767511,6,1.4742986476615811,-1.073861949619209,-1.558671907379873,0.17019326418201228,0.21248681882227238,-0.5924235276347098,-1.4832263141886608,1,1,1
0.1936923245641796,0,-1.2534354094876172,0,-0.9956453516694007,0,0.3137230088916281,1.763490003702276,1.2154980126422192,7,-1.4812638381229746,1.4963599489049288,0.44410468446734774,-0.40587145923281126,-0.7154573333586983,-1.2805212928527623,-0.03470533378040212,1,0,1
0.3738122548413548,1,0.31789271653393997,0,-0.7664488719813091,0,1.4852214299979132,1.0573173787532364,0.7905866282180174,1,-1.3170659222460548,0.19193256627640976,0.5114834793206765,-1.6757700808968676,-0.9474433714039411,-1.2805212928527623,-0.5779007014334991,1,0,1
-0.808513441337026,0,-0.8908212265595655,0,-0.30805591260512566,0,-0.1883477430110655,-0.0019415586703236604,-1.3906251451595524,6,-0.003482595230696726,-1.1284024673597743,-0.99873088808152,-0.4816454244363459,0.9084449329580004,0.09567423758334274,0.32742491132166257,1,0,0
0.5954983228748012,0,-0.044721466394111724,0,1.7547124045876996,1,0.09058045249043094,0.704231066278716,0.05407356188273415,8,0.8175069841539021,-0.28302444238101276,-0.6432496600622338,0.5737124523743292,-1.1794294094491837,-0.8217894493740606,-0.7589658239845315,1,0,1
0.6024260125008464,0,1.7683494482461466,0,-0.9956453516694007,1,1.2062932344964166,-0.7081141836193636,-0.7957492069656696,6,-0.1676805111076165,-0.6489004155573047,0.6067431548029689,1.2502005031673311,1.1404309710032432,0.09567423758334274,1.2327505240768242,1,0,1
0.334555346960432,0,-0.044721466394111724,1,0.37953352645914945,1,0.36950864799192734,1.4104036912277562,-1.4756074220443927,3,1.3101007317846614,-0.3193847875413896,1.1318330733151172,0.17293208220141715,1.3724170090484857,1.242503846280097,0.14635978877063022,1,1,0
-0.1873306048683064,0,-0.7699498322502151,0,-0.07885943291703394,0,0.42529428709222666,1.4104036912277562,0.28069296690897516,2,0.16071532064622304,-0.723893627450582,-1.6771656500529684,0.8676789197904515,0.21248681882227238,-1.2805212928527623,0.5084900338726949,1,0,0
0.9996135510607711,1,-0.044721466394111724,0,-0.5372523922932173,1,-1.5829887205185476,-1.4142868085684035,-0.200873268771787,4,-1.1528680063691352,-0.642082850839734,-1.6701954298957273,-0.5665487830378967,0.9084449329580004,2.1599675332375003,0.14635978877063022,1,0,1
-1.5844146794540883,1,1.0431210823900432,0,-0.07885943291703394,1,-1.5272030814182482,-0.7081141836193636,-0.9657137607353504,1,-0.3318784269845363,1.6054409843860595,0.31631731491793114,-0.11646968851569704,1.3724170090484857,1.7012356897587988,-0.9400309465355637,1,0,0
-1.2957609450355383,0,1.4057352653180952,0,0.6087300061472412,0,-0.8577754122146569,-0.7081141836193636,0.9605511819876982,6,1.638496563538501,0.2123852604291217,-0.882560552127505,-0.8714705225316385,-0.9474433714039411,-1.2805212928527623,1.2327505240768242,1,0,1
-0.9539949234839752,1,-1.1325640151782668,1,-0.9956453516694007,1,-0.2999190212116641,-0.7081141836193636,0.13905583876757452,4,-1.3170659222460548,0.039673620917331724,0.09327026988622208,-1.4530128819852717,1.6044030470937285,0.5544060810620445,1.4138156466278566,1,0,1
1.4429856871276638,1,0.559635505152641,0,0.6087300061472412,1,-0.6904184949137591,-1.4142868085684035,-1.6738994014423536,7,0.6533090682769823,-1.2352109812683814,1.0040457037657007,-0.030653390574344568,0.21248681882227238,1.471869768019448,0.14635978877063022,1,1,1
0.17521848556139238,0,0.9222496880806925,1,-0.7664488719813091,1,0.14636609159073022,-1.4142868085684035,0.47898494630693605,1,-1.1528680063691352,-0.4284658230225201,-1.258952440618514,1.3752731927201534,0.6764588949127578,0.5544060810620445,-0.9400309465355637,1,0,0
-1.628290047085708,1,0.9222496880806925,0,-0.07885943291703394,0,1.0389363171955188,-0.3550278711448435,1.6970642483229814,8,1.1459028159077416,0.8645989517433813,-0.05542776013491727,-1.6200807811689686,-0.25148525726821297,-0.8217894493740606,0.14635978877063022,0,0,0
1.0250150796896036,0,-0.2864642550128128,1,-0.9956453516694007,0,-0.24413338211136476,1.4104036912277562,-1.5605896989292332,3,-1.4812638381229746,1.5281752509202586,0.19085335208759477,1.27211104732257,1.3724170090484857,-0.8217894493740606,-0.9400309465355637,1,0,1
1.30443189460676,1,0.559635505152641,0,-0.30805591260512566,1,-0.5788472167131605,-1.0612004960938834,-1.6455719758140734,2,-0.3318784269845363,-0.621630156687022,-1.4773526722120622,0.6111429653061957,-0.7154573333586983,-0.8217894493740606,-1.3021611916376286,1,0,1
-0.912428785727704,0,-1.2534354094876172,0,-0.30805591260512566,0,-0.6346328558134597,-0.3550278711448435,1.6970642483229814,5,-0.496076342861456,1.2259298817746263,0.030538288471053915,-1.551610330683847,-0.019499219222970297,0.3250401593226936,-0.21577045633143446,1,0,1
-0.20118598412039682,0,1.4057352653180952,0,1.9839088842757913,1,-0.24413338211136476,-1.0612004960938834,-1.7022268270706338,8,1.3101007317846614,-0.576179725236551,-1.159045951698061,0.28978831769602476,-0.4834712953134557,-1.2805212928527623,-0.3968355788824668,1,1,1
-1.3327086230411127,1,1.2848638710087446,1,3.1298912827162497,1,-1.2482748859167518,0.3511447538041962,0.8755689051028578,5,1.638496563538501,1.5190851646301644,1.3572035250659067,0.5691477556753212,-1.4114154474944265,-0.8217894493740606,-0.21577045633143446,1,0,0
0.6324460008803756,0,-1.2534354094876172,0,-0.7664488719813091,0,-0.4114902994122626,-0.0019415586703236604,0.8755689051028578,3,1.638496563538501,-1.3170217578792291,-0.5596070181753429,-1.3936718248981663,-1.4114154474944265,-1.2805212928527623,-1.121096069086596,1,0,1
-0.08110603060228001,1,-0.40733564932216343,0,-0.9956453516694007,0,-0.24413338211136476,-0.7081141836193636,-0.28585554565662735,2,-1.1528680063691352,-1.3033866284440878,-0.6664837272530368,0.5225878493454384,-1.4114154474944265,-1.0511553711134114,0.5084900338726949,0,1,0
0.7894736324040668,0,-1.2534354094876172,0,-0.9956453516694007,1,1.5967927081985116,1.0573173787532364,0.5356397975634963,1,0.4891111524000626,0.982770073514606,0.799585912486634,0.9991421847218851,1.3724170090484857,-1.2805212928527623,1.051685401525792,1,1,0
0.9441920340524096,0,0.559635505152641,0,-0.9956453516694007,0,-0.5230615776128612,0.3511447538041962,1.4704448432967405,2,-1.4812638381229746,-0.10349523815165208,-1.4146206907968941,-0.27897289100038575,-0.25148525726821297,0.7837720028013953,0.32742491132166257,1,1,0
1.0203966199389067,0,1.1639924766993939,0,-0.9956453516694007,1,-0.6346328558134597,-1.0612004960938834,0.8472414794745777,7,-1.6454617539998944,0.04194614248985527,-0.8965009924419868,1.64915499466064,1.1404309710032432,1.9306016114981492,-0.5779007014334991,1,1,1
-0.9055010961016587,1,1.2848638710087446,1,-0.7664488719813091,1,0.7042224825937231,-0.0019415586703236604,0.6206220744483367,6,0.3249132365231428,-1.3238393225967997,-0.24130029766134145,0.12728511521133604,-0.019499219222970297,-0.1336916841560081,1.2327505240768242,1,1,1
1.3483072622383796,1,-1.2534354094876172,0,0.15033704677105778,0,-1.0251323295155548,1.0573173787532364,0.5639672231917764,6,-0.6602742587383758,0.3214662959102522,0.23964489318828114,-0.24884589278693225,0.9084449329580004,-0.5924235276347098,1.4138156466278566,1,1,1
0.4592537602292456,1,-1.2534354094876172,0,-0.9956453516694007,0,1.1505075953961175,0.704231066278716,0.9605511819876982,7,0.6533090682769823,-0.5579995526563626,-0.9615563805762352,-0.9846750006670396,1.1404309710032432,-1.0511553711134114,1.5948807691788889,1,0,0
0.6624659892599047,1,-0.5282070436315138,1,3.1298912827162497,1,-0.8577754122146569,-0.7081141836193636,0.5639672231917764,4,1.638496563538501,0.9600448577893705,0.33258116195149323,0.31261180119106535,-0.9474433714039411,-0.8217894493740606,-0.03470533378040212,1,0,1
1.1104565850774943,0,0.6805068994619917,0,-0.5372523922932173,1,1.7083639863991102,0.3511447538041962,-1.5605896989292332,7,-0.3318784269845363,1.8895061809515035,1.7243017866805943,0.25509662278356315,1.6044030470937285,1.7012356897587988,-0.7589658239845315,1,0,1
0.38535840421809675,0,-1.2534354094876172,1,-0.07885943291703394,1,0.36950864799192734,-1.4142868085684035,1.2721528638987796,5,0.3249132365231428,0.9259570342015172,0.15832565802047055,1.5523834246416681,1.6044030470937285,2.389333454976851,-1.3021611916376286,1,0,0
0.008953934536307585,0,-1.2534354094876172,0,3.1298912827162497,0,1.7083639863991102,0.704231066278716,0.7056043513331771,1,1.4742986476615811,1.6008959412410124,0.6555346959036552,-0.25797528618494847,0.21248681882227238,0.09567423758334274,-0.7589658239845315,0,1,0
0.42692454197436797,1,-1.2534354094876172,0,-0.9956453516694007,1,1.3178645126970152,0.3511447538041962,1.4421174176684604,1,-1.4812638381229746,-1.0806795143367798,-0.6920412011629201,-1.5671302994604746,-1.1794294094491837,-0.5924235276347098,-0.5779007014334991,1,0,0
1.454531836504406,0,1.0431210823900432,0,1.525515924899608,0,-0.5788472167131605,0.704231066278716,0.7905866282180174,2,1.3101007317846614,-1.0784069927642561,0.6090665615220492,-0.7071414413673465,0.6764588949127578,1.242503846280097,0.32742491132166257,1,0,0
1.6715994447871556,0,1.647478053936796,0,-0.30805591260512566,1,-1.3040605250170512,-1.0612004960938834,0.6489495000766168,2,-0.496076342861456,-1.1852155066728631,0.47430897181539167,-1.2868579221413765,0.21248681882227238,-0.8217894493740606,0.8706202789747596,1,0,0
0.7409798050217503,0,-1.1325640151782668,1,0.37953352645914945,0,1.7083639863991102,1.0573173787532364,-1.6172445501857933,5,0.4891111524000626,0.007858318902001987,-0.32029612611007174,-0.36570212828153986,-1.4114154474944265,-0.5924235276347098,1.4138156466278566,1,1,0
-1.5059008636922429,0,-0.8908212265595655,0,-0.5372523922932173,1,-0.24413338211136476,-1.4142868085684035,-0.22920069440006713,5,-1.1528680063691352,0.8623264301708577,0.030538288471053915,0.830248406858585,0.9084449329580004,-0.36305760589535896,-1.3021611916376286,1,1,1
-0.3328120870152556,1,-0.40733564932216343,0,0.15033704677105778,1,0.42529428709222666,1.763490003702276,0.9888786076159783,3,0.6533090682769823,0.2828334291773518,-0.8546796714985413,0.5079808199086124,0.6764588949127578,1.471869768019448,-1.3021611916376286,1,1,0
-1.150279462888589,0,-0.16559286070346238,0,-0.9956453516694007,0,-0.4114902994122626,1.763490003702276,-0.8524040582222299,7,0.6533090682769823,-1.2352109812683814,-1.2566290338994337,-0.18585307834062031,1.1404309710032432,-0.1336916841560081,0.32742491132166257,0,1,1
-1.3188532437890224,1,1.5266066596274452,0,1.525515924899608,0,0.6484368434934238,-1.4142868085684035,0.8189140538462976,5,1.638496563538501,-1.1284024673597743,-0.32726634626731266,0.7325638974998114,0.6764588949127578,1.471869768019448,-0.9400309465355637,1,1,1
0.029737003414443186,0,-0.40733564932216343,0,-0.9956453516694007,1,1.5967927081985116,-0.0019415586703236604,-1.6455719758140734,5,0.8175069841539021,0.8396012144456222,-0.21341941703237782,-0.6961861692897271,-0.4834712953134557,-1.0511553711134114,-1.664291436739693,1,1,0
-1.6906392537201147,1,1.647478053936796,1,0.15033704677105778,0,-0.8019897731143576,0.704231066278716,0.02574613625445402,2,-0.3318784269845363,1.0259479833925536,0.5625984271404432,-1.0933147821034326,0.21248681882227238,0.3250401593226936,0.8706202789747596,0,0,1
-0.1942582944943516,0,0.559635505152641,0,-0.9956453516694007,1,1.3178645126970152,0.704231066278716,-0.7390943557091094,7,-1.4812638381229746,-1.307931671589135,-0.5874878988043065,-0.4798195457567426,-1.643401485539669,-1.2805212928527623,1.5948807691788889,1,0,0
1.2143719294681723,1,-1.2534354094876172,0,-0.9956453516694007,1,1.2620788735967159,-0.0019415586703236604,0.25236554128069505,5,-1.6454617539998944,-0.5148216427784151,-1.2148077129559882,1.0666996958672053,1.1404309710032432,-0.8217894493740606,1.2327505240768242,1,1,1
0.46618144985529075,0,-0.16559286070346238,1,1.9839088842757913,0,-0.35570466031196335,1.763490003702276,0.45065752067865594,3,0.9817049000308219,2.6371657783117524,1.3943780325711914,-0.9152916108421163,-0.019499219222970297,0.7837720028013953,-0.9400309465355637,0,1,0
-0.4875304886635984,1,0.43876411084329037,1,0.8379264858353329,0,-1.1924892468164525,1.763490003702276,0.9322237563594181,6,-0.003482595230696726,0.4532725471166183,1.0667776851808688,-0.1602907768261749,1.1404309710032432,0.5544060810620445,-1.121096069086596,1,1,0
-0.762328843830058,1,1.2848638710087446,0,-0.9956453516694007,0,0.2021517306910295,-0.7081141836193636,1.5554271201815808,4,0.3249132365231428,-1.007958824016026,-0.5991049323997081,-0.6459745056006378,0.21248681882227238,-1.2805212928527623,0.5084900338726949,0,1,0
0.1821461751874376,0,0.43876411084329037,0,-0.5372523922932173,0,0.9831506780952195,-1.4142868085684035,0.16738326439585466,1,-0.003482595230696726,-0.30120461496120116,-1.289156727966558,0.13732744794915389,1.1404309710032432,1.0131379245407461,-1.664291436739693,1,0,0
0.008953934536307585,1,-0.044721466394111724,0,2.213105363963883,1,-0.6904184949137591,-0.3550278711448435,0.7622592025897373,5,1.3101007317846614,-1.4101951423526948,-0.5340495442654596,1.0374856369935532,-1.4114154474944265,-0.1336916841560081,-0.9400309465355637,1,1,1
-0.923974935104446,1,1.2848638710087446,0,-0.9956453516694007,1,1.4294357908976139,-1.4142868085684035,-0.48414752505458825,4,0.8175069841539021,1.1554817130263961,1.7033911262088717,0.06429230076502412,0.9084449329580004,0.5544060810620445,0.32742491132166257,1,0,0
0.13134311792977277,1,0.6805068994619917,0,0.37953352645914945,1,-1.2482748859167518,-0.3550278711448435,-0.88073148385051,8,0.8175069841539021,1.5986234196684888,1.4478163871100385,0.037817059910777086,-0.7154573333586983,-0.5924235276347098,0.6895551564237272,1,1,1
1.0157781601882099,1,-1.2534354094876172,1,-0.07885943291703394,0,-0.24413338211136476,1.0573173787532364,1.1871705870139393,5,-0.3318784269845363,-0.07395245770884591,-0.4109089881542035,-1.2759026500637571,-0.25148525726821297,1.0131379245407461,-1.121096069086596,0,0,0
1.0019227809361195,1,-0.40733564932216343,1,0.37953352645914945,1,0.2579373697913288,0.704231066278716,0.7905866282180174,4,-0.496076342861456,0.1078492680930383,-0.04381072653951576,-0.6560168383384557,0.6764588949127578,-0.5924235276347098,-1.664291436739693,1,1,0
0.9026258962961383,1,-1.1325640151782668,1,1.7547124045876996,1,1.3736501517973145,-0.0019415586703236604,-0.8240766325939498,8,1.1459028159077416,-1.419285228642789,-0.7199220817918838,1.0511797270905776,-0.25148525726821297,0.7837720028013953,-0.9400309465355637,1,1,0
0.23064000256975398,0,1.2848638710087446,1,0.15033704677105778,0,-0.07677646481046692,-0.7081141836193636,-0.002581289373826107,4,0.16071532064622304,-1.3965600129175535,-1.0800501232493307,-0.8130424047843346,-0.4834712953134557,0.09567423758334274,0.5084900338726949,1,0,1
0.5931890929994528,1,-1.0116926208689163,0,1.2963194452115163,1,0.5926512043931245,-1.0612004960938834,0.7339317769614572,4,0.6533090682769823,0.4759977628418538,0.1257979639533463,-0.05073805604998025,0.6764588949127578,-1.0511553711134114,-1.664291436739693,1,0,0
1.426821078000225,0,-0.16559286070346238,0,0.8379264858353329,1,0.7600081216940223,0.704231066278716,1.0738608845008186,1,0.3249132365231428,-1.053409255466497,-0.6246624063095914,0.4641597315981346,-0.25148525726821297,0.3250401593226936,1.2327505240768242,1,1,1
0.21447539344231517,1,-1.2534354094876172,1,1.2963194452115163,1,-0.6346328558134597,-0.0019415586703236604,-1.7022268270706338,4,0.16071532064622304,0.4578175902616654,0.44410468446734774,-1.1964769275010159,-0.9474433714039411,-0.5924235276347098,-1.4832263141886608,1,1,0
-1.438933197307139,1,-1.2534354094876172,1,0.15033704677105778,1,-0.1883477430110655,1.4104036912277562,-0.17254584314350688,3,-0.003482595230696726,-0.8147944903515241,1.3107353906843004,-1.3334178284712592,-0.019499219222970297,-0.1336916841560081,0.32742491132166257,1,0,0
-0.0972706397297188,1,0.31789271653393997,0,1.0671229655234247,0,-0.7462041340140584,1.0573173787532364,-0.7674217813373895,8,0.8175069841539021,0.08057900922275567,1.445492980390958,-1.3151590416752268,-0.4834712953134557,-0.1336916841560081,1.2327505240768242,0,0,0
-0.7207627060737868,0,0.559635505152641,1,-0.5372523922932173,0,-0.1325621039107662,0.704231066278716,1.1871705870139393,8,0.8175069841539021,-0.251209140365683,-0.13907040202180815,-1.3461989792284819,-0.4834712953134557,0.5544060810620445,-0.7589658239845315,0,0,1
-1.600579288581527,0,-1.2534354094876172,1,-0.5372523922932173,1,-0.5230615776128612,-0.0019415586703236604,-0.5974572275677088,3,-1.1528680063691352,0.8214210418654339,0.6206835951174507,0.7334768368396131,-1.1794294094491837,-0.5924235276347098,0.5084900338726949,1,0,0
1.3113595842328052,0,-0.16559286070346238,1,-0.7664488719813091,1,-1.3040605250170512,-0.3550278711448435,0.02574613625445402,2,-1.3170659222460548,0.2828334291773518,-1.0777267165302504,1.2584169572255457,1.3724170090484857,1.471869768019448,0.8706202789747596,1,0,0
0.6486106100078144,0,1.4057352653180952,0,1.2963194452115163,1,1.5410070690982123,-1.4142868085684035,0.39400266942209566,5,0.6533090682769823,-0.23984653250306523,-0.31100249923375056,-0.09090738700125163,-1.643401485539669,-0.5924235276347098,-0.03470533378040212,1,1,1
-0.6491765799379864,1,-1.2534354094876172,0,2.4423018436519746,0,1.1505075953961175,1.763490003702276,-0.25752812002834724,8,1.4742986476615811,-0.7602539726109587,-1.3867398101679305,0.9580599144308122,-0.019499219222970297,0.09567423758334274,-0.5779007014334991,1,0,0
1.1520227228337656,1,-0.40733564932216343,0,-0.30805591260512566,1,-0.6346328558134597,-1.0612004960938834,-1.4472799964161125,3,0.6533090682769823,-0.9761435220006963,0.976164823136737,1.2136829295752662,1.3724170090484857,-1.0511553711134114,1.5948807691788889,1,1,1
-0.1919490646190032,1,0.6805068994619917,1,-0.9956453516694007,1,-0.7462041340140584,1.4104036912277562,-0.22920069440006713,2,-1.4812638381229746,0.21920282514669237,-1.0033777015196808,0.6960463239077466,0.21248681882227238,-1.2805212928527623,0.6895551564237272,1,0,1
-1.2565040371546154,1,-0.40733564932216343,1,-0.7664488719813091,0,0.3137230088916281,1.763490003702276,-1.6455719758140734,5,-0.496076342861456,-1.4306478365054067,-0.22735985734685965,0.8704177378098564,-0.25148525726821297,0.7837720028013953,-1.664291436739693,0,0,0
1.0411796888170424,0,-1.2534354094876172,0,-0.9956453516694007,1,1.5410070690982123,-1.4142868085684035,-1.4189525707878325,4,-1.6454617539998944,-1.2352109812683814,-0.4736409695693717,-1.585389086256507,0.6764588949127578,-1.0511553711134114,-0.03470533378040212,1,1,0
-1.242648657902525,0,0.43876411084329037,0,-0.9956453516694007,0,-0.35570466031196335,-0.7081141836193636,-0.6824395044525492,7,-1.4812638381229746,-0.9670534357106021,-1.4634122318975806,-0.6925344119305206,-0.4834712953134557,0.09567423758334274,0.8706202789747596,1,1,1
1.3136688141081536,0,1.5266066596274452,0,-0.5372523922932173,0,0.03479481339013166,0.3511447538041962,0.5356397975634963,4,1.1459028159077416,-0.055772285128657485,-1.1660161718553017,-0.6350192335230184,1.3724170090484857,-1.2805212928527623,-1.664291436739693,1,0,0
-1.2218655890243895,1,-1.2534354094876172,1,-0.07885943291703394,0,-1.2482748859167518,0.3511447538041962,1.6404093970664213,1,-0.8244721746152955,-0.942055698412843,-0.33423656642455357,-1.3598930693255062,-0.4834712953134557,0.3250401593226936,0.6895551564237272,0,1,0
0.05744776191862398,0,-0.044721466394111724,1,-0.9956453516694007,0,-1.6945599987191462,1.4104036912277562,0.5922946488200566,1,-1.4812638381229746,1.4281843017292224,1.2503268159882126,-1.1736534440059754,0.6764588949127578,1.7012356897587988,1.5948807691788889,0,1,0
-0.6722688786914703,0,-1.2534354094876172,1,-0.07885943291703394,0,0.5926512043931245,1.4104036912277562,0.08240098751101427,5,-0.3318784269845363,1.4009140428589397,0.6067431548029689,-0.6806662005130995,-0.019499219222970297,0.7837720028013953,-0.3968355788824668,1,1,1
1.7362578812969107,1,-1.2534354094876172,0,0.37953352645914945,0,0.8157937607943216,-1.0612004960938834,1.1871705870139393,4,-0.496076342861456,2.207659201104801,1.3641737452231475,1.588900998233733,-0.7154573333586983,-0.36305760589535896,-0.3968355788824668,1,0,1
0.5031291278608652,0,-1.2534354094876172,1,-0.7664488719813091,1,-1.4714174423179491,-0.3550278711448435,-1.2206605913898716,5,-1.3170659222460548,-0.7466188431758175,-1.275216287652076,1.41270370565202,-0.7154573333586983,-1.0511553711134114,-0.9400309465355637,1,0,0
-0.5198597069184759,0,0.6805068994619917,1,0.37953352645914945,1,0.8157937607943216,-0.7081141836193636,0.9322237563594181,6,1.3101007317846614,-0.9261480474051781,0.25590874022184323,0.034165302551570596,0.21248681882227238,1.471869768019448,-1.664291436739693,1,1,1
-0.016447594092524814,0,-0.40733564932216343,1,0.15033704677105778,1,1.0947219562958181,1.4104036912277562,-0.5124749506828684,2,-0.003482595230696726,-0.09440515186155787,-1.368152556415288,-1.607299630411746,-0.9474433714039411,-1.2805212928527623,-0.9400309465355637,1,0,1
1.1289304240802815,0,0.31789271653393997,1,2.6714983233400664,0,0.09058045249043094,-1.4142868085684035,-0.002581289373826107,2,1.1459028159077416,-1.0965871653444446,-0.8686201118130231,0.19575556569645772,1.1404309710032432,2.1599675332375003,1.4138156466278566,1,0,1
1.3944918597453475,1,1.5266066596274452,0,-0.9956453516694007,0,-0.8019897731143576,-1.4142868085684035,-0.22920069440006713,8,-1.1528680063691352,0.003313275756954881,0.3070236880416099,-0.2963187384566166,0.6764588949127578,-1.2805212928527623,-0.3968355788824668,1,1,0
0.16367233618465038,0,-0.044721466394111724,0,0.37953352645914945,0,-1.1367036077161534,-1.4142868085684035,0.39400266942209566,2,-0.1676805111076165,-0.45573608189280274,-1.6446379559858442,-1.5999961156933329,-1.1794294094491837,-1.2805212928527623,-0.03470533378040212,1,1,1
1.0827458265733136,0,-0.6490784379408645,1,-0.07885943291703394,1,-0.07677646481046692,-0.0019415586703236604,-1.6172445501857933,8,1.1459028159077416,0.014675883619572644,0.8483774535873203,-1.4174082477330086,1.1404309710032432,0.09567423758334274,0.32742491132166257,1,0,0
1.2767211361025792,1,-1.2534354094876172,0,-0.9956453516694007,0,0.9273650389949202,-0.3550278711448435,-0.9373863351070703,4,-1.3170659222460548,0.0010407541844313284,0.3093470947606902,-1.3306790104518544,-0.019499219222970297,-0.8217894493740606,-0.03470533378040212,1,1,1
0.5793337137473623,1,-0.7699498322502151,1,-0.07885943291703394,1,-1.2482748859167518,-1.4142868085684035,0.36567524379381555,8,1.638496563538501,-1.2124857655431458,-0.6339560331859125,1.386228464797773,-0.7154573333586983,-1.2805212928527623,-1.4832263141886608,1,0,1
-1.63983619646245,0,-1.2534354094876172,0,0.8379264858353329,1,-0.2999190212116641,-0.7081141836193636,-0.9090589094787902,1,0.4891111524000626,2.1394835539290944,1.6545995851081854,-0.4579090016015037,0.4444728568675151,0.3250401593226936,1.5948807691788889,1,0,1
-1.4112224388029584,1,-1.2534354094876172,1,-0.5372523922932173,0,0.5368655652928253,-0.3550278711448435,0.25236554128069505,3,-0.9886700904922153,-0.7534364078933882,-0.44343668222132776,0.7261733221212001,-0.019499219222970297,-0.1336916841560081,1.2327505240768242,0,0,1
0.415378392597626,0,0.07614992791523893,0,-0.07885943291703394,1,-1.1367036077161534,0.704231066278716,0.9605511819876982,5,0.9817049000308219,2.1394835539290944,1.0319265843946643,-0.8221717981823509,0.4444728568675151,0.7837720028013953,-1.121096069086596,1,0,0
-0.9078103259770072,1,0.559635505152641,0,1.2963194452115163,1,-1.6387743596188469,0.3511447538041962,1.6970642483229814,2,0.9817049000308219,0.09648666023042053,-1.1846034256079443,1.390793161496781,0.6764588949127578,0.5544060810620445,-0.5779007014334991,1,1,0
-0.3166474778878168,1,1.5266066596274452,1,0.37953352645914945,0,1.3736501517973145,1.4104036912277562,0.3090203925372553,1,0.3249132365231428,-1.1534002046575333,-0.9685266007334761,0.5545407262384952,0.6764588949127578,1.0131379245407461,0.8706202789747596,1,0,0
0.4869645187334264,0,0.43876411084329037,1,-0.7664488719813091,1,-0.9135610513149562,-0.7081141836193636,-1.079023463248471,3,-0.003482595230696726,0.8668714733159049,0.08630004972898117,-0.6733626857946865,1.1404309710032432,0.5544060810620445,0.14635978877063022,1,0,1
1.5515194912690387,0,1.5266066596274452,0,-0.7664488719813091,0,-0.5788472167131605,-0.7081141836193636,-0.030908715002106235,1,-0.8244721746152955,-0.5693621605189804,-0.10886611467376422,-0.7381813789206016,-0.7154573333586983,0.09567423758334274,-0.9400309465355637,0,1,1
-0.4436551210319788,1,0.31789271653393997,1,-0.30805591260512566,1,0.42529428709222666,1.0573173787532364,1.583754545809861,7,-0.003482595230696726,-1.373834797192318,-1.1056075971592139,0.10811338907550198,0.9084449329580004,1.471869768019448,0.14635978877063022,1,0,1
-1.074074877002092,1,-0.7699498322502151,1,-0.9956453516694007,0,1.652578347298811,-1.4142868085684035,-1.3056428682747119,2,-1.4812638381229746,1.1032137168583542,0.9691946029794961,-0.6715368071150832,-0.7154573333586983,-1.2805212928527623,0.8706202789747596,1,0,1
-1.7160407823489472,0,1.1639924766993939,0,-0.30805591260512566,0,1.3736501517973145,0.3511447538041962,1.2721528638987796,6,0.16071532064622304,0.33282890377287,0.09559367660530238,-1.7095488364695275,-0.25148525726821297,0.5544060810620445,0.8706202789747596,0,0,1
0.12903388805442437,0,-1.2534354094876172,0,-0.30805591260512566,1,-0.6904184949137591,0.3511447538041962,1.2438254382704994,7,-0.496076342861456,1.0623083285529304,-0.11118952139284453,-0.6678850497558768,-0.9474433714039411,0.09567423758334274,0.8706202789747596,1,0,1
0.4592537602292456,0,0.8013782937713424,1,-0.5372523922932173,0,0.2579373697913288,-0.3550278711448435,-1.6455719758140734,2,-0.6602742587383758,-0.2375740109305417,0.33258116195149323,1.1890335674006225,1.1404309710032432,2.389333454976851,1.051685401525792,1,1,1
-0.1480736969873836,1,-0.16559286070346238,1,0.15033704677105778,1,-0.6346328558134597,-0.0019415586703236604,-0.9373863351070703,2,1.1459028159077416,-0.01486689682323354,0.22338104615471902,-0.37665740035915934,0.21248681882227238,-0.1336916841560081,-0.9400309465355637,1,1,0
0.05052007229257879,1,1.647478053936796,0,1.0671229655234247,1,0.5368655652928253,1.4104036912277562,1.1871705870139393,6,1.1459028159077416,-0.6170851135419749,-0.7849774699261323,-1.138048809753712,-0.25148525726821297,-0.1336916841560081,1.5948807691788889,1,1,0
1.588467169274613,1,1.4057352653180952,0,0.8379264858353329,1,-1.6945599987191462,-1.4142868085684035,-0.6257846531959889,4,0.9817049000308219,-0.8852426590997542,-0.28544502532386723,0.011341819056530046,1.3724170090484857,-1.0511553711134114,-0.3968355788824668,1,0,1
-0.7161442463230899,1,-0.16559286070346238,1,-0.9956453516694007,0,0.7600081216940223,1.0573173787532364,-0.030908715002106235,2,-1.6454617539998944,-0.8329746629317124,-0.8453860446222201,-1.3635448266847128,-0.9474433714039411,-0.1336916841560081,0.14635978877063022,1,1,1
0.773309023276628,1,-0.16559286070346238,0,-0.9956453516694007,1,1.2620788735967159,0.3511447538041962,-0.05923614063038636,2,-1.4812638381229746,0.5873513198955079,1.6964209060516307,1.6053339063501622,-1.643401485539669,-1.0511553711134114,-1.4832263141886608,1,0,0
1.195898090465385,0,1.4057352653180952,0,1.525515924899608,1,0.871579399894621,1.4104036912277562,-1.4189525707878325,7,1.1459028159077416,-0.42619330144999656,-1.5540250939417124,-0.5373347241642448,1.6044030470937285,1.0131379245407461,1.5948807691788889,1,1,1
-1.5774869898280433,1,-1.2534354094876172,1,-0.5372523922932173,1,0.48107992619252593,1.4104036912277562,0.13905583876757452,5,-0.6602742587383758,1.435001866446793,1.083041532214431,0.3883857663946,-0.25148525726821297,-0.8217894493740606,-0.3968355788824668,1,1,0
0.7640721037752344,1,-0.044721466394111724,0,2.6714983233400664,1,-1.6387743596188469,0.704231066278716,1.130515735757379,8,1.1459028159077416,-0.2466640972206359,-1.5726123476943548,0.856723647712832,0.21248681882227238,0.09567423758334274,0.8706202789747596,1,1,0
-0.8454611193426004,0,-1.2534354094876172,1,-0.7664488719813091,0,0.6484368434934238,-0.0019415586703236604,0.903896330731138,8,0.8175069841539021,-0.44437347403018496,0.12115115051518571,0.8713306771496581,-0.9474433714039411,0.3250401593226936,-0.9400309465355637,0,1,1
-0.06032296172414441,1,1.5266066596274452,0,-0.7664488719813091,0,1.2062932344964166,0.704231066278716,-0.88073148385051,7,1.638496563538501,-0.5648171173739333,-0.0019894055960703173,-1.0412772397347403,-1.4114154474944265,-0.36305760589535896,0.6895551564237272,1,0,0
1.3390703427369859,1,-1.2534354094876172,1,0.15033704677105778,1,0.9273650389949202,0.3511447538041962,0.903896330731138,8,-0.6602742587383758,0.7759706104149627,0.8901987745307658,-0.5163371193488075,1.1404309710032432,0.7837720028013953,1.051685401525792,1,1,0
0.16829079593534718,1,-0.7699498322502151,0,-0.30805591260512566,1,0.48107992619252593,1.4104036912277562,-0.9373863351070703,1,1.3101007317846614,-1.242028545985952,-0.22735985734685965,0.045120574629190065,1.3724170090484857,-0.1336916841560081,-1.4832263141886608,1,1,1
0.5216029668636524,0,-1.2534354094876172,0,-0.30805591260512566,1,1.1505075953961175,0.704231066278716,-1.0506960376201908,1,-0.9886700904922153,-0.43982843088513784,-1.3007737615619595,-0.16120371616597653,0.4444728568675151,-1.2805212928527623,0.5084900338726949,1,1,1
0.7917828622794152,1,-0.16559286070346238,0,-0.30805591260512566,1,-0.35570466031196335,-1.4142868085684035,-1.135678314505031,8,0.9817049000308219,2.36673571118145,1.182948021134884,1.6363738439034172,0.9084449329580004,0.5544060810620445,1.2327505240768242,1,0,1
-1.2842147956587964,0,1.647478053936796,0,0.8379264858353329,0,0.3137230088916281,1.4104036912277562,0.39400266942209566,1,-0.003482595230696726,0.18056995841379198,-1.1613693584171412,1.1406477823911365,0.21248681882227238,0.09567423758334274,1.5948807691788889,0,0,0
0.542386035741788,1,-1.0116926208689163,1,-0.07885943291703394,1,0.2579373697913288,0.3511447538041962,-1.2489880170181518,5,0.4891111524000626,-1.1715803772377218,0.6578581026227356,0.7006110206067547,-0.4834712953134557,-0.1336916841560081,0.8706202789747596,1,1,1
-0.1757844554915644,1,0.8013782937713424,0,-0.07885943291703394,1,1.7083639863991102,0.704231066278716,-1.6172445501857933,1,-0.8244721746152955,-0.4307383445950437,1.5221654021206081,0.4385974300836892,-0.25148525726821297,1.0131379245407461,-0.03470533378040212,1,0,1
1.138167343581675,0,-0.6490784379408645,0,-0.7664488719813091,0,-0.9693466904152555,1.4104036912277562,-1.135678314505031,1,-0.496076342861456,-0.4670986897554205,-1.061462869496688,1.0110103961393062,1.1404309710032432,0.5544060810620445,-0.3968355788824668,0,1,0
-0.31202901813712,1,1.647478053936796,1,1.0671229655234247,1,-0.4114902994122626,0.3511447538041962,-1.1073508888767511,5,1.4742986476615811,-0.17167088532735866,-0.8686201118130231,1.1935982640996305,-0.25148525726821297,0.7837720028013953,-0.21577045633143446,1,1,0
-0.9724687624867624,1,-0.044721466394111724,0,1.525515924899608,0,0.3137230088916281,-0.3550278711448435,-1.3056428682747119,3,1.3101007317846614,-0.2080312304877355,-1.0846969366874912,-1.334330767811061,-0.25148525726821297,-0.36305760589535896,0.5084900338726949,0,1,0
-0.8731718778467812,1,1.5266066596274452,0,-0.07885943291703394,1,0.2021517306910295,-1.0612004960938834,0.9888786076159783,7,0.4891111524000626,-1.155672726230057,1.1271862598769566,-0.4770807277373378,-0.019499219222970297,1.0131379245407461,-1.121096069086596,1,0,0
0.6786305983873435,0,-1.0116926208689163,1,-0.7664488719813091,0,1.5410070690982123,1.0573173787532364,1.6120819714381411,7,0.3249132365231428,0.1646623074061271,-0.9940840746433595,-0.5355088454846416,1.6044030470937285,-1.2805212928527623,-1.664291436739693,1,0,1
-0.11343524885715761,0,1.647478053936796,0,0.37953352645914945,1,0.3137230088916281,-1.4142868085684035,-1.6172445501857933,6,1.1459028159077416,2.009949824295252,1.5337824357160095,1.2301158376916954,0.21248681882227238,0.7837720028013953,0.8706202789747596,1,0,0
1.3090503543574568,1,-1.1325640151782668,1,-0.9956453516694007,1,-1.5272030814182482,-1.0612004960938834,1.6404093970664213,3,-0.3318784269845363,-0.6670805881374932,0.13044477739150692,-1.295074376199591,-0.7154573333586983,-0.5924235276347098,0.5084900338726949,1,1,0
0.7502167245231439,0,-0.16559286070346238,0,-0.9956453516694007,1,-0.7462041340140584,-1.4142868085684035,-1.135678314505031,6,-1.4812638381229746,0.1851150015588391,0.34419819554689474,-1.379977734801142,-0.019499219222970297,1.0131379245407461,0.32742491132166257,1,1,0
-0.3766874546468752,0,-0.6490784379408645,0,0.37953352645914945,0,1.0947219562958181,1.4104036912277562,-0.39916524816974785,2,1.638496563538501,0.6668895749338323,0.5091600726015962,-1.3662836447041176,1.6044030470937285,2.848065298455553,1.4138156466278566,1,1,1
-1.039436428871866,0,-1.2534354094876172,0,-0.5372523922932173,0,-1.1367036077161534,-0.0019415586703236604,-0.7390943557091094,1,-0.3318784269845363,-1.0397741260313558,-1.7003997172437713,-1.0065855448222785,-1.1794294094491837,-0.5924235276347098,-1.664291436739693,0,1,0
-1.4897362545648039,1,-0.16559286070346238,0,-0.07885943291703394,1,-1.5829887205185476,-1.4142868085684035,0.39400266942209566,4,0.4891111524000626,-0.6261751998320692,-1.1265182576309367,-1.5023116063345594,-0.019499219222970297,0.5544060810620445,-0.21577045633143446,1,1,1
0.03666469304048838,0,-0.16559286070346238,1,0.6087300061472412,1,1.7641496254994096,-1.4142868085684035,-0.6824395044525492,7,0.9817049000308219,-1.3511095814670824,-0.5386963577036201,0.8055990446839413,-1.643401485539669,-1.0511553711134114,-1.3021611916376286,1,1,1
0.1821461751874376,0,-0.2864642550128128,1,1.2963194452115163,1,0.03479481339013166,1.4104036912277562,0.7056043513331771,1,0.3249132365231428,2.3212852797309784,1.6662166187035867,-1.3252013744130446,-0.4834712953134557,-0.8217894493740606,0.14635978877063022,1,1,1
0.7802367129026732,1,-0.2864642550128128,0,0.37953352645914945,0,0.48107992619252593,0.3511447538041962,-0.14421841751522674,4,0.8175069841539021,-1.0715894280466856,0.09559367660530238,-0.5628970256786903,-0.4834712953134557,-0.1336916841560081,1.051685401525792,0,0,1
-0.025684513593918414,0,0.31789271653393997,1,-0.30805591260512566,0,-0.6346328558134597,-0.0019415586703236604,1.6120819714381411,3,-0.9886700904922153,1.410004129149034,0.07932982957174027,-1.5643914814410695,0.4444728568675151,-0.8217894493740606,1.051685401525792,0,1,1
0.6624659892599047,1,1.5266066596274452,0,-0.30805591260512566,0,0.5368655652928253,-1.0612004960938834,-1.5039348476726728,1,0.4891111524000626,1.5554455097905413,0.8553476737445612,0.975405761887043,-0.4834712953134557,-0.8217894493740606,-0.5779007014334991,0,1,0
-0.2473705816273648,1,-0.7699498322502151,1,0.37953352645914945,1,1.4294357908976139,-0.0019415586703236604,0.5922946488200566,2,0.16071532064622304,0.2510181271620221,-0.5828410853661459,-0.29905755647602145,-0.7154573333586983,-0.36305760589535896,-0.5779007014334991,1,0,0
-0.9378303143565364,0,-1.1325640151782668,0,-0.9956453516694007,1,1.7083639863991102,1.0573173787532364,-0.08756356625866649,7,1.4742986476615811,0.8077859124302925,-0.3923217344015611,1.1945112034394323,-0.019499219222970297,0.5544060810620445,1.2327505240768242,1,1,0
0.20062001419022477,1,-0.40733564932216343,1,-0.7664488719813091,0,0.14636609159073022,1.4104036912277562,1.6404093970664213,1,-0.9886700904922153,-0.35120008955671933,-1.3913866236060912,1.4957811855739676,1.3724170090484857,0.3250401593226936,-0.3968355788824668,0,1,1
-0.9285933948551428,1,-1.0116926208689163,0,-0.30805591260512566,1,-0.5788472167131605,1.4104036912277562,0.903896330731138,7,-0.9886700904922153,-0.8875151806722777,-0.752449775859008,0.0012994863187122039,-0.4834712953134557,0.09567423758334274,-0.9400309465355637,1,1,1
-1.5636316105759527,1,-1.2534354094876172,1,1.2963194452115163,1,-1.5829887205185476,1.0573173787532364,0.8472414794745777,3,1.4742986476615811,-0.6375378076946869,-0.21109601031329753,0.1583250527645912,-0.9474433714039411,0.3250401593226936,-0.21577045633143446,1,1,0
-1.6513823458391919,0,-0.5282070436315138,0,1.2963194452115163,0,1.7083639863991102,0.704231066278716,1.3854625664119,7,0.6533090682769823,-1.1056772516345388,1.5175185886824474,0.7124792320241758,1.1404309710032432,-1.0511553711134114,1.4138156466278566,0,1,0
-0.7253811658244835,1,-1.2534354094876172,0,-0.7664488719813091,1,1.5410070690982123,0.704231066278716,-1.0223686119919106,4,-1.3170659222460548,-0.8261570982141418,-0.399291954558802,-0.6560168383384557,-1.4114154474944265,-1.0511553711134114,1.4138156466278566,1,1,0
-1.1964640603955572,0,0.19702132222458932,1,-0.9956453516694007,1,-1.5272030814182482,0.3511447538041962,-1.1073508888767511,2,1.638496563538501,-0.1080402812966992,-1.1032841904401336,-1.2266039257144694,0.9084449329580004,-1.2805212928527623,-1.121096069086596,1,1,0
-1.3188532437890224,0,0.9222496880806925,0,1.2963194452115163,0,1.5410070690982123,1.4104036912277562,0.1107284131392944,5,0.8175069841539021,-0.9988687377259318,-1.145105511383579,-0.404045580553208,-1.1794294094491837,-1.2805212928527623,0.32742491132166257,1,0,1
-1.0902394861295308,1,1.5266066596274452,0,0.6087300061472412,1,1.2620788735967159,1.4104036912277562,-0.45582009942630813,3,1.3101007317846614,-1.4170127070702654,-0.8221519774314171,1.5870751195541297,-0.9474433714039411,-1.0511553711134114,0.14635978877063022,1,1,0
-1.4504793466838812,0,0.6805068994619917,0,-0.5372523922932173,0,-1.4714174423179491,-0.7081141836193636,-1.532262273300953,1,-0.9886700904922153,1.5509004666454942,1.0179861440801825,-1.0284960889775174,0.21248681882227238,1.0131379245407461,0.6895551564237272,0,0,1
1.0434889186923908,0,1.1639924766993939,0,1.2963194452115163,1,-0.35570466031196335,-0.3550278711448435,-0.9940411863636306,2,1.3101007317846614,-0.3330199169765309,1.322352424279702,-0.47616778839753615,-1.643401485539669,-0.5924235276347098,1.051685401525792,1,0,1
0.7756182531519763,0,1.5266066596274452,0,-0.5372523922932173,1,0.6484368434934238,-0.0019415586703236604,-0.7957492069656696,6,0.4891111524000626,1.9417741771195451,1.2712374764599355,1.5633386967192875,1.1404309710032432,1.0131379245407461,-0.21577045633143446,1,1,1
-0.8015857517109808,0,-1.2534354094876172,1,1.9839088842757913,1,1.3736501517973145,1.4104036912277562,0.903896330731138,2,1.3101007317846614,0.3555541194981055,0.18852994536851447,-1.655685415421232,-0.25148525726821297,-1.0511553711134114,-0.7589658239845315,1,1,0
0.7940920921547635,0,0.43876411084329037,0,-0.9956453516694007,0,-1.080917968615854,-0.3550278711448435,-0.8240766325939498,6,-1.4812638381229746,0.2896509938949225,-0.14604062217904906,0.23957665400693556,1.6044030470937285,-1.2805212928527623,-1.4832263141886608,1,0,1
1.1173842747035396,0,-0.2864642550128128,1,-0.5372523922932173,1,0.871579399894621,-0.3550278711448435,1.6404093970664213,2,0.4891111524000626,1.8486007926460795,1.5895441969739368,0.25053192608455505,-0.9474433714039411,-0.8217894493740606,-0.03470533378040212,1,1,1
-0.6491765799379864,1,-0.16559286070346238,0,-0.7664488719813091,0,-1.080917968615854,1.4104036912277562,1.6120819714381411,8,-1.3170659222460548,0.03058353462723751,0.05841916910001754,0.1510215380461782,1.1404309710032432,1.471869768019448,0.6895551564237272,1,0,0
-1.6490731159638436,1,-0.8908212265595655,1,-0.30805591260512566,0,-1.3598461641173505,-1.4142868085684035,1.4987722689250207,5,-0.003482595230696726,1.3213757878206154,0.24196829990736143,-1.3233754957334414,0.21248681882227238,-0.1336916841560081,-0.5779007014334991,1,1,0
-0.06494142147484121,0,0.31789271653393997,1,-0.7664488719813091,1,-1.0251323295155548,-0.0019415586703236604,0.19571069002413477,3,-0.9886700904922153,-0.9147854395425603,-1.4727058587739017,-1.6246454778679766,1.1404309710032432,-1.2805212928527623,-1.121096069086596,1,0,0
1.0550350680691327,1,-1.2534354094876172,0,0.15033704677105778,1,-0.5230615776128612,-1.0612004960938834,-1.3622977195312722,6,-0.496076342861456,-1.1306749889322978,-1.6934294970865305,-1.264034438646336,-1.1794294094491837,-0.5924235276347098,1.051685401525792,1,1,0
-1.184917911018815,0,0.6805068994619917,0,0.15033704677105778,1,-1.4156318032176498,-1.0612004960938834,0.9605511819876982,7,-0.003482595230696726,-0.423920779877473,0.36975566945677807,-0.7071414413673465,0.6764588949127578,0.5544060810620445,-1.664291436739693,1,1,0
-0.88933648697422,1,-1.1325640151782668,1,-0.9956453516694007,0,0.42529428709222666,-1.4142868085684035,-0.22920069440006713,2,0.4891111524000626,0.048763707207425934,-0.43646646206408685,1.600769209651154,1.3724170090484857,1.9306016114981492,-1.664291436739693,0,0,0
-0.9516856936086268,0,-1.2534354094876172,0,-0.5372523922932173,1,-0.2999190212116641,-1.0612004960938834,-0.48414752505458825,1,0.9817049000308219,1.7940602749055143,0.4952196322871144,-0.5355088454846416,-0.25148525726821297,0.7837720028013953,1.5948807691788889,1,1,0
-0.02799374346926681,0,0.19702132222458932,1,0.8379264858353329,0,-0.8577754122146569,1.4104036912277562,0.9605511819876982,6,0.8175069841539021,-0.9602358709930314,-1.2194545263941488,1.0712643925662133,-0.019499219222970297,0.7837720028013953,1.4138156466278566,0,0,1
-1.7068038628475535,0,-0.5282070436315138,0,0.15033704677105778,0,0.03479481339013166,0.3511447538041962,1.3004802895270597,1,-0.6602742587383758,-0.21939383835035328,-0.8198285707123367,0.6449217208788558,1.3724170090484857,0.3250401593226936,-0.7589658239845315,0,0,0
0.9257181950496224,0,-0.16559286070346238,1,-0.30805591260512566,1,0.3137230088916281,-0.7081141836193636,-1.079023463248471,6,0.8175069841539021,-0.9965962161534082,-0.15068743561720968,0.3235670732686848,0.9084449329580004,1.9306016114981492,0.6895551564237272,1,0,1
-0.4898397185389468,0,1.2848638710087446,1,-0.5372523922932173,1,0.7042224825937231,-0.7081141836193636,1.4137899920401802,3,-0.9886700904922153,-1.0215939534511673,0.10024049004346298,-1.1033571148412504,0.6764588949127578,-1.0511553711134114,-0.7589658239845315,1,0,0
0.3068445884562512,0,-0.5282070436315138,0,0.15033704677105778,1,0.2021517306910295,1.0573173787532364,1.6970642483229814,2,-0.496076342861456,-0.21257627363278261,0.29308324772712807,1.139734843051335,-1.643401485539669,-0.36305760589535896,1.051685401525792,1,1,1
-0.1411460073613384,0,0.43876411084329037,0,-0.9956453516694007,0,-0.07677646481046692,-0.3550278711448435,0.33734781816553544,8,-0.496076342861456,0.4669076765517596,0.9111094350024885,0.2459672293855469,0.9084449329580004,-0.8217894493740606,-1.4832263141886608,1,1,1
-1.4643347259359716,1,-1.0116926208689163,0,0.37953352645914945,0,0.14636609159073022,0.3511447538041962,1.1588431613856591,5,0.3249132365231428,1.505450035195023,0.2024703856829963,0.905109432722318,0.4444728568675151,0.7837720028013953,-0.9400309465355637,0,0,0
1.59308562902531,0,0.6805068994619917,1,1.2963194452115163,1,0.7600081216940223,0.3511447538041962,-1.0223686119919106,3,1.638496563538501,0.08057900922275567,-0.49687503676017475,0.3418258600647172,0.4444728568675151,0.3250401593226936,0.32742491132166257,1,0,0
-0.03492143309531201,0,-1.0116926208689163,1,-0.5372523922932173,0,-1.4156318032176498,1.4104036912277562,-0.7674217813373895,1,-0.496076342861456,-1.337474452031941,0.9599009761031748,0.859462465732237,-0.7154573333586983,-0.36305760589535896,0.6895551564237272,1,1,0
-0.8269872803398132,0,1.1639924766993939,1,0.15033704677105778,0,-1.0251323295155548,1.4104036912277562,-1.1923331657615914,5,1.1459028159077416,0.5896238414680315,0.423194023995625,-0.2999704958158231,-1.643401485539669,-1.0511553711134114,-0.03470533378040212,0,1,0
0.06899391129536599,1,1.7683494482461466,0,0.15033704677105778,1,0.03479481339013166,0.3511447538041962,-0.11589099188694661,4,0.4891111524000626,-1.4011050560626006,1.090011752371672,0.19849438371586256,-0.25148525726821297,-1.0511553711134114,-0.21577045633143446,1,1,0
1.4360579975016188,1,-1.2534354094876172,0,-0.5372523922932173,1,0.42529428709222666,1.4104036912277562,1.1021883101290988,8,1.1459028159077416,-0.12622045387688763,-0.8500328580603806,-1.7159394118481388,-0.9474433714039411,-0.8217894493740606,1.051685401525792,1,1,0
0.6947952075147824,0,1.647478053936796,1,0.37953352645914945,0,0.7042224825937231,0.704231066278716,0.7339317769614572,2,-0.3318784269845363,-0.11031280286922275,-1.5331144334699895,-1.5269609685092032,-0.019499219222970297,-0.8217894493740606,-1.4832263141886608,0,1,1
0.6324460008803756,1,0.8013782937713424,0,0.15033704677105778,1,0.03479481339013166,-0.0019415586703236604,1.0455334588725387,8,1.3101007317846614,-1.0920421221993974,-0.5689006450516642,1.5049105789719837,0.4444728568675151,0.7837720028013953,0.32742491132166257,1,1,1
1.0365612290663455,0,-1.2534354094876172,1,0.37953352645914945,1,0.7600081216940223,0.704231066278716,1.6970642483229814,3,-0.1676805111076165,2.634893256739229,1.505901555087046,-1.580824389557499,0.9084449329580004,1.7012356897587988,0.6895551564237272,1,1,1
-1.600579288581527,1,-1.2534354094876172,1,-0.5372523922932173,1,-1.3598461641173505,-0.0019415586703236604,0.36567524379381555,4,-1.1528680063691352,-0.24211905407558879,0.8158497595201961,-1.036712543035732,0.6764588949127578,1.242503846280097,0.6895551564237272,1,0,1
-0.1642383061148224,1,-0.2864642550128128,0,-0.5372523922932173,0,-0.7462041340140584,-0.7081141836193636,0.677276925704897,7,-0.1676805111076165,0.5487184531626075,0.33490456867057355,-0.213241258534669,-0.7154573333586983,-0.36305760589535896,-0.3968355788824668,1,1,0
1.2443919178477014,1,1.1639924766993939,0,-0.9956453516694007,0,-0.8019897731143576,-1.4142868085684035,1.130515735757379,4,-1.4812638381229746,-1.1715803772377218,-1.7003997172437713,-0.8906422486674725,-0.019499219222970297,-0.36305760589535896,1.2327505240768242,0,0,1
0.13827080755581797,1,1.647478053936796,0,0.15033704677105778,0,-0.35570466031196335,1.4104036912277562,0.13905583876757452,4,0.3249132365231428,-1.282933934291376,-0.0066362190342309215,0.3418258600647172,1.1404309710032432,-1.2805212928527623,-0.5779007014334991,0,0,1
1.720093272169472,1,0.31789271653393997,0,1.525515924899608,0,-1.3040605250170512,0.704231066278716,-1.3056428682747119,3,0.3249132365231428,0.2714708213147341,0.2954066544462084,-0.6085439926687713,1.1404309710032432,0.5544060810620445,-0.3968355788824668,0,0,0
-0.5267873965445212,0,-1.1325640151782668,1,-0.9956453516694007,1,-0.4114902994122626,1.0573173787532364,0.33734781816553544,7,-1.3170659222460548,-0.7716165804735765,-1.4727058587739017,-1.3197237383742348,-0.019499219222970297,0.5544060810620445,0.32742491132166257,1,1,0
0.09901389967489518,1,-1.0116926208689163,0,-0.9956453516694007,0,-1.4156318032176498,-1.4142868085684035,-1.1640057401333113,2,1.3101007317846614,-0.32392983068643666,-1.5911996014469971,-1.645643082683414,-1.643401485539669,-1.0511553711134114,1.4138156466278566,0,1,1
0.08515852042280478,1,-1.0116926208689163,1,-0.9956453516694007,1,-0.2999190212116641,-1.0612004960938834,-1.7022268270706338,4,-0.6602742587383758,1.1441191051637782,1.5639867230640534,1.6245056324859963,1.1404309710032432,2.1599675332375003,-0.9400309465355637,1,0,0
-0.1457644671120352,1,-0.16559286070346238,0,-0.7664488719813091,0,-0.02099082571016763,1.0573173787532364,1.6120819714381411,1,-0.9886700904922153,0.5737161904603666,0.5231005129160781,-1.406452975655389,-0.019499219222970297,0.09567423758334274,0.8706202789747596,0,0,1
1.30443189460676,0,1.647478053936796,0,-0.9956453516694007,0,0.03479481339013166,-1.0612004960938834,-0.22920069440006713,8,-1.3170659222460548,1.0623083285529304,0.7043262370043416,0.3947763417732113,-0.9474433714039411,-0.5924235276347098,0.32742491132166257,1,1,0
1.4706964456318448,1,1.2848638710087446,0,-0.5372523922932173,1,0.9831506780952195,-1.4142868085684035,0.8189140538462976,5,-1.1528680063691352,-0.723893627450582,-1.6004932283233184,-1.5981702370137296,1.1404309710032432,0.5544060810620445,-0.21577045633143446,1,0,1
-0.7669473035807548,1,-1.2534354094876172,0,-0.9956453516694007,1,-0.35570466031196335,0.704231066278716,0.19571069002413477,4,-1.6454617539998944,0.16920735055117422,-1.22874815327047,-0.9636773958516023,-0.019499219222970297,0.7837720028013953,-1.664291436739693,1,1,1
-0.669959648816122,0,0.43876411084329037,1,-0.7664488719813091,0,0.5368655652928253,-1.4142868085684035,-0.200873268771787,7,0.16071532064622304,-0.5193666859234622,0.84605404686824,1.3898802221569793,-0.4834712953134557,-1.2805212928527623,-0.7589658239845315,1,1,0
-0.9309026247304911,1,-1.2534354094876172,0,-0.7664488719813091,1,1.3178645126970152,-1.4142868085684035,0.19571069002413477,5,1.1459028159077416,-1.1170398594971565,-1.045199022463126,0.14919565936657497,-0.4834712953134557,-1.0511553711134114,1.5948807691788889,1,1,1
-0.7738749932068,1,0.8013782937713424,1,-0.7664488719813091,1,-0.24413338211136476,-0.0019415586703236604,1.1871705870139393,2,-1.3170659222460548,-1.0784069927642561,-1.1311650710690972,0.42033864328765674,-0.9474433714039411,-0.36305760589535896,0.32742491132166257,1,1,1
1.36216264149047,1,0.19702132222458932,1,-0.30805591260512566,0,-0.35570466031196335,-1.4142868085684035,-0.17254584314350688,6,0.9817049000308219,-0.5080040780608445,-0.2575641446949036,0.8393778002566012,-1.643401485539669,-1.2805212928527623,1.2327505240768242,0,1,0
0.276824600076722,0,-1.2534354094876172,1,-0.07885943291703394,0,0.2021517306910295,-1.4142868085684035,1.2721528638987796,1,0.9817049000308219,-0.6489004155573047,-1.2728928809329958,-0.24245531740832088,1.1404309710032432,1.7012356897587988,1.4138156466278566,0,0,1
0.48003682910738116,1,0.07614992791523893,0,0.37953352645914945,1,-0.6346328558134597,-1.0612004960938834,0.5639672231917764,4,-0.003482595230696726,-1.012503867161073,-0.3481770067390354,-1.331591949791656,0.4444728568675151,1.0131379245407461,-0.21577045633143446,1,1,1
1.6993102032913363,0,-0.5282070436315138,0,1.7547124045876996,0,-0.46727593851256194,-1.4142868085684035,-0.3141829712849075,7,0.9817049000308219,0.3010136017575403,1.4478163871100385,1.2173346869344728,0.9084449329580004,1.9306016114981492,0.6895551564237272,1,1,1
-0.5983735226803216,1,-0.40733564932216343,1,-0.7664488719813091,0,-0.6904184949137591,1.4104036912277562,-0.9090589094787902,6,-0.8244721746152955,-0.896605266962372,0.4115769904002235,0.5782771490733374,-1.1794294094491837,-0.36305760589535896,1.051685401525792,1,0,0
-0.8570072687193424,1,-1.0116926208689163,1,-0.7664488719813091,0,-0.1325621039107662,0.704231066278716,0.16738326439585466,8,-0.3318784269845363,-0.3693802621369077,-0.92205846635187,-1.3471119185682836,1.6044030470937285,2.1599675332375003,0.6895551564237272,1,1,1
-0.5822089135528827,0,-0.40733564932216343,1,-0.07885943291703394,0,0.42529428709222666,1.4104036912277562,0.677276925704897,2,1.1459028159077416,-0.7625264941834823,-0.9545861604189942,0.8457683756352126,1.1404309710032432,0.3250401593226936,-0.03470533378040212,0,0,0
-1.3488732321685515,0,-1.2534354094876172,0,0.15033704677105778,0,-0.6904184949137591,1.0573173787532364,-0.05923614063038636,1,-0.003482595230696726,0.8396012144456222,-0.060074573573077876,-0.04799923803057539,1.1404309710032432,2.1599675332375003,0.6895551564237272,0,1,1
1.6046317784020518,0,0.9222496880806925,1,1.0671229655234247,0,0.5368655652928253,0.704231066278716,-0.9090589094787902,4,0.3249132365231428,-1.353382103039606,-1.2171311196750685,-1.2914226188403846,0.21248681882227238,-0.5924235276347098,0.5084900338726949,0,1,1
0.12210619842837918,1,1.5266066596274452,1,-0.9956453516694007,0,1.7641496254994096,-0.0019415586703236604,-1.6172445501857933,6,-0.6602742587383758,-1.3306568873143705,-0.7942710968024534,-0.2187188945734787,1.6044030470937285,0.5544060810620445,-1.121096069086596,1,0,1
-1.3257809334150676,0,-1.2534354094876172,0,0.6087300061472412,1,0.14636609159073022,-1.4142868085684035,-1.1640057401333113,8,1.1459028159077416,-0.1307654970219347,0.039831915347375124,-0.7071414413673465,0.9084449329580004,0.3250401593226936,-0.9400309465355637,1,0,0
0.7686905635259311,1,-1.2534354094876172,1,-0.9956453516694007,0,-1.5272030814182482,-1.0612004960938834,-1.4756074220443927,7,-0.1676805111076165,1.6508914158365304,1.136479886753278,1.236506413070307,1.1404309710032432,1.242503846280097,0.14635978877063022,0,0,1
-0.3766874546468752,1,1.647478053936796,1,-0.7664488719813091,1,1.7641496254994096,1.0573173787532364,1.0738608845008186,3,0.16071532064622304,0.8941417321861875,-0.3063556857955899,0.9425399456541845,0.21248681882227238,-0.5924235276347098,-1.3021611916376286,1,0,0
0.14750772705721157,0,0.9222496880806925,1,-0.30805591260512566,0,-0.9693466904152555,-1.0612004960938834,0.28069296690897516,5,0.16071532064622304,0.7327927005370153,-0.6502198802194746,0.3107859225114621,1.3724170090484857,2.6186993767162017,-1.121096069086596,0,1,1
-0.20118598412039682,1,1.5266066596274452,0,0.15033704677105778,1,-0.8019897731143576,-0.0019415586703236604,-1.6172445501857933,1,-0.496076342861456,0.11239431123808541,-1.2241013398323093,0.06246642208542088,-0.9474433714039411,-1.0511553711134114,-1.4832263141886608,1,1,0
-1.4296962778057456,0,0.31789271653393997,0,-0.5372523922932173,0,-0.6904184949137591,1.0573173787532364,0.05407356188273415,3,-0.3318784269845363,-0.9556908278479843,-1.7259571911536546,-1.1700016866467688,1.1404309710032432,0.09567423758334274,0.5084900338726949,0,0,0
-0.009519904466479613,0,-0.5282070436315138,1,-0.9956453516694007,0,-1.2482748859167518,0.3511447538041962,0.7056043513331771,2,-1.4812638381229746,-0.3921054778621433,-0.057751166853997574,-1.0294090283173192,-0.25148525726821297,-1.0511553711134114,-1.3021611916376286,1,0,1
-0.4875304886635984,0,-1.1325640151782668,1,-0.5372523922932173,1,0.6484368434934238,-0.0019415586703236604,-1.1640057401333113,3,-1.1528680063691352,-0.8988777885348955,1.6499527716700246,1.2127699902354647,0.4444728568675151,-0.1336916841560081,0.14635978877063022,1,1,0
-1.4527885765592297,1,-1.1325640151782668,0,0.6087300061472412,0,0.8157937607943216,-0.0019415586703236604,0.36567524379381555,8,1.3101007317846614,-0.6261751998320692,-0.9569095671380746,-1.6766830202366692,-0.25148525726821297,-0.5924235276347098,-1.121096069086596,0,1,1
0.7017228971408276,1,1.4057352653180952,0,-0.5372523922932173,0,-0.02099082571016763,-1.4142868085684035,-0.39916524816974785,7,-0.8244721746152955,2.0667628636083406,0.8576710804636416,-0.553767632280674,-0.019499219222970297,-0.5924235276347098,0.5084900338726949,0,0,0
1.6692902149118072,0,-0.8908212265595655,1,0.15033704677105778,1,-1.4156318032176498,-1.0612004960938834,-1.5605896989292332,8,1.638496563538501,-0.6807157175726345,-1.128841664350017,-1.7004194430715114,0.9084449329580004,0.3250401593226936,-0.7589658239845315,1,1,0
0.7317428855203567,0,0.19702132222458932,1,1.2963194452115163,0,-0.9135610513149562,-1.4142868085684035,0.3090203925372553,7,0.4891111524000626,-0.5034590349157974,-1.574935754413435,1.5925527555929395,-0.25148525726821297,-1.0511553711134114,-0.5779007014334991,0,0,1
0.15443541668325678,1,0.31789271653393997,1,-0.07885943291703394,0,-1.3040605250170512,-0.3550278711448435,-0.9940411863636306,1,-0.6602742587383758,-0.489823905480656,0.1350915908296675,1.472957702078927,-0.25148525726821297,1.0131379245407461,-0.9400309465355637,0,1,1
-1.1618256122653312,0,-1.2534354094876172,0,1.0671229655234247,1,1.1505075953961175,-0.7081141836193636,0.25236554128069505,2,-0.003482595230696726,0.08739657394032632,-0.41787920831144443,0.6942204452281433,-0.7154573333586983,-0.5924235276347098,0.32742491132166257,1,1,1
1.392182629869999,1,0.9222496880806925,0,0.6087300061472412,1,-0.9693466904152555,-0.3550278711448435,0.1107284131392944,5,1.4742986476615811,-0.05804480670118104,-0.2947386522001884,1.158906569187169,0.4444728568675151,1.242503846280097,1.4138156466278566,1,0,1
0.14750772705721157,0,-0.16559286070346238,0,-0.9956453516694007,0,0.03479481339013166,-0.3550278711448435,-0.9940411863636306,1,0.6533090682769823,0.39645950780352945,-0.5433431711417808,-0.800261254027112,0.21248681882227238,1.471869768019448,1.4138156466278566,0,0,1
0.5146752772376072,0,0.6805068994619917,0,-0.9956453516694007,0,-1.3598461641173505,0.704231066278716,-0.48414752505458825,7,-1.6454617539998944,-0.5307292937860799,-0.2715045850093854,-1.027583149637716,-0.9474433714039411,-1.0511553711134114,-1.4832263141886608,0,1,0
-0.6053012123063668,1,-1.2534354094876172,0,1.9839088842757913,1,0.5368655652928253,1.0573173787532364,-1.1923331657615914,7,1.1459028159077416,0.9191394694839465,0.8390838267109991,-1.1681758079671656,0.9084449329580004,0.5544060810620445,0.32742491132166257,1,1,0
-1.69756694334616,0,-1.0116926208689163,1,-0.7664488719813091,1,1.0947219562958181,0.704231066278716,1.130515735757379,2,-0.003482595230696726,-1.3806523619098887,-1.1404586979454185,1.540515213224247,-0.9474433714039411,-0.5924235276347098,-0.7589658239845315,1,0,1
0.3738122548413548,1,0.559635505152641,1,-0.7664488719813091,1,1.4852214299979132,1.4104036912277562,0.903896330731138,6,-1.1528680063691352,0.2555631703070692,-0.0902788609211218,-1.629210174566985,0.6764588949127578,1.242503846280097,0.8706202789747596,1,0,1
0.19831078431487636,0,-0.8908212265595655,1,-0.5372523922932173,0,-1.1924892468164525,-0.0019415586703236604,1.32880771515534,2,-0.9886700904922153,0.28737847232239894,-0.19715556999881573,-0.8148682834639379,-1.643401485539669,-1.2805212928527623,-0.3968355788824668,1,1,0
0.5446952656171363,0,-1.2534354094876172,0,-0.5372523922932173,0,0.871579399894621,-1.0612004960938834,0.05407356188273415,7,-0.003482595230696726,0.005585797329478433,-1.4122972840778139,0.7243474434415968,-0.019499219222970297,0.5544060810620445,0.14635978877063022,1,1,1
1.6207963875294906,0,1.5266066596274452,1,0.15033704677105778,1,-0.8019897731143576,-1.0612004960938834,-0.14421841751522674,2,0.6533090682769823,-0.35120008955671933,-1.5772591611325153,-1.2430368338308986,0.9084449329580004,-0.8217894493740606,-1.4832263141886608,1,0,0
1.616177927778794,0,1.4057352653180952,1,0.8379264858353329,0,-1.3598461641173505,-0.7081141836193636,-0.48414752505458825,8,1.4742986476615811,0.03512857777228462,1.3920546258521111,0.8576365870526337,-1.4114154474944265,-1.2805212928527623,-1.664291436739693,1,0,0
1.2143719294681723,0,1.0431210823900432,1,0.15033704677105778,0,-1.3598461641173505,-1.4142868085684035,-0.14421841751522674,3,0.4891111524000626,1.6031684628135359,0.6834155765326189,0.1090263284153036,-0.9474433714039411,0.09567423758334274,-1.3021611916376286,1,0,1
1.3644718713658184,0,-1.2534354094876172,0,1.0671229655234247,0,0.2021517306910295,1.4104036912277562,0.6206220744483367,4,1.638496563538501,0.35100907635305845,-0.8779137386893443,-1.2850320434617732,0.4444728568675151,-1.0511553711134114,0.6895551564237272,0,0,1
1.4937887443853288,1,-0.044721466394111724,1,-0.9956453516694007,1,0.5368655652928253,-0.0019415586703236604,1.1021883101290988,1,-1.1528680063691352,1.1395740620187311,1.3967014392902717,-0.6870567758917109,1.6044030470937285,-1.0511553711134114,-0.21577045633143446,1,0,0
-1.4920454844401523,0,-1.2534354094876172,0,-0.9956453516694007,0,-1.0251323295155548,1.0573173787532364,-0.7957492069656696,5,-1.3170659222460548,-0.707985976442917,-1.1683395785743822,-0.4770807277373378,1.3724170090484857,-1.2805212928527623,-0.3968355788824668,0,0,0
0.5192937369883039,1,0.559635505152641,0,-0.9956453516694007,1,1.2062932344964166,0.704231066278716,-0.37083782254146774,8,-1.6454617539998944,-0.9965962161534082,-0.2691811782903051,1.038398576333355,1.1404309710032432,-1.0511553711134114,-1.3021611916376286,1,0,1
-0.9793964521128076,1,-1.2534354094876172,0,-0.9956453516694007,1,1.0389363171955188,-0.7081141836193636,0.47898494630693605,6,1.638496563538501,0.08057900922275567,-0.905794619318308,1.523169365768016,-0.4834712953134557,-1.0511553711134114,-1.4832263141886608,1,0,0
-0.12729062810924802,0,-0.8908212265595655,0,0.37953352645914945,1,0.7600081216940223,1.0573173787532364,-1.4472799964161125,6,-0.1676805111076165,-1.3397469736044647,-1.028935175429564,-1.2357333191124857,1.6044030470937285,2.848065298455553,-0.7589658239845315,1,0,0
-1.2080102097722991,1,0.43876411084329037,0,-0.07885943291703394,0,-0.1325621039107662,-0.7081141836193636,-1.079023463248471,1,-0.496076342861456,1.8985962672415977,1.5128717752442868,0.14736978068697174,1.6044030470937285,0.7837720028013953,1.051685401525792,0,1,1
0.22371231294370877,0,1.647478053936796,0,-0.5372523922932173,1,0.09058045249043094,1.0573173787532364,0.8755689051028578,3,-0.6602742587383758,-0.9011503101074191,0.9784882298558173,1.5825104228551217,0.6764588949127578,0.5544060810620445,-0.5779007014334991,1,1,1
0.46618144985529075,1,-1.2534354094876172,1,0.37953352645914945,1,0.7042224825937231,1.0573173787532364,-0.05923614063038636,7,0.16071532064622304,-0.13985558331202894,1.1016287859670733,1.095913754740857,0.21248681882227238,1.242503846280097,-1.664291436739693,1,1,1
-0.843151889467252,0,-0.6490784379408645,0,-0.7664488719813091,0,1.7641496254994096,-0.0019415586703236604,0.5639672231917764,3,-0.6602742587383758,-1.1738528988102452,-1.4262377243922957,-0.06169332812759972,1.3724170090484857,0.7837720028013953,-0.9400309465355637,1,1,1
