{
    "batch_size": 1024,
    "learning_rate": 0.4691,
    "momentum": 0.183,
    "number_of_epochs": 600,
    "number_of_hidden_layers": 9,
    "number_of_neurons_in_layers": [
        735,
        980,
        95,
        10,
        165,
        330,
        435,
        280,
        85,
        310
    ],
    "dropout_layers": [
        0.5896553376789176,
        0.3750003298447777,
        0.3170196854921719,
        0.33696385778848703,
        0.4269246312367416,
        0.01,
        0.2349405161065526,
        0.01,
        0.01,
        0.23126543780139874
    ],
    "prune_amount": 0.01,
    "prune_epoch_interval": 6,
    "weight_decay": 0.01,
    "weight_perturbation_amount": 0.96,
    "weight_perturbation_interval": 99
}