{
    "batch_size": 16,
    "learning_rate": 0.4536,
    "momentum": 0.4833,
    "number_of_epochs": 50,
    "number_of_hidden_layers": 5,
    "number_of_neurons_in_layers": [
        860,
        595,
        375,
        825,
        5,
        1000,
        145,
        940,
        595,
        785
    ],
    "dropout_layers": [
        0.01,
        0.37632611977191566,
        0.5307215428785749,
        0.01,
        0.16815219769076578,
        0.31608053645170614,
        0.16694736504784008,
        0.5378608738809535,
        0.30280455356212327,
        0.4834648695214704
    ],
    "prune_amount": 0.09,
    "prune_epoch_interval": 14,
    "weight_decay": 0.01
}