{
    "batch_size": 188,
    "learning_rate": 0.32485882352941176,
    "momentum": 0.25006470588235297,
    "number_of_epochs": 379,
    "number_of_hidden_layers": 7,
    "number_of_neurons_in_layers": [
        549,
        511,
        380,
        671,
        503,
        485,
        444,
        483,
        453,
        581
    ],
    "dropout_layers": [
        0.3057683883952237,
        0.31265654352426636,
        0.30673492510674005,
        0.32077587641161903,
        0.3081481594650134,
        0.3396600897406373,
        0.4187883158030126,
        0.44338405218902804,
        0.4032253471663911,
        0.3857998494494661
    ],
    "prune_amount": 0.12882352941176473,
    "prune_epoch_interval": 13,
    "weight_decay": 0.07176470588235295,
    "weight_perturbation_amount": 0.2,
    "weight_perturbation_interval": 12,
    "fold": 5
}