{
    "batch_size": 128,
    "learning_rate": 0.1969,
    "momentum": 0.2091,
    "number_of_epochs": 520,
    "number_of_hidden_layers": 7,
    "number_of_neurons_in_layers": [
        225,
        930,
        210,
        970,
        810,
        5,
        350,
        5,
        390,
        15
    ],
    "dropout_layers": [
        0.01,
        0.3172501807086204,
        0.3013932623544973,
        0.3775467876127585,
        0.7288526016088145,
        0.01939644048586922,
        0.4710803739495195,
        0.75,
        0.47254156789546153,
        0.6310135590529545
    ],
    "prune_amount": 0.16,
    "prune_epoch_interval": 20,
    "weight_decay": 0.01,
    "weight_perturbation_amount": 0.001,
    "weight_perturbation_interval": 17
}