{
    "batch_size": 128,
    "learning_rate": 0.5,
    "momentum": 0.0001,
    "number_of_epochs": 420,
    "number_of_hidden_layers": 6,
    "number_of_neurons_in_layers": [
        895,
        390,
        5,
        915,
        300,
        5,
        480,
        170,
        5,
        5
    ],
    "dropout_layers": [
        0.37094723232989163,
        0.4759990282327841,
        0.21169747266678512,
        0.75,
        0.6281266537184499,
        0.03040628386362361,
        0.4352376631819932,
        0.7497259704339047,
        0.7090298387838521,
        0.01
    ],
    "prune_amount": 0.04,
    "prune_epoch_interval": 5,
    "weight_decay": 0.02,
    "weight_perturbation_amount": 0.49,
    "weight_perturbation_interval": 5
}