{
    "batch_size": 32,
    "learning_rate": 0.098,
    "momentum": 0.2191,
    "number_of_epochs": 140,
    "number_of_hidden_layers": 5,
    "number_of_neurons_in_layers": [
        170,
        975,
        65,
        40,
        450,
        290,
        20,
        530,
        625,
        185
    ],
    "dropout_layers": [
        0.06027222328718007,
        0.6638146289377935,
        0.2949825296962474,
        0.3289924311811154,
        0.33379541386150346,
        0.1640140682392416,
        0.12449266141662482,
        0.5659804776071535,
        0.3996204262470103,
        0.2978203951667449
    ],
    "prune_amount": 0.07,
    "prune_epoch_interval": 12,
    "weight_decay": 0.35,
    "weight_perturbation_amount": 0.18,
    "weight_perturbation_interval": 75
}