{
    "batch_size": 1024,
    "learning_rate": 0.2917,
    "momentum": 0.1416,
    "number_of_epochs": 320,
    "number_of_hidden_layers": 8,
    "number_of_neurons_in_layers": [
        1000,
        500,
        445,
        250,
        370,
        5,
        5,
        470,
        795,
        590
    ],
    "dropout_layers": [
        0.3545641334233572,
        0.25688331200183373,
        0.06854665138809093,
        0.5458609339070509,
        0.056572899957954434,
        0.75,
        0.01,
        0.398969942241792,
        0.4457800434843978,
        0.03261279285517205
    ],
    "prune_amount": 0.01,
    "prune_epoch_interval": 4,
    "weight_decay": 0.01,
    "weight_perturbation_amount": 0.001,
    "weight_perturbation_interval": 11
}