region-centroid-col,region-centroid-row,short-line-density-5,short-line-density-2,vedge-mean,vedge-sd,hedge-mean,hedge-sd,intensity-mean,rawred-mean,rawblue-mean,rawgreen-mean,exred-mean,exblue-mean,exgreen-mean,value-mean,saturatoin-mean,hue-mean,target
-0.2704241242171473,0.2713053207692709,0,0,-0.6223309736419709,-0.12480135593757768,-0.44974745034354674,-0.1376425273184373,-0.810948484695431,-0.7214478418014426,-0.8492467421788186,-0.8422808698491215,1.4703600763669398,-0.91964223650896,0.0925488865629005,-0.8760887930578445,0.4566195754094759,0.2579080701175106,1
1.3551738558713067,-1.072612378290329,0,0,-0.6006304815378476,-0.12044837663021883,-0.5590743937443639,-0.1380079751434852,-0.8022145339086034,-0.8198311608786193,-0.7523383283746318,-0.8361622945546865,0.49445953025094896,-0.3285946734422715,0.06390993700625577,-0.7855538952944064,1.0570518027434976,-0.4426833681159569,7
-1.248538163083929,0.2363983675469436,0,0,-0.5355289817889569,-0.12344893247746162,-0.3716567724697277,-0.13850616890398387,-0.817741543264193,-0.7151005255492112,-0.8670982859897188,-0.8483994506502773,1.5947395348567193,-0.9984485752115121,0.10209520594567549,-0.8709153672687958,0.63536514472355,0.4013391193596593,1
-0.13266158353168508,0.5680144231590526,0,0,-0.5789300988041565,-0.11835925596507568,-0.3872749502134618,-0.13540561001897827,-0.33543388704744087,-0.44533977620080656,-0.4182593734465556,-0.12640718318985233,-0.7206322126420683,-0.8239488161806435,2.1163669718835876,-0.36392005666113786,-0.04598512502739374,2.7227022681161035,4
-0.4908441893138868,-0.9678915186233472,0,0,0.8533019972714639,-0.05785647885267999,-0.012439668306483923,-0.1251529220226458,-0.5072014347578694,-0.43264513798376375,-0.48711534388424954,-0.5975377093902601,1.087653971223094,-0.28356247266063894,-0.6043319042871649,-0.5165359824117692,0.1487549553598846,-0.12903626970856227,1
-0.6423829840678952,-0.40938026706611086,0,0,-0.12321999117060672,0.06208656680164868,0.03441483681207139,0.011369409264599043,-0.8507364332319793,-0.8959988930670161,-0.7982423086664278,-0.8606366094992286,0.28397113242426336,-0.3511107991636976,0.31211405194143504,-0.8321146901472088,1.9548575362721323,-0.5926807264595895,3
-1.2760906712210214,-0.6188219864000745,0,0,-0.4053266619502888,-0.11927394215995138,-0.37165649134325923,-0.13409347892781484,0.7912445251070753,0.7162181782321597,0.9359080451614257,0.6812452457737184,-1.3233943057907378,1.6077896055393883,-1.4062219763723804,0.926848658025104,-0.46971484586839657,-0.4965877558442248,2
-1.4551819741121221,-0.5839150331777472,0,0,-0.18832137373689176,-0.08422867623426808,-0.371656716244434,-0.10900938807322598,-0.881790446702794,-0.9118671694161445,-0.8339454146498203,-0.900407369563259,0.4466212908955437,-0.4074009868142136,0.24528985062873185,-0.8683286520462318,2.0768639873933394,-0.5186213161906603,3
0.8867812175407352,0.3062122739915981,0,0,-0.7308334029138921,-0.12725262267452722,-0.6840194839650036,-0.14700974842033943,-0.9710707367414775,-0.9372564144310402,-1.0150111172399032,-0.9401781296272895,1.0972216233996184,-1.088512966642533,0.7512443826985044,-1.0519851232189963,-1.8651544328831187,0.8829091994428392,7
-0.9316843195073659,1.318513917439089,0,0,0.7665001538497505,-0.06682301628583576,1.1120664023156244,-0.08482540286913533,0.4690591209363698,0.4305891753849468,0.5737765940772791,0.3753163433839484,-0.7301998553466172,1.0786615376572193,-1.1007400482407177,0.5595356691187798,-0.48329668671138953,-0.4660002584262173,5
-1.5240632444548532,0.25385184415810724,0,0,-0.5355290364741729,-0.12446325211512953,-0.5434562328682179,-0.1456146304289198,-0.8410320559874864,-0.7436634258339325,-0.8900502761356168,-0.8667551847936635,1.5660366067430729,-1.0153356517711547,0.15937304491720078,-0.894195764695197,0.7670222331746804,0.4151714286770164,1
0.7903474390609116,1.0916187214939617,1,0,0.7013981853704366,-0.08060507845171601,-0.18423939858638383,-0.12474486788559583,0.29826201016433584,0.3131639503954261,0.35955809588886534,0.20705540576916914,-0.1083025628977205,0.6508555035786618,-0.9957307240471647,0.3422520374070271,-0.5377152422876261,-0.39372750693973707,5
0.32195480073034016,1.1963395811609434,1,0,0.8316015364160354,-0.07748386883653266,0.7059948773717658,-0.07765071553354201,0.5515463131035558,0.5416671526731965,0.6375321732647519,0.45179855521458895,-0.5388469151467701,1.0223712486842642,-1.1962031561516628,0.6242034914818886,-0.5604446376548977,-0.4331915532675554,5
0.7765711849923654,-1.683484059681056,0,0,-0.44872745085419224,-0.11668679965783127,-0.5434562497358061,-0.14242580162599233,2.646721942656096,2.848914828034351,2.348730651706658,2.7799176648490005,-0.32835851732008436,0.2005336477459957,-0.012460566505861434,2.3598865586297877,-1.4455344639627685,-0.5823230488716545,6
0.8041236931294579,0.5156539933255617,0,0,1.2222102224224316,0.1526987857667805,0.15935997763547546,-0.023442085759378395,-0.237419677664118,-0.32791452264838566,-0.12498389280010322,-0.2824308931216705,-0.62495578559658,0.5495330644852936,-0.3083961924381103,-0.14922299350544518,0.08660860151791498,-0.5682237598176466,2
1.4929363965567688,-0.7409963226782199,0,0,-0.49212725933029383,-0.1197297334664892,-0.3872743879605249,-0.13711103308295364,1.3977682666492746,1.224003135655872,1.6576205221847062,1.2380359802843983,-2.710703789583375,2.868691379408757,-2.160380795210944,1.6588877180757304,-0.33930362949664805,-0.5291355763394733,6
-0.8490267950960885,1.3534208706614161,0,0,-0.16662083475972622,-0.10629006947244299,-0.4185112101179306,-0.13711105353140043,-0.767278777924575,-0.759531699326771,-0.8875000667393119,-0.6220120546217666,0.6953802423186506,-1.426254421843557,1.724968152123588,-0.7829672103363591,0.5027098677994548,2.165971808250409,4
1.7409089697906008,0.8647235255488345,1,0,0.11548562509126548,-0.08537748989391587,-0.012439808869718173,-0.12482532714258081,0.5166106357249984,0.4877149759543894,0.6273313907643089,0.4059092060893216,-0.6823616418238729,1.1574676990455028,-1.2821199618631938,0.6138567516496989,-0.47736557538788754,-0.4423480096808204,5
-0.5597254596566179,1.3359673940502526,0,0,1.1137071369279181,-0.06555936393761098,0.018796687180984192,-0.11954501441177126,0.5136992987079911,0.5099305714120392,0.5967285842231771,0.412027723563188,-0.4527380446969602,0.9717100291375801,-1.1962031561516628,0.582816066545181,-0.5538639780351542,-0.4211088793684595,5
-0.7250405084791726,-0.09521768806516545,0,0,-0.622330997078492,-0.1258156743428504,-0.5278381001047189,-0.14488385524528777,-0.8274459231288682,-0.7500107420861639,-0.8619978534259151,-0.8514587369208148,1.374683545990807,-0.9083841837804909,0.1689193728916563,-0.8864356329957432,0.5142794646017059,0.2013564277352174,1
-1.689378293277408,2.121373841552616,0,0,0.0069829692663063185,-0.07788919447433648,0.20621434219079654,-0.08821547552760606,-0.8031849813277273,-0.759531699326771,-0.8772991763645154,-0.7474429018482117,1.049383358211552,-1.1504322338515645,0.9039853725393776,-0.8838489177731792,-1.03235261235435,2.0195207213929773,4
1.5342651587624077,1.2137930577721072,0,0,0.31078922593796016,-0.08876200986293312,0.45610445516172354,-0.0882543221953545,0.3157299012572617,0.3004692264896823,0.39016067291009526,0.23764832354175006,-0.3953321884696673,0.75217794267203,-0.881174925820586,0.37329248970757034,-0.543722071038856,-0.45349099410403515,5
-0.39441041083406325,0.16658446110228906,0,0,-0.7091329201843773,-0.12682999055719846,-0.621546936043419,-0.14647827468711427,-0.9584550434414362,-0.9372564144310402,-0.9818582436048057,-0.9401781296272895,0.972842147688065,-0.9421583368997763,0.6271423338225953,-1.0183578835266567,2.49393754914147,-0.4722385852958451,3
0.8867812175407352,-1.3169610508466199,0,0,-0.4487272047707201,-0.11835925459574773,0.6279039886530955,-0.06978930119293936,0.13134672575135098,0.1703494489718196,0.13003819442988546,0.09386170362487309,0.24570056160606799,0.09921120865262749,-0.4134056025484691,0.1094480631430153,-0.796128448483578,-0.4132700457939224,2
1.3551738558713067,0.6552818062148709,0,0,-0.18832117843254872,-0.057856542754651026,1.846118451034084,0.4094433231094969,0.13037628881295626,0.09100799581892649,0.18359276159701352,0.10303956243648509,-0.4623056012926386,0.45946871358324815,-0.31794258055432995,0.1637689128699599,-0.5207387149727114,-0.5938164029507182,5
-1.2072094008782903,0.7600026658818526,0,0,-0.38362563861835264,-0.11440459804612052,1.4400470947661064,-0.06436563408772639,-0.6023043333260086,-0.6040225682549917,-0.6299276989618491,-0.5608262466102086,0.4753242190091903,-0.6775941915040087,0.6748738877780678,-0.6406980709787125,-0.49419062425642674,-1.0679548676433044,4
0.9556624878834663,1.0392582916604707,0,0,-0.42702657204746985,-0.11393064557119523,0.1437416593285071,-0.11786107943667981,0.4632364731041788,0.46867294722157415,0.5406238214309386,0.3600197743632421,-0.32835851732008436,0.892903563781979,-1.1866568539522488,0.5259085318601892,-0.5438210660177677,-0.4057916756270931,5
0.7627949309238192,0.6727352828260345,0,0,0.4843929909031241,0.004270482561602945,2.9550069061653947,0.021533094499375932,0.11581968233339052,0.08148706714121981,0.14533952884448076,0.11221733864728499,-0.4048998311742162,0.29059794798682154,-0.08883107001797849,0.12496833585408183,-0.5961947279543164,-0.628158646652922,5
-0.5046204433824331,-0.9155310887898562,1,1,-0.16662075663798898,-0.10933302655967607,0.5810496240977744,-0.04516609770138725,-0.385896660247606,-0.31521988443134275,-0.35960430026925533,-0.48128469344182295,0.9537068450571934,-0.14283690221190948,-0.7093413143975239,-0.38720045408753906,-0.050466925448712105,-0.17619932526626544,1
-0.13266158353168508,1.2487000109944344,0,0,0.7665001538497505,-0.05976528093597647,0.42486832457543017,-0.11642476259626389,0.5253444895650787,0.5289724287674527,0.5941785033580173,0.43344281005776125,-0.3953321884696673,0.8872745956781471,-1.1102863504401317,0.5802294979891208,-0.6081677151285839,-0.42125206829706396,5
-1.4276294659750297,-0.007950305009347285,0,0,-0.38362588860791164,-0.11846185491576623,-0.4028930155066085,-0.14063207158576957,-0.465472567801432,-0.48977096711610635,-0.4106086947632627,-0.502699752402792,0.15959169115625804,-0.018998388058334766,-0.12701627881563426,-0.4389346421368336,-0.08266374550990359,-0.48604528495303867,2
0.22552102225051665,0.690188759437198,0,0,-0.4270270681205011,-0.11744753733209028,4.594910649544274,-0.11379316587894038,0.09544055903075152,0.06879234323547596,0.10708620428398746,0.10609882117341832,-0.31879096072440627,0.1555013963031435,0.0543636348068419,0.08616766571661413,-0.6879564911766424,-0.6625048372709166,5
-0.6837117462735339,-0.5839150331777472,1,0,0.8967031142866635,-0.05874399050615472,0.11250550062956696,-0.09730783434754708,0.29243936233214485,0.24016974494380375,0.39526113301628746,0.21623323704717703,-0.71106465604639,0.921048809590896,-0.8525359333055385,0.37846592946485785,-0.43697832662891084,-0.49648054208249953,2
1.2862925855285756,-0.14757811789865635,0,0,-0.3619253730672673,-0.11506498543440517,-0.5746924983952162,-0.14001993226355633,-0.36939923229489824,-0.38186667080429254,-0.339202505748468,-0.38950605025849594,0.18829470537877505,-0.10343366953410894,-0.012460566505861434,-0.36650674161918523,-0.3867732693624994,-0.5073561067850081,7
-0.1602140916687775,0.11422403126879815,0,0,-0.622330997078492,-0.12152599664750173,-0.5903106761389502,-0.14045999790595357,-0.9477802266383665,-0.9372564144310402,-0.9563560302914089,-0.9371188403280557,0.8675979659964963,-0.8352068689091126,0.5507718389021588,-0.9924907732057313,2.49393754914147,-0.49091124979116907,3
1.134753790774567,-0.14757811789865635,0,0,-0.3185242560520676,-0.11972977454632772,-0.6371650659956535,-0.14641184044579741,-0.9390462863322683,-0.9245617919235924,-0.9487053699697081,-0.9310002614542522,0.896300928553691,-0.8352068689091126,0.5221328979371946,-0.9847306438343171,2.2033314460671107,-0.45356585609698374,7
-0.40818666490260946,-1.1598797613461471,0,0,-0.014717725954333627,-0.049403804555119,-0.09053038834927322,-0.11618429783052131,-0.2820598030320921,-0.23270489311651507,-0.22444250911499786,-0.39562459526596655,0.6762449138551176,0.1498724281993116,-0.9289064368176555,-0.25010470792638456,-0.0095284259176886,-0.2422965770180819,1
0.7214661687181806,0.1316775078799618,0,0,-0.5572295520148173,-0.11744755901311614,-0.4653655437493402,-0.14328943352543252,-0.8148302324490093,-0.7214478418014426,-0.8619978534259151,-0.8392215808252239,1.5086306644069094,-0.9815614986518694,0.15937304491720078,-0.8760887930578445,0.38358342515985155,0.3621454949966897,1
1.6582514453793236,-0.23484550095447454,0,0,1.178809496015918,-0.04868395798034211,-0.1842389487840343,-0.11455337635061873,-0.07729745181989515,-0.1057586823234872,0.005077300536021501,-0.14782215955000946,-0.19441143334753042,0.48198483930467423,-0.6234245086859929,-0.017300826783962407,-0.3240047859128551,-0.4555822124377455,2
-1.1107756223984666,-0.7759032759005472,0,0,-0.5572297043522049,-0.11939576442107641,-0.4653653329044889,-0.1397687309870101,1.8519331206434664,1.744482445667625,1.8896908487886983,1.8896645616481311,-2.4810804507830735,1.771031352370764,-0.5279614007750478,1.894278610101764,-0.7401638973449967,-0.6557184067346778,6
1.5480414128309539,-0.30465940739912906,0,0,-0.3619252168237929,-0.12378703529573595,-0.44974743628722325,-0.13843973710213087,-0.9079922702412712,-0.9245617919235924,-0.8747489577874145,-0.9218223927305429,0.5901360434053078,-0.5256105328639563,0.30256772396697945,-0.9097160304221444,2.234467829821835,-0.4972787249217524,3
-1.069446860192828,-0.04285725823167455,0,0,-0.38362577142530585,-0.10384627095884749,0.6903763341636227,-0.08945303884630314,0.4350938280925598,0.4020262751002255,0.5202220269101512,0.3600197743632421,-0.653658799819097,0.921048809590896,-0.9098139183356336,0.5052148193918353,-0.5544965258726658,-0.48248639627701506,2
-0.1602140916687775,-0.16503159450982,0,0,-0.3619251152655345,-0.11567249234411492,-0.5903105749334217,-0.14541532167805865,-0.2946754832312216,-0.33743550845189296,-0.21934209491278614,-0.3405573873290872,-0.1465732198247864,0.2568238353965117,-0.2893035880392824,-0.24493131472989219,-0.14798983899816087,-0.5099896054669494,7
-1.6618257851403155,1.1439791513274526,0,0,0.0720848205630145,-0.038584411214301735,2.611407108253833,1.90853162165241,-0.27817805527851375,-0.2676150696654074,-0.2575954424252697,-0.3099644970901102,0.32224178935132913,-0.09217568266522538,-0.16520157353009568,-0.2837320081477574,-0.6817805296565097,-0.4765132245042793,5
-1.2347619090153827,-0.8282637057340381,0,1,2.307234241715564,4.259331042410113,1.5181378991468366,3.4713296391602015,-0.6168609136037507,-0.6960585739362268,-0.5687224072074478,-0.5914191368491856,-0.21354671875662812,-0.18786900167110254,0.5316792087282891,-0.5993107158831971,0.9134219014817783,-0.749771145403924,3
0.680137406512542,-0.8457171823452018,0,0,-0.14492037390429785,-0.11076024741381313,-0.012439668306483923,-0.12757391050027708,0.10611531294944472,0.21478063988711962,0.033129796692091706,0.08774315861740252,0.896300928553691,-0.39614294928411037,-0.22247938672657921,0.011153056960520814,-1.072967274942029,-0.23146546364587256,2
-1.689378293277408,1.1614326279386162,0,0,0.2673885776531837,-0.09411824340572388,0.018796687180984192,-0.09379593558296107,-0.14134634215758426,-0.1374952064588439,-0.09438131577887314,-0.1998300812163514,0.15002404845170927,0.19490462898094402,-0.48022980386117226,-0.11818254120490179,-0.43098148019831967,-0.4165844198015337,5
-0.32552914049133214,-0.04285725823167455,1,0,-0.4704275992226718,-0.10800731170430367,-0.2623297812774109,-0.13107800549182408,-0.881790446702794,-0.9055198560202032,-0.8772991763645154,-0.8545180259447124,0.5040271729554978,-0.6944812629975292,0.6748738877780678,-0.9123027386605893,1.8118202971562891,-0.7470795429452592,3
-1.193433146809744,-1.4391353871247654,1,0,-0.036417991505418974,-0.08904669314386265,-0.21547538860944293,-0.11512132657929867,-0.3820149124940277,-0.34378278471606405,-0.3315518270651753,-0.4751661209007483,0.6571096284460199,0.020404895280685193,-0.6902487959155019,-0.3587465936234533,0.01817861658385701,-0.26341723515318344,1
-1.1521043846041055,-0.35701983723262,0,0,0.22398820279448747,-0.05658849486370481,-0.18423903312197482,-0.1201703709642551,0.6340335838762127,0.6622660015133525,0.6706849459110927,0.5558143159464609,-0.26138501838824263,0.763436132185792,-1.0339160187616259,0.6578306287404796,-0.7335047304786568,-0.4130510243193059,2
0.5148223576899873,-1.0027984718456744,0,0,0.07208462525867164,-0.10551271568816745,1.908590937107845,-0.02013675038820985,0.144932895292522,0.23382249724253298,0.08158401851297867,0.133632425141858,0.6858125823923275,-0.30044957961701346,-0.17474787572950956,0.06030058333216543,-1.0587269060733113,-0.3063932600922994,2
1.0383200122947436,1.2137930577721072,0,0,0.26738896826186975,-0.08068785660854295,0.6122857827967146,-0.08256685218919671,0.10805618682623395,0.13226547719489018,0.1325883900549961,0.0540908719734722,0.1308887630426116,0.2511948672926798,-0.5566003073732896,0.11203474810106266,-0.6451480719580897,-0.4084448441844505,5
1.5480414128309539,-0.5664615565665836,0,0,-0.4921281889789666,-0.1268299900322894,-0.5122200432453662,-0.14348873682337454,-0.6527670803243502,-0.7214478418014426,-0.540669956955358,-0.7137907253386974,-0.0891672774886228,0.2061626158498276,-0.26066468144104066,-0.5708568786995087,0.900531063899776,-0.5066450796108389,7
-0.5321729515195255,1.1090721981051253,0,0,-0.29682387331837645,-0.11081880444140725,-0.2779479027958513,-0.13355128028917645,-0.6110382657715598,-0.6040225682549917,-0.7778405370976307,-0.41092110921946495,0.5614330894590002,-1.6063831996394773,2.164098568797463,-0.6044841789208816,0.1545396447837105,2.1391056700912205,4
-0.9730130817130045,0.04441012482414362,1,0,0.3541905773183715,-0.06570021985724936,0.2686868001519112,-0.10620867193853192,-0.3606652736475235,-0.33743550845189296,-0.3519535986339723,-0.38950605025849594,0.5040271729554978,-0.23853022121778683,-0.09837737221739251,-0.37944028281140946,-0.5322073116137389,-0.3909354198872532,2
-1.0418943520557356,0.42838661026974356,0,0,-0.42702667751181517,-0.1215048453233128,1.1901569255698856,0.4524925412943328,-0.552811997064238,-0.5945016110143846,-0.6273774803847482,-0.4170396542269356,0.07348282070644813,-0.9477873607309498,1.534041936301698,-0.5993107158831971,-0.10535369109473783,2.7673870487784553,4
-1.3449719415637524,-1.072612378290329,0,0,-0.2968234045879532,-0.11440457453932404,-0.21547465768062496,-0.12309339033548974,2.3128912166191853,2.3696927708953597,2.1855162955403595,2.3852694330800452,-1.3712326054223525,1.0561452599521346,-0.4229519906646891,2.194336858882957,-1.1256980336937452,-0.6144805129248463,6
0.9832149960205587,0.09677055465763452,0,0,-0.4053261971259524,-0.11736303176805363,-0.4966018289551912,-0.14382090749184173,-0.8051258499641517,-0.7119268645668055,-0.8466965190113196,-0.8361622945546865,1.4990630044805866,-0.9365293080024808,0.0925488865629005,-0.8605685273308972,0.4892934109062599,0.2793658595646776,1
0.8454524553350965,-1.351868004068947,0,0,-0.47042861480525544,-0.11812386278483458,-0.38727368514435373,-0.13153084639104531,2.5797616104941055,2.760052217700548,2.32577866156076,2.6820205592590156,-0.4718732439971875,0.43695258786182223,-0.27021098364045465,2.3366061612033864,-1.3828082201144303,-0.5616720090121124,6
1.0796487745003822,0.16658446110228906,0,0,-0.68743243823608,-0.12657641121833477,-0.6527832100042114,-0.14647827472298874,-0.9555437300060701,-0.9372564144310402,-0.974207578692707,-0.9401781296272895,0.9441391851308703,-0.9083841837804909,0.5985033928576312,-1.0105977494991631,2.49393754914147,-0.4722385852958451,7
-0.9179080654388196,-1.8231118725703652,0,0,-0.10152007716733881,-0.11770121720244764,-0.26233048409358206,-0.12409002969525293,2.433225292172818,2.518854520020237,2.2594728867481755,2.532115366801063,-1.2085826794450223,0.8478713123391272,-0.23202577484279888,2.269351653882229,-1.2033924839990398,-0.6316482378402266,6
-0.8352505410275423,-1.2995075742354563,0,0,-0.3619243731090311,-0.12175838597866186,-0.48098286405734547,-0.1395026554385131,1.8820166133300515,1.8365186798520623,1.9432454159558263,1.8315379297726944,-1.9452916843485049,1.9511602061585132,-1.368036767574725,1.9485994598287086,-0.7906774911418959,-0.5481124121648334,6
0.4183885792101637,-1.8056583959592016,0,0,-0.49212777102767247,-0.11977314024963788,-0.512219742440045,-0.14113119054879972,1.9557700302626273,1.8746023088741885,1.9585468192263924,2.0089768914007093,-2.3279980814014216,1.6246768644794212,-0.4324982928641028,1.9641198023809676,-0.8185035804454704,-0.6604080544329766,6
-1.4827344822492146,-1.0377054250680018,0,0,-0.16662091288146338,-0.09614692558666878,-0.21547544483473666,-0.12149901776365576,-0.47614737412377234,-0.43581884752309985,-0.4386611679673429,-0.554707674069134,0.7527861416003787,-0.14283690221190948,-0.5088687963762202,-0.4673885026009194,0.057606342015750496,-0.252964831586271,1
0.07398222749650822,0.3760261804362527,0,0,-0.7308334029138921,-0.12725262267452722,-0.6840194839650036,-0.14700974842033943,-0.9710707367414775,-0.9372564144310402,-1.0150111172399032,-0.9401781296272895,1.0972216233996184,-1.088512966642533,0.7512443826985044,-1.0519851232189963,-1.8651544328831187,0.8829091994428392,7
1.5342651587624077,-0.8108102291228745,0,0,7.927658876488766,0.22587227094904655,1.4869017966731894,0.0031789991459533064,-0.11223312919845277,-0.0740221296252302,-0.1504861244750922,-0.1019328379583459,0.43705363096922084,-0.34548172973742625,0.14982674271778684,-0.17509012245068864,-0.8832980390756002,-0.49097996494805046,2
0.2117447681819704,0.026956648212979984,0,0,-0.4704276500018009,-0.12218103658191797,0.06565110796159898,-0.0792468585103752,-0.8682043164643583,-0.8928252349409005,-0.8364956401125181,-0.8728737655948193,0.4848918875464001,-0.5030944578037498,0.3693918909129603,-0.8709153672687958,1.8540169614060844,-0.5627236356079599,3
1.7133564616535084,-1.1424262847349835,0,0,-0.21002179553145153,-0.10573570846270924,-0.6059288285813021,-0.14113116794788486,-0.7391360988505852,-0.7658790127227124,-0.6809321623118272,-0.7749765058166515,0.3605124462783949,-0.2216432662450712,0.016178426009186123,-0.7131260180571556,0.7841600033020105,-0.4663806505234911,7
-0.9867893357815507,0.2014914143246163,0,0,-0.5138285990552657,-0.12251914122596287,-0.5903106592713622,-0.14541532687985653,-0.9516619796323094,-0.9372564144310402,-0.9665569137806084,-0.9371188403280557,0.9058685712582398,-0.8802390696907451,0.5889570906582172,-1.0028376154716696,2.009594044017538,-0.5000937817300675,3
-0.7250405084791726,-1.6136701532364017,0,0,-0.2968244201705369,-0.09310396621722244,-0.3091841739453789,-0.1342544395942848,2.590436233403681,2.772746998732093,2.32577866156076,2.7034356457535877,-0.4623056012926386,0.37503343210747414,-0.17474787572950956,2.3366061612033864,-1.3960453875544048,-0.5761633368001533,6
-1.2760906712210214,-0.496647650121929,0,0,-0.2317223735694856,-0.10350069822838132,-0.059293976636511384,-0.0914707803656057,-0.8885835183724679,-0.9150408246859703,-0.8441462958438208,-0.9065259476110545,0.4848918875464001,-0.4355461313006913,0.25483617860318736,-0.8786754919841305,2.143453912419945,-0.509483882617436,3
1.6444751913107774,0.1840379377134527,1,0,0.09378551578365445,-0.10149214516831022,-0.4028928468307274,-0.13391025097901452,0.20024785318466,0.12274451995428308,0.3213047024724013,0.12751390766799134,-0.8641471976457825,0.9660810103725284,-0.7761656016270333,0.3034512974283668,-0.290282588794394,-0.5246186870864411,2
0.9694387419520125,0.6552818062148709,0,0,0.09378477362715103,-0.08600378398310783,2.2678081537216768,1.4910582842662634,0.11581968233339052,0.09100799581892649,0.15809057582600472,0.08774315861740252,-0.31879096072440627,0.37503343210747414,-0.31794258055432995,0.14048851544355873,-0.580502737864665,-0.6159521948864873,5
0.08775848156505445,-0.6537289396224018,0,0,-0.18832117843254872,-0.0994434228728083,-0.215475191820915,-0.10077153038311226,-0.3344634501090464,-0.2644414458147721,-0.2958487440337728,-0.4445732581953753,0.9058685712582398,-0.018998388058334766,-0.8716287095379778,-0.32253265500482764,-0.014296836636825457,-0.18524539744446533,1
1.2036350611172983,2.0166529818856342,0,0,0.028683430121734698,-0.09412193146233748,-0.028057733599630593,-0.09641671256071502,-0.6993481319727605,-0.718274183675327,-0.7931418715122259,-0.5608262466102086,0.3987830170965903,-1.1954644346331968,1.6295050442126429,-0.7312329757262697,0.07886415152081043,2.4528619233664672,4
-0.17399034573732375,-1.8405653491815288,0,0,-0.40532617759551814,-0.11147760181171992,-0.5434562497358061,-0.14200727035054284,2.0101145774181943,1.9856804575398401,1.9712977973519457,2.0579253065276832,-1.859182813898695,1.3938867911449881,-0.5088687963762202,1.9770532271712045,-0.9355455924811091,-0.6316965066792412,6
0.6112561361698108,-0.37447331384378363,0,0,-0.34022471690749595,-0.11913810277326004,-0.4341291742055487,-0.14169502669348155,0.5544575977169159,0.5892718817504311,0.5839776060976236,0.4793321591830286,-0.1370054910113668,0.6508555035786618,-0.9670917315321171,0.5698826417549439,-0.7328368739960908,-0.40183408375266805,2
0.5285986117585335,0.16658446110228906,0,0,-0.6874324405797321,-0.12332419012448192,-0.6215469416659484,-0.14212785215073312,-0.9303123434059877,-0.9086935141463189,-0.9334040401455109,-0.9371188403280557,0.9537068450571934,-0.7845456493624284,0.3789382102957354,-0.9692103757793301,2.3728515638831875,-0.29635347098436204,7
1.244963823322937,1.9468390754409797,0,0,-0.1883212956151545,-0.10299634735761672,-0.3872748377628744,-0.138208781940384,-0.7304021402032105,-0.7436634258339325,-0.8313951960727194,-0.5883598505786484,0.4753242190091903,-1.2686417495045754,1.6772366411265183,-0.7545133731526708,0.23676633020455562,2.378051110915936,4
-0.8352505410275423,-0.8631706589563654,0,0,-0.21002195177492583,-0.11406651713709343,-0.2935659399763511,-0.13073337490310719,-0.41695069467987933,-0.33743550845189296,-0.3978575789257683,-0.5118776387480078,1.0589510138324314,-0.2160142474800197,-0.6902487959155019,-0.42600107766421186,-0.037807468469115424,-0.12273511570397062,1
1.3276213477342143,-0.2173920243433109,0,0,-0.4921280991389687,-0.12175840674680244,-0.5746925293191276,-0.14269152560470225,-0.9361349702767198,-0.9372564144310402,-0.9232031566563114,-0.9401781296272895,0.7527861416003787,-0.6832232102690602,0.4075771598523801,-0.9588635335133916,2.49393754914147,-0.4722385852958451,3
1.685803953516416,-0.54900807995542,0,0,-0.3836257011157424,-0.11541892704086276,-0.5590744190457461,-0.14488385244707924,-0.6547079804029629,-0.7214478418014426,-0.5432202214364392,-0.7168499840756308,-0.07003190597065458,0.2005336477459957,-0.27021098364045465,-0.5734436334987485,0.8903444326197419,-0.5003561545748447,7
1.0520962663632898,-1.5613097234029107,0,0,0.9401038406931771,-0.057460715688397876,-0.5590743262740114,-0.13976872201839305,-0.6110382657715598,-0.6579747164108987,-0.5355695198011563,-0.6495456585902063,0.07348282070644813,-0.002111230440740733,-0.06973837970234495,-0.565683462222619,0.5099312703496369,-0.516545238484737,7
0.9969912500891049,1.9642925520521435,0,0,0.2239878121858014,0.028614052535364136,0.2530687348587645,-0.010686805632898264,-0.5499006862490543,-0.5627650583161277,-0.63247791753895,-0.43233608557962205,0.33180943205587793,-0.9984485752115121,1.3622083248786356,-0.6200044283515509,-0.58912249353176,2.68800861950145,4
-0.2566478701486011,-1.020251948456838,2,0,0.13718581252061357,-0.08947014868373239,-0.043675630216896216,-0.13216203882262229,0.6175361297216817,0.5956192722662034,0.6961873612020029,0.5374586533904455,-0.7014970994507116,1.0280003181105353,-1.0434623209610399,0.6836979439289025,-0.6126793753299794,-0.4700655816906678,2
0.6663611524439957,0.49820051671439813,0,0,-0.7308334029138921,-0.12725262267452722,-0.6840194839650036,-0.14700974842033943,-0.9710707367414775,-0.9372564144310402,-1.0150111172399032,-0.9401781296272895,1.0972216233996184,-1.088512966642533,0.7512443826985044,-1.0519851232189963,-1.8651544328831187,0.8829091994428392,7
-0.5735017137251641,-0.7060893694558926,1,0,-0.4270263259639977,-0.10933304253516883,-0.21547555728532405,-0.09120500616264048,0.33513869242880046,0.3766369986661395,0.3519074401575625,0.2713004449840564,0.10218583492896513,0.3862913683151381,-0.7570728253945934,0.3344919126916923,-0.7291517848163268,-0.38432511238023354,2
1.6995802075849622,0.5156539933255617,0,0,-0.6223309814541446,-0.12581567356689793,-0.652783204381682,-0.14647827468711427,-0.9613663579248751,-0.9372564144310402,-0.9895089039265063,-0.9401781296272895,1.0015450930234857,-0.9759324748206959,0.6557812576041983,-1.0261180128980707,2.009594044017538,-0.4722385852958451,7
1.685803953516416,1.2836069642167616,0,0,-0.6006305752839323,-0.12623830591244803,-0.5122200066989253,-0.14588036617445524,-0.8138597955106147,-0.8198311608786193,-0.9232031566563114,-0.66790137621343,0.6092713718688406,-1.3924802839226378,1.7536071446386357,-0.8217678571934295,0.8246645552262237,2.225479587034298,4
-1.248538163083929,0.7949096191041799,0,0,-0.40532617759551814,-0.11571546185520473,-0.23109348201523647,-0.13122829906458605,-0.6352992154332477,-0.632585468539713,-0.7905916529351252,-0.4445732581953753,0.5422977696063542,-1.5500929613277417,2.0877279793685397,-0.6329379695437751,0.15558656790503328,2.172569045642843,4
-1.0556706061242818,-0.7759032759005472,0,0,-0.03641795244455026,-0.08498941322386311,-0.3560385947259937,-0.12329275013571896,-0.8293868048662045,-0.8864779244012491,-0.772740122895419,-0.8331030055307889,0.15959169115625804,-0.30607854772084536,0.3598456230802687,-0.8062476077627603,1.8071726332850553,-0.6310230075568527,3
0.032653465290869564,-0.060310734842838186,1,0,-0.07981895227714418,-0.10798059155156098,0.2218324074839432,-0.07472938046858323,-0.3509609304654013,-0.3056989843165363,-0.31625051560257,-0.43233608557962205,0.6953802423186506,-0.05840146875247651,-0.5947856020877512,-0.343226344192784,-0.14391090585782113,-0.2590371291785379,1
0.7352424227867268,0.07931707804647088,0,0,-0.5572295871695989,-0.11947619372402545,-0.43412935412648845,-0.14328943155233678,-0.8158006772479509,-0.7119268645668055,-0.8670982859897188,-0.8453401616263796,1.6043072033939292,-1.0097066228738591,0.11164147377836713,-0.8683286520462318,0.5921203803975966,0.41620245366650727,1
-0.6974880003420801,-0.6188219864000745,0,0,-0.44872745085419224,-0.11972970767747947,-0.5434558983277205,-0.14322299634240931,1.9266567911016723,1.9634649192079905,1.9126428389345962,1.8866051377095738,-1.237285435340928,1.4895802621345244,-1.291666435896219,1.917559007528165,-0.9729559737346414,-0.5012541102690041,6
0.2806260385247015,-1.5613097234029107,1,0,-0.5138279154900652,-0.11947618140007389,-0.15300234028274448,-0.12654794555659096,2.6195493415555187,2.817178018269991,2.3512808473317675,2.721791198175188,-0.34749397494692325,0.37503343210747414,-0.2893035880392824,2.362473243587834,-1.409460623901845,-0.5405689502392254,6
-1.1521043846041055,0.46329356349207085,0,0,-0.036417874322813105,-0.08296079722710248,-0.07491212626759858,-0.12010390633726381,-0.4276255272040435,-0.47390267648552786,-0.34430298880665,-0.47822540717128553,-0.07003190597065458,0.2005336477459957,-0.27021098364045465,-0.3716802046568698,0.059701452395070895,-0.49843077140788233,2
0.34950730886743264,-0.18248507112098364,0,0,-0.535529059910694,-0.12142030027698691,-0.46536557748451646,-0.14328943262857083,-0.8245346096935021,-0.7341424600244554,-0.8619978534259151,-0.8575773177219704,1.4894953445542634,-0.9252712552740118,0.08300256718012522,-0.8864356329957432,0.6603513291917551,0.27304082995472884,1
-0.13266158353168508,1.3708743472725797,1,0,-0.10151945219344118,-0.12175841199589292,-0.0124395558558966,-0.10043939738283657,-0.5741616097089188,-0.6040225682549917,-0.6936832551973314,-0.39562459526596655,0.19786226197445345,-1.2630127206072796,1.9445333604605255,-0.5915505678874651,-0.07822344364425379,2.436529779935045,4
0.625032390238357,1.1439791513274526,0,0,0.15888646868038497,-0.09704580266213347,0.0031786218878375205,-0.11499700181648242,0.36813354833421597,0.3702897509648687,0.4386148947309822,0.2774189624579231,-0.28052030379734033,0.7690651509508436,-1.0243695447286005,0.422440016079215,-0.5515576696493045,-0.41694003044392447,5
1.6306989372422311,-1.4391353871247654,0,0,-0.34022471690749595,-0.11913800760496746,-0.6059285586998925,-0.14428594463397237,2.57199827219789,2.731489317415827,2.3334292484360923,2.675902041785148,-0.653658799819097,0.5326460588513583,-0.2511183792416268,2.3443662160775287,-1.3441016628600428,-0.5860068800786927,6
0.625032390238357,1.074165244882798,0,0,-0.49212813819983736,-0.11714119744495805,-0.2779478465705576,-0.12822871640359873,-0.6896437363869912,-0.7055795311768339,-0.7905916529351252,-0.5455298152575222,0.4179183025056879,-1.23486759638529,1.6772366411265183,-0.7182994345340453,0.03185788313264827,2.4117311139112854,4
1.4653838884196764,-1.927832732237347,0,0,-0.2317229594825146,-0.11414963876701464,-0.4028930155066085,-0.12810226249110257,2.138212253286278,2.106279420631597,2.1013593808719024,2.1894747813624096,-2.031400554798315,1.5120962358722916,-0.5375077029744617,2.108975789659443,-0.9275672336082491,-0.6388510356406183,6
-0.6561592381364414,-1.5264027701805836,0,0,-0.5138284037509228,-0.12332409221753347,-0.3872747815375807,-0.13540561001897827,1.9615927304984653,1.8682550611729174,1.9763984181220686,2.012036012469623,-2.4428096216382666,1.7091120446327563,-0.46113719946234455,1.9822268298912735,-0.7913368473950969,-0.6618127035297129,6
-1.4276294659750297,-0.5839150331777472,0,0,-0.4704271148679012,-0.12623831246240005,-0.4653653329044889,-0.1369117523859265,2.0023509771037435,2.0872372490842808,1.9355948290804945,1.9783838910273168,-0.8641471976457825,1.2024998491659158,-1.1771106376696407,1.9408394049545665,-1.0818376783980903,-0.47445118746600495,6
-0.752593016616265,-0.9155310887898562,1,0,0.09378524235757434,-0.08600376116097533,0.11250550062956696,-0.10974014022544953,-0.3742513907850476,-0.31204623201780707,-0.3341020915462564,-0.47822540717128553,0.8675979659964963,-0.041514463118541275,-0.795258120109055,-0.361333348422693,0.024814985399130747,-0.19631960200726128,1
0.1290872437706931,-0.33956636062145634,0,0,0.20228739039124158,-0.08524298993818152,0.06565099551101165,-0.08323290294453455,-0.4004532143235247,-0.3406091323025284,-0.3647047144714668,-0.4965812073953213,0.8675979659964963,-0.09217568266522538,-0.7093413143975239,-0.3923738472840312,0.01099465863380113,-0.19747973643558533,1
0.7627949309238192,0.32366575060276176,0,0,-0.6657319461319567,-0.12088783345185529,-0.6527832100042114,-0.1439221655098067,-0.9681594230440931,-0.9372564144310402,-1.0073604537049239,-0.9401781296272895,1.068518666008956,-1.0547388185893698,0.7226054468885487,-1.0442249905883265,-0.8964673354534145,-0.4722385852958451,7
1.7271327157220546,1.266153487605598,0,0,-0.14492060826950942,-0.09297718927112948,-0.04367616435718616,-0.12514998031626412,0.2807942238787041,0.2814273691342689,0.3340559101178567,0.2131739783102438,-0.22311436146117672,0.5833072783980424,-0.7666191275940074,0.3163849550225786,-0.6047765159302483,-0.44092239663791666,5
1.4102788721454915,-0.2522989775656382,0,0,-0.27512329528034224,-0.10481409483773148,-0.5746924084347461,-0.14001993333979038,-0.39851236664855905,-0.41042957108901384,-0.35450381721107327,-0.43539537185015936,0.21699763349242152,-0.035885343031050586,-0.15565518541387602,-0.38202699104985444,-0.26475286914695007,-0.46471181688292573,7
-0.22909536201150862,-0.2173920243433109,0,0,-0.5138285990552657,-0.12353346154829475,0.03441475247413086,-0.140100554211254,-0.8711156325199065,-0.8198311608786193,-0.8875000667393119,-0.8912294997382054,1.1737628425339925,-0.8239488161806435,0.22619724622990398,-0.9226495879106469,1.254248841735524,-0.04703585897930009,1
0.6663611524439957,0.6029213763813799,1,0,0.006983047388043566,-0.043402409866190296,-0.3560386228386405,-0.13843973261782236,-0.7517517790497147,-0.7341424600244554,-0.7446876726433292,-0.7688579250154957,0.7719214528421375,-0.5706427336455888,0.1975582794898982,-0.777793770579072,0.19658779476967825,-0.3494675697049583,2
-0.03622780505186154,-1.9627396854596744,0,0,-0.34022471690749595,-0.12015229734564177,0.1281241000630037,-0.0563934967888758,2.7874351677141918,2.972687300725142,2.448189199165582,2.984890202911852,-0.5962527713740631,0.0429209703408917,0.5221328979371946,2.4607682032095344,-1.4607483488438318,-0.7486860670791614,6
0.33573105479888643,-0.8108102291228745,0,0,0.093784890809757,-0.0373164865628711,0.0031786218878375205,-0.0388548352695534,-0.3296112654170735,-0.2676150696654074,-0.29074832983156135,-0.43233608557962205,0.8293273521238658,-0.013369369293283095,-0.8048043363916632,-0.3173592618083355,-0.05292013523435608,-0.2102832724465582,1
-0.7939217788219036,-1.596216676625238,0,0,-0.3619253730672673,-0.10299629943113843,-0.18423886444609378,-0.12349544267403177,2.3361815983333605,2.3506508849770453,2.249272104247734,2.4005658919663357,-1.773073943448885,1.3432255715983041,-0.5088687963762202,2.25900491405004,-1.0342023494460022,-0.6271070200570744,6
-0.2979766323542397,1.6152230198288706,0,0,-0.14492041296516647,-0.11432008107101763,-0.4497474643998701,-0.12568437177378902,-0.7857170902348014,-0.791268260593898,-0.9002511665104134,-0.6342491997039157,0.5901360434053078,-1.4037383366511067,1.7917923534362912,-0.7933140432901384,0.7203257218627613,2.2282867500110313,4
0.36328356293597885,-0.3919267904549472,0,0,3.0233500358577277,0.0219308740242587,-0.5434562497358061,-0.1407388291596895,-0.1539620485585372,-0.1597108304793941,-0.10968265019346844,-0.1998300812163514,0.07348282070644813,0.16675953515568584,-0.35612778935198575,-0.1337028139159683,-0.43847750554336873,-0.448941947192839,2
-1.386300703769391,1.597769543217707,2,0,-0.40532617759551814,-0.10877435787243107,0.03441483681207139,-0.12442601202595242,-0.4974970391721001,-0.5310285056178706,-0.6605303677910398,-0.26407520303205073,0.10218583492896513,-1.4881737042509542,2.421848985932056,-0.48032204379314375,-0.011613248839931513,2.321924480190413,4
-0.6837117462735339,2.034106458496798,0,0,0.2239878121858014,-0.08272075860178897,-0.09053019156074525,-0.12260027245347814,-0.41695069467987933,-0.4516871095907781,-0.6044254902388503,-0.15394078715829201,0.025644521074833587,-1.583867124579271,2.66050662683421,-0.38720045408753906,-0.04646475591817584,2.2905488289814735,4
0.4734935954843486,-1.456588863735929,0,0,-0.3836255214357468,-0.11308851116379011,-0.5278379876541314,-0.1439221949268705,2.3080390057253886,2.3252614657284583,2.236520896602278,2.3516173116377384,-1.7252359882527524,1.4220319862926853,-0.6902487959155019,2.246071256455828,-1.0209525842301999,-0.601971960341577,6
-0.05000405912040776,1.981746028663307,0,0,-0.21002191271405732,-0.10088039334195362,-0.24671171598426425,-0.13292570131499057,-0.775042276051914,-0.7627053603091767,-0.8977009479333125,-0.6311899134333784,0.7432184988958298,-1.4487705222343736,1.715421849924174,-0.7907273350516936,0.5638831415382775,2.1371663756636843,4
-1.5929445147975845,-0.8980776121786926,0,0,-0.42702679469442095,-0.11440465213457458,-0.2623301467418199,-0.13365643552998008,2.315802344021604,2.322087984692324,2.2237696889568235,2.3944473469588647,-1.830479971893919,1.29256435205162,-0.36567409155139957,2.2331375988616173,-1.0313053840965885,-0.6481037062142242,6
0.060205973427962,0.21894489093577996,0,0,0.050383969098900236,-0.09175148784705556,-0.44974743628722325,-0.14481742021473262,-0.8090076108186418,-0.8325257791016321,-0.7701898813663279,-0.823925132952375,0.4466212908955437,-0.4074009868142136,0.24528985062873185,-0.8036608762439179,1.0020125996508602,-0.5245840059903126,7
-0.876579303233181,-0.33956636062145634,2,0,-0.18832117843254872,-0.1106009728921326,-0.2779480152464387,-0.1337229127130352,0.531167111195446,0.570230052957918,0.5508246039313811,0.4640356727631342,-0.07959963478407418,0.5664202727641072,-0.881174925820586,0.5362552716923786,-0.7657803629228832,-0.4015992746148884,2
1.6306989372422311,-1.3169610508466199,0,0,-0.2534221313292792,-0.1225191642763167,-0.3248013958591202,-0.12435555277694164,2.5622936407957093,2.7061003266107444,2.3385296396863136,2.6636647315013753,-0.7876059699005216,0.6227105617370624,-0.27021098364045465,2.3495395859936234,-1.3116914216554123,-0.5913141877464714,6
1.0245437582261974,-1.7183910129033835,0,0,-0.34022471690749595,-0.10798069881558378,-0.32480280149146246,-0.13312498039766663,1.7442145418761978,1.608015477574292,1.8973413209040801,1.672454850969527,-2.653298191682693,2.4465144654176907,-1.5016850842833256,1.9020385485739193,-0.5682032982918637,-0.5742796227113752,6
-1.3725244497008449,-1.8405653491815288,0,0,-0.4704281070139636,-0.12522398180164215,-0.5278387073378907,-0.1401006074848391,2.01981894680214,1.9888539100130735,2.0223023984138644,2.0242731575517716,-1.926156398939407,1.6753380840261054,-0.9193602205350476,2.028787624744076,-0.8811974362403824,-0.5913296518919469,6
-1.2209856549468365,1.458141730328398,0,0,0.33249015552381167,-0.05469616807786731,1.1276842989328901,-0.09674756125503385,0.5175810464615692,0.5035831808962671,0.5941785033580173,0.43344281005776125,-0.5484144717424485,0.9323068471209993,-1.0339160187616259,0.5802294979891208,-0.5981050128335993,-0.4517464573245329,5
-0.6148304759308028,1.3883278238837435,0,0,-0.1883214127977603,-0.11029880557548717,-0.1373847247919474,-0.11963192927928525,-0.645974021755588,-0.6516274115838272,-0.8084432059268214,-0.43845471318790463,0.4753242190091903,-1.6063831996394773,2.250015374508994,-0.6277645763472828,0.3773568981727281,2.1684056318154625,4
1.5480414128309539,1.1788861045497798,0,0,-0.34022471690749595,-0.12015240483788589,-0.2623297812774109,-0.12887321557224415,-0.7789240264256746,-0.7849209414853765,-0.8900502761356168,-0.6311899134333784,0.5805684007007589,-1.3755932022968733,1.7536071446386357,-0.7907273350516936,0.47053292519770135,2.2561916387620946,4
1.0245437582261974,-0.060310734842838186,0,0,0.6362969199867572,-0.034189078456498066,1.6587009928127994,0.8208041175047841,0.05953428750285799,0.07513979087704863,0.08158401851297867,0.017379491794232614,0.09261810611554581,0.19490462898094402,-0.4229519906646891,0.06030058333216543,-0.676205120238741,-0.4414120730101172,2
-1.565392006660492,-1.072612378290329,0,0,-0.38362502926880243,-0.11579936057873792,-0.4809832182766957,-0.14001994194966272,0.7786288711097696,0.7035234828893163,0.9282574582860934,0.6628894180160784,-1.3138267491950595,1.6303058832444741,-1.453953573286256,0.9190886031509616,-0.4582125970372679,-0.4916909274186816,2
-0.39441041083406325,-0.14757811789865635,0,0,0.05038393003803161,-0.1052043544447588,0.2530687348587645,-0.12164268245220798,-0.5838660052946881,-0.6960585739362268,-0.4896655395093603,-0.5822412780375736,-0.5388469151467701,0.14424340943425992,0.29302140458420434,-0.5191226673698166,0.8301928864505862,-0.7081769292127881,3
0.8867812175407352,0.00950317160181635,0,0,-0.23172249075209148,-0.10552931422514196,-0.32480192999941027,-0.12276127527244807,0.040125601138613506,0.08783437196829122,0.045880820721625595,-0.013213425978348296,0.3987830170965903,0.0710661148273693,-0.5184150985756338,0.02408652831155281,-0.6817752987461314,-0.351312008746442,2
0.8454524553350965,-0.5839150331777472,0,0,1.0052050279551192,-0.09403471211852409,-0.4966018289551912,-0.138554055578941,-0.7080820644183117,-0.7214478418014426,-0.6707312650514334,-0.732146462235444,0.45618889915654437,-0.33422369220732306,0.11164147377836713,-0.7027791618229786,0.46228857453209904,-0.45452974469590945,7
1.3551738558713067,1.1614326279386162,0,0,0.050383734733688665,-0.10368201778895988,-0.10614828496653872,-0.12069727542029403,0.2575036849535873,0.26238539752725426,0.3111039199719587,0.1856403743418041,-0.1657085052338841,0.5664202727641072,-0.795258120109055,0.2931045575961774,-0.5913124141616894,-0.42742375052301246,5
1.0383200122947436,-1.6136701532364017,0,0,0.093784890809757,-0.09933585988007547,0.7372308392821781,-0.09896581773243746,-0.6760576192494671,-0.6992322263497626,-0.6350281820200312,-0.6954349801818697,0.34137707476042684,-0.28356247266063894,0.1402804405183729,-0.6665652232043532,0.3185056691418106,-0.5224187021061039,7
1.0245437582261974,1.6850369262735252,0,0,-0.27512325621947376,-0.10823419017512662,-0.4341293035237242,-0.13850617464389878,-0.7973623518368128,-0.7849209414853765,-0.9002511665104134,-0.6770792625586459,0.7623538015267016,-1.336190045610902,1.5054030297034562,-0.8295280051891615,0.33139245276827,2.196951926734288,4
0.17041600597633177,0.690188759437198,0,0,-0.16662099100320063,-0.1093330094430767,4.626146611454685,-0.04762392387655513,0.05856385056446346,0.02753494754821313,0.07648355840678679,0.06632809965643341,-0.32835851732008436,0.16675953515568584,0.04481733260742788,0.05512714357487829,-0.6236273656155938,-0.6668784081882693,5
-0.40818666490260946,0.3062122739915981,0,0,-0.4487271578976777,-0.1217584046928105,-0.48098372149307433,-0.14428594535146172,-0.9303123434059877,-0.9340827588755855,-0.930853819273211,-0.9157038146827475,0.724083170432297,-0.7676585677366639,0.5794107712754422,-0.9666236652128455,2.397068935298523,-0.5962079751057494,3
-1.1107756223984666,-1.5787632000140743,0,0,-0.27512427180205723,-0.10587062834568176,-0.38727548435375186,-0.1316880752159744,2.327447613484163,2.3379560753826008,2.2390713217472897,2.3975064680277782,-1.8017771298891432,1.326338565964369,-0.45159089726293067,2.2486581742178497,-1.0316316621314428,-0.6363314151847698,6
0.36328356293597885,0.690188759437198,0,0,0.07208446901519715,-0.07509979812592905,4.423111172278195,0.6061555875952285,0.07700220479760748,0.04975051444296282,0.08668440976320012,0.09080233475352387,-0.30922331801985736,0.12735630247788549,0.0925488865629005,0.06806063820630766,-0.7150232702478682,-0.7459959528018609,5
0.7214661687181806,-0.6711824162335653,0,0,-0.40532617759551814,-0.12344891079643575,-0.43412952280236955,-0.13930339249934764,1.4802555374219315,1.325559955763213,1.6933237199760591,1.3573480347009372,-2.6054598059422083,2.6266432685442203,-1.8548987811624755,1.695101773096343,-0.4327416379497414,-0.5460125235570907,6
1.5618176668995,0.6727352828260345,2,0,-0.3619251152655345,-0.11099583115886069,0.0656511922995395,-0.1339102321449188,-0.47323608951041213,-0.48659731470257084,-0.6171766060763447,-0.2824308931216705,0.26483584701516566,-1.3418190643759536,2.0113575617732287,-0.49584226994341546,-0.3829316887805806,2.365535893868299,4
-1.3449719415637524,-0.30465940739912906,0,0,-0.4921280991389687,-0.11770113846609047,-0.3248023235764661,-0.1363138421333558,-0.9138148997321857,-0.927735447479047,-0.9028013850875143,-0.9034666558337963,0.6188390317951635,-0.6775941915040087,0.5316792087282891,-0.9381698443254354,2.28347884461253,-0.5884948605046779,3
-0.1602140916687775,0.07931707804647088,0,0,-0.6440314735582678,-0.1255620942052121,-0.5746925293191276,-0.1442859460689511,-0.9516619796323094,-0.9372564144310402,-0.9640066929083085,-0.9401781296272895,0.9058685712582398,-0.8633519779327364,0.5603181411015726,-1.000250904905185,2.49393754914147,-0.4722385852958451,3
0.680137406512542,-1.2820540976242927,0,0,-0.3402242091162041,-0.1099051705750616,-0.41851091212387403,-0.1299231123735791,1.8441695203290156,1.766698069688175,1.8718392498930219,1.8651900787486044,-2.2036182956979347,1.6978541084250927,-0.6807023218824764,1.8761715825914578,-0.7869905711434995,-0.6294036721225156,6
-1.138328130535559,1.1265256747162888,0,0,-0.014717608771727756,-0.08591924852207761,-0.29356602431429163,-0.11558639062728039,-0.1646368024772306,-0.1501898446758869,-0.1402852960706691,-0.20594870882463404,0.26483584701516566,0.026033863384517266,-0.3083961924381103,-0.16474333605770414,-0.5498106327647488,-0.42180075429551306,5
-1.5516157525919458,0.5331074699367254,0,0,0.5277944985270098,-0.05760293408934709,-0.028057733599630593,-0.08961056363559378,-0.4547977876809151,-0.5119865625737564,-0.35960430026925533,-0.5088183249438665,-0.1465732198247864,0.2568238353965117,-0.2893035880392824,-0.38720045408753906,0.22596877218324107,-0.5033829860615704,2
-0.5321729515195255,-0.6188219864000745,1,0,0.07208462525867164,-0.08422868536312109,-0.19985729520364948,-0.08608962091760759,-0.41695069467987933,-0.32474087023484993,-0.4106086947632627,-0.5088183249438665,1.1737628425339925,-0.30044957961701346,-0.6616098034004544,-0.4389346421368336,-0.09920758935468228,-0.09576745769436168,1
-1.689378293277408,-1.3867749572912744,0,0,0.11548562509126548,-0.07273311331587154,-0.012439387180015426,-0.11957244403005675,-0.48002917428099773,-0.4421661237872708,-0.436110949390242,-0.5638855328807458,0.7336508303586201,-0.10343366953410894,-0.5566003073732896,-0.46480179436247454,0.1299209753605095,-0.25181323802490396,1
-1.193433146809744,-0.30465940739912906,0,0,0.13718592970321936,-0.06977468256081566,-0.09053019156074525,-0.09067355282405042,-0.447034265971935,-0.36599840873661427,-0.4386611679673429,-0.5302333563712316,1.0972216233996184,-0.31170761714711676,-0.5661466095727034,-0.4673885026009194,-0.0859702911419484,-0.1249258480784376,1
0.8867812175407352,-0.14757811789865635,0,0,-0.6657319226954356,-0.1264918842014936,-0.5903106845727443,-0.14461811817239698,-0.7963919175186006,-0.7024059073261985,-0.8339454146498203,-0.8331030055307889,1.4990630044805866,-0.9027551599493173,0.03527103040801401,-0.85539508757361,0.4825663729777601,0.2584265913267522,1
0.4046123251416175,-0.060310734842838186,0,0,-0.5572295520148173,-0.12657641210839793,-0.5590743712542464,-0.14488385524528777,-0.8148302324490093,-0.7151005255492112,-0.8594476302584161,-0.8483994506502773,1.5660366067430729,-0.9646744322244707,0.07345623920566971,-0.8709153672687958,0.6171060853656842,0.3520794362525058,1
1.7133564616535084,-0.6362754630112382,0,0,4.889591622467996,7.341586244276121,3.07995159718645,0.9654306902320966,-0.14037590521918955,-0.1311479301946728,-0.10968265019346844,-0.18453364986366494,0.19786226197445345,0.08795306980008512,-0.3465814871525717,-0.1337028139159683,-0.5030158675195544,-0.4198204378251679,2
-0.9179080654388196,-0.025403781620510917,0,0,0.07208446901519715,-0.07669551250217407,1.0339754854843073,-0.09291093936155179,-0.07535657794310592,-0.1025850299099515,0.0025270819589206053,-0.1417036145425388,-0.18484379064298165,0.45383974547941625,-0.5852392139715312,-0.019887535022407296,-0.34098963909345537,-0.4595845144566192,2
-0.8903555573017272,-0.13012464128749274,0,0,-0.44872698212376905,-0.11835925664973966,-0.465365670256251,-0.14083457183693351,-0.35775396283233973,-0.3850403232178283,-0.293298525456672,-0.4048024816111824,0.044779892592801664,0.13298527058171755,-0.27021098364045465,-0.3199459467663828,-0.15573943272380417,-0.4790862253786088,7
-1.3725244497008449,1.318513917439089,0,0,-0.296823717074902,-0.11339030305635574,-0.38727480965022754,-0.1387054799149365,-0.5120536194498423,-0.5627650583161277,-0.6044254902388503,-0.34667601493736977,-0.04132897785700826,-1.0322227181985535,1.7917923534362912,-0.5501632360723473,-0.15202191189969405,2.623506568764464,4
-0.17399034573732375,-0.060310734842838186,1,0,-0.21002179553145153,-0.10368204517551889,-0.05929406097445191,-0.1163663679308647,-0.40627588835753925,-0.43581884752309985,-0.3570540816921544,-0.43233608557962205,0.06391517800189936,-0.007740249205792405,-0.05064577530351706,-0.38461374584909414,-0.17927451906211347,-0.525956950353648,7
-0.2704241242171473,-0.2173920243433109,0,0,-0.5789300988041565,-0.1183592498030999,-0.3872747815375807,-0.13906260880958393,0.6058908340572993,0.5829245483604591,0.7038378333173844,0.5038063942801193,-0.7014970994507116,1.1462096615153996,-1.2439346671487326,0.6914578824010577,-0.5588920598636601,-0.44868979750699495,2
-0.2842003782856935,-0.35701983723262,1,0,-0.3619251152655345,-0.11506498086997868,-0.49660166027931013,-0.1363140439272387,0.5719255674153128,0.5543616480757381,0.6528335765353176,0.48545075925770714,-0.62495578559658,1.0054840404054506,-1.0816475297586958,0.6397238340341475,-0.6123759389371107,-0.4571875072044336,2
0.15663975190778553,1.6152230198288706,1,0,0.3541905773183715,-0.09695014141150464,0.08126934193062682,-0.09347557120193538,-0.5761025097875315,-0.6103698730820629,-0.7115348081890277,-0.37420961890580945,0.15959169115625804,-1.3699641733995775,2.164098568797463,-0.5734436334987485,0.060145469504359964,2.3611075837581765,4
-1.5791682607290383,0.2363983675469436,0,0,-0.5138285990552657,-0.12556209352054815,-0.6059287920348612,-0.14667757755456265,-0.9468097896999718,-0.9340827588755855,-0.953805809419109,-0.9401781296272895,0.8867332772382551,-0.8239488161806435,0.5125865957377808,-0.9899040626392466,2.49393754914147,-0.4474959525356061,7
0.6939136605810882,-1.9103792556261834,0,0,-0.3836260057905175,-0.10882668468607129,-0.34042033264431903,-0.1330301740440392,2.011084830943824,1.9222073807062263,2.017201777643742,2.0671032204065023,-2.4428096216382666,1.6922251403212607,-0.4324982928641028,2.023614022024007,-0.8095564133796056,-0.6642256925556744,6
0.8041236931294579,-0.2173920243433109,0,0,-0.4704275992226718,-0.12015240483788589,-0.38727489398816806,-0.13790826367383868,-0.8216232910177713,-0.7404897648515268,-0.8543471862186174,-0.8514587369208148,1.4033864999371148,-0.8914971173530922,0.11164147377836713,-0.8812622048786548,0.6026912220449259,0.19377407898354018,1
-0.9454605735759121,2.086466888330289,0,0,0.13718592970321936,-0.00688702980120272,0.03441483681207139,-0.13212849888556297,-0.801244099590391,-0.791268260593898,-0.9028013850875143,-0.6801385212955792,0.7432184988958298,-1.3305610116474846,1.5149493319028702,-0.8321146901472088,0.42527351933041596,2.1987389090344247,4
0.018877211222323345,-0.7584497992893836,0,0,7.493649268771513,11.981070860335564,9.04607963976004,7.196428573756413,0.8310325181867239,0.7860385313299441,0.8109473119314928,0.8892767672374627,-1.0842031520681468,0.5495330644852936,0.14982674271778684,0.8000999310609084,-0.6026577792723851,-0.6921000412370123,3
-0.40818666490260946,-0.9155310887898562,0,0,-0.31852507633030824,-0.1024864438620124,-0.05929422965033296,-0.07951258607653193,1.7975885472860755,1.8238238702576177,1.795332463060094,1.755055662874846,-1.2277178787452496,1.4614350163256076,-1.253481141181758,1.7985701026341374,-0.9398777452746847,-0.5037907477552291,6
1.6031464291051387,0.2363983675469436,0,1,0.9401038406931771,0.2991831225468902,0.39363196908796205,0.525636599620912,-0.8400616190490918,-0.8642623346561792,-0.8084432059268214,-0.8453401616263796,0.46575655908286717,-0.4805783320823238,0.3502993036974936,-0.8424615463813857,1.78548920203887,-0.536664997597432,3
-1.179656892741198,-0.2173920243433109,0,0,-0.4487271110246354,-0.11871545262644656,-0.43412928665613604,-0.13930338353073063,-0.8128893585722201,-0.7373161124379911,-0.8390458632800171,-0.8453401616263796,1.3459805748227254,-0.8408358876741643,0.08300256718012522,-0.8683286520462318,0.5886605690914637,0.12214279836835966,1
1.3000688395971218,0.1840379377134527,0,0,-0.6223309502054497,-0.12480135516162517,-0.4966018289551912,-0.1390376452022335,-0.8468546776178539,-0.7531843830745396,-0.8951507224706146,-0.8698144738175613,1.537333618353217,-1.0153356517711547,0.18801201165720655,-0.9019558894105317,0.7664455253054587,0.41027263326393176,1
-1.5929445147975845,-0.5141011267330927,0,0,-0.49212825538244315,-0.11465819461569425,-0.40289265004219943,-0.135051631261372,1.9945876388075283,2.115800149369002,1.9126428389345962,1.9539096834638299,-0.5292793585510918,1.0955484419687154,-1.3298514728602637,1.917559007528165,-1.0945128281088223,-0.42106572210891163,6
1.0245437582261974,0.35857270382508905,0,0,-0.6006305049743688,-0.11546732593727668,-0.5903106592713622,-0.1404599971884642,-0.959425481689922,-0.9340827588755855,-0.9895089039265063,-0.9371188403280557,1.0111127529498085,-0.9871905275491649,0.6653275769869733,-1.0261180128980707,1.3638024132461621,-0.4722385852958451,7
-1.565392006660492,-1.2820540976242927,1,0,-0.03641814774889338,-0.10434617379598592,-0.37165649134325923,-0.13067179279122007,1.8917211137231147,1.744482445667625,1.9763984181220686,1.9110796481427037,-2.8733539738873164,2.1144018010062293,-0.7188875306801321,1.9822268298912735,-0.6459161003744024,-0.651871522613006,6
1.6444751913107774,-0.7235428460670563,0,0,-0.49212813819983736,-0.10397023393600197,0.08126917325474564,-0.10156613011988147,-0.5644572665267965,-0.6040225682549917,-0.4998664367697539,-0.5975377093902601,0.10218583492896513,-0.035885343031050586,-0.04109947310410319,-0.5294695236039935,0.23418993247949985,-0.5215667506271446,7
-1.689378293277408,-1.0551589016791654,0,0,-0.2534229125466511,-0.11440461333694932,-0.2623298093900578,-0.1344536756275992,-0.4974970391721001,-0.44533977620080656,-0.4718140324216444,-0.5730634192259618,0.8771656173119322,-0.23853022121778683,-0.47068350166175854,-0.5010157329811,0.031140986865284607,-0.20659957064659537,1
0.9832149960205587,0.6552818062148709,0,0,0.3541905773183715,-0.0008012343018256033,2.627025089209039,1.538825138500035,0.12843541493616722,0.10687631501240541,0.16064077145111552,0.10915807991035156,-0.29965550309756733,0.3187431937957382,-0.2415719911254071,0.14307524696240098,-0.6353458689999506,-0.6623989175799425,5
1.1072012826374746,-0.30465940739912906,0,0,-0.42702667751181517,-0.11685896024019092,-0.5746924084347461,-0.14456881015101497,-0.5130240301864133,-0.5342021580314064,-0.4641633537383516,-0.5455298152575222,0.22656527619697045,-0.09780470143027706,-0.06019216341973673,-0.49325558498536803,-0.050024303248857524,-0.48729904540020175,7
-1.0832231142613742,1.9991995052744707,0,0,-0.3185241779303304,-0.10836138796134306,-0.07491204192965806,-0.11431561113859831,-0.6236539721725128,-0.6611483688244342,-0.7242859010745321,-0.45986968954806173,0.16915933386080698,-1.1785773580735541,1.829977562233947,-0.6458715107359994,0.07686088720955134,2.505819957154486,4
-1.5240632444548532,-0.5839150331777472,1,0,0.41929227237160527,-0.07167883577571986,0.2530687348587645,-0.08941163971015159,-0.8400616190490918,-0.8642623346561792,-0.8466965190113196,-0.7994508235145538,0.46575655908286717,-0.7338844298157443,0.77988331850846,-0.8812622048786548,1.2964452880307202,-0.824869047450577,3
-1.5378394985233996,1.1788861045497798,0,0,0.6579974980247916,-0.0038440019653588446,1.5025197776283956,0.5710109138302311,-0.30826162657056927,-0.2644414458147721,-0.3290016084880743,-0.32220166970586334,0.6475419599088101,-0.39051393051905886,0.016178426009186123,-0.3509865154689135,-0.8315587993861152,-0.3194530868155195,5
0.5423748658270797,1.3708743472725797,1,0,-0.14492041296516647,-0.08565480390825793,-0.23109348201523647,-0.1321620495849627,-0.5751320728491368,-0.5945016110143846,-0.6758317022056353,-0.4292768268426888,0.2935388612376827,-1.1391741861892173,1.639051346412057,-0.6200044283515509,-0.32194816631573603,2.5152165283956105,4
-1.4138532119064835,-0.16503159450982,1,0,-0.36192523244814034,-0.10071752091108285,-0.3560386790639342,-0.13968690616839807,-0.1724003241862107,-0.23905216938068607,-0.07907991250830725,-0.21818588144038717,-0.4623056012926386,0.47635587120084233,-0.3465814871525717,-0.10266219865264284,-0.11918029495252164,-0.5452000412360385,7
-0.4219629189711557,2.13882731816378,0,0,0.18058685141407613,-0.09029611589246744,0.08126925759268618,-0.13315857809261955,-0.37328095384665294,-0.3977349328719709,-0.563621947101256,-0.11722926931103235,0.08305046341099705,-1.566980068284116,2.574589821122679,-0.3561598853850083,-0.23136780420237865,2.279803318389446,4
1.506712650625315,0.6552818062148709,0,0,-0.38362563861835264,-0.11579935829652467,-0.23109345390258967,-0.12180761352543146,-0.4722656525720175,-0.5056392577466851,-0.6248272847596374,-0.2518380304162975,0.08305046341099705,-1.3981093026876894,2.2882006692234556,-0.46997518755896683,-0.1407036603411266,2.366390498192298,4
-1.620497022934677,-0.16503159450982,0,0,-0.2751233343412109,-0.10924849497840838,-0.09053019156074525,-0.12415638849256341,-0.5906590900652736,-0.4770763860248641,-0.6222770891345267,-0.6556642035976769,1.5086306644069094,-0.6944812629975292,-0.32748879683693816,-0.6458715107359994,-0.08383573098019063,0.11982964690084262,1
0.5561511198956259,-0.4268337436772745,0,0,-0.38362502926880243,-0.11643324485276005,-0.4653653329044889,-0.138506180563186,1.476373737264706,1.3192127080619422,1.6933237199760591,1.3512295172270703,-2.624594919133565,2.6491593436044267,-1.8739912996444974,1.695101773096343,-0.4248338527760705,-0.5455873566118303,6
1.0107675041576512,1.074165244882798,0,0,-0.2100213268010283,-0.09919802104635493,0.018796687180984192,-0.11729426284119082,0.3448430094090991,0.36076867947266056,0.3927109144391862,0.2682411862471232,-0.1370054910113668,0.6001942840319777,-0.881174925820586,0.3758792212264126,-0.6203963630475972,-0.4158041598421827,5
0.2117447681819704,-1.8231118725703652,1,0,-0.31852507633030824,-0.11465819918012074,-0.1530030712115626,-0.11140115320916834,1.9188933217963393,1.852386770542339,1.9738482224969578,1.8957830791219976,-2.1653478970974804,1.9399022699508495,-1.129379126672571,1.9796401449332262,-0.7758400138534806,-0.5821930594647109,6
1.2036350611172983,0.49820051671439813,0,0,1.2222100271180887,0.04720983648550054,-0.012439668306483923,-0.08848119053769897,-0.27526677066515365,-0.35647742293310697,-0.1504861244750922,-0.34361672866683246,-0.5101439009242531,0.6001942840319777,-0.5088687963762202,-0.17509012245068864,0.1549814387560887,-0.5183956302516756,2
1.2725163314600294,1.2487000109944344,0,0,0.9184036923246979,-0.052302890919009165,-0.01243947151795595,-0.10930519817458191,0.20995219636678233,0.195738668280105,0.2600994795739705,0.16116602911029768,-0.29965550309756733,0.5045009650261003,-0.5566003073732896,0.24137032298608757,-0.5881292308327358,-0.4878817007558657,5
0.15663975190778553,0.09677055465763452,1,0,0.028683586365209103,-0.056842060166957004,-0.12176665949880075,-0.0904077678587448,-0.3237886699885295,-0.39138768517070016,-0.21424165775858436,-0.3864467915215626,-0.34749397494692325,0.45946871358324815,-0.4324982928641028,-0.2397578982530024,0.09533550366592823,-0.5153643342208585,2
1.437831380282584,0.00950317160181635,0,0,-0.38362563861835264,-0.1255620963733147,-0.43412928665613604,-0.1408978027393731,-0.8167711063257985,-0.7341424600244554,-0.8517969676415165,-0.8453401616263796,1.4129541512525505,-0.9027551599493173,0.12118779316114212,-0.8760887930578445,0.5142794646017059,0.21150478937916858,1
-0.5046204433824331,-0.14757811789865635,0,0,-0.07981879603366986,-0.08566564898562666,0.4873408949871323,-0.07147403796239214,-0.39366018195658614,-0.32791452264838566,-0.37235539315475963,-0.47822540717128553,0.9154362225736757,-0.18223998290605123,-0.6043319042871649,-0.4001339952797633,-0.1330151810850713,-0.16499603714605163,1
0.6112561361698108,1.0567117682716345,1,0,-0.2534226000597023,-0.1148298186497186,0.01879649039245622,-0.11240334055541837,0.503024466183827,0.5257987477910168,0.5686762028270579,0.3967313472777096,-0.20397907605207918,0.8478713123391272,-1.2343883649493186,0.5543622992026851,-0.5766064070874523,-0.3839951243387136,5
0.15663975190778553,0.2713053207692709,0,0,-0.4704275992226718,-0.12319535553492189,-0.4653656140309574,-0.1432894360366453,-0.8313276735026288,-0.7500107420861639,-0.8670982859897188,-0.8575773177219704,1.4129541512525505,-0.91964223650896,0.14982674271778684,-0.891609049472633,0.6055741075272378,0.2326800572999645,1
0.8867812175407352,-1.072612378290329,0,0,-0.5789300089641587,-0.12152599961437896,-0.5590743937443639,-0.14083458475174204,-0.7711605282983357,-0.7944419130074337,-0.7140850267661285,-0.8086286905862469,0.4179183025056879,-0.2554173281741613,0.016178426009186123,-0.7467532484373361,0.9069582398908321,-0.454482640520571,7
0.32195480073034016,-0.2522989775656382,0,0,-0.3402249747092287,-0.09961365772362675,-0.340420529432847,-0.13525257671308985,0.32349339676441846,0.2782537167207332,0.42841406632655926,0.23764832354175006,-0.672793999119324,0.9604518396238181,-0.9575455152495089,0.41209322968623063,-0.44784746094057026,-0.4794095489557609,2
1.5204889046938612,-1.7707514427368745,0,0,-0.27512329528034224,-0.11837750157535343,-0.4028930155066085,-0.13824051739169946,2.6350762801661842,2.8362200470028065,2.379333228727888,2.7187319394382548,-0.32835851732008436,0.4707268524357905,-0.47068350166175854,2.390927010930331,-1.3871602067765243,-0.5057605822524903,6
-0.9730130817130045,0.16658446110228906,0,0,0.9835048795866396,-0.0883383534882973,-0.3248024641397004,-0.12514997134764713,-0.40918717297089935,-0.3691720325872496,-0.42335978764876725,-0.4262174855049435,0.6953802423186506,-0.4299171125356397,0.03527103040801401,-0.451868183329058,-0.6870199402643042,-0.34892347765767573,2
0.5010461036214411,0.21894489093577996,0,0,-0.4921280991389687,-0.12277272318937177,-0.5590743937443639,-0.14568106574647072,-0.8235641753752899,-0.7341424600244554,-0.8670982859897188,-0.8483994506502773,1.479927736293263,-0.9646744322244707,0.15937304491720078,-0.8838489177731792,0.4700733461300371,0.3028208919276134,1
0.5423748658270797,0.9519909086046526,2,0,-0.1883214127977603,-0.10755792405992681,0.018796743406277915,-0.12090109441690422,-0.34707913030817583,-0.3596511324724432,-0.5304691285509349,-0.11111075183716579,0.16915933386080698,-1.4994317417810574,2.3741174749349865,-0.3509865154689135,-0.43008782275108476,2.3001141470485353,4
-0.4219629189711557,0.35857270382508905,0,0,-0.5572295520148173,-0.12454777789957558,-0.5434562581696001,-0.14402020881668798,-0.9409871602090573,-0.9372564144310402,-0.9359542633130097,-0.9401781296272895,0.8006244067884452,-0.739513448580796,0.45530872239953313,-0.9717970886738544,2.49393754914147,-0.4722385852958451,3
0.5561511198956259,-0.07776421145400182,0,0,-0.3185243341738048,-0.09132886987944895,-0.2779480152464387,-0.13212849888556297,-0.19860214772468784,-0.27396243161827927,-0.08928078681671067,-0.25489728915323084,-0.5197117158465429,0.5607912539990555,-0.4324982928641028,-0.11300903160642221,-0.00943021557533374,-0.5326626955785584,7
-0.43573917303970194,0.06186360143530725,0,0,-0.296823717074902,-0.1082088436865397,-0.4028930155066085,-0.13286066807927524,-0.8711156325199065,-0.8991725454805518,-0.8594476302584161,-0.8483994506502773,0.45618889915654437,-0.6381910094874277,0.6271423338225953,-0.894195764695197,1.7408987424271454,-0.7182197593869905,3
0.873004963472189,-1.4216819105136016,0,0,-0.4270263259639977,-0.11482985356758132,-0.21547502314503397,-0.12432079579855308,1.882987259883034,1.7952609699728963,1.8820400323934645,1.9477908906539243,-2.3279980814014216,1.5402414816812087,-0.2893035880392824,1.886518322423647,-0.8105416553493827,-0.6766969759013131,6
1.382726364008399,1.0043513384381435,0,0,-0.27512329528034224,-0.10756141196643833,-0.16862113650470925,-0.12316829084364744,0.4787634641184918,0.46232569952030333,0.5635758115768366,0.3875533783316818,-0.5388469151467701,0.9548228208587665,-1.0816475297586958,0.5491889292865904,-0.5573988529052175,-0.4455764573905612,5
-0.5597254596566179,-1.020251948456838,0,0,-0.44872745085419224,-0.11871551173576977,-0.12176654704821337,-0.13425442165705076,2.321625018055618,2.356998161241217,2.236520896602278,2.363854346585472,-1.5721533605444893,1.3432255715983041,-0.7093413143975239,2.246071256455828,-1.0558547439572752,-0.5882833446404174,6
0.7765711849923654,1.0916187214939617,1,0,0.41929254579768555,-0.06537203987396906,-0.10614848175506669,-0.11689592709754071,0.3079664581537523,0.32268482194733217,0.37230914287038946,0.2131739783102438,-0.11787020560226927,0.6790007493875788,-1.0339160187616259,0.35518553203845665,-0.5267962399636924,-0.3907869899721068,5
-0.22909536201150862,1.5454091133842163,0,0,0.05038393003803161,-0.09479449742519344,-0.24671165975897053,-0.1114010204736365,-0.760485711495266,-0.7658790127227124,-0.8594476302584161,-0.6281306271628412,0.5710007579962101,-1.2798997921008004,1.600866137614401,-0.7881406268132489,0.3727800695462011,2.333982631448776,4
1.3413976018027605,-0.5315546033442563,0,0,-0.05811841329997864,-0.12581568187415415,-0.6371650659956535,-0.14641184044579741,-0.9070218359230589,-0.9086935141463189,-0.8900502761356168,-0.9157038146827475,0.724083170432297,-0.6325619907223762,0.3502993036974936,-0.9252362868369328,1.9638506045765676,-0.4597348854778923,7
-0.40818666490260946,-0.496647650121929,0,0,-0.4487271110246354,-0.1085722827234413,-0.3716567724697277,-0.14249222158927088,-0.801244099590391,-0.8706096423395404,-0.7268361426036231,-0.8147472741407631,0.025644521074833587,-0.16535302793333542,0.25483617860318736,-0.759686812909958,1.695827039060606,-0.6196978179718888,3
-0.876579303233181,1.2836069642167616,0,0,-0.16662099100320063,-0.09266902886248693,0.050032845879924334,-0.11247226078974899,0.3283456600618619,0.32585844579796763,0.39781142044935847,0.24376684101561671,-0.2900878603930187,0.7296619689342629,-0.9479992130500948,0.38105270754449466,-0.5446783686378724,-0.4255738116808369,5
-0.022451550983315315,-0.9678915186233472,0,0,-0.3619253730672673,-0.11414964675476104,-0.4809832182766957,-0.13671136836963393,1.8422287512595203,1.7540034600340324,1.8845903657305165,1.8560124402058242,-2.2992948088522933,1.793547579414629,-0.7475266091119854,1.8891051470640796,-0.7572492275957825,-0.6267615031665418,6
0.9005574716092815,-0.47919417351076543,0,0,-0.5789298644389449,-0.12277271565806805,-0.41851091212387403,-0.1395026737344918,1.40844288955885,1.2335240072077784,1.63976901509699,1.283925274342458,-2.729839161101343,2.6885626269434466,-1.835806004930036,1.6407807836870134,-0.37025549288777304,-0.5534959405998494,6
0.5837036280327184,-1.1598797613461471,0,0,-0.3619243731090311,-0.11871547567680041,-0.4653649674400799,-0.13452011334873942,1.612234908639947,1.4620272094855489,1.7749308980592082,1.5439647450061482,-2.6724335632006615,2.4014819606687405,-1.4062219763723804,1.777876622969758,-0.5190110324565563,-0.5822389989763732,6
0.7352424227867268,-1.8754723024038562,0,0,-0.6006300128074245,-0.12044836362160331,-0.2623301467418199,-0.12536915896637804,1.9887648075625723,1.9063391186385479,1.9916995918727332,2.04262904037662,-2.3662683077841353,1.6528218569822404,-0.4420445950635168,1.9977469396395582,-0.8194131485784397,-0.660270624119214,6
1.1209775367060208,-1.9452862088485108,0,0,0.28908931193469234,-0.093430429976138,0.5810496240977744,-0.08677220083410818,-0.6712054083556706,-0.6960585739362268,-0.6095259273930521,-0.7137907253386974,0.32224178935132913,-0.14283690221190948,-0.07928476781856461,-0.6406980709787125,0.5052095019147071,-0.4528840102182509,7
-1.5378394985233996,-0.7060893694558926,0,0,-0.4053261971259524,-0.11475242811371325,-0.49660185706783805,-0.1356652466385739,-0.874026948575455,-0.8928252349409005,-0.8772991763645154,-0.8422808698491215,0.5422977696063542,-0.739513448580796,0.713059135238286,-0.9123027386605893,1.3626494334169166,-0.7821594716791043,3
-0.9316843195073659,-0.1126711646763291,0,0,-0.5572295207661223,-0.12251914373639745,-0.5746925124515396,-0.14588036796817866,-0.8051258499641517,-0.718274183675327,-0.8441462958438208,-0.8331030055307889,1.4416571051988583,-0.91964223650896,0.12118779316114212,-0.8657419438077869,0.3595585076555227,0.24626096749251344,1
-1.3587481956322986,-0.5664615565665836,1,0,0.050383969098900236,-0.0775511074033336,0.03441483681207139,-0.10821218564379836,-0.4538273507425206,-0.37234568500078535,-0.45141226085284725,-0.5302333563712316,1.106789275576143,-0.3567397672675295,-0.4993224082600002,-0.48032204379314375,-0.14698929661552684,-0.1214516563330708,1
-1.2623144171524752,-0.4268337436772745,0,0,-0.12321983492713232,-0.09851861985481224,0.0031785375498969964,-0.12676311344117475,-0.5654276772633676,-0.6167172064720345,-0.4692637679405632,-0.6250713133586998,-0.0030584070388128765,0.17238855392073751,-0.2893035880392824,-0.4984289781818603,0.4952056909523998,-0.4839549724688537,7
-0.8490267950960885,-1.8231118725703652,0,0,0.2239879293684072,-0.10017780714599404,-0.2779478465705576,-0.13111545413155185,0.21286348098014246,0.1481337963883691,0.3340559101178567,0.12751390766799134,-0.758902869569134,0.9773390985638511,-0.9002674443026083,0.3163849550225786,-0.3166887038848241,-0.49765497599262265,2
-0.32552914049133214,-1.4216819105136016,0,0,-0.2968224280662382,-0.11339027977778057,-0.3560378919098225,-0.13365651445380983,2.6205201191176193,2.7886151179852696,2.3691322167075435,2.7309692497220275,-0.6153882290009016,0.4876138074085063,-0.21293308452716533,2.3805800382941666,-1.3625402470620966,-0.581726546958954,6
1.0107675041576512,-0.025403781620510917,0,0,-0.14492037390429785,-0.10721985456196596,2.533317203477802,1.714210659521983,-0.02295293086615167,-0.004201633712944076,-0.005123550820391831,-0.06216206137415299,0.18829470537877505,0.09921120865262749,-0.35612778935198575,-0.027647636457344422,-0.5929550072023559,-0.43405172209578397,2
0.6112561361698108,1.1614326279386162,0,0,0.48439373305962746,-0.08595731583910425,0.1281237627112416,-0.10944766106845381,0.40598069373889856,0.4020262751002255,0.4768682422434659,0.32024913544706907,-0.36662917424715025,0.8028391622187141,-0.9957307240471647,0.46124070949708035,-0.5702486714316692,-0.4336975349312193,5
-1.000565589850097,-1.0027984718456744,1,0,-0.2751237640107655,-0.1214202783677397,-0.1686206023644192,-0.10894284810985175,2.0217597158716347,2.115800149369002,1.9406954498506166,2.0059174949957566,-0.7971735264961999,1.1236936877776325,-1.1102863504401317,1.946013007674635,-1.1061133744641458,-0.4752117128464022,6
1.1623062989116597,-0.5141011267330927,0,0,-0.34022463878575876,-0.10990513634186283,-0.5122199785862784,-0.13820878463096908,-0.7323430140799996,-0.7690526651362481,-0.6656308278972317,-0.7688579250154957,0.26483584701516566,-0.15972390784584473,0.006632037892966455,-0.6976057453460889,0.836231100664087,-0.4948492364937152,7
0.184192260044878,0.35857270382508905,0,0,-0.3836256776792212,-0.10761045627275961,-0.6059287920348612,-0.13743077504195836,-0.9536028535090986,-0.9213881352256218,-0.9920591270940052,-0.9279409721550186,1.068518666008956,-1.037851747095849,0.6939665093602567,-1.0287047257925952,-0.2506759662275583,-0.34922053159858124,7
-0.9867893357815507,0.9170839553823253,0,0,0.02868382073042067,-0.10717335674919011,-0.24671154730838313,-0.11120175932819445,0.3467839094877118,0.36076867947266056,0.4105624674308826,0.2529446722936246,-0.1561407764204645,0.7071457418903976,-1.0434623209610399,0.39398620217592417,-0.5468726047688642,-0.39664867754963895,5
0.6663611524439957,-0.5839150331777472,0,0,-0.4704275992226718,-0.12116672675776703,-0.4497476049631044,-0.14083136860567966,-0.3548426782189795,-0.4421661237872708,-0.22444250911499786,-0.42315819923440623,-0.5005762582197042,0.5720493421903783,-0.47068350166175854,-0.25010470792638456,0.3000885055177566,-0.5292079795979949,7
-0.2842003782856935,-0.19993854773214725,0,0,-0.49212825538244315,-0.12152600760212533,-0.3872747815375807,-0.13423260531678402,0.5787185997822512,0.5543616480757381,0.6681348879979229,0.4885100179946406,-0.6919294567461627,1.0674034494658966,-1.119832824473157,0.6552440834648168,-0.5849740328743068,-0.4619297588787627,2
-0.6423829840678952,-1.072612378290329,1,0,-0.4704275992226718,-0.11812379249266645,-0.23109398804287973,-0.13153058199621565,1.9121003680348716,1.9412492666245402,1.8845903657305165,1.8957830791219976,-1.2946915498948321,1.3882578230411562,-1.0625547535262565,1.8891051470640796,-0.9834021889422049,-0.5311343980215582,6
1.4240551262140377,1.1788861045497798,0,0,-0.16662075663798898,-0.11308846551952507,-0.028057874162864843,-0.1256183537839252,0.318641185870622,0.31951119809669687,0.3748594303034605,0.24682609975254996,-0.25181737568369406,0.6339684979447265,-0.8238971126241025,0.35777231011809346,-0.6028378533621627,-0.43737618985525334,5
-1.2347619090153827,-0.9853449952345108,1,0,0.31078922593796016,-0.10134281995529738,0.39363160362355304,-0.11219734039114959,1.808263327406593,1.6937041784284559,1.8667388586428002,1.8284788362373845,-2.5097833788967203,1.8723537914641322,-0.6711560196830623,1.8709982126753626,-0.7037189677836431,-0.6423716845259481,6
1.506712650625315,1.2312465343832708,0,2,-0.16662052227277732,-0.08272074262629622,0.39363196908796205,-0.09159430692150741,0.3031142472599558,0.29094829781197556,0.3697589242932882,0.23152972346707149,-0.3570616176514719,0.6902586855952426,-0.8143506385910771,0.35259882380001145,-0.5645379993896981,-0.4576677368601516,5
1.6582514453793236,2.1911877479972706,0,0,0.050383969098900236,-0.09783741571480126,-0.2623298093900578,-0.1360480991411778,-0.5848364422330826,-0.6294118161261774,-0.6630806093201309,-0.44151399945844194,0.07348282070644813,-0.9984485752115121,1.6199587420132289,-0.6303512845857276,-0.09443830681714924,2.658086533263637,4
-0.9316843195073659,1.842118215773998,0,0,0.3324903898890234,-0.08025487511056356,0.28430509034623264,-0.12173681705642084,-0.5877477530482664,-0.5945016110143846,-0.7038841524577252,-0.43539537185015936,0.4179183025056879,-1.2517546780110544,1.70587554772476,-0.6251778215480431,-0.34953345937822367,2.403725345209862,4
-1.0969993683299204,-0.6013685097889109,0,0,-0.42702667751181517,-0.1194761887031563,-0.46536557748451646,-0.13850617249143068,-0.9109035836766372,-0.9340827588755855,-0.8670982859897188,-0.9310002614542522,0.5327301613453537,-0.4580622063608978,0.24528985062873185,-0.9019558894105317,2.4333945565123285,-0.49133227571002597,3
-0.6837117462735339,-0.2872059307879654,1,0,-0.2751233343412109,-0.11939166374030703,-0.18423911745991542,-0.119373121898019,-0.5334032582963465,-0.40090858528550666,-0.5687224072074478,-0.6128341682765507,1.6330101573402367,-0.671965172738957,-0.48977619197739225,-0.5915505678874651,-0.12451922363026588,0.1504823007811659,1
1.2174113151858446,-0.6537289396224018,0,0,-0.40532629477812404,-0.123085882329698,-0.5746925771106274,-0.14113116615416144,-0.5217579888337879,-0.5595914059025919,-0.4488620422757464,-0.5669448466848872,0.08305046341099705,0.054178957209775266,-0.17474787572950956,-0.4777353355546989,0.15519799844575566,-0.49114224142023283,7
0.184192260044878,1.1265256747162888,0,0,0.0720848205630145,-0.0962889477172784,-0.3716566881317872,-0.13355128154478285,0.6097725818108775,0.5924456198526673,0.7038378333173844,0.5068657631514681,-0.653658799819097,1.1236936877776325,-1.253481141181758,0.6914578824010577,-0.5595573444819566,-0.44170873872979716,5
0.5148223576899873,1.1614326279386162,0,0,0.4626930378389875,-0.10299630627777819,1.0339754854843073,-0.053409645082136685,0.531167111195446,0.5194515000897459,0.5916281929729559,0.4640356727631342,-0.5388469151467701,0.836613376131463,-0.881174925820586,0.5776426966290863,-0.6465207064323094,-0.483685482234946,5
-0.40818666490260946,0.06186360143530725,0,0,-0.6440314735582678,-0.12556209466165477,-0.621546936043419,-0.14647827499204724,-0.9545732930676755,-0.9372564144310402,-0.9716573601156063,-0.9401781296272895,0.9345715424263216,-0.8971261411842657,0.5889570906582172,-1.0080110412607184,2.49393754914147,-0.4722385852958451,3
0.4734935954843486,-0.7060893694558926,0,0,-0.5789300988041565,-0.12152600486346941,-0.6059289213530367,-0.14250886770119953,-0.4936153176203453,-0.5564177534890564,-0.3978575789257683,-0.5424705014533807,-0.1657085052338841,0.2286787415712537,-0.22247938672657921,-0.42600107766421186,0.33099969858068967,-0.5265415468154387,7
0.15663975190778553,-0.8108102291228745,2,0,0.006983047388043566,-0.09310397534607545,0.17497807104126895,-0.04622911200197155,-0.27914849221690835,-0.23587854553005078,-0.22444250911499786,-0.3833875052510253,0.6188390317951635,0.13298527058171755,-0.8429896311061245,-0.25010470792638456,-0.06390177771007141,-0.261613818154508,1
1.616922683173685,-1.1598797613461471,0,0,-0.2534221313292792,-0.10933307608370363,-0.40289265004219943,-0.14142928083134612,1.4637580832674,1.2462185026103199,1.7239264347092307,1.3451109997532038,-3.1603835133503924,2.924981313753175,-1.8071672701654053,1.7261423650792713,-0.2987455479228957,-0.5756433144688407,6
-1.2209856549468365,0.3760261804362527,0,0,-0.6223309814541446,-0.12277272273292912,-0.3248023235764661,-0.11000590187235092,-0.9487506635767611,-0.927735447479047,-0.9818582436048057,-0.9187631037066452,0.9632744877617421,-0.9984485752115121,0.7321517593979792,-1.0183578835266567,-0.7673090092991396,-0.7547051783635598,3
1.5204889046938612,-0.6188219864000745,0,0,-0.600630442476979,-0.12623830445183154,-0.5590743712542464,-0.14568106493929517,-0.64985579571099,-0.7214478418014426,-0.5304691285509349,-0.7168499840756308,-0.11787020560226927,0.2568238353965117,-0.31794258055432995,-0.5605100923065242,0.9324013879715132,-0.49959640563689833,7
-1.620497022934677,-1.3169610508466199,0,0,-0.49212825538244315,-0.12480135858494505,-0.30918490487419686,-0.14063204360368448,2.0625182244951485,2.13166841143668,2.0248523645190737,2.0181545299434895,-1.0555001378456297,1.4445480106916724,-1.3966757600897726,2.0313740768981488,-1.0059159400291258,-0.4697548753033386,6
0.10153473563360066,-0.688635892844729,0,0,0.4409926551052964,-0.09919799822422243,-0.43412922199704834,-0.13884077562820527,-0.7381656357103671,-0.7277951409159339,-0.7446876726433292,-0.732146462235444,0.6953802423186506,-0.6494490470175309,0.4075771598523801,-0.777793770579072,-0.20659220746782464,-0.49976670534773765,2
-1.441405720043576,0.2363983675469436,0,0,-0.6874324304239062,-0.12657641130962333,-0.6059287864123318,-0.14667757741106477,-0.9652481093467089,-0.9372564144310402,-0.999709789710905,-0.9401781296272895,1.039815706896116,-1.0209646705362063,0.6939665093602567,-1.036464857492049,1.0409070337696729,-0.4722385852958451,3
0.2117447681819704,1.1265256747162888,0,0,0.050383969098900236,-0.07913934981339484,0.17497778991480045,-0.1021998974414041,0.6447084164003768,0.6178347820351524,0.7420913414937989,0.5466364846684532,-0.7684705122736829,1.1743549073243165,-1.2248421486667103,0.7302587387817048,-0.5765014837434447,-0.4590602863953656,5
-0.36685790269697083,0.35857270382508905,0,0,-0.6440314774643547,-0.12657641092164706,-0.5903106592713622,-0.14541532795609058,-0.9448689132030004,-0.9372564144310402,-0.9461551468022094,-0.9401781296272895,0.8388950120501887,-0.7845456493624284,0.4934939655639111,-0.9821439309397928,2.49393754914147,-0.4722385852958451,3
1.1209775367060208,-1.0900658549014925,0,0,-0.5138285990552657,-0.11803963062994541,-0.5434562778484529,-0.13876816104115292,-0.7857170902348014,-0.8039628702480407,-0.7344867983349256,-0.8208658411751169,0.4753242190091903,-0.30607854772084536,0.04481733260742788,-0.7674469376252925,0.9503444131606824,-0.4426833681159569,7
0.2117447681819704,-0.35701983723262,1,0,0.11548515636084233,-0.04940373837093472,-0.16862093971618136,-0.10814572281053046,-0.39851236664855905,-0.3310882321877219,-0.37235539315475963,-0.4904625797870387,0.9345715424263216,-0.15409488908079305,-0.6711560196830623,-0.4001339952797633,-0.050732089013978715,-0.17460257136653462,1
-1.4000769578379373,-0.18248507112098364,0,0,-0.4487272047707201,-0.10451502790778751,0.09688743533642029,-0.09705129064521599,-0.5858068791714772,-0.44851348574014277,-0.6273774803847482,-0.6617828036723554,1.7191190277900465,-0.7564005403388046,-0.4324982928641028,-0.6251778215480431,0.10236227275911228,0.2515964988433728,1
-1.6342732770032231,1.6326764964400344,0,0,0.093784890809757,-0.010944273205790264,0.4248681277869022,0.07733859191462773,-0.5896886531268791,-0.6103698730820629,-0.7089845896119269,-0.4200989129638689,0.2935388612376827,-1.2742707733357488,1.8681628569484081,-0.6122442570754214,-0.1418315318005558,2.4124171008164215,4
0.29440229259324774,0.00950317160181635,0,0,-0.5355290989715626,-0.12344893453145356,-0.5746925630543038,-0.14508315718,-0.8128893585722201,-0.7246214827898183,-0.8466965190113196,-0.8483994506502773,1.4607924164406167,-0.8914971173530922,0.0543636348068419,-0.8735020801633203,0.5911592877973996,0.2198725743732008,1
-1.0418943520557356,-0.13012464128749274,0,0,-0.21002179553145153,-0.1201523959372542,-0.09053030401133258,-0.12335916274473155,-0.8924652661260462,-0.9118671694161445,-0.8772991763645154,-0.882051629913152,0.5518654295326771,-0.6325619907223762,0.5221328979371946,-0.9123027386605893,1.9513574469560853,-0.613692229726839,3
0.33573105479888643,0.690188759437198,0,0,0.28908911663034914,0.15007841697838178,3.2517510744525278,0.7299218925670573,0.12067194563083412,0.07513979087704863,0.16319101298020652,0.11221733864728499,-0.5101439009242531,0.38066240021130604,-0.13656258101504815,0.14307524696240098,-0.5681182088163745,-0.6599084784195303,5
0.060205973427962,0.5854678997702163,0,0,0.2239878121858014,-0.04644537380006314,-0.05929406097445191,-0.1161842888619043,-0.36454704760292506,-0.4167769330418858,-0.28054743257116765,-0.41092110921946495,-0.1752761479384327,0.2568238353965117,-0.26066468144104066,-0.3070124055741586,0.01029676800747901,-0.5207486390983252,2
-0.9316843195073659,0.9345374319934889,0,0,-0.3619250019890156,-0.11465819164881702,-0.277947959021145,-0.11618425298743622,-0.45770909849609887,-0.48659731470257084,-0.5916743973533458,-0.26407520303205073,0.11175339152464352,-1.2630127206072796,2.0304501661720566,-0.48032204379314375,-0.3002822586193189,2.4443750838633376,4
1.5204889046938612,-1.5438562467917472,0,0,-0.5572292160913472,-0.12049048346469975,-0.34042069810872805,-0.13611445722099894,1.5947672009597855,1.4334643092008275,1.785131680559651,1.5041941060899755,-2.758542433650471,2.570352776926386,-1.6066946662272963,1.7882233628019477,-0.4724298627184808,-0.571778507467267,6
-0.46329168117679437,-1.212240191179638,0,0,-0.40532617759551814,-0.11793552587495185,-0.4497470708228143,-0.13520196680726163,1.9111298524910063,1.85873404680651,1.9024419416742022,1.950850287058877,-2.031400554798315,1.5120962358722916,-0.5375077029744617,1.9072121512939877,-0.8639846897309619,-0.6348701504926744,6
0.9832149960205587,2.0515599351079614,0,0,-0.12321983492713232,-0.10149216570822947,-0.3560385947259937,-0.12536912129818656,-0.7546630898648985,-0.7690526651362481,-0.8543471862186174,-0.6128341682765507,0.4848918875464001,-1.2798997921008004,1.6867829433259323,-0.7752070623406271,0.35562726055153343,2.3564359236433177,4
-0.6974880003420801,0.06186360143530725,0,0,1.1571086445518037,-0.04395269712527101,-0.21547538860944293,-0.12463806600670782,0.21480440726057862,0.18939127776433276,0.3009029538555943,0.133632425141858,-0.4048998311742162,0.7465488732457589,-0.8620824073385638,0.2827576315208079,-0.4819074005057985,-0.4506540027964894,2
-0.24287161608005484,-1.788204919348038,0,0,-0.4704296069513179,-0.11546732297039945,-0.3560386228386405,-0.13968690311906826,2.350738283418397,2.3696927708953597,2.2416212878525004,2.4372772170783668,-1.744371101444109,1.208128918592187,-0.3083961924381103,2.251244626371924,-1.062986087667108,-0.650805208314134,6
-0.6699354922049876,0.1840379377134527,1,0,0.2673884214097092,-0.09438500218378006,-0.2779480152464387,-0.13724594386318,0.3108777427671124,0.259211773676619,0.4335144575767806,0.21011471957331038,-0.7206322126420683,1.0674034494658966,-1.0911938319581098,0.41726659960232537,-0.37821890007513465,-0.46739817835504827,2
-1.1245518764670128,0.2363983675469436,0,0,-0.6657319539441305,-0.1254775675307029,-0.2935660805395854,-0.11558637448376977,-0.9274010325908039,-0.918214479955796,-0.9283036006961101,-0.9248816817544406,0.8388950120501887,-0.7676585677366639,0.46485503319062765,-0.9640369569744005,2.1364459310132036,-0.45725738702499075,7
-0.2566478701486011,-0.2872059307879654,0,0,-0.29682379519663926,-0.1108188149395882,-0.4966018289551912,-0.13944674328630427,-0.38007406481906214,-0.5659387107296633,-0.18873947198757574,-0.4262174855049435,-1.3712326054223525,0.9548228208587665,-0.2511183792416268,-0.21389081586855385,0.9183036485924478,-0.6406115541938958,3
0.34950730886743264,-0.5141011267330927,0,0,-0.29682391237924505,-0.1133903726638599,-0.32480280149146246,-0.1379082254675302,1.5258659687191825,1.373164741966248,1.7213761013721784,1.4215932941846565,-2.624594919133565,2.5478369045110587,-1.7021576882214353,1.7235555404388387,-0.46368369338390697,-0.558112343893638,6
-0.22909536201150862,0.25385184415810724,0,0,-0.6223310205150132,-0.1258156742515619,-0.5434562497358061,-0.1448174196766156,-0.8876130761937086,-0.8959988930670161,-0.8619978534259151,-0.900407369563259,0.6475419599088101,-0.559384645454266,0.30256772396697945,-0.8967824775897214,1.6203892906744055,-0.46799066864842026,7
-1.4689582281806683,0.32366575060276176,0,0,-0.4270266657935545,-0.11237597383339219,-0.6059287920348612,-0.1442859460689511,-0.9565141669444648,-0.9340827588755855,-0.9844084621819066,-0.9340595510288221,0.9824097903926138,-0.9703034560556442,0.6653275769869733,-1.0209445917651017,-0.04886613610015324,-0.5144046513518735,3
-1.31741943342666,-0.40938026706611086,0,0,0.1371860468858253,-0.0961468685313375,0.06565124852483323,-0.08163849091078569,-0.43053681181740366,-0.3406091323025284,-0.42846027070694925,-0.5149368974849411,1.1641951912185566,-0.33985271097237474,-0.5852392139715312,-0.4570416463667426,-0.14623072742881496,-0.10039175481973173,1
-0.7250405084791726,1.1788861045497798,1,0,-0.23172233450861707,-0.11567250147296793,0.19059627689764985,-0.06436561794421575,-0.5731911989723477,-0.591327958600849,-0.6732814836285343,-0.4292768268426888,0.30310650394223143,-1.1335451623580437,1.6199587420132289,-0.6200044283515509,-0.33786024695955996,2.5298271048033607,4
0.5010461036214411,0.2014914143246163,0,0,-0.7091329174501165,-0.12414692343704034,-0.652783204381682,-0.1439221655098067,-0.9380758493938736,-0.9150408246859703,-0.9461551468022094,-0.9401781296272895,0.972842147688065,-0.8239488161806435,0.42666979002624966,-0.9821439309397928,2.49393754914147,-0.2961278497489149,7
1.1209775367060208,1.9119321222186525,0,0,-0.1883212956151545,-0.09208820787232111,-0.1998570984151215,-0.1321620442037925,-0.26847365969274445,-0.31204623201780707,-0.4386611679673429,-0.01933197098581906,-0.1752761479384327,-1.3474480831410054,2.460034280646518,-0.27338510535278576,-0.35797588718348994,2.4289029798530692,4
-1.248538163083929,-0.7060893694558926,0,0,-0.16662075663798898,-0.1194761868773857,0.003178706225778045,-0.1393033646966349,-0.4615908200478536,-0.37869304695365724,-0.4539624564779579,-0.5455298152575222,1.125924580790281,-0.3285946734422715,-0.5661466095727034,-0.4829087287511911,-0.07760741676535407,-0.09217738191323745,1
0.2117447681819704,-1.8754723024038562,0,0,-0.535529059910694,-0.11939169774528446,-0.4341288199861984,-0.1401006200409029,1.9586811838668696,1.893644480421505,1.9942497874978438,1.9569688045327436,-2.1844830102888366,1.8442087989613132,-0.9479992130500948,2.0003336245976056,-0.801445320155893,-0.601346859465278,6
-0.6837117462735339,-1.12497280812382,0,0,-0.3185243341738048,-0.10958662153170051,0.1437419404549756,-0.10123661236832801,-0.3140842744027602,-0.29935162236366436,-0.22699272769209858,-0.4292768268426888,0.38921537439204135,0.3187431937957382,-0.9289064368176555,-0.2526914161648293,0.1375319499611243,-0.30526017174267245,1
0.5010461036214411,0.25385184415810724,0,0,-0.6440314774643547,-0.12332419012448192,-0.621546936043419,-0.14212785215073312,-0.9390462863322683,-0.9245617919235924,-0.9410547027624105,-0.9401781296272895,0.896300928553691,-0.7845456493624284,0.43621609222566354,-0.9769705074787839,2.49393754914147,-0.3782704788537185,7
1.6582514453793236,-1.8405653491815288,0,0,-0.34022471690749595,-0.10392334358254697,-0.3560378919098225,-0.14322300674600505,2.6418696269550055,2.817178018269991,2.379333228727888,2.758502853690467,-0.5675499293692872,0.4313236197579901,-0.16520157353009568,2.390927010930331,-1.380346422917582,-0.5891674537775407,6
-0.7112642544106264,-1.6136701532364017,0,0,-0.5138284037509228,-0.11685896252240419,-0.4341291742055487,-0.14083458044680588,2.352679052487892,2.3633455231940887,2.2696736692486197,2.415862158117399,-1.820912415298241,1.382628854937324,-0.5279614007750478,2.27969839371442,-1.0262226392546279,-0.6278091828465987,6
0.22552102225051665,-0.6013685097889109,0,0,-0.2317222173260112,-0.09335752467383486,-0.21547538860944293,-0.08084129206880489,-0.3451382564313867,-0.277136084031815,-0.31625051560257,-0.44151399945844194,0.896300928553691,-0.09217568266522538,-0.7379803069125714,-0.343226344192784,-0.09962706477611265,-0.19376310053500756,1
1.0934250285689284,-1.9452862088485108,0,0,-0.42702679469442095,-0.11541891631446047,-0.18423886444609378,-0.13292573808632033,2.368205991098558,2.3633455231940887,2.2696736692486197,2.4648108210468065,-1.973994870788763,1.29256435205162,-0.22247938672657921,2.27969839371442,-1.025943700958698,-0.6718631687213467,6
-0.4770679352453406,0.1840379377134527,0,0,-0.5138285599943971,-0.11947619167003351,-0.38727489398816806,-0.14029989266617474,-0.9011992064321444,-0.9086935141463189,-0.8747489577874145,-0.9157038146827475,0.6666772711505689,-0.5650137148805372,0.29302140458420434,-0.9097160304221444,1.9538559477074224,-0.45725738702499075,7
-0.3393053945598784,0.00950317160181635,0,0,-0.6223310322332738,-0.1258156741146291,-0.4028930323741966,-0.1390376452022335,-0.7857170902348014,-0.7024059073261985,-0.8135436430810232,-0.823925132952375,1.3938188400107916,-0.8295778501440609,0.016178426009186123,-0.8424615463813857,0.4502766606664317,0.13423647186883952,1
1.2036350611172983,0.2887587973804345,0,0,0.7664998804236703,-0.03129708064696552,-0.49660186550163216,-0.1350515917994571,-0.8953765821815944,-0.8610886793863534,-0.9385044841853096,-0.8667551847936635,1.039815706896116,-1.0209646705362063,0.6939665093602567,-0.974383799240339,-1.5648858793395641,-0.4722385852958451,7
0.6388086443069032,-0.6013685097889109,0,0,-0.7308334029138921,-0.12725262267452722,-0.6840194839650036,-0.14700974842033943,-0.9710707367414775,-0.9372564144310402,-1.0150111172399032,-0.9401781296272895,1.0972216233996184,-1.088512966642533,0.7512443826985044,-1.0519851232189963,-1.8651544328831187,0.8829091994428392,7
-1.248538163083929,-0.14757811789865635,0,0,-0.535529059910694,-0.11837735094927887,-0.4653655296930168,-0.1361145388354138,-0.8060963000034582,-0.7277951409159339,-0.8339454146498203,-0.8392215808252239,1.3651158946753712,-0.8464649216375816,0.07345623920566971,-0.8657419438077869,0.4969812798894376,0.1223488791354658,1
0.4183885792101637,-0.7584497992893836,0,0,-0.3402252051683534,-0.12319531787840322,-0.2779476778946765,-0.1345201581918245,1.5530383340033485,1.4175959043186477,1.7239264347092307,1.461363933100829,-2.4906480934876223,2.4071111820786704,-1.5971483640278823,1.7261423650792713,-0.517936429101147,-0.5591465005343467,6
0.5423748658270797,-1.2995075742354563,0,0,-0.2751237640107655,-0.1173629998170681,-0.2623301467418199,-0.1416285688826392,2.335211344807731,2.3855610615259386,2.2390713217472897,2.376091381533205,-1.4477738331676133,1.2813064158439558,-0.7284338328795458,2.2486581742178497,-1.083076227202943,-0.5818091733764091,6
-1.4551819741121221,1.0567117682716345,0,0,-0.5138285990552657,-0.11939576168242051,-0.44974743628722325,-0.13582391815523637,-0.5984225855724302,-0.5849806537737776,-0.7625392256350254,-0.4078617678817197,0.6092713718688406,-1.5782381058142194,2.068635374969712,-0.6018974241216419,0.014276618987067446,2.1367935538803042,4
-0.36685790269697083,0.04441012482414362,0,0,-0.3185242560520676,-0.11099583960304973,-0.41851116513769565,-0.13820878678343715,-0.8982878956169607,-0.9213881352256218,-0.8951507224706146,-0.8698144738175613,0.5231625014190308,-0.7169973481899796,0.6939665093602567,-0.9304097126259816,2.097237206362487,-0.7583052831930042,3
0.4872698495528948,1.5105021601618889,0,0,-0.10151945219344118,-0.10147207994940745,-0.340420529432847,-0.1289396443247674,-0.5130240301864133,-0.5437231152720134,-0.6477792749055354,-0.3160831246983928,0.1404564057471605,-1.3136739553523298,2.0877279793685397,-0.5242961304075012,-0.10435127430255156,2.4270277419277106,4
-1.4689582281806683,-1.927832732237347,0,0,-0.38362502926880243,-0.122519146931496,-0.37165578852708814,-0.14408668671723246,2.703977643415906,2.8996933809025225,2.4073856101240074,2.8411036655957864,-0.4336028453967335,0.2568238353965117,-0.0029142643064474136,2.419380778272827,-1.433342105484506,-0.6003443428544332,6
-0.46329168117679437,-0.060310734842838186,0,0,-0.18832117843254872,-0.10605182466674477,-0.5122198773807498,-0.13315857594015149,-0.5295214843409448,-0.6167172064720345,-0.42335978764876725,-0.5669448466848872,-0.3570616176514719,0.26808197424905406,-0.09837737221739251,-0.451868183329058,0.5853448693662562,-0.5605107099201125,3
-1.6480495310717693,-0.3919267904549472,0,0,0.18058685141407613,-0.07450812977618124,-0.18423911745991542,-0.1361145495977542,-0.5275806104641555,-0.4136032235025495,-0.5585215099470543,-0.5944784506533269,1.4607924164406167,-0.6381910094874277,-0.37522039375081345,-0.5812037814944805,-0.22242146536399013,0.09927831519266953,1
-0.13266158353168508,1.0392582916604707,0,0,-0.42702657204746985,-0.11846188024833332,-0.12176665949880075,-0.12070181533422814,-0.496526628435529,-0.5373758104449421,-0.6171766060763447,-0.30690523835317685,0.035212249888252896,-1.206722477229422,2.0113575617732287,-0.5165359824117692,-0.15480266385686725,2.4896262792934274,4
-0.38063415676551704,-0.5839150331777472,0,0,0.006983125509780726,-0.06876033690591671,0.33115951112684744,0.005589637839546711,-0.44315251821835644,-0.48977096711610635,-0.34940340300886163,-0.5057590386733293,-0.060464349374976495,0.2568238353965117,-0.37522039375081345,-0.37685359785336214,0.16303516632931794,-0.4768453477625383,7
-1.193433146809744,-0.5141011267330927,1,0,-0.1883206706412569,-0.10347832112745528,-0.43412952280236955,-0.13303013368526262,0.8135646794974448,0.8082541267875942,0.8823534779942974,0.7271345948989856,-0.71106465604639,1.1236936877776325,-1.1962031561516628,0.8725278082981592,-0.7001507022689976,-0.4555070916306465,2
-1.1521043846041055,-0.3919267904549472,0,0,-0.05811876484779608,-0.10605183151338451,-0.106148790994182,-0.11911452079494415,0.7155503391050041,0.6876552779474384,0.8083968867864806,0.6231187790999058,-0.8354441834232659,1.2024998491659158,-1.2057496301846882,0.7975130132988867,-0.6038008639628315,-0.4691163807947662,2
-1.4000769578379373,-0.18248507112098364,0,0,-0.49212813819983736,-0.12074408505514261,-0.49660185706783805,-0.1382404345216782,-0.9341940963999307,-0.9340827588755855,-0.9359542633130097,-0.9218223927305429,0.7623538015267016,-0.7789166305973768,0.5603181411015726,-0.9717970886738544,2.413213704272348,-0.5648723753865552,3
-1.1658806386726517,-1.8580188257926926,0,0,-0.2317229594825146,-0.10551270541820781,-0.2779476778946765,-0.12711939892707785,0.8766430804930923,0.8463379843129228,0.9716112429527787,0.7822018028358649,-0.988526466696047,1.3488545397021359,-1.301212738095633,0.9630627130457166,-0.6174147877228123,-0.4749081238482036,2
-1.3587481956322986,-0.5315546033442563,0,0,0.24568803867601804,-0.12243462105576143,-0.09053019156074525,0.016949817301975357,-0.4373298965879892,-0.3977349328719709,-0.40040779750286926,-0.5149368974849411,0.7145155105059742,-0.11469180838665131,-0.5184150985756338,-0.42858778590265684,-0.03767835216460806,-0.23666018715830925,1
0.8178999471980041,1.2836069642167616,0,0,0.4626930378389875,-0.05296212875647929,0.5966676893909211,-0.09775335398532482,-0.6576192912181466,-0.6833639642820842,-0.795692113041317,-0.45986968954806173,0.30310650394223143,-1.454399556197791,2.164098568797463,-0.6458715107359994,0.38059295728742365,2.283263275356551,4
1.754685223859147,1.0043513384381435,0,0,-0.34022483409010174,-0.1128186371646463,-0.10614856609300721,-0.11046067891661386,-0.5440780384168633,-0.5500704486619851,-0.6962334737744323,-0.349735273674303,0.38921537439204135,-1.454399556197791,2.078181763085932,-0.5527499210303947,-0.18448276216223644,2.268488869591716,4
-0.9179080654388196,-1.7183910129033835,0,0,-0.42702581817270596,-0.11579937746711598,-0.5746924084347461,-0.14113116794788486,1.9693560687946807,1.8555605657703764,1.9993504082679665,2.0212140640164624,-2.6341626479469844,1.816063553152396,-0.45159089726293067,2.0055072273176746,-0.7517986625723788,-0.6679661393580715,6
1.3276213477342143,-0.2872059307879654,0,0,-0.27512329528034224,-0.12243461489378565,-0.44974745034354674,-0.14083136860567966,-0.9128444601736088,-0.927735447479047,-0.8926004993031156,-0.9126445256588498,0.6092713718688406,-0.6156749344272213,0.43621609222566354,-0.9278229997314571,2.2632978615997894,-0.5576209852294612,3
1.3551738558713067,1.074165244882798,0,0,-0.535529059910694,-0.11927393394398367,-0.012439668306483923,-0.10968638771621846,-0.6314174676796694,-0.6071962492314277,-0.7905916529351252,-0.4568104308111285,0.7336508303586201,-1.5726090363879484,1.9349870582611115,-0.643284825777952,0.07646373033906906,2.0727100056242103,4
-0.8490267950960885,1.3534208706614161,0,0,0.09378524235757434,-0.08767474977687803,0.018796883969512165,-0.11729426284119082,0.6437379532601588,0.6305294773779959,0.7395409163487867,0.5343993671199078,-0.6440909848968074,1.1630967178105545,-1.3298514728602637,0.7276718210196831,-0.5608572257109965,-0.4332375574827555,5
-0.11888532946313886,1.0567117682716345,0,0,0.1371860468858253,-0.07890350133161017,2.2990446778850253,0.6616937125999626,-0.14037590521918955,-0.11527958243829367,-0.14283549169577975,-0.16005933216576249,0.34137707476042684,-0.13157876335936713,-0.11746997661622025,-0.15956982645922457,-0.7722365704665398,-0.5505743170651847,5
0.1979685141134242,-1.8754723024038562,0,0,-0.4704275992226718,-0.11913800760496746,-0.418510209307703,-0.14588035989642337,2.7078594435731307,2.9092142524544284,2.4252372090196843,2.822747837838146,-0.38576437354737725,0.352517306386048,-0.21293308452716533,2.4374878057831335,-1.4225912812883306,-0.5618526612889602,6
-0.7801455247533574,1.3010604408279254,0,1,0.3975915771509653,-0.06151735887090039,0.17497798670332843,-0.09551789749420558,0.550575902366985,0.5321460811809884,0.6349818628796904,0.46097641402620093,-0.6153882290009016,1.0111130591705022,-1.1007400482407177,0.6216166901218542,-0.5953469281547326,-0.45314651247010307,5
1.6582514453793236,0.2887587973804345,0,0,-0.6657319578502173,-0.12088783390829794,-0.5122199785862784,-0.13368476200996732,-0.9603959199384078,-0.9309091033201309,-0.997159568838605,-0.9340595510288221,1.049383358211552,-1.0322227181985535,0.7035128201513513,-1.0338781469255642,-0.8157433598115327,-0.4722385852958451,7
0.08775848156505445,0.35857270382508905,0,0,-0.7308334029138921,-0.12725262267452722,-0.6840194839650036,-0.14700974842033943,-0.9710707367414775,-0.9372564144310402,-1.0150111172399032,-0.9401781296272895,1.0972216233996184,-1.088512966642533,0.7512443826985044,-1.0519851232189963,-1.8651544328831187,0.8829091994428392,7
0.749018676855273,-0.3919267904549472,0,0,-0.5572282122270242,-0.11846183163719108,-0.5122204452562161,-0.14109704738255982,2.564234409865204,2.674363516846385,2.3640320549772236,2.669783248975242,-1.0937707947726956,0.780323188480947,-0.23202577484279888,2.3754069011820462,-1.25005726112133,-0.6238644669761472,6
-0.05000405912040776,-0.060310734842838186,0,0,-0.36192517776292427,-0.12152600189659218,-0.48098372149307433,-0.13122830623947968,-0.8788791385077926,-0.9055198560202032,-0.8645480765934139,-0.8606366094992286,0.4753242190091903,-0.6269329719573246,0.5889570906582172,-0.8993691904842457,1.7962522360516864,-0.6918423917504767,3
0.8454524553350965,-0.44428722028843814,0,0,-0.2317221001434054,-0.10028483610082609,0.9871210647036924,-0.09176660481674885,-0.08117917337164979,-0.05180650560467999,-0.0739795212580858,-0.11722926931103235,0.33180943205587793,-0.018998388058334766,-0.2988498902386964,-0.09748882873654796,-0.706953283261546,-0.3854804587467786,2
0.9005574716092815,0.6727352828260345,0,0,0.09378477362715103,-0.0363022641474877,3.2361328123708533,2.6355869099414586,0.11193793457981224,0.0624450955342052,0.15809057582600472,0.10303956243648509,-0.5388469151467701,0.3975495071676806,-0.13656258101504815,0.14307524696240098,-0.564092325825456,-0.7311900364142373,5
0.23929727631906286,1.4755952069395617,0,0,0.028683391060866075,-0.06698533870331302,0.018796546617749942,-0.12329274475454875,-0.48488135897297063,-0.49611827194317776,-0.6732814836285343,-0.24266014407108163,0.2935388612376827,-1.6457863816560585,2.4982194894441734,-0.46221503956323484,0.056746118804017566,2.2431149891191104,4
0.04642971935941578,1.266153487605598,0,0,-0.07981879603366986,-0.09885176821633997,-0.15300287442303462,-0.07791815969299584,-0.45673863535588083,-0.48977096711610635,-0.5891242017282352,-0.2610159167615134,0.07348282070644813,-1.2517546780110544,2.049542770570884,-0.4777353355546989,-0.2727930835350349,2.4599539487105684,4
1.2036350611172983,0.6378283296037072,0,0,-0.16662099100320063,-0.09772397374073388,-0.277947959021145,-0.11522114011180684,-0.36163571058591804,-0.42947148557022774,-0.4769144466238559,-0.15394078715829201,-0.31879096072440627,-1.0603678424205432,2.1163669718835876,-0.38720045408753906,-0.21647766908282035,2.5927627475997284,4
-0.32552914049133214,-0.8980776121786926,0,0,0.24568839022383557,-0.018974293020332596,-0.18423911745991542,-0.03407164939256214,-0.2772076183401192,-0.2644414458147721,-0.19383986323779717,-0.3864467915215626,0.34137707476042684,0.32437221256079,-0.8907211421031942,-0.21906418578464873,0.039312366331108003,-0.3116202706699749,1
-0.21531910794296238,0.04441012482414362,0,0,-0.4053262166563868,-0.12243461786066287,-0.49660186550163216,-0.1406320667427164,-0.779894476464981,-0.68653761669562,-0.8262947589185176,-0.8055693960556284,1.479927736293263,-0.9477873607309498,0.1307341125439174,-0.8450482546198306,0.09778239276819796,0.2917291074136642,1
1.3413976018027605,0.1316775078799618,0,0,-0.7308334029138921,-0.12725262267452722,-0.6840194839650036,-0.14700974842033943,-0.9710707367414775,-0.9372564144310402,-1.0150111172399032,-0.9401781296272895,1.0972216233996184,-1.088512966642533,0.7512443826985044,-1.0519851232189963,-1.8651544328831187,0.8829091994428392,7
0.4046123251416175,0.07931707804647088,0,0,-0.535529059910694,-0.12040598132398299,-0.5903106845727443,-0.1462125382061522,-0.8148302324490093,-0.7277951409159339,-0.8492467421788186,-0.8483994506502773,1.451224747903407,-0.8971261411842657,0.07345623920566971,-0.8735020801633203,0.5921203803975966,0.23260396593980223,1
0.17041600597633177,-1.0027984718456744,0,0,0.2890892338129551,-0.05785642864398847,0.14374177177909456,-0.07732027939560597,-0.2267448451399541,-0.21366292150950048,-0.1377351004455583,-0.34361672866683246,0.30310650394223143,0.4031785259327321,-0.9861842500141393,-0.16215665109965663,0.011686620895027673,-0.3108664744574834,1
0.749018676855273,-0.9504380420121835,0,0,-0.4487272047707201,-0.11605485891661368,-0.4185112775882831,-0.13368477456603112,0.094470122092357,0.2306488733918977,0.007627587969092824,0.06632809965643341,1.1546275399031207,-0.49746538837747867,-0.3083961924381103,-0.014714048704325253,-1.0862278942968666,-0.09978263571720856,2
-0.05000405912040776,-0.37447331384378363,1,0,0.4192918036411821,-0.08491932189049846,-0.340420529432847,-0.13157184445064385,0.38269018101560537,0.408373522801496,0.4156629045850842,0.31413053537239055,-0.07959963478407418,0.5326460588513583,-0.8238971126241025,0.3991596186528138,-0.6908150529256947,-0.407848924603588,2
-1.689378293277408,-0.6188219864000745,0,0,0.6796979198193512,0.037489374469304046,0.018796630955690466,-0.04197727004644275,-0.767278777924575,-0.8356994343714578,-0.7089845896119269,-0.7627393414609794,0.006509235665735893,-0.2441593413052777,0.4075771598523801,-0.7415798319604465,1.4246666709543794,-0.6664122192002002,3
-1.2760906712210214,-1.3693214806801108,0,0,0.1588863514977792,-0.054813514918807135,0.2374505852276773,-0.12116685785752901,-0.3965714927717699,-0.350130146668936,-0.35450381721107327,-0.4874032935165014,0.7432184988958298,-0.04714348188359295,-0.6616098034004544,-0.38202699104985444,0.0012661243301582224,-0.23993645078230144,1
-0.022451550983315315,0.49820051671439813,0,0,-0.7308334029138921,-0.12725262267452722,-0.6840194839650036,-0.14700974842033943,-0.9710707367414775,-0.9372564144310402,-1.0150111172399032,-0.9401781296272895,1.0972216233996184,-1.088512966642533,0.7512443826985044,-1.0519851232189963,-1.8651544328831187,0.8829091994428392,7
0.8454524553350965,0.8647235255488345,0,0,-0.16662083475972622,-0.10831868432809699,-0.09053019156074525,-0.11140101509246628,-0.5217579888337879,-0.5500704486619851,-0.6579801721659292,-0.32526095597640065,0.16915933386080698,-1.3305610116474846,2.0877279793685397,-0.5320562318424383,-0.1370653878092496,2.392273854319595,4
-0.6837117462735339,-0.9853449952345108,0,0,-0.16662075663798898,-0.10426144434682935,-0.16862093971618136,-0.11930666265219791,-0.38783753412439514,-0.2930043460994934,-0.3749055887798703,-0.4904625797870387,1.1737628425339925,-0.23290120245273535,-0.7761656016270333,-0.40272068023781066,-0.056847459155561185,-0.10367177124890219,1
-0.5735017137251641,0.3411192272139254,0,0,-0.23172272511730305,-0.10206005339590188,-0.34042069810872805,-0.1372459567779885,0.3487248095663245,0.29094829781197556,0.4717678509932446,0.2529446722936246,-0.8067410830918783,1.1011774100725478,-1.0625547535262565,0.45606733958098566,-0.3777075785856437,-0.4816853017785725,2
-0.9316843195073659,-0.6013685097889109,1,0,-0.5138289115422146,-0.12104114865829484,-0.3248020986752913,-0.13315856517781105,1.808263327406593,1.7222670787131773,1.864188433497788,1.8040043258042548,-2.2514567675472907,1.8554667351689769,-0.9002674443026083,1.868411294913341,-0.741615213429492,-0.6092862423371723,6
0.4734935954843486,0.25385184415810724,0,0,-0.6657319539441305,-0.12344893384678958,-0.5903106424037741,-0.14461811709616296,-0.9011992064321444,-0.9055198560202032,-0.8798493949416163,-0.9126445256588498,0.6953802423186506,-0.5987878274708469,0.321660354140849,-0.9148894468990342,1.7391687931831594,-0.46151112699079533,7
0.8592287094036428,0.9868978618269799,0,0,0.8533019972714639,-0.059139338307625154,0.2530687348587645,-0.08966046502067765,0.6553831965208935,0.6305294773779959,0.7650433316396968,0.5405179671945867,-0.758902869569134,1.2644191569039227,-1.387129543807164,0.753539136208106,-0.5273248234574325,-0.43974673336057973,5
-1.2760906712210214,2.034106458496798,0,0,-0.2317223735694856,-0.0920882124367476,-0.04367588323071779,-0.11642474645275326,-0.6527670803243502,-0.6579747164108987,-0.8007925272435286,-0.46292897581859904,0.4848918875464001,-1.516318848737432,2.0877279793685397,-0.6484582189744442,0.18656009598330892,2.2053622866560296,4
0.36328356293597885,0.25385184415810724,0,0,-0.5572295520148173,-0.12556209466165477,-0.5590744190457461,-0.14568106440117815,-0.8284163574470805,-0.7373161124379911,-0.8696485091572176,-0.8575773177219704,1.4990630044805866,-0.9534163794960014,0.12118779316114212,-0.8890223412341881,0.6084572109641491,0.31318115765705035,1
-0.9179080654388196,-0.025403781620510917,0,0,-0.6223309736419709,-0.12480135630273179,-0.52783808885966,-0.14488385416905372,-0.8235641753752899,-0.7373161124379911,-0.8619978534259151,-0.8514587369208148,1.451224747903407,-0.9309002791051852,0.1307341125439174,-0.8838489177731792,0.5392653439334727,0.2586516690524838,1
1.3413976018027605,-1.4914958169582562,1,0,-0.5138284037509228,-0.11803961625200193,-0.09053038834927322,-0.13465942825803828,2.0023509771037435,1.9317281094436312,2.0019003743731756,2.048747667984902,-2.2705918807386465,1.6415639207745767,-0.5184150985756338,2.008093679471748,-0.8374538610189259,-0.6505659346322633,6
0.32195480073034016,-0.13012464128749274,0,0,-0.5355290989715626,-0.11634871669481223,-0.35603853850069994,-0.13604810918602886,-0.810948484695431,-0.7341424600244554,-0.8390458632800171,-0.8422808698491215,1.3555482347490482,-0.8520939505348771,0.0925488865629005,-0.8709153672687958,0.5093870377156808,0.13024833992468987,1
0.8041236931294579,-1.648577106458729,0,0,-0.4270263259639977,-0.11339023344885157,-0.4653653329044889,-0.13930338532445405,1.7345101724922518,1.5984944632078848,1.8845903657305165,1.6663363059620562,-2.643730290651533,2.418369118286334,-1.4635000473192812,1.8891051470640796,-0.5696091926379062,-0.5775901792102708,6
0.184192260044878,1.3883278238837435,0,0,-0.07981879603366986,-0.08967494765423721,-0.04367577078013034,-0.11331051437298788,-0.6760576192494671,-0.68653761669562,-0.8288449545436284,-0.4751661209007483,0.45618889915654437,-1.566980068284116,2.2022838635119246,-0.6588050519282237,0.48415752873303847,2.18975695806194,4
-0.8628030491646348,1.7373973561070162,0,0,0.24568831210209832,0.00334070888314624,-0.21547538860944293,-0.1031631807207568,-0.7963919175186006,-0.7976155654209695,-0.9079018222417159,-0.6526049173271394,0.6379742999824871,-1.3924802839226378,1.724968152123588,-0.8088342927208076,0.7204401044363699,2.207123840465908,4
-1.4689582281806683,-0.6362754630112382,0,0,-0.12321991304886948,-0.08246160415828512,-0.15300287442303462,-0.11567420415021949,-0.8944061400028354,-0.9023462036066675,-0.884949843571813,-0.8881702134676683,0.6571096284460199,-0.671965172738957,0.48394764618113606,-0.9200628750161226,1.8957417975397455,-0.5596518998661724,3
-0.5183966974509793,0.2014914143246163,0,0,-0.5789300324006799,-0.12175840583391714,-0.5903106592713622,-0.14382090695372468,-0.9458393501413949,-0.9372564144310402,-0.9512555908420081,-0.9371188403280557,0.8484626719765116,-0.8126907583860523,0.5316792087282891,-0.9873173544008017,2.49393754914147,-0.4872195894560869,3
-0.3530816486284246,1.3010604408279254,0,0,1.243909902060488,0.019584868348468495,0.9090304571114906,-0.043104470945295986,0.5573689347339231,0.544840776523832,0.645182897852025,0.45791715528926746,-0.5675499293692872,1.0392582543181994,-1.1962031561516628,0.6319636860384156,-0.5589339943285271,-0.43437336338095955,5
0.30817854666179395,1.2137930577721072,0,0,1.851524602812437,-0.04497797458164225,1.299484057325437,-0.049977825305174146,0.3846310024887475,0.3925053178596184,0.4309642619516699,0.31718982164292786,-0.24224964687027442,0.6227105617370624,-0.8143506385910771,0.414679914644278,-0.6652425705859069,-0.46303709522044345,5
-0.36685790269697083,-0.2872059307879654,0,0,1.0920070666811756,-0.04204999539799445,0.42486832457543017,0.16024843381339746,-0.74301782040234,-0.7976155654209695,-0.6809321623118272,-0.7566207744266257,0.11175339152464352,-0.19912714052364527,0.22619724622990398,-0.7131260180571556,1.1741172666939996,-0.5924259886322435,3
-0.628606729999349,-1.1598797613461471,0,0,-0.05811841329997864,-0.09031460638422703,-0.13738461234136004,-0.11160033363705721,-0.26847365969274445,-0.25174680759772905,-0.18363908073735427,-0.3833875052510253,0.3700800028740733,0.34125916753350566,-0.9479992130500948,-0.208717445952459,0.0550663427087446,-0.30613121076521005,1
-0.7663692706848112,-0.6711824162335653,1,0,0.48439373305962746,0.060057953087101275,0.4248681277869022,0.02233099648093092,-0.40918717297089935,-0.35330377051957124,-0.3698051975296489,-0.5057590386733293,0.8388950120501887,-0.07528857570885095,-0.7093413143975239,-0.39754731032171586,0.041529749240524924,-0.19109142676590973,1
-0.17399034573732375,-0.16503159450982,0,0,-0.4487270602455063,-0.12581567479929306,-0.4966018008425444,-0.1462125388160182,-0.8332685604803298,-0.7500107420861639,-0.8747489577874145,-0.8545180259447124,1.4320894452725352,-0.959045403327175,0.1975582794898982,-0.8967824775897214,0.4643072700289743,0.2937122514286002,1
0.625032390238357,-1.5264027701805836,0,0,-0.29682391237924505,-0.11947613529936621,-0.1686206023644192,-0.12090108544828719,1.7286876032655316,1.620710115791335,1.8590880422475664,1.6571585848184642,-2.385403679302103,2.2832728705699736,-1.4921387820839116,1.863237924997246,-0.6243236433778825,-0.56149782708902,6
-1.4689582281806683,-0.007950305009347285,0,0,-0.4487271110246354,-0.10755797038885581,-0.5122199785862784,-0.1395026844968322,-0.9429280393262112,-0.9340827588755855,-0.953805809419109,-0.9279409721550186,0.8484626719765116,-0.8464649216375816,0.5889570906582172,-0.9899040626392466,2.413213704272348,-0.5206462133983791,3
-0.21531910794296238,0.39347965704741633,0,0,-0.7091329201843773,-0.12414692366526166,-0.6684013467034811,-0.14456879992679159,-0.9701002988336155,-0.9372564144310402,-1.0124608961380834,-0.9401781296272895,1.087653971223094,-1.0772549179669617,0.7416980710482418,-1.0493984124197078,-1.3808108841682665,-0.4722385852958451,3
0.9832149960205587,-0.40938026706611086,0,0,2.11192950810368,1.7750142288670514,0.9402668407116055,1.0884003847032206,-0.7575743744782586,-0.8039628702480407,-0.7089845896119269,-0.7627393414609794,0.19786226197445345,-0.30044957961701346,0.31211405194143504,-0.7415798319604465,1.352004530796813,-0.5987201546547796,3
-0.6423829840678952,-1.1075193315126564,0,0,-0.5572287161122291,-0.12251913209710988,-0.465365670256251,-0.14010060282115824,1.905307283264286,1.9063391186385479,1.927944242205162,1.8560124402058242,-1.5434503463219722,1.7147411140590278,-1.368036767574725,1.9330793500804238,-0.8914909524558154,-0.519164372981342,6
1.4929363965567688,0.5331074699367254,0,0,0.7230989587128136,0.13790675751322995,-0.4966020173099251,-0.13664600921437617,-0.10641055997173238,-0.2200102834623724,0.0535315682608888,-0.18759293613420217,-0.9406882531733027,0.9717100291375801,-0.7093413143975239,0.03184674614847711,0.1347318436355512,-0.5422831410596152,2
-1.510286990386307,1.1439791513274526,0,0,-0.14492076451298383,-0.10620557052682478,-0.12176654704821337,-0.09519109543988491,-0.12970109889684941,-0.12797422065533648,-0.08928078681671067,-0.17841510485619436,0.12132112033806282,0.16113041506819514,-0.3943129981496412,-0.11300903160642221,-0.49045972101993185,-0.43573737865611284,5
1.506712650625315,-0.23484550095447454,0,0,-0.40532617759551814,-0.12243461786066287,-0.5434562497358061,-0.13684531592039265,-0.9235192795968609,-0.9340827588755855,-0.9028013850875143,-0.9279409721550186,0.6571096284460199,-0.6213039531922728,0.39803085765296614,-0.9381698443254354,2.4247456821107933,-0.5098388462244512,3
0.30817854666179395,0.026956648212979984,0,0,1.7647221344168262,-0.037702899499463864,-0.3091843707339068,-0.13337535548521326,0.16143024463975925,0.12591814380491856,0.24734834078448603,0.09080233475352387,-0.4527380446969602,0.7015167231253459,-0.7379803069125714,0.22843673523306857,-0.4500242607036339,-0.47358344832388277,2
0.8867812175407352,-1.4740423403470926,0,0,-0.31852456853901645,-0.11414962256330058,-0.4653660469657188,-0.1365392749588605,2.2828076977307767,2.315740451362051,2.2059183195810483,2.317965080061017,-1.5625858039488112,1.365741595997291,-0.7570728253945934,2.2150308041552855,-1.0439417814796002,-0.5846401472549624,6
1.1485300448431135,2.034106458496798,1,0,-0.3185241779303304,-0.10755796080356016,0.0031785375498969964,-0.057190717155537446,-0.6003634332473959,-0.6262381637126416,-0.7166352453432294,-0.4292768268426888,0.2552682043106169,-1.2630127206072796,1.887255461347236,-0.6200044283515509,-0.02726984310268916,2.4309331180473297,4
1.1898588070487521,-0.2872059307879654,1,0,0.26738881201839526,-0.07586053511552407,-0.10614834119183245,-0.09645331348676234,-0.532432821357952,-0.600848915841456,-0.42335978764876725,-0.5914191368491856,-0.18484379064298165,0.28496892922176986,-0.2988498902386964,-0.451868183329058,0.5200247478340144,-0.5143401419249334,7
-1.3449719415637524,-0.9678915186233472,0,0,-0.1883212956151545,-0.0933575223916216,-0.18423911745991542,-0.05559627104104393,-0.40530545141914465,-0.35330377051957124,-0.36215449589436594,-0.502699752402792,0.8006244067884452,-0.04714348188359295,-0.7188875306801321,-0.3897871390455864,0.05438915776933709,-0.21726031960442796,1
-1.31741943342666,0.026956648212979984,0,0,-0.5789300792737222,-0.1258156725170798,-0.4966018289551912,-0.14382091000305447,-0.817741543264193,-0.7309687990420497,-0.8568974047957183,-0.8453401616263796,1.451224747903407,-0.9309002791051852,0.1307341125439174,-0.8812622048786548,0.44412641778899326,0.27193148780338394,1
-0.24287161608005484,0.39347965704741633,0,0,0.006983047388043566,-0.10426143065354984,-0.09053030401133258,-0.12335919861919961,-0.41112807304951204,-0.45803438585494916,-0.3341020915462564,-0.4537510894733834,-0.0891672774886228,0.17238855392073751,-0.20338678232775131,-0.361333348422693,0.02139989837673354,-0.517903365737973,2
-0.06378031318895398,-0.2697524541768018,1,0,-0.49212813819983736,-0.1126295512323746,-0.4185112775882831,-0.14428594535146172,-0.3965714927717699,-0.33743550845189296,-0.367254978952548,-0.48434403477956817,0.8580303232919475,-0.13157876335936713,-0.6329707249686011,-0.394960602083271,-0.06862563850915195,-0.20639355458302655,1
-0.1464378376002313,1.9991995052744707,0,0,-0.07981879603366986,-0.10134282908415039,-0.2779479027958513,-0.12785179951110917,-0.6139495765867435,-0.6198908588855703,-0.7701898813663279,-0.41398039549000226,0.4466212908955437,-1.5388349237976386,2.164098568797463,-0.6070708871593264,0.14638770686812638,2.207185244123046,4
-1.6618257851403155,1.4755952069395617,1,0,0.18058685141407613,-0.08699816483648706,0.0031785375498969964,-0.11660057439565266,-0.5838660052946881,-0.591327958600849,-0.7344867983349256,-0.38950605025849594,0.40835065980113905,-1.4769156413902413,2.09727436748476,-0.5863771746909727,0.0066289844228837585,2.2498473274979554,4
0.5974798821012646,1.0567117682716345,0,0,1.0920070666811756,-0.09255766598469121,0.9558846811035775,-0.1145350552597759,0.29340987787601003,0.31633757424606157,0.3315056685887657,0.2223517545210437,-0.03176133515245934,0.49324282617355797,-0.8048043363916632,0.3137982235037363,-0.6524746593977974,-0.40260502640261114,5
-1.2623144171524752,-0.1126711646763291,0,0,-0.6223309814541446,-0.12682999076259763,-0.6527832100042114,-0.14647827472298874,-0.9429280393262112,-0.9372564144310402,-0.9436049236347104,-0.9371188403280557,0.8197597008084299,-0.7789166305973768,0.5030402849466862,-0.9795572180452684,2.49393754914147,-0.496981088649009,3
1.3413976018027605,1.1439791513274526,0,0,-0.40532629477812404,-0.10430404870379899,-0.4028928468307274,-0.1256183466090316,-0.5178762148783862,-0.5215075483772638,-0.6911330366202305,-0.30078669334570624,0.38921537439204135,-1.5726090363879484,2.2786543670240422,-0.5113625892152769,-0.0760948554385114,2.2160885155938663,4
0.8592287094036428,-0.7584497992893836,0,0,-0.2100220689575317,-0.11102354407436757,-0.3091841739453789,-0.13425442703822096,0.09058837433877871,0.14178654868709833,0.07903377698388768,0.0540908719734722,0.38921537439204135,-0.002111230440740733,-0.3847666959502275,0.057713851813323176,-0.7983552470316754,-0.37408513052710746,2
0.6663611524439957,-0.5315546033442563,0,0,-0.7308334029138921,-0.12725262267452722,-0.6840194839650036,-0.14700974842033943,-0.9710707367414775,-0.9372564144310402,-1.0150111172399032,-0.9401781296272895,1.0972216233996184,-1.088512966642533,0.7512443826985044,-1.0519851232189963,-1.8651544328831187,0.8829091994428392,7
-0.32552914049133214,0.11422403126879815,0,0,-0.49212813819983736,-0.12175840423636786,-0.49660186550163216,-0.13664601387805703,-0.8196824250015292,-0.7246214827898183,-0.8619978534259151,-0.8514587369208148,1.5277659756486681,-0.9534163794960014,0.0925488865629005,-0.8760887930578445,0.6430533188431665,0.3190209430871209,1
1.0520962663632898,0.6552818062148709,0,0,0.26738896826186975,-0.11541891106537,2.548935184433008,1.5867231139145985,0.1245536933844124,0.08466074811765573,0.1657412315573074,0.11221733864728499,-0.4623056012926386,0.37503343210747414,-0.17474787572950956,0.14566195520084585,-0.5444238412570419,-0.6304897210003416,5
1.1898588070487521,1.4406882537172343,0,0,-0.3619251152655345,-0.10147205256284841,-0.07491204192965806,-0.12727878201381448,-0.5499006862490543,-0.5500704486619851,-0.6809321623118272,-0.3864467915215626,0.4466212908955437,-1.3193029538528933,1.7917923534362912,-0.5837904897329254,-0.4381607739199548,2.340270974152933,4
-1.1107756223984666,0.026956648212979984,0,0,-0.535529059910694,-0.12243461786066287,-0.5590744190457461,-0.14408664617908354,-0.4936153176203453,-0.5119865625737564,-0.4463117777946652,-0.5271740701006943,0.23613291890151922,-0.09217568266522538,-0.07928476781856461,-0.4751485807554592,-0.12723044807032557,-0.47850680519982236,2
0.6112561361698108,0.2363983675469436,0,0,-0.1449201785999549,-0.11634872445433728,1.6899375169761486,0.7511807436000207,-0.3072911896321746,-0.4040822376990422,-0.17598833319809107,-0.36809099129752687,-0.62495578559658,0.6170814923107913,-0.4229519906646891,-0.2009572281155347,0.32558806024868486,-0.5490011152531229,7
-0.06378031318895398,-0.2697524541768018,0,0,1.0703066058257473,-0.04740535257089682,-0.21547555728532405,-0.1189653583441604,0.550575902366985,0.5670563719814821,0.5814274104725129,0.49156927673157386,-0.29965550309756733,0.6564845223437135,-0.8143506385910771,0.5672959567968965,-0.7646649584665226,-0.446016570852996,2
-0.1464378376002313,2.069013411719125,0,0,0.33249027270641746,-0.07126382442487882,0.6279042697795639,-0.11255864292141214,-0.3402860979412374,-0.3882140327571645,-0.4998664367697539,-0.09887357922141266,-0.1561407764204645,-1.336190045610902,2.421848985932056,-0.34063965923473666,-0.24490217453368748,2.433062317357584,4
0.14286349783923932,-0.33956636062145634,0,0,-0.3619251152655345,-0.12480133119838605,-0.12176671572409441,-0.13425437681396568,0.696141600337113,0.7257390497840656,0.7420913414937989,0.6047629513422658,-0.29965550309756733,0.8760166594704829,-1.1866568539522488,0.7302587387817048,-0.7003232351296461,-0.40246992541620064,2
0.9556624878834663,-0.8980776121786926,0,0,-0.34022471690749595,-0.11812381577124162,-0.3560386228386405,-0.12648163877725918,1.4773439907903358,1.325559955763213,1.6729220402152223,1.3726446037216435,-2.5767569639374326,2.5084336211720384,-1.6830651697394134,1.674408177029976,-0.4553329808739424,-0.5572490692956071,6
-1.5240632444548532,0.2014914143246163,0,0,-0.622330997078492,-0.12581567356689793,-0.60592880327992,-0.145880367609434,-0.8953765821815944,-0.8896515825273648,-0.8772991763645154,-0.9126445256588498,0.7814890955466863,-0.6156749344272213,0.2643824979859626,-0.9123027386605893,1.762809500320193,-0.38433934715849516,7
-0.40818666490260946,1.1788861045497798,0,1,0.5060941157933186,-0.06365021495790037,1.002739720362423,-0.053997091290488713,0.6078317603377354,0.5607089814657098,0.7344405250985651,0.49462853546850705,-0.9215530538730757,1.3375966034944722,-1.348944249092703,0.722498451103588,-0.46647481997999724,-0.46140436615383273,5
1.1485300448431135,0.5331074699367254,0,1,3.826268064030292,2.7452938833197718,-0.4185112101179306,-0.1347194383507346,-0.74301782040234,-0.7690526651362481,-0.6962334737744323,-0.7657986332382375,0.3700800028740733,-0.30044957961701346,0.1402804405183729,-0.7286462674878247,1.4979580024486308,-0.45445844139752617,7
-0.40818666490260946,-1.3344145274577834,0,0,-0.44872795864548404,-0.11972977454632772,-0.2623301467418199,-0.13843975306626916,1.8354357974980522,1.725440559749311,1.9406954498506166,1.794826604660663,-2.4906480934876223,2.204466303891934,-1.253481141181758,1.946013007674635,-0.6622320508903611,-0.5865545308205407,6
1.1623062989116597,-0.025403781620510917,0,0,-0.4053264119607298,-0.12547755737485394,2.5333166412248658,1.482222133722377,0.056622950485850754,0.08466074811765573,0.07648355840678679,0.005142346712083487,0.20742999078787275,0.17801752202456958,-0.5088687963762202,0.05512714357487829,-0.6341005636025258,-0.4014732321237354,2
-1.0418943520557356,-1.456588863735929,0,0,-0.3402252051683534,-0.11763000530237673,-0.44974743628722325,-0.13404739996730372,2.3070686211906404,2.318914218027188,2.2339707009771685,2.357735829111606,-1.773073943448885,1.4107737967789233,-0.6234245086859929,2.243484571497782,-1.0171499739306005,-0.6141266492779692,6
1.4929363965567688,1.2836069642167616,0,1,0.7881997944269384,-0.063665368853887,-0.12176654704821337,-0.12432072225589355,0.3322273554117932,0.3290321267744036,0.39526113301628746,0.25600395856416197,-0.29965550309756733,0.6902586855952426,-0.8716287095379778,0.37846592946485785,-0.5807219130095213,-0.4392419810641296,5
-0.2979766323542397,-1.0377054250680018,0,0,-0.4704275992226718,-0.11129526438403142,-0.30918490487419686,-0.130526579222509,1.8791054597258088,1.8143030558315123,1.8820400323934645,1.9171981656165709,-2.117509425248125,1.5627574554189758,-0.5375077029744617,1.886518322423647,-0.8329354006340386,-0.6411454230822451,6
1.0934250285689284,0.9345374319934889,0,0,-0.036417639957601534,0.1168597076477408,1.658700711686331,0.3432750730361537,-0.10932184458509248,-0.10893230617412258,-0.08163015403739823,-0.1417036145425388,0.09261810611554581,0.09358218988757581,-0.2511183792416268,-0.1052489301714851,-0.6398592728381387,-0.4764085341805185,5
1.7271327157220546,-0.6362754630112382,0,0,-0.4487272047707201,-0.12175840606213846,-0.5122200432453662,-0.14029989589487685,-0.6789689038628273,-0.7468370839600483,-0.5661722115823372,-0.741324321047056,-0.060464349374976495,0.18927550889345335,-0.26066468144104066,-0.5967240309251497,1.0089208886239736,-0.5008513954512749,7
-0.2842003782856935,0.4109331336585799,0,1,0.48439373305962746,-0.07732906631171746,0.6279039886530955,-0.10038828523445538,0.33319787095565834,0.3131639503954261,0.41821312316218545,0.24682609975254996,-0.4527380446969602,0.836613376131463,-0.9670917315321171,0.401746326891259,-0.5177322056417892,-0.44763959438897355,2
-0.6699354922049876,2.1911877479972706,1,0,0.0720845471369344,-0.0801713757743493,-0.02805767737433687,-0.04815561398663444,-0.620742661357329,-0.5881543061873132,-0.7140850267661285,-0.533292642641769,0.8006244067884452,-1.1279161385268701,1.1140042357184983,-0.7027791618229786,-0.9791738261287212,2.5415437507905194,4
-0.9592368276444583,-0.7584497992893836,1,0,-0.014717608771727756,-0.029117452881599573,-0.16862093971618136,-0.12727879995104852,-0.7857170902348014,-0.854741371702992,-0.7293863382287338,-0.7780357920871888,0.0160769644791552,-0.2723044857917553,0.44576240301675807,-0.7622734978680052,1.5143709863521089,-0.6813099499076115,3
0.9143337256778277,-0.3919267904549472,0,0,-0.2968234045879532,-0.10946588560408295,-0.3716566881317872,-0.125730054321428,0.20898175942838765,0.17669669667309038,0.2958025167013926,0.133632425141858,-0.4623056012926386,0.7465488732457589,-0.8048043363916632,0.2775842150439183,-0.458331643839297,-0.47217873452360865,2
-1.5929445147975845,0.8298165723265072,0,0,-0.14492060826950942,-0.10430407380814474,0.09688726666053925,-0.11755609264639186,0.232272272151681,0.23382249724253298,0.2983527123265033,0.14892891156175245,-0.1752761479384327,0.6283395298408947,-0.8907211421031942,0.28017090000196565,-0.522804445072073,-0.4180994531333352,5
1.5480414128309539,0.2014914143246163,0,0,-0.5138285599943971,-0.122519146931496,-0.4966018148988678,-0.1406320667427164,-0.8623816948339907,-0.7753999842447696,-0.9053516105502121,-0.8851109216904102,1.4894953445542634,-0.9928195564464604,0.1975582794898982,-0.9200628750161226,0.9561466697251959,0.36020315950288845,1
0.5974798821012646,-1.927832732237347,1,0,-0.21002281111403512,-0.11710943360093064,-0.3091841739453789,-0.13983481839396963,2.4458412081883596,2.480770576806207,2.3232282364157473,2.532115366801063,-1.677397344185656,1.1968708810620836,-0.35612778935198575,2.334019243441364,-1.0927629578144784,-0.6410167924495901,6
-0.0775565672575002,0.5156539933255617,0,0,1.2439104098517797,-0.0008312225839437169,-0.6684013613220573,-0.14456880243800435,-0.882760886261371,-0.8515677135768763,-0.9257533798238101,-0.8514587369208148,1.0015450930234857,-1.0097066228738591,0.713059135238286,-0.9614502464079159,-1.4945582508929713,-0.5546199057506814,7
-0.20154285387441617,1.021804815049307,0,0,0.20228750757384753,-0.08630918063150342,0.03441494926265883,-0.11905049025061135,0.24391751541241605,0.2814273691342689,0.2779509637096963,0.16422528784723092,0.1404564057471605,0.42569465165415826,-0.8620824073385638,0.2594772340944067,-0.6112802375765091,-0.3658998742125121,5
0.23929727631906286,1.021804815049307,1,0,-0.2968236780140335,-0.10820883798100658,0.09688726666053925,-0.11021694778055359,0.17210512956757018,0.21478063988711962,0.1988941648675794,0.09692098989541043,0.24570056160606799,0.3187431937957382,-0.7857119038264467,0.17928925542221885,-0.6146927527346371,-0.3496787620515311,5
1.0245437582261974,-0.4617406968996018,1,0,0.33249015552381167,-0.09861950052714613,-0.5434562497358061,-0.1437348726250295,0.2817646346152751,0.3766369986661395,0.22694654626369867,0.2529446722936246,0.6284066400561642,-0.13157876335936713,-0.40385938626586115,0.20774302276471474,-0.996162907628544,-0.30555030240505976,2
-1.6480495310717693,-0.09521768806516545,0,0,-0.6440314735582678,-0.1255620942052121,-0.5903106592713622,-0.14541532741797353,-0.9468097896999718,-0.9372564144310402,-0.9563560302914089,-0.9340595510288221,0.8580303232919475,-0.8408358876741643,0.5698644518926671,-0.9924907732057313,2.49393754914147,-0.521985835439875,3
0.2806260385247015,0.550560946547889,0,1,1.2005093709583172,0.6856380290413563,2.1116272196637413,2.030503844476112,-0.6750871823110726,-0.7151005255492112,-0.6120761918741332,-0.7046128665270857,0.18829470537877505,-0.1372077821244188,0.04481733260742788,-0.643284825777952,1.3923704635959975,-0.5020902740848008,7
0.625032390238357,0.3411192272139254,0,0,-0.7308334029138921,-0.12725262267452722,-0.6840194839650036,-0.14700974842033943,-0.9710707367414775,-0.9372564144310402,-1.0150111172399032,-0.9401781296272895,1.0972216233996184,-1.088512966642533,0.7512443826985044,-1.0519851232189963,-1.8651544328831187,0.8829091994428392,7
-1.193433146809744,2.0515599351079614,0,0,0.07208462525867164,-0.11414966729468029,-0.24671154730838313,-0.12145545180963287,-0.5955112747572466,-0.6262381637126416,-0.6936832551973314,-0.44151399945844194,0.20742999078787275,-1.1391741861892173,1.724968152123588,-0.6303512845857276,-0.12194875427030545,2.5290590738126073,4
1.2587400773914832,-0.7933567525117108,0,0,-0.21002195177492583,-0.1191381061965799,0.5341952595424534,-0.033008796527084126,-0.024893804742940905,-0.04228551980117258,0.040780429471404145,-0.08663640660565944,-0.1370054910113668,0.4144365128016157,-0.5661466095727034,0.01891315839545794,-0.3843278187605835,-0.44599405402192766,2
0.1290872437706931,1.1788861045497798,0,0,-0.18832117843254872,-0.09743142595294141,-0.2779478465705576,-0.1274821561670206,0.6447084164003768,0.6273558535273606,0.7446415371189095,0.5343993671199078,-0.6823616418238729,1.1912419129582517,-1.3393979468932888,0.7328454237397521,-0.5443771989728344,-0.43786903670079397,5
-0.9179080654388196,0.2887587973804345,0,0,-0.7091329201843773,-0.12682999055719846,-0.6215469276096249,-0.1464782748664866,-0.9642776716222595,-0.9372564144310402,-0.997159568838605,-0.9401781296272895,1.03024805558068,-1.0097066228738591,0.6844201985691623,-1.0338781469255642,1.5252505388936057,-0.4722385852958451,7
1.134753790774567,0.8472700489376708,0,0,-0.3402245606640215,-0.12044837115290703,-0.215475191820915,-0.13052656935703025,-0.47323608951041213,-0.46755537165845645,-0.6401285962222427,-0.27325308937726656,0.43705363096922084,-1.493802723016006,2.09727436748476,-0.4880821917888757,-0.3667181333352798,2.231236260770382,4
1.6582514453793236,-1.7532979661257106,0,0,-0.4704275992226718,-0.11891915818858285,-0.35603896019040265,-0.12504124659727064,2.2517535584912087,2.233225517173024,2.1931673414554944,2.3149056561224595,-2.002697712793539,1.4614350163256076,-0.48022980386117226,2.202097379365048,-0.9676137757379109,-0.6416759273866414,6
-1.0418943520557356,-0.496647650121929,0,0,-0.0798189913380128,0.00765153584869193,0.15935992141018174,-0.08801618568258958,-0.8352094343571189,-0.8737833004656562,-0.7982423086664278,-0.8331030055307889,0.33180943205587793,-0.441175150065743,0.41712347923515514,-0.8321146901472088,1.5964342494145478,-0.6223897439482408,3
1.4516076343511302,0.00950317160181635,0,0,-0.6223309814541446,-0.12480135607451047,-0.6059287920348612,-0.14428594660706812,-0.9536028535090986,-0.9372564144310402,-0.9691071369481074,-0.9401781296272895,0.9250038824999987,-0.8858680884557967,0.5794107712754422,-1.005424328366194,2.49393754914147,-0.4722385852958451,3
-0.5459492055880717,-0.3919267904549472,0,0,-0.21002179553145153,-0.09783744766578677,-0.324802351689113,-0.12515290408541177,-0.41306892072447776,-0.3310882321877219,-0.40040779750286926,-0.502699752402792,1.0780863190465693,-0.2554173281741613,-0.6425170271680147,-0.42858778590265684,-0.10062799947702507,-0.12555961922876846,1
-0.6010542218622565,0.3760261804362527,0,1,1.0486060668485817,-0.023762438040684862,1.4244290294729596,-0.03736250941586486,-0.6188017612787163,-0.6548010639973629,-0.5534211186968327,-0.6556642035976769,0.17872697656535574,-0.07528857570885095,-0.05064577530351706,-0.5837904897329254,0.457055223062159,-0.45148447270098113,3
1.2311875692543908,1.2487000109944344,0,0,-0.40532617759551814,-0.112229264721429,-0.12176654704821337,-0.129680742673582,0.24876975250803599,0.23699612109316825,0.3009029538555943,0.194818150552604,-0.30922331801985736,0.5495330644852936,-0.6234245086859929,0.2827576315208079,-0.5997161332301554,-0.4767561862877903,5
-1.000565589850097,-1.5787632000140743,0,0,4.694287279464798,0.1699872814513331,-0.6059287358095675,-0.1425088551451357,-0.03265724784645034,-0.04228551980117258,0.03057957811499081,-0.09887357922141266,-0.060464349374976495,0.3919203870801898,-0.6043319042871649,0.008566348722075927,-0.394963131378327,-0.4308498028364398,2
0.23929727631906286,-0.4268337436772745,0,0,-0.42702657204746985,-0.11685892714809878,-0.19985729520364948,-0.12296920368937556,0.3885128026459729,0.544840776523832,0.270300330930384,0.3753163433839484,1.0972216233996184,-0.46369127578716895,-0.3083961924381103,0.25171713265946977,-1.226064818852267,-0.13129513490807246,2
-0.008675296914769096,-1.648577106458729,0,0,-0.3402242091162041,-0.1110236307984711,-0.38727548435375186,-0.13073320378189449,2.394407814637035,2.468075967152065,2.2645732779983985,2.4525736759646577,-1.2851237349725424,1.1068064794988188,-0.5947856020877512,2.274525023798325,-1.143218444915257,-0.586590958912183,6
-0.39441041083406325,-1.927832732237347,0,0,-0.4053271541172332,-0.1163486719634325,-0.5278376362460458,-0.143289462225007,2.481747139092547,2.5505911869700943,2.307926833145182,2.5963602132807226,-1.3999356196448693,0.8872745956781471,-0.10792367441680638,2.318498900889106,-1.1826588117138983,-0.6610796124492384,6
-0.17399034573732375,-1.6311236298475653,0,0,-0.5138279154900652,-0.12104125067322714,-0.34042033264431903,-0.1340934600937191,1.9965284078770231,1.9412492666245402,1.9712977973519457,2.0579253065276832,-2.1270770679526736,1.4726932058393696,-0.37522039375081345,1.9770532271712045,-0.8826858917885646,-0.6604691992759639,6
-0.6148304759308028,-0.7060893694558926,1,0,-0.07981895227714418,-0.08667988737650283,-0.2623294158130019,-0.13684532417152032,0.324463833702813,0.36711606998843277,0.3315056685887657,0.2713004449840564,0.12132112033806282,0.31311407370824745,-0.6520635012010404,0.3137982235037363,-0.7767805315395222,-0.3940898467500334,2
-1.5378394985233996,0.4458400868809072,0,0,-0.3836256776792212,-0.10933302427746283,-0.4028930323741966,-0.1246878579746641,-0.8264754914308383,-0.8198311608786193,-0.8135436430810232,-0.8392215808252239,0.7336508303586201,-0.5931588087057953,0.27392881736873764,-0.8476349628582756,0.6987039281772023,-0.4170544910018556,1
-0.7388167625477188,0.9868978618269799,1,0,-0.2534228734857826,-0.11440461790137581,0.15935992141018174,-0.1135269486262945,-0.385896660247606,-0.4136032235025495,-0.5228184269156518,-0.1906522774719475,0.06391517800189936,-1.2236095537890648,2.0113575617732287,-0.4182409995096722,-0.4380635661687555,2.4706244679025717,4
-1.4827344822492146,1.4057813004949071,0,0,0.05038424252498051,-0.09798647162665046,-0.07491212626759858,-0.13350707756334532,0.5292262897223041,0.5162778762391107,0.6196805743690751,0.4273242375166866,-0.5484144717424485,1.0336292862143674,-1.2057496301846882,0.6060964639715821,-0.5457832676825561,-0.43534281648411516,5
0.29440229259324774,1.9991995052744707,0,0,0.07208446901519715,-0.1136438610565255,0.06565105173630538,-0.11352693068906046,-0.505260508477433,-0.5088129101602208,-0.6350281820200312,-0.3405573873290872,0.3796477316874926,-1.2742707733357488,1.782246051236877,-0.5449897730346627,-0.49092627463476773,2.395336531566125,4
-1.0969993683299204,1.4232347771060707,0,0,0.02868382073042067,-0.07715549030069954,0.2530689316472924,-0.10163172479102212,0.34581352495296425,0.3449004745307829,0.40291188055555066,0.2743597037209896,-0.2900878603930187,0.6621136930924237,-0.8334434148235166,0.3862261473017821,-0.6115993231095933,-0.4400532987215058,5
1.754685223859147,-0.9155310887898562,0,0,-0.44872745085419224,-0.11972979873778816,-0.3091841739453789,-0.13425440300232735,1.364773358340212,1.141488058652344,1.6372189571838203,1.2380359802843983,-3.1316805852367464,2.924981313753175,-1.835806004930036,1.6381942384113508,-0.25186556242945285,-0.5725810254435357,6
-1.4138532119064835,0.026956648212979984,0,0,0.15888646868038497,-0.08602747107443993,0.0031786218878375205,-0.1228949560965367,0.5544575977169159,0.4972358475062954,0.6783357623063265,0.45485784148512626,-0.9693912673958197,1.2756773464176847,-1.1962031561516628,0.6655909164185962,-0.4532075748053469,-0.48409757906562056,2
1.065872520431836,1.4755952069395617,0,0,-0.05811841329997864,-0.09538616121051476,-0.16862093971618136,-0.0922015576299569,-0.46644300473982653,-0.49294464809254246,-0.6095259273930521,-0.26407520303205073,0.1404564057471605,-1.3305610116474846,2.1163669718835876,-0.48032204379314375,-0.25723295597783946,2.433704629374872,4
-1.179656892741198,0.00950317160181635,0,1,1.3524129875550017,-0.01827842337797071,1.1433027015777988,-0.06548792556562437,-0.7721309626165479,-0.8198311608786193,-0.7191854639203303,-0.7810950866178071,0.19786226197445345,-0.28356247266063894,0.2834750852014293,-0.7519266649142259,1.5007254155843384,-0.5831094556670728,3
-0.11888532946313886,1.1963395811609434,1,0,1.6345193692842563,-0.06280656972532309,0.5341952595424534,-0.09208026964086266,0.5243740788285078,0.5004095284827313,0.6400824836498132,0.4028499473523881,-0.6440909848968074,1.1968708810620836,-1.387129543807164,0.6267902928419231,-0.45273378509782053,-0.42717438308928357,5
-0.2979766323542397,1.074165244882798,0,0,-0.01471784313693941,-0.02100286109061497,2.096008676455598,1.5555663177690788,-0.16172549166204672,-0.14384248272301497,-0.16578748184167774,-0.17229647724791172,0.2935388612376827,-0.15972390784584473,-0.022006868705275302,-0.1776768306891335,-0.7734461313097121,-0.7027030099358106,5
1.2311875692543908,-0.7759032759005472,0,0,-0.23172229544774844,-0.10755796765019991,-0.3091841739453789,-0.13744322312363358,-0.8439433668026701,-0.8801306138615976,-0.8033427687726196,-0.8483994506502773,0.3605124462783949,-0.4242880937705881,0.3598456230802687,-0.837288129904496,1.5857935315227465,-0.5981427402856572,3
0.4872698495528948,-1.4391353871247654,0,0,-0.40532617759551814,-0.1087743681423907,-0.6215469276096249,-0.1439221660479237,-0.9526324165707041,-0.9213881352256218,-0.9869586853494056,-0.9310002614542522,1.0589510138324314,-1.0097066228738591,0.6557812576041983,-1.023531304659626,0.4758392478674202,-0.31094903617140085,7
1.5204889046938612,-0.060310734842838186,0,0,-0.5572295520148173,-0.1194761932675828,-0.5434562581696001,-0.1416285774925115,-0.933223659461536,-0.9372564144310402,-0.9232031566563114,-0.9310002614542522,0.724083170432297,-0.700110291894825,0.46485503319062765,-0.9588635335133916,2.49393754914147,-0.512335626331544,3
1.0383200122947436,1.597769543217707,0,0,-0.12321975680539507,-0.10538002666864778,0.643522110171536,-0.09956484063163533,-0.36745835841810903,-0.44851348574014277,-0.49731624114464323,-0.12946644192678558,-0.4336028453967335,-1.1616902815139114,2.4027562096996173,-0.36650674161918523,-0.030992594837177846,2.5399983067960683,4
-1.2209856549468365,-1.788204919348038,0,0,-0.3402257168657321,-0.10899505588154898,-0.3091841739453789,-0.13824043990284843,2.4312845231033235,2.5093334770909284,2.256922691123066,2.5382339118085344,-1.2755560922679936,0.8422423442352949,-0.15565518541387602,2.266764968924183,-1.1960471524638092,-0.6472544075803045,6
0.30817854666179395,-1.2646006210131289,1,0,-0.2751237640107655,-0.10214838874199503,-0.26233048409358206,-0.11213195199820036,2.3390930401576626,2.4046029188813516,2.2033681239559377,2.412803037048485,-1.3138267491950595,1.0223712486842642,-0.4229519906646891,2.212444119197238,-1.143508934804939,-0.6095988898306282,6
0.4597173414158024,1.0916187214939617,0,0,-0.3836257011157424,-0.1194761887031563,-0.2623298093900578,-0.11452344628190882,-0.6547079804029629,-0.6706693260650413,-0.7676396627892272,-0.4965812073953213,0.38921537439204135,-1.285528815931974,1.7917923534362912,-0.67691207943853,0.0043053704418653995,2.3837203701727856,4
-1.4551819741121221,-1.072612378290329,0,0,3.652663986578179,-0.10702994018628414,-0.4966018289551912,-0.1404600341391663,0.674791987692432,0.5987929532426393,0.8211480944319357,0.5649922573588851,-1.237285435340928,1.5233544253860536,-1.348944249092703,0.8104466708930981,-0.4294244997241803,-0.4928218805515694,2
-1.2898669252895676,-1.072612378290329,0,0,-0.014717374406516189,-0.10823416712477278,-0.16862093971618136,-0.12967040365188456,-0.41598028394330855,-0.350130146668936,-0.390206969098446,-0.5057590386733293,0.9345715424263216,-0.1709820466983871,-0.6425170271680147,-0.4182409995096722,-0.036650042366048415,-0.18477901434578378,1
1.1485300448431135,-1.020251948456838,0,0,-0.18832192058905214,-0.09902666791104348,6.750213949227261,0.31106195317834456,0.5146697356463857,0.5670563719814821,0.46411703459801085,0.5191028807000135,0.054347535297350584,0.08795306980008512,-0.20338678232775131,0.44830705190286896,-1.0058449740116584,-0.39227562426058693,2
-0.3530816486284246,0.4458400868809072,0,0,0.7013984587965167,-0.022778035023638996,-0.09053030401133258,-0.11857591946859139,-0.41112807304951204,-0.46120803826848494,-0.32645141286296364,-0.45986968954806173,-0.11787020560226927,0.22304977346742164,-0.26066468144104066,-0.35357320042696094,0.07539169884792972,-0.5029029505164653,2
-0.6699354922049876,1.3359673940502526,0,0,0.35419104604879464,-0.10946588263720572,0.5341949784159848,-0.09529850000983646,0.5059357507971873,0.5035831808962671,0.5839776060976236,0.4089684648262548,-0.4336028453967335,0.9323068471209993,-1.1484715592377874,0.5698826417549439,-0.571219964307104,-0.4248603257722407,5
0.5148223576899873,-0.5141011267330927,0,0,3.0233504264664144,0.768811556491919,-0.5278380551244839,-0.1424922194368028,-0.5683390142803748,-0.632585468539713,-0.4692637679405632,-0.6189527408176252,-0.11787020560226927,0.18927550889345335,-0.20338678232775131,-0.4984289781818603,0.7485293957138192,-0.5035297336847409,7
0.9832149960205587,1.021804815049307,0,0,-0.27512337340207954,-0.11736305230797288,-0.5122200910368658,-0.1402998948186428,-0.4499455505852952,-0.45486073344141353,-0.5993250989886287,-0.2610159167615134,0.32224178935132913,-1.3587061460017182,1.982718569258181,-0.4777353355546989,-0.4924912758381544,2.3527748033779603,4
-0.2842003782856935,0.1840379377134527,0,0,-0.535529059910694,-0.12308589054566571,-0.44974743628722325,-0.14200729384831942,-0.9244897165352554,-0.9340827588755855,-0.9257533798238101,-0.9034666558337963,0.6666772711505689,-0.7676585677366639,0.6366886360220092,-0.9614502464079159,2.397068935298523,-0.6845376211749015,3
0.11531098970214688,-0.47919417351076543,1,0,-0.3402245606640215,-0.10392334358254697,0.09688743533642029,-0.08668753350201873,-0.39754190350834095,-0.3056989843165363,-0.38765670461736473,-0.4935218660575761,1.1546275399031207,-0.26104634693921297,-0.7093413143975239,-0.4156542447104324,-0.09339901210679487,-0.10749872668100748,1
0.30817854666179395,-0.9504380420121835,0,0,0.07208446901519715,-0.06089938344900831,-0.15300259329656618,-0.1010372633304392,-0.298557283388447,-0.2676150696654074,-0.22444250911499786,-0.41398039549000226,0.5231625014190308,0.2455658485276283,-0.9384527390170695,-0.25010470792638456,0.0740310082857407,-0.2761833725194507,1
0.37705981700452507,2.1562807947749434,0,2,-0.10151956937604696,-0.09944341830838178,1.3151019539427027,-0.06914868184801556,-0.3965714927717699,-0.33426188460125755,-0.4386611679673429,-0.40174322287424913,0.8867332772382551,-0.6044168968971181,0.1402804405183729,-0.4673885026009194,-0.9245145179023175,-0.2529507262150844,4
1.437831380282584,-0.37447331384378363,0,0,-0.38362577142530585,-0.11081880900583377,1.5493740016204829,-0.049683500406796276,0.14978510618631846,0.1195708961036478,0.23459720199500153,0.0755059584680454,-0.3953321884696673,0.6846297174914107,-0.7666191275940074,0.21550314748004956,-0.4777811712174538,-0.4684754275517671,2
-0.821474286958996,-0.9329845654010199,0,0,-0.4704281070139636,-0.12319538451903016,-0.3716575596238394,-0.13691175651149035,1.9771196691091315,2.0332852151799745,1.9177432301848178,1.9722653735534503,-1.1033383513683737,1.2306451962972718,-0.9861842500141393,1.92273237744426,-1.0539326023478013,-0.5222316441790384,6
-0.5321729515195255,1.2312465343832708,0,0,-0.036417874322813105,-0.09817553017236315,-0.15300284631038782,-0.1401005906238391,-0.5314623320159102,-0.5595914059025919,-0.63247791753895,-0.3772688776427427,0.17872697656535574,-1.1054000401625026,1.696329245525346,-0.5760303184567959,-0.33017987561459133,2.5607409668647856,4
0.4183885792101637,0.2014914143246163,0,0,0.20228649199126383,-0.052784955977377784,-0.44974778488404415,-0.14481738480663264,0.8611161418824265,0.8812482751134163,0.9104057446304662,0.7730238338898371,-0.5197117158465429,1.0336292862143674,-1.2343883649493186,0.9009814592386682,-0.7391862837861881,-0.42730171965118763,2
1.0796487745003822,1.021804815049307,0,0,0.7230988415302079,-0.06844080879307095,0.33115951112684744,-0.11642475542137029,0.4680886839979751,0.4750202806115457,0.5482745230662213,0.3600197743632421,-0.31879096072440627,0.9154197908258443,-1.2343883649493186,0.5336687031363184,-0.5281267656093658,-0.39844588300870915,5
0.184192260044878,-1.2995075742354563,0,0,-0.31852355295643275,-0.1060517858691195,-0.18423849898168476,-0.12785179771738578,2.278925897573551,2.293525084407603,2.2084682856862576,2.3240837076692986,-1.7252359882527524,1.4051447273526523,-0.6616098034004544,2.2176172563093584,-1.0167777074753355,-0.6074798489757696,6
0.7352424227867268,-1.7183910129033835,0,0,-0.44872745085419224,-0.11977309255138094,-0.24671154730838313,-0.12474490376006388,0.20315916399984377,0.1925650158665693,0.24734834078448603,0.15810677037336443,-0.26138501838824263,0.45946871358324815,-0.5184150985756338,0.22843673523306857,-0.6246366261821918,-0.48803608339646715,2
-1.6067207688661307,-0.7759032759005472,0,0,-0.23172229544774844,-0.07509983692355432,-0.09053030401133258,-0.13770895947903497,-0.5304918950775157,-0.4421661237872708,-0.5330193241760456,-0.6067155957354761,1.231168759037495,-0.4524332382570657,-0.46113719946234455,-0.5630967772645715,-0.024149125561837757,-0.057307222048139234,1
-0.2704241242171473,1.2137930577721072,0,0,0.5277944985270098,-0.08377281554844743,0.1281237627112416,-0.10795455135763798,0.6039499601805101,0.5797509245098238,0.7089384540875072,0.49462853546850705,-0.71106465604639,1.1912419129582517,-1.3107589543782414,0.6966314851211267,-0.5205255553747904,-0.4420678433632161,5
1.3276213477342143,0.5331074699367254,1,1,0.9184033017160115,-0.06470315968551346,-0.3248023235764661,-0.1363138457208026,-0.801244099590391,-0.8134838417700978,-0.7676396627892272,-0.8208658411751169,0.5422977696063542,-0.4355461313006913,0.1975582794898982,-0.8010741680054732,0.8584071093042404,-0.4680907003174771,7
0.8041236931294579,-0.7933567525117108,0,0,-0.31852355295643275,-0.11972972798917739,-0.4653653329044889,-0.12415626651937199,2.580732126037971,2.7378368507461004,2.358931434207101,2.666723990238309,-0.6823616418238729,0.6508555035786618,-0.4229519906646891,2.370233298461977,-1.3218072830771175,-0.5570917102922784,6
-0.4770679352453406,-0.3919267904549472,1,0,-0.3836255214357468,-0.11846188412809584,-0.19985721086570887,-0.1131947151775082,-0.44509339209514587,-0.35647742293310697,-0.4412113635924536,-0.5302333563712316,1.1641951912185566,-0.33985271097237474,-0.5852392139715312,-0.46997518755896683,-0.10391715233206157,-0.10066538608004291,1
-0.10510907539459263,0.2363983675469436,0,0,-0.622330997078492,-0.11835925528041172,-0.5746925293191276,-0.14250886285814635,-0.9506915400737325,-0.9372564144310402,-0.9640066929083085,-0.9371188403280557,0.896300928553691,-0.8689810068300321,0.5794107712754422,-1.000250904905185,2.49393754914147,-0.49091124979116907,3
1.506712650625315,0.7076422360483617,0,0,-0.5355289817889569,-0.12243461489378565,0.15935992141018174,-0.002714566091813657,-0.6129791396483488,-0.6040225682549917,-0.6707312650514334,-0.5455298152575222,0.5805684007007589,-0.8858680884557967,0.9230779941215665,-0.6588050519282237,-0.5611323715969018,2.7432135483345315,4
0.6525848983754494,-1.1075193315126564,0,0,-0.40532617759551814,-0.11837740868927411,-0.3872747815375807,-0.14109714316738955,2.2692213709786637,2.318914218027188,2.1600143392892526,2.327142801204608,-1.3999356196448693,1.1405806934115676,-0.5375077029744617,2.168470009302483,-1.0986353521689827,-0.6009929958184012,6
-0.8903555573017272,0.1316775078799618,0,0,-0.6006305049743688,-0.12522398946987867,-0.5903106845727443,-0.14541532795609058,-0.8342389895581773,-0.7309687990420497,-0.8900502761356168,-0.8575773177219704,1.613874846098478,-1.0547388185893698,0.17846569227443157,-0.8838489177731792,0.6690002035932898,0.4809563046902346,1
1.0796487745003822,-0.5315546033442563,0,0,0.31078977279012054,0.01982332539999905,0.2843050060082921,0.06239088492775358,-0.7934806014630521,-0.8452204001809349,-0.7421374540662283,-0.7963915289839354,0.17872697656535574,-0.31170761714711676,0.3502993036974936,-0.7752070623406271,1.4485884959333335,-0.6264729253890556,3
1.437831380282584,-1.735844489514547,0,0,-0.036417874322813105,-0.10194544292865,-0.340420163968438,-0.1282287056412583,0.31767077513405095,0.2719064404565622,0.39016067291009526,0.2713004449840564,-0.672793999119324,0.7409199051419266,-0.5852392139715312,0.37329248970757034,-0.5198519012998883,-0.5320258833619625,2
0.34950730886743264,0.49820051671439813,0,0,-0.6874324499543406,-0.12657641160631103,-0.10614839741712617,-0.08290073406979076,-0.9351645333383252,-0.9086935141463189,-0.9614564697408096,-0.9187631037066452,1.0015450930234857,-0.9421583368997763,0.5985033928576312,-0.9976641920106607,0.4758392478674202,-0.41591816747535115,7
-1.193433146809744,0.39347965704741633,0,0,-0.5355290989715626,-0.12446325211512953,-0.4966018289551912,-0.1422264857719865,-0.8371503082339081,-0.7753999842447696,-0.8594476302584161,-0.8606366094992286,1.2407364017420435,-0.8352068689091126,0.17846569227443157,-0.891609049472633,0.6257553956764169,0.06870718776966282,1
-1.386300703769391,1.4232347771060707,0,0,0.1371860468858253,-0.09103423843095833,-0.01243947151795595,-0.10235971281548095,0.49817225529003073,0.4845413521037539,0.5865278017227346,0.3997906335482469,-0.5292793585510918,0.9942260028753472,-1.1580178614372014,0.5724693267129916,-0.5403755525333359,-0.43591893678248633,5
0.17041600597633177,-0.3221128840102927,0,1,3.4573604247923533,0.24948192678555176,8.093373805445475,11.519897671603976,0.15172592765946058,0.08466074811765573,0.19379372771337777,0.16422528784723092,-0.7301998553466172,0.4031785259327321,0.04481733260742788,0.17411583894532925,-0.2270946299233198,-0.657188988736181,3
0.15663975190778553,-0.54900807995542,0,0,2.415735960079676,0.8945874097423252,-0.4028930155066085,-0.1438209121555226,-0.5673685511401568,-0.6040225682549917,-0.4947660225675423,-0.6128341682765507,0.1308887630426116,0.014775876515633522,-0.15565518541387602,-0.5242961304075012,0.4606376556257464,-0.4844534485221617,7
0.1979685141134242,1.074165244882798,0,0,0.050383734733688665,-0.11281865656345894,-0.340420529432847,-0.11283646915192512,0.5787185997822512,0.5543616480757381,0.6706849459110927,0.48545075925770714,-0.6919294567461627,1.0842905057610517,-1.1484715592377874,0.6578306287404796,-0.5729471237322218,-0.45895773128834394,5
-0.24287161608005484,1.789757785940507,0,0,-0.12321983492713232,-0.056588533661330105,0.31554130527046664,-0.10103730279235408,-0.7653378961872388,-0.7722263261186538,-0.8645480765934139,-0.6311899134333784,0.5614330894590002,-1.285528815931974,1.6199587420132289,-0.7907273350516936,0.43156961742557315,2.3448194387322903,4
1.6031464291051387,0.3760261804362527,0,0,-0.7308334029138921,-0.12725262267452722,-0.6840194839650036,-0.14700974842033943,-0.9710707367414775,-0.9372564144310402,-1.0150111172399032,-0.9401781296272895,1.0972216233996184,-1.088512966642533,0.7512443826985044,-1.0519851232189963,-1.8651544328831187,0.8829091994428392,7
1.2311875692543908,-0.2697524541768018,0,0,-0.4704275992226718,-0.1189191666327719,-0.4966018289551912,-0.14166189518724118,-0.5275806104641555,-0.5500704486619851,-0.4769144466238559,-0.5608262466102086,0.22656527619697045,-0.09780470143027706,-0.06019216341973673,-0.5061891261775923,-0.027035498317735458,-0.4872839694759519,7
-1.3587481956322986,1.5279556367730525,0,0,-0.07981895227714418,-0.09378016089914748,-0.21547530427150247,-0.11432412414987106,-0.5421371907418977,-0.5437231152720134,-0.678381920782736,-0.3711502775680641,0.4274859710428977,-1.3474480831410054,1.8586165547489943,-0.5708568786995087,-0.40984742531462937,2.331643404455625,4
1.6444751913107774,1.2137930577721072,0,0,0.07208446901519715,-0.07646710175337441,0.40925003438110874,-0.08187712249120997,-0.5469894016356942,-0.5564177534890564,-0.6885828180431297,-0.3619724462900562,0.3605124462783949,-1.3868512651575862,1.992264957374401,-0.5630967772645715,-0.2136227253801132,2.320688189698389,4
0.680137406512542,0.9519909086046526,0,0,-0.1883212956151545,-0.06597099304841406,0.721612858326972,0.03953748553806272,-0.4586795354344935,-0.4516871095907781,-0.5993250989886287,-0.2916088070004904,0.43705363096922084,-1.308044926455034,1.782246051236877,-0.5036024412195449,-0.5619527527079189,2.3543501404067615,4
0.17041600597633177,1.021804815049307,0,0,-0.014717452528253436,-0.039260628718359294,0.33115931433831947,0.018345038145494923,-0.05594778677156718,-0.03911186738763698,-0.030625736591400464,-0.1019328379583459,0.19786226197445345,0.1217273343740534,-0.40385938626586115,-0.05351471884179296,-0.6195170034220635,-0.4118892075990053,5
-0.628606729999349,-1.3169610508466199,0,0,-0.31852507633030824,-0.10451494118368397,-0.402893366914694,-0.14063205759472702,1.8558147897915744,1.7698718649162124,1.9483458072060478,1.8070637497428121,-2.2897271661477445,2.136918078711315,-1.3393979468932888,1.9537728297448034,-0.7060751877726871,-0.5710023885343197,6
-1.3725244497008449,0.25385184415810724,1,0,-0.23172233450861707,-0.10115735589545502,-0.48098372149307433,-0.138208781940384,-0.8352094343571189,-0.8801306138615976,-0.8007925272435286,-0.823925132952375,0.274403575828585,-0.4580622063608978,0.5030402849466862,-0.8347013983856537,1.5785770547465046,-0.6743813009958314,3
-1.3587481956322986,-0.7235428460670563,0,0,-0.12321999117060672,-0.1164332361803497,-0.09053030401133258,-0.06835164623486448,-0.8245346096935021,-0.8864779244012491,-0.7803907786267216,-0.8086286905862469,0.11175339152464352,-0.3848849117540072,0.5412255281110642,-0.8140077324780948,1.8122060767966985,-0.7036103476429153,3
0.4872698495528948,-0.880624135567529,1,0,-0.3619253730672673,-0.11972976267881882,-0.465365670256251,-0.13531733192167766,0.5699846935385235,0.6051402009439099,0.5941785033580173,0.5007471080095818,-0.1465732198247864,0.6283395298408947,-0.9193602205350476,0.5802294979891208,-0.7607166673128841,-0.4091605300133234,2
-1.4827344822492146,-0.2697524541768018,0,0,-0.23172229544774844,-0.1124883004898438,-0.3560386228386405,-0.13063537195500247,-0.9225488426584663,-0.9213881352256218,-0.9385044841853096,-0.8942887915154637,0.7623538015267016,-0.8633519779327364,0.7035128201513513,-0.974383799240339,1.953087134654553,-0.7112902046256847,3
0.2806260385247015,1.074165244882798,1,0,0.3541903038922914,-0.07573172699963772,-0.05929422965033296,-0.11200958598134067,0.503024466183827,0.4877149759543894,0.5890779973478452,0.4089684648262548,-0.5484144717424485,0.9829680666676834,-1.119832824473157,0.5750560116710389,-0.5474766441448133,-0.4441963956380946,5
1.0796487745003822,-0.060310734842838186,0,0,0.5711953421161292,-0.037992765686686435,0.5185771380240128,0.01914220470045447,0.32349339676441846,0.3449004745307829,0.3468069341473903,0.2713004449840564,-0.07003190597065458,0.42006563288910637,-0.6425170271680147,0.32931842637361025,-0.7166792892918392,-0.433965019355463,2
0.6525848983754494,0.2887587973804345,0,0,0.4409926551052964,-0.1176299849906788,-0.49660185706783805,-0.1394467474118681,-0.8866426366351317,-0.8610886793863534,-0.9002511665104134,-0.8851109216904102,0.9537068450571934,-0.818319787283348,0.43621609222566354,-0.9355831360869905,0.9947789480522096,-0.31615165351541896,7
-1.4827344822492146,-0.5141011267330927,0,0,-0.05811841329997864,-0.054813508072167394,-0.3872748377628744,-0.12993612763059448,-0.44606382903354036,-0.48659731470257084,-0.3570540816921544,-0.5088183249438665,-0.0030584070388128765,0.22304977346742164,-0.37522039375081345,-0.38461374584909414,0.13031512445752408,-0.4656773230702904,7
-1.2623144171524752,0.1316775078799618,0,0,-0.5572295402965567,-0.10882663858536362,-0.4028930155066085,-0.12736048970228828,-0.9516619796323094,-0.9309091033201309,-0.974207578692707,-0.9340595510288221,0.9632744877617421,-0.9309002791051852,0.6175960144398203,-1.0105977494991631,-0.08922810212563444,-0.4722385852958451,3
-0.9730130817130045,0.1840379377134527,0,0,-0.6440314735582678,-0.1265764111726905,-0.6684013467034811,-0.14667757739312753,-0.9574846065030417,-0.9372564144310402,-0.9793080204373069,-0.9401781296272895,0.9632744877617421,-0.9309002791051852,0.6175960144398203,-1.0157711706321324,2.49393754914147,-0.4722385852958451,7
-1.5240632444548532,0.21894489093577996,0,0,-0.7308334029138921,-0.12725262267452722,-0.6840194839650036,-0.14700974842033943,-0.9710707367414775,-0.9372564144310402,-1.0150111172399032,-0.9401781296272895,1.0972216233996184,-1.088512966642533,0.7512443826985044,-1.0519851232189963,-1.8651544328831187,0.8829091994428392,3
0.8592287094036428,-0.8457171823452018,0,0,-0.12321975680539507,-0.10646530465249439,0.9090304571114906,-0.06086122591207318,0.0692387354922744,0.08466074811765573,0.09178480101342157,0.026557268005032518,0.08305046341099705,0.2061626158498276,-0.4324982928641028,0.07064732316435518,-0.666145861626422,-0.4347362855230939,2
0.4459410873472562,1.0567117682716345,0,0,-0.23172233450861707,-0.10958659323225621,-0.3091841739453789,-0.13186274441355517,-0.4615908200478536,-0.5024656053331493,-0.5967748804115279,-0.25489728915323084,0.006509235665735893,-1.2742707733357488,2.1545522665980488,-0.4725618725170143,-0.17291002681375853,2.448375897700848,4
-0.8903555573017272,-1.2471471444019653,0,0,-0.44872698212376905,-0.1136437599544785,-0.465365670256251,-0.1337228571076097,1.953829130184015,1.9475965143258107,1.95089623235106,1.941672345646453,-1.648694674398621,1.5852737331240607,-1.0434623209610399,1.956359747506825,-0.9132187592583774,-0.5597757424370486,6
1.506712650625315,0.8996304787711616,0,0,0.028683351999997622,-0.09704579581549373,0.2843052871347606,-0.10651650357413775,0.5428124592634755,0.5099305714120392,0.6528335765353176,0.4365020687946945,-0.739767670268907,1.1743549073243165,-1.253481141181758,0.6397238340341475,-0.5049560993607535,-0.452427073836052,5
-1.1107756223984666,0.6727352828260345,0,0,-0.38362588860791164,-0.11685895567576443,-0.13738461234136004,-0.12267360524738123,-0.3286408546805024,-0.37869304695365724,-0.46161315811324083,-0.11722926931103235,-0.18484379064298165,-1.1504322338515645,2.13545949036561,-0.3561598853850083,-0.3524089344041662,2.5376302220251685,4
-0.9454605735759121,0.3062122739915981,0,0,-0.6657319461319567,-0.12308589054566571,-0.5903106508375681,-0.1470097487054441,-0.9662185473331765,-0.9372564144310402,-1.002260010583205,-0.9401781296272895,1.049383358211552,-1.0322227181985535,0.7035128201513513,-1.0390515680585337,0.5565635286457405,-0.4722385852958451,7
0.11531098970214688,-0.2697524541768018,0,0,-0.4270269509378953,-0.11034735486975432,5.6257075131407435,1.7349400930924193,0.22353836590795337,0.24016974494380375,0.25754919214089955,0.16422528784723092,-0.03176133515245934,0.408807494036564,-0.6616098034004544,0.23878354490645073,-0.6621075552233544,-0.4212256692537425,2
0.17041600597633177,-0.54900807995542,0,0,2.1553309376058283,0.04117246498688315,-0.4653655296930168,-0.1408345869042101,-0.7100229382951008,-0.7341424600244554,-0.6579801721659292,-0.741324321047056,0.3605124462783949,-0.23853022121778683,0.04481733260742788,-0.6898456206307544,0.7870766717471831,-0.47373291349562996,7
1.3689501099398529,-1.0551589016791654,0,0,-0.4270273181100601,-0.12049056973236064,-0.4966014803583704,-0.1438209132317566,2.178970657102498,2.1602313117214016,2.1421627403935766,2.2170083853308493,-1.9452916843485049,1.5458704497850404,-0.6807023218824764,2.150362981792177,-0.9432760497929513,-0.6155501918076712,6
0.36328356293597885,0.4109331336585799,0,0,-0.5572294934235144,-0.11744755444868965,-0.48098372149307433,-0.14508315603201702,-0.8128893585722201,-0.7753999842447696,-0.8033427687726196,-0.8514587369208148,1.0015450930234857,-0.6044168968971181,0.025724642291794345,-0.8295280051891615,0.9780532864808605,-0.09305967935130924,1
-0.13266158353168508,1.021804815049307,0,0,-0.5138284818726598,-0.10335689597143592,-0.4809835387608698,-0.1264999670429956,-0.5101127455730532,-0.49611827194317776,-0.6936832551973314,-0.29772735200796097,0.5422977696063542,-1.634528344125955,2.230922598276554,-0.5087758344160371,-0.1239292641214185,2.1366013196702345,4
1.616922683173685,0.42838661026974356,0,0,-0.7308334029138921,-0.12725262267452722,-0.6840194839650036,-0.14700974842033943,-0.9710707367414775,-0.9372564144310402,-1.0150111172399032,-0.9401781296272895,1.0972216233996184,-1.088512966642533,0.7512443826985044,-1.0519851232189963,-1.8651544328831187,0.8829091994428392,7
0.6112561361698108,-0.1126711646763291,0,0,-0.2534228734857826,-0.11308846780173834,-0.3716567724697277,-0.12380147520506393,-0.15202112227810102,-0.15336346852652216,-0.11988350154988177,-0.18759293613420217,0.11175339152464352,0.08795306980008512,-0.26066468144104066,-0.14404962358935033,-0.5262595485588654,-0.4686921844025692,2
-1.2072094008782903,0.00950317160181635,0,1,-0.14492060826950942,-0.10417695681227737,0.0031786218878375205,-0.11458992705241074,0.4525616405800147,0.4750202806115457,0.4819686334936872,0.390612692135823,-0.1657085052338841,0.5664202727641072,-0.795258120109055,0.4664140794131751,-0.7381425863929318,-0.43062346986207967,2
-0.2842003782856935,-0.9678915186233472,0,0,-0.34022471690749595,-0.11406644182405613,-0.4341291742055487,-0.13212849529811613,1.8004999891103775,1.7793928792826197,1.8514373406122842,1.7397593967237832,-1.6582622309942991,1.816063553152396,-1.4253147526048202,1.8554777537211171,-0.8227060938435008,-0.5211571772344346,6
-0.1464378376002313,0.3760261804362527,1,0,0.11548515636084233,-0.09730234397146494,-0.40289320105007764,-0.13446792855376297,0.6301517837189872,0.5607089814657098,0.7471917327440205,0.5496957434053864,-1.1416090082954395,1.29256435205162,-1.0530085372436482,0.7354321086977998,-0.48271208888568035,-0.5186673204058604,2
-1.2623144171524752,-0.5141011267330927,0,0,-0.2100217174097143,-0.12244130383260302,0.03441483681207139,-0.11755609085266845,-0.8167711063257985,-0.8452204001809349,-0.8364956401125181,-0.7566207744266257,0.40835065980113905,-0.8014327309881931,0.95171692649485,-0.8709153672687958,0.7929691179248048,-0.9740486824866158,3
-1.4689582281806683,-1.0027984718456744,0,0,2.6544412247937315,0.0801931902924191,2.3927531258691994,-0.05213874900143339,0.07409092018424739,-0.013722562390650755,0.12238753869858277,0.09998030369955166,-0.8545793827234929,0.38066240021130604,0.20710459887267327,0.10168793842768065,-0.3387368603571452,-0.6897943953798513,3
-0.22909536201150862,0.39347965704741633,0,0,-0.7308334029138921,-0.12725262267452722,-0.6840194839650036,-0.14700974842033943,-0.9710707367414775,-0.9372564144310402,-1.0150111172399032,-0.9401781296272895,1.0972216233996184,-1.088512966642533,0.7512443826985044,-1.0519851232189963,-1.8651544328831187,0.8829091994428392,3
-0.7250405084791726,1.9468390754409797,1,0,0.37589099911293117,-0.08735919956172875,0.7997036064824079,-0.09074072955923287,-0.5761025097875315,-0.5945016110143846,-0.6707312650514334,-0.43845471318790463,0.30310650394223143,-1.0997710153181046,1.5626809288167454,-0.6277645763472828,-0.3504535329228695,2.5561541977911957,4
1.6306989372422311,-0.5141011267330927,0,0,-0.47042763828354045,-0.12015240346855795,-0.6215469388546837,-0.14647827479473766,-0.9400167232706628,-0.9309091033201309,-0.9410547027624105,-0.9371188403280557,0.8484626719765116,-0.7789166305973768,0.47440133539004153,-0.9769705074787839,2.397068935298523,-0.45725738702499075,7
0.7627949309238192,1.7548508327181798,0,0,0.7230989587128136,-0.04264170026315429,0.33115931433831947,-0.04622900437856735,-0.5731911989723477,-0.6040225682549917,-0.7089845896119269,-0.37420961890580945,0.18829470537877505,-1.3699641733995775,2.13545949036561,-0.5734436334987485,0.0675562310102405,2.369961615836919,4
-0.1602140916687775,0.1491309844911254,0,0,-0.5572295520148173,-0.11939575666155136,-0.5746925293191276,-0.1374307757594477,-0.9371054124554791,-0.9372564144310402,-0.9359542633130097,-0.9279409721550186,0.7623538015267016,-0.7620295388393683,0.5316792087282891,-0.9717970886738544,2.49393754914147,-0.543704807186728,3
-1.6618257851403155,-1.456588863735929,0,0,-0.21002163928797712,-0.06537926536112172,-0.3716566319064935,-0.10900938807322598,-0.520787578097217,-0.48977096711610635,-0.47946466520095676,-0.5944784506533269,0.7049479022449735,-0.15409488908079305,-0.4420445950635168,-0.5087758344160371,0.1533662644039892,-0.27114464923605397,1
1.4653838884196764,0.00950317160181635,0,0,0.6145966153748034,0.21423414729771317,-0.16862093971618136,-0.03161350752207526,-0.8924652661260462,-0.8959988930670161,-0.8798493949416163,-0.8942887915154637,0.6953802423186506,-0.6494490470175309,0.4075771598523801,-0.9148894468990342,2.0378413959702555,-0.488117998075009,3
0.8316762012665503,1.1265256747162888,0,0,-0.03641838211410495,-0.10149217711929573,-0.12176671572409441,-0.1246381000874525,0.34387259867252806,0.3480740983814182,0.4105624674308826,0.25600395856416197,-0.24224964687027442,0.7240330008304307,-0.9861842500141393,0.39398620217592417,-0.5555533005418678,-0.41593680209416634,5
1.0796487745003822,0.16658446110228906,0,0,-0.7091329201843773,-0.12414692366526166,-0.6684013467034811,-0.14456879992679159,-0.9633072333737738,-0.9372564144310402,-0.9946093479663052,-0.9401781296272895,1.0206804042652444,-0.9984485752115121,0.6748738877780678,-1.03129143635908,2.009594044017538,-0.4722385852958451,7
0.04642971935941578,0.6552818062148709,0,0,-0.5138286615526555,-0.12150482478339354,-0.4653655437493402,-0.14408664689657288,-0.7837762242185593,-0.7785736423708852,-0.7650894442121263,-0.8025101097850911,0.6858125823923275,-0.5199815140989047,0.1975582794898982,-0.7984874597670283,0.4927555761220629,-0.40877224408446833,2
1.5342651587624077,-1.4216819105136016,0,0,-0.4487264587081298,-0.11668681129711886,-0.2935655745119421,-0.12116673588433756,2.5739390412673853,2.7219684458639213,2.3461802265616454,2.675902041785148,-0.758902869569134,0.6058233027970293,-0.27021098364045465,2.3572996408677653,-1.3196691702553944,-0.5937662577091146,6
1.2725163314600294,-0.8108102291228745,0,0,-0.12321999117060672,-0.06470309121911592,-0.21547538860944293,-0.13744322312363358,0.08282477402432788,0.12591814380491856,0.09178480101342157,0.02961652674196595,0.32224178935132913,0.12735630247788549,-0.5375077029744617,0.07064732316435518,-0.6917224851035925,-0.36720565630386776,2
-1.3036431793581138,0.00950317160181635,0,0,-0.4921280991389687,-0.12480135790028107,-0.5122200066989253,-0.1450831554939,-0.8138597955106147,-0.7246214827898183,-0.8492467421788186,-0.8483994506502773,1.4703600763669398,-0.9027551599493173,0.06390993700625577,-0.8709153672687958,0.6267161395492552,0.24372064190464804,1
0.1979685141134242,-0.04285725823167455,0,0,-0.3185242560520676,-0.11770113025012277,-0.3560386228386405,-0.13206204412405037,-0.874026948575455,-0.9150408246859703,-0.8364956401125181,-0.8698144738175613,0.34137707476042684,-0.4693202945522206,0.45530872239953313,-0.8709153672687958,2.09031788888666,-0.6386035446094782,3
1.4102788721454915,-0.13012464128749274,0,0,-0.5789300792737222,-0.12378703963194113,-0.6215469276096249,-0.14568106341463027,-0.8293868048662045,-0.7500107420861639,-0.8594476302584161,-0.8606366094992286,1.3938188400107916,-0.8802390696907451,0.10209520594567549,-0.891609049472633,0.6632342146740672,0.17560377275377725,1
0.873004963472189,-0.23484550095447454,0,0,-0.4270266657935545,-0.11541892704086276,-0.4653655437493402,-0.1297368503416418,-0.8604408130966545,-0.8579150269728177,-0.8441462958438208,-0.8728737655948193,0.724083170432297,-0.5987878274708469,0.29302140458420434,-0.8786754919841305,1.0783858091764036,-0.4248968185674203,7
-0.3393053945598784,-0.2173920243433109,0,0,0.7230989587128136,0.3509132058883662,0.47172263290545763,0.20269987573680096,-0.8429729298642756,-0.8737833004656562,-0.8058929873497205,-0.8483994506502773,0.40835065980113905,-0.44680416883079455,0.3502993036974936,-0.8398748381429408,1.903997220298983,-0.551227434573244,3
-0.22909536201150862,-0.007950305009347285,0,0,-0.4921280600781001,-0.12175840606213846,-0.4966018148988678,-0.1422264857719865,-0.7944510305408996,-0.7024059073261985,-0.8313951960727194,-0.8300437137535308,1.479927736293263,-0.8971261411842657,0.04481733260742788,-0.85539508757361,0.42106246211210097,0.2451074716471424,1
-1.5929445147975845,-0.54900807995542,0,0,-0.1883214127977603,-0.07205692091615974,0.018796630955690466,-0.1312648454614419,-0.471295215633623,-0.40090858528550666,-0.46161315811324083,-0.5455298152575222,1.0206804042652444,-0.3229656546772199,-0.47068350166175854,-0.4906689000273206,-0.11705140161034043,-0.13331673223537602,1
-0.0775565672575002,-0.6711824162335653,0,0,-0.5355295598898121,-0.12040601806761632,-0.4341298910780433,-0.13611450565153083,1.6762839561885774,1.5984944632078848,1.7978828882051063,1.5867949179952945,-2.069671470051992,2.1819504314766056,-1.6353336587423433,1.801157020396159,-0.6643697495983459,-0.5317314175625589,6
-1.1658806386726517,0.32366575060276176,0,0,-0.6223309736419709,-0.1241469229805977,-0.6215469276096249,-0.1439221655098067,-0.9390462863322683,-0.9340827588755855,-0.9334040401455109,-0.9401781296272895,0.8101920581038811,-0.7338844298157443,0.43621609222566354,-0.9692103757793301,2.49393754914147,-0.4474959525356061,7
-1.31741943342666,1.0567117682716345,0,0,-0.10151956937604696,-0.1029963427931902,0.06565110796159898,-0.11297624504813866,-0.6139495765867435,-0.6103698730820629,-0.7548885699037229,-0.44151399945844194,0.5327301613453537,-1.4375124847042702,1.9063481516628697,-0.6303512845857276,-0.17529488603712426,2.229030711285815,4
-1.7031545473459542,1.1439791513274526,0,0,-0.18832188152818352,-0.11668682887016088,2.798825128728055,1.370413703756856,-0.3529018043421904,-0.33426188460125755,-0.3417527243255688,-0.38032816391328,0.45618889915654437,-0.2160142474800197,-0.08883107001797849,-0.36909344985763004,-0.8490645204676477,-0.4239402414682379,5
-1.3587481956322986,0.2363983675469436,0,0,-0.7091329174501165,-0.1268299904659099,-0.652783204381682,-0.14647827468711427,-0.9642776716222595,-0.9372564144310402,-0.997159568838605,-0.9401781296272895,1.03024805558068,-1.0097066228738591,0.6844201985691623,-1.0338781469255642,1.5252505388936057,-0.4722385852958451,3
0.36328356293597885,0.3411192272139254,0,0,-0.5789300988041565,-0.1258156741146291,-0.5434562778484529,-0.14641184121709847,-0.8225937410570777,-0.7214478418014426,-0.8670982859897188,-0.8575773177219704,1.5851718749303965,-0.9703034560556442,0.06390993700625577,-0.8760887930578445,0.7554900373816358,0.3672751526317632,1
-0.008675296914769096,1.3534208706614161,0,0,0.02868370354781489,-0.08252625241304613,-0.10614839741712617,-0.12357155932665702,-0.5023491976622494,-0.5373758104449421,-0.6732814836285343,-0.25795657542376815,0.09261810611554581,-1.54446394256269,2.526858310125609,-0.4751485807554592,0.051614857268297294,2.2915004886118018,4
-1.0418943520557356,2.034106458496798,0,1,0.4626930378389875,-0.08985504394851325,-0.10614839741712617,-0.1157313037473214,-0.4353889965093765,-0.5024656053331493,-0.5840237186700531,-0.18759293613420217,-0.25181737568369406,-1.3418190643759536,2.526858310125609,-0.4156542447104324,0.07816530189425229,2.449246677909235,4
1.3276213477342143,1.2487000109944344,0,0,-0.25342275630317673,-0.09509701392046628,0.14374185611703508,-0.11963191313577459,-0.5848364422330826,-0.6040225682549917,-0.7293863382287338,-0.3864467915215626,0.30310650394223143,-1.4375124847042702,2.13545949036561,-0.5837904897329254,0.02881937806657813,2.3023523718195658,4
1.4516076343511302,-1.4391353871247654,0,0,-0.38362502926880243,-0.11153891118849477,-0.15300270574715358,-0.124744864298149,2.211965565411561,2.211009864589573,2.1727653174148065,2.2353642681556978,-1.8113448587025622,1.5571283859927048,-0.8334434148235166,2.1814034340927204,-0.9654735923474963,-0.5928511555775039,6
-1.3725244497008449,-1.4391353871247654,0,0,-0.34022471690749595,-0.11406658103906445,-0.2623301467418199,-0.13525093258621826,2.0004102080342485,2.030111448514838,1.996800212642856,1.9539096834638299,-1.3616649627178035,1.619047693730712,-1.387129543807164,2.0029205423596275,-0.9571839943071196,-0.5016314613000127,6
1.4929363965567688,-1.0377054250680018,0,0,-0.3402242091162041,-0.10899484705903652,-0.465365670256251,-0.14328945522948572,1.4608465366358043,1.2684341551937703,1.7086249855346838,1.3328739648054706,-2.930760174550091,2.840546285583499,-1.8930840758769365,1.710621975966217,-0.3429146141127176,-0.5592933775645913,6
-1.441405720043576,0.8123630957153435,0,0,-0.42702667751181517,-0.10933304253516883,-0.37165696925825564,-0.13691176314826695,-0.4586795354344935,-0.5056392577466851,-0.5814735000929523,-0.2610159167615134,-0.05089662056155688,-1.1898354057359013,2.068635374969712,-0.4777353355546989,-0.1761506629750352,2.5033387705999437,4
1.4102788721454915,-0.09521768806516545,0,0,-0.709132940496029,-0.12682999140161735,-0.3872748377628744,-0.14508315944009148,-0.8235641753752899,-0.7373161124379911,-0.8619978534259151,-0.8514587369208148,1.451224747903407,-0.9309002791051852,0.1307341125439174,-0.8864356329957432,0.5133182848196697,0.26121991421680335,1
1.313845093665668,-0.060310734842838186,0,0,-0.5789300089641587,-0.12581567356689793,-0.5746925293191276,-0.14588036646145103,-0.9448689132030004,-0.9372564144310402,-0.9461551468022094,-0.9401781296272895,0.8388950120501887,-0.7845456493624284,0.4934939655639111,-0.9821439309397928,2.49393754914147,-0.4722385852958451,3
1.7684614779276933,1.1963395811609434,0,0,0.11548542978692244,-0.08141857792946085,0.03441475247413086,-0.1193074267783678,0.2740011391081186,0.2719064404565622,0.3442566926182993,0.18869963307873736,-0.24224964687027442,0.6902586855952426,-0.9289064368176555,0.326731694854768,-0.5248517798032706,-0.4242536654041442,5
-1.3036431793581138,-1.1773332379573107,0,0,-0.12321999117060672,-0.1174475612953294,-0.26232989372799825,-0.12408995794631678,-0.3499904935270066,-0.3056989843165363,-0.2958487440337728,-0.4537510894733834,0.6858125823923275,0.0710661148273693,-0.8048043363916632,-0.32253265500482764,0.03523452296376418,-0.24864871741026512,1
0.1290872437706931,0.42838661026974356,0,0,-0.6874324304239062,-0.12332418943981796,-0.6684013467034811,-0.14456879992679159,-0.9701002988336155,-0.9372564144310402,-1.0124608961380834,-0.9401781296272895,1.087653971223094,-1.0772549179669617,0.7416980710482418,-1.0493984124197078,-1.3808108841682665,-0.4722385852958451,7
-0.43573917303970194,1.9642925520521435,1,0,-0.036417991505418974,-0.06571738666532337,-0.12176657516086023,-0.13026832986859357,-0.643062737142228,-0.6643220498008703,-0.7676396627892272,-0.4659882620891364,0.33180943205587793,-1.3530771171044227,1.9636259648593533,-0.6510449272128892,0.08443454798280005,2.3498661205508062,4
-0.5046204433824331,1.5279556367730525,2,0,-0.1883212956151545,-0.10717337409401081,0.0031785375498969964,-0.12090186392424429,-0.6877028625102021,-0.6833639642820842,-0.8390458632800171,-0.502699752402792,0.5997037119425176,-1.566980068284116,2.0590890727702984,-0.6820854726350224,0.4204392427314311,2.1386958378843604,4
0.8592287094036428,0.2014914143246163,0,0,0.5494950375041754,-0.07104251364150302,-0.44974732383663596,-0.13843973494966277,-0.27817805527851375,-0.3596511324724432,-0.16578748184167774,-0.3313795835846832,-0.5101439009242531,0.5157589518949839,-0.36567409155139957,-0.19061041844215268,0.1148832413864401,-0.5483237339184813,7
-1.4689582281806683,-0.9329845654010199,0,1,2.9582484579871005,0.0073499413675725085,2.111626938537273,-0.022368332436777657,-0.41986200549506325,-0.47390267648552786,-0.4029580619839504,-0.3833875052510253,-0.1465732198247864,-0.23290120245273535,0.5412255281110642,-0.43117454070189654,-0.05248923899193278,-0.743869600447259,3
-1.0969993683299204,0.4458400868809072,0,0,0.24568831210209832,-0.05143240914081339,-0.49660194140577857,-0.14222649258813544,-0.5304918950775157,-0.5532440725126203,-0.4692637679405632,-0.576122705496499,0.22656527619697045,-0.030256324265998915,-0.17474787572950956,-0.4984289781818603,0.11100164434012633,-0.45596959251707475,2
0.7076899146496344,1.1090721981051253,0,0,-0.03641814774889338,-0.0907160956215559,-0.028057536811102745,-0.11073886747925432,0.46420698864804416,0.46232569952030333,0.5457242126811599,0.3630790881673833,-0.3953321884696673,0.921048809590896,-1.1675643354702268,0.5310819017762839,-0.5394406144850312,-0.4173826026407866,5
-0.5597254596566179,-0.6537289396224018,0,0,-0.4053256698042264,-0.11147764289155845,-0.3560378919098225,-0.13461127324206001,1.8004999891103775,1.7159195453829037,1.8335859712365083,1.8223602086291026,-2.2323214821381927,1.6978541084250927,-0.6520635012010404,1.8373709590147842,-0.7686160394390298,-0.6336049375193648,6
0.7214661687181806,1.1614326279386162,0,0,-0.3619251152655345,-0.10836137746316209,-0.2935659399763511,-0.12992310878613225,0.40209886737984984,0.41472082762856743,0.466667459743023,0.30801188023050396,-0.21354671875662812,0.7578069614370817,-1.0721010557256705,0.45089396966489065,-0.567307417707718,-0.4020375116747344,5
0.33573105479888643,-0.54900807995542,0,0,-0.25342275630317673,-0.11440459279703005,-0.028057733599630593,-0.07844965787467098,-0.3509609304654013,-0.277136084031815,-0.3188007341796708,-0.4568104308111285,0.9537068450571934,-0.07528857570885095,-0.8238971126241025,-0.34581305243122884,-0.030096583480272457,-0.17679071559949955,1
1.2036350611172983,-0.5141011267330927,0,0,-0.058118530482584516,-0.07307119125802143,-0.3404204732075533,-0.12973687366004608,-0.5615459295097893,-0.635759149516149,-0.4437615592175643,-0.6250713133586998,-0.21354671875662812,0.3187431937957382,-0.32748879683693816,-0.4725618725170143,0.6485576314707083,-0.5143418889204473,7
0.37705981700452507,1.318513917439089,0,0,-0.29682379519663926,-0.11541891791200976,-0.44974732383663596,-0.14242579678293915,-0.5004083499872837,-0.5024656053331493,-0.6605303677910398,-0.30078669334570624,0.38921537439204135,-1.4712866124929458,2.106820669684174,-0.5113625892152769,-0.34791767475324653,2.260779443092285,4
0.6525848983754494,1.650129973051198,0,0,0.26738881201839526,-0.0718032848642968,-0.23109359446582386,-0.10362822503778106,-0.5799842575411097,-0.5976752634279203,-0.6987836923515333,-0.41398039549000226,0.31267414664678034,-1.2630127206072796,1.829977562233947,-0.6070708871593264,-0.18055866396909828,2.4113012236077838,4
-1.4276294659750297,1.6152230198288706,1,0,0.7664997632410646,-0.11127717647468931,-0.44974743628722325,-0.13843973710213087,-0.5372850060499249,-0.5627650583161277,-0.6936832551973314,-0.3191424109689301,0.20742999078787275,-1.4769156413902413,2.2977468855060637,-0.5268828386459461,-0.004794234070610775,2.3124100191038677,4
-0.05000405912040776,-0.2872059307879654,0,0,-0.12321999117060672,-0.10730437176529017,3.0174791111126886,-0.046760348300029786,0.44382773433628725,0.4750202806115457,0.46411703459801085,0.38449411959474833,-0.07959963478407418,0.49887194626104886,-0.7666191275940074,0.44830705190286896,-0.7637458439221128,-0.4134951494010693,2
-0.6561592381364414,-0.7933567525117108,0,0,0.13718620312929963,-0.0738319350942562,-0.12176654704821337,-0.04177792100855395,-0.32669998080371326,-0.25174680759772905,-0.29839900851485407,-0.4292768268426888,0.9441391851308703,-0.08091754381268303,-0.8048043363916632,-0.32511940980406745,-0.1129521986922843,-0.15910762700751016,1
-0.40818666490260946,-0.2522989775656382,0,0,-0.34022471690749595,-0.11609513769828056,-0.1373847247919474,-0.09804775422008565,-0.5188466518167808,-0.3882140327571645,-0.5559713143219436,-0.5944784506533269,1.6043072033939292,-0.671965172738957,-0.46113719946234455,-0.5760303184567959,-0.186915222670046,0.15098038861324836,1
-0.628606729999349,-1.3344145274577834,1,0,-0.47042662270095675,-0.11913805644433104,-0.40289265004219943,-0.12628223413394488,2.3400633984905856,2.37604001859663,2.236520896602278,2.403624985501645,-1.5817209171401676,1.236274164401104,-0.5184150985756338,2.246071256455828,-1.0761048185779307,-0.6154903410354347,6
1.4791601424882226,0.8996304787711616,0,0,-0.2751231780977365,-0.11302052311815755,0.11250550062956696,-0.10812273624511531,-0.5683390142803748,-0.5818069727973416,-0.7038841524577252,-0.3864467915215626,0.34137707476042684,-1.3643351748990138,1.9731722670587672,-0.5837904897329254,-0.1763884078517348,2.3336892009059738,4
-1.4689582281806683,1.4930486835507253,0,1,0.28908958536077245,-0.1109958174655812,0.5966678861794491,-0.09907755952557855,0.30699604741718123,0.29094829781197556,0.37995989040965267,0.23152972346707149,-0.3953321884696673,0.7352909370380948,-0.8525359333055385,0.3629457498753809,-0.544426979803269,-0.4545002398827853,5
-0.5321729515195255,0.21894489093577996,0,0,0.7882004194008357,-0.03154871748002058,-0.09053030401133258,-0.10411567654756118,-0.651796669587779,-0.7468370839600483,-0.5355695198011563,-0.6923756939113324,-0.32835851732008436,0.23430770967508577,-0.06973837970234495,-0.565683462222619,1.1677051731612005,-0.5852082443146771,3
0.8592287094036428,0.1840379377134527,1,0,0.44099257698355915,-0.08059400971744866,-0.37165660379384663,-0.1401006017449242,-0.2713850229115752,-0.35647742293310697,-0.15558663048526442,-0.32526095597640065,-0.5484144717424485,0.5439039950590225,-0.37522039375081345,-0.18026360876877068,0.1302267656630485,-0.5512188290027494,7
-0.6699354922049876,-0.6013685097889109,0,0,-0.3185241388694618,-0.10551273851029995,0.23745078201620518,-0.10300493485465798,-0.5304918950775157,-0.569112363143199,-0.4539624564779579,-0.5791819917670363,0.08305046341099705,0.0710661148273693,-0.20338678232775131,-0.4829087287511911,0.19689362866313703,-0.4835259880148779,7
-0.752593016616265,-1.3867749572912744,0,1,0.22398765594232692,-0.07946118752605062,-0.028057733599630593,-0.1086316729738219,2.241078673563398,2.261788417457745,2.1268613371230103,2.3332613462120797,-1.6391270316940718,1.0842905057610517,-0.20338678232775131,2.134842639239918,-1.0725817132562188,-0.6600480439500321,6
0.9418862338149201,-1.5438562467917472,0,0,-0.6223306572489352,-0.12074413275339956,-0.48098393233792563,-0.14189434810802995,2.6049929184887177,2.810831056197723,2.341080064831326,2.6942575942067486,-0.26138501838824263,0.3919203870801898,-0.40385938626586115,2.352126503755645,-1.4147028853557957,-0.5061754613352797,6
-0.8628030491646348,1.3359673940502526,0,0,0.1588862343151734,-0.07856144777397704,0.37801426925922443,-0.11499701437254625,0.6282109360440217,0.6083138247945451,0.7395409163487867,0.5068657631514681,-0.6919294567461627,1.2531610687126,-1.4348610548042342,0.7276718210196831,-0.5027608606386059,-0.4283638282201188,5
1.3965026180769453,-0.23484550095447454,0,0,-0.6006305049743688,-0.12522398910472454,-0.5434562581696001,-0.14322299921236675,-0.9274010325908039,-0.9340827588755855,-0.9130022662815148,-0.9279409721550186,0.6953802423186506,-0.6663361539739054,0.43621609222566354,-0.948516684263334,2.397068935298523,-0.5120885235216291,3
1.1623062989116597,2.1911877479972706,0,0,0.2239878121858014,-0.07281759856821023,0.12812356592271362,-0.07871540337806172,-0.7468995943577419,-0.7087532121532698,-0.8415960864475159,-0.6617828036723554,0.9537068450571934,-1.2404966252825855,1.152189461699515,-0.8165944407165396,-0.5180998514595533,2.1235481574113826,4
-0.0775565672575002,1.266153487605598,0,0,0.31078949936404043,-0.07818650524118377,-0.2935659399763511,-0.12267358551642378,0.4263598170415375,0.41472082762856743,0.49216964551403164,0.35390125688937546,-0.4527380446969602,0.7859521565847789,-0.881174925820586,0.47676105204933916,-0.5853873619760425,-0.4623969184198949,5
-0.4219629189711557,-0.9853449952345108,0,0,0.26738881201839526,-0.05050260351137116,-0.24671160353367685,-0.12575080411375908,-0.3490200565886121,-0.28348333173308576,-0.3085998369192773,-0.4568104308111285,0.8771656173119322,-0.018998388058334766,-0.8429896311061245,-0.3354661961970521,0.00880513032214993,-0.19775039133316907,1
0.23929727631906286,1.074165244882798,1,0,0.15888670304559654,-0.08687851067795047,0.19059627689764985,-0.1260687379995731,0.2817646346152751,0.31633757424606157,0.3213047024724013,0.19787757449116125,0.08305046341099705,0.49324282617355797,-0.9193602205350476,0.3034512974283668,-0.6047475279685678,-0.37099618364433073,5
-0.9179080654388196,-0.2522989775656382,0,0,-0.3836256776792212,-0.12150483094536932,0.11250550062956696,-0.1169150697137023,-0.8584999470804124,-0.8959988930670161,-0.8211942988123258,-0.8575773177219704,0.3605124462783949,-0.4580622063608978,0.41712347923515514,-0.85539508757361,1.903203865558255,-0.5947819738416208,3
0.9143337256778277,-0.07776421145400182,0,0,-0.29682391237924505,-0.09772394407196162,-0.41851074344799305,-0.13315858042446,0.07312045704402921,0.09735524352019727,0.09178480101342157,0.026557268005032518,0.15959169115625804,0.18364649012840167,-0.47068350166175854,0.07064732316435518,-0.6807139470303479,-0.41504363446178577,2
-0.6423829840678952,-0.2872059307879654,0,0,-0.4053262166563868,-0.11229143357971413,-0.23109359446582386,-0.11239752351042101,-0.520787578097217,-0.4136032235025495,-0.540669956955358,-0.5944784506533269,1.3938188400107916,-0.559384645454266,-0.4420445950635168,-0.5682701704610639,-0.14220807016596307,0.033675592578370196,1
-1.2072094008782903,0.11422403126879815,0,0,-0.4270266657935545,-0.10527575257343098,-0.324802351689113,-0.12993615633016894,-0.9283714695291984,-0.9055198560202032,-0.9461551468022094,-0.9187631037066452,0.9632744877617421,-0.8802390696907451,0.5316792087282891,-0.9821439309397928,1.8642908181166784,-0.3851659348507338,7
0.2117447681819704,-0.880624135567529,0,0,-0.05811876484779608,-0.10836137883249004,-0.465365670256251,-0.12900622375005652,0.24197661533380332,0.36711606998843277,0.15809057582600472,0.21929249578411028,0.9345715424263216,-0.3567397672675295,-0.32748879683693816,0.1379018304855112,-1.0972759693343883,-0.20513830595449975,2
-0.38063415676551704,0.9170839553823253,0,0,-0.42702657204746985,-0.11229360031297464,-0.01243947151795595,-0.12357155035803999,-0.38977846040483144,-0.39456130902133557,-0.5610717285241551,-0.17535576351844914,0.274403575828585,-1.454399556197791,2.1927375613125104,-0.40530738847625564,-0.48750412588335973,2.293345962909886,4
-0.03622780505186154,-0.30465940739912906,1,0,-0.10151945219344118,-0.11364387748846091,-0.23109345390258967,-0.09804773269540479,-0.36745835841810903,-0.30887260816717166,-0.3290016084880743,-0.4659882620891364,0.8293273521238658,-0.04714348188359295,-0.7475266091119854,-0.3561598853850083,-0.019748404251384962,-0.21433584911411066,1
1.176082552980206,0.5156539933255617,0,0,-0.7308334029138921,-0.12725262267452722,-0.6840194839650036,-0.14700974842033943,-0.9710707367414775,-0.9372564144310402,-1.0150111172399032,-0.9401781296272895,1.0972216233996184,-1.088512966642533,0.7512443826985044,-1.0519851232189963,-1.8651544328831187,0.8829091994428392,7
0.0051009571537771236,-1.1773332379573107,0,0,0.31078949936404043,-0.044078643345740603,0.08126906080415833,-0.11877524698179935,-0.22092222350958668,-0.1914473831776511,-0.1504861244750922,-0.3313795835846832,0.4466212908955437,0.28496892922176986,-0.9289064368176555,-0.17509012245068864,-0.060752246571218985,-0.294640056606423,1
0.749018676855273,0.6727352828260345,0,0,0.028683586365209103,-0.09741479318276815,3.2673693365342023,-0.0406487308704463,0.08476567410294059,0.05292416685649852,0.11473679115931956,0.07856521720497864,-0.3570616176514719,0.26808197424905406,-0.09837737221739251,0.09392772059075635,-0.6025359426514876,-0.6319288570825938,5
0.1290872437706931,-1.648577106458729,0,0,-0.42702679469442095,-0.11803962857595349,-0.5590748632255662,-0.13976873044889307,1.9654742686374556,1.8777762183538267,1.9814988093722905,2.0089768914007093,-2.3949715803332636,1.72037013282408,-0.5279614007750478,1.987400199807369,-0.7967703247779311,-0.6526392947896092,6
-1.4000769578379373,-0.6711824162335653,0,0,-0.16662083475972622,-0.10324710553857014,-0.18423903312197482,-0.12973685805465246,-0.5004083499872837,-0.3977349328719709,-0.5126175296552583,-0.5791819917670363,1.3364129235072895,-0.49183636961242705,-0.4993224082600002,-0.5424030647962178,-0.12260096161265605,-0.01444281071130216,1
0.9143337256778277,0.7250957126595253,0,0,-0.6006305049743688,-0.12319535348092996,0.0031784813246033966,-0.1265480101306335,-0.5964817116956411,-0.5945016110143846,-0.6911330366202305,-0.47822540717128553,0.5040271729554978,-1.116658090864523,1.3908472916186416,-0.643284825777952,-0.47840238541581204,2.561023138992053,4
-0.9179080654388196,-0.2173920243433109,0,0,0.5277946157096155,-0.04847401261895629,-0.10614839741712617,-0.12993617606112637,-0.4645021308630374,-0.49294464809254246,-0.413158959244344,-0.4935218660575761,0.12132112033806282,-0.041514463118541275,-0.05064577530351706,-0.44152139693607334,-0.08129961126504864,-0.5106228589889802,7
-0.5735017137251641,-1.6660305830698925,0,0,-0.5789298644389449,-0.12414695630091115,-0.4341298910780433,-0.1388407580497159,1.9887648075625723,1.9031652091589097,1.9942497874978438,2.04262904037662,-2.3949715803332636,1.669708913277396,-0.4420445950635168,2.0003336245976056,-0.8123839383937458,-0.6621364800316277,6
1.3551738558713067,0.3062122739915981,1,0,0.093784890809757,-0.08600372692777655,-0.4653655859183105,-0.1440866388248176,-0.7129342753121081,-0.7658790127227124,-0.6350281820200312,-0.7474429018482117,0.10218583492896513,-0.06965960760501888,0.016178426009186123,-0.6665652232043532,0.9256395644889968,-0.5351736457603747,7
1.0245437582261974,-1.0027984718456744,0,0,-0.23172198296079963,-0.09132898399011151,-0.27794840882349453,-0.09545682300604164,2.240108420037768,2.233225517173024,2.1931673414554944,2.2781941382752007,-1.887886000338953,1.5289834441511052,-0.7093413143975239,2.202097379365048,-0.9680410539339889,-0.6098621685249309,6
0.2117447681819704,2.1562807947749434,0,0,0.24568839022383557,-0.05447538676796574,0.06565110796159898,-0.0832329262629388,-0.7585448376184767,-0.7658790127227124,-0.8798493949416163,-0.5975377093902601,0.5518654295326771,-1.426254421843557,1.8681628569484081,-0.7622734978680052,0.591049613043132,2.2532562333739308,4
0.7076899146496344,1.9119321222186525,1,0,-0.16662091288146338,-0.10104670735040686,0.05003293021786498,-0.11288882435062492,-0.644033147878799,-0.64210642578032,-0.8237445173894266,-0.42315819923440623,0.5422977696063542,-1.7189637269241684,2.3741174749349865,-0.6148309653138663,0.5536228851946674,2.114661126528488,4
0.6112561361698108,0.1316775078799618,0,0,0.20228723414776725,-0.08464677313742447,1.9085912182343139,-0.10906879977979492,-0.0355685586616341,-0.0613274914081873,0.03568003822118269,-0.09581429295087533,-0.20397907605207918,0.4425816066268739,-0.5470540051738756,0.013739788479363068,-0.3890838932494112,-0.46886772509995034,2
-1.1107756223984666,-1.8056583959592016,0,0,-0.49212825538244315,-0.12581566681154668,-0.27794840882349453,-0.1369117523859265,2.0120553464876894,1.9952012719659455,2.0223023984138644,1.9936804600480227,-1.7922094871845942,1.72037013282408,-1.129379126672571,2.028787624744076,-0.888111043305713,-0.5611613686937446,6
1.2311875692543908,0.6552818062148709,0,0,0.7230989587128136,-0.11060082865625513,2.5489349033065403,0.19240279129250973,0.08864742185651887,0.07196613846351313,0.12493775727568365,0.06020955464896285,-0.22311436146117672,0.31311407370824745,-0.3083961924381103,0.10427464666612554,-0.5659003464068404,-0.5398821221881013,5
1.3965026180769453,0.3062122739915981,0,0,-0.5355290989715626,-0.11736303268093892,-0.4653656140309574,-0.1401005906238391,-0.8293868048662045,-0.7373161124379911,-0.8721987323247166,-0.8575773177219704,1.5086306644069094,-0.9646744322244707,0.1307341125439174,-0.8890223412341881,0.6372873735148633,0.3369849809095189,1
-1.0832231142613742,0.1316775078799618,0,0,-0.622330997078492,-0.1258156732017438,-0.18423911745991542,-0.11379264211170656,-0.9341940963999307,-0.9150408246859703,-0.9512555908420081,-0.9218223927305429,0.9345715424263216,-0.8802390696907451,0.5603181411015726,-0.9873173544008017,1.4929608265822774,-0.44438319475100996,7
-0.6561592381364414,0.00950317160181635,0,0,-0.5355290364741729,-0.12446325211512953,-0.5122199785862784,-0.14588036743006164,-0.8371503082339081,-0.7404897648515268,-0.884949843571813,-0.8636958985231262,1.5564689468167496,-1.0040776041088075,0.14982674271778684,-0.891609049472633,0.7324261252956635,0.3959056009715299,1
0.8316762012665503,-1.5438562467917472,0,0,-0.18832215495426372,-0.1034782868942565,-0.35603896019040265,-0.13248661127875247,1.8878394445750066,1.817476508304746,1.864188433497788,1.96308732200661,-2.1749154536931585,1.3938867911449881,-0.19384048012833746,1.868411294913341,-0.8574812732211398,-0.6830478869262832,6
1.065872520431836,1.2137930577721072,0,0,-0.2968234045879532,-0.11012900548629302,0.26868665958867693,-0.102359739721332,0.12164238256922864,0.1449601725377338,0.14788974742158165,0.06632809965643341,0.11175339152464352,0.2737109930141059,-0.5756929976889233,0.12755504409252671,-0.6516414189654333,-0.40663068639854155,5
-0.7388167625477188,-0.5839150331777472,0,0,0.3541908116835831,-0.07991786752642839,0.7528491013638527,-0.0882819114550229,-0.37813316474044945,-0.30887260816717166,-0.3468532073837509,-0.47822540717128553,0.9345715424263216,-0.10343366953410894,-0.7570728253945934,-0.3742669128953147,-0.03221553809273481,-0.16679621896784924,1
-1.1107756223984666,1.9119321222186525,0,0,0.13718577345974503,-0.07826520736514446,-0.09053030401133258,-0.1231933043165085,-0.5916295008018447,-0.5786333489467064,-0.7548885699037229,-0.40174322287424913,0.5997037119425176,-1.566980068284116,2.0590890727702984,-0.5967240309251497,-0.024858175463634034,2.1448899722378396,4
-0.9867893357815507,0.1840379377134527,0,0,0.11548542978692244,-0.12040598292153226,-0.6059288285813021,-0.14667757782362117,-0.7886284089105321,-0.8039628702480407,-0.7574387884808236,-0.8025101097850911,0.5040271729554978,-0.441175150065743,0.24528985062873185,-0.7907273350516936,0.6946530239983068,-0.5007492285654788,7
-0.2566478701486011,1.2137930577721072,0,0,-0.3185241779303304,-0.10551272938144694,-0.43412925854348927,-0.13587730725610592,-0.5925999377402392,-0.6040225682549917,-0.7268361426036231,-0.41398039549000226,0.3796477316874926,-1.3755932022968733,1.9540796626599393,-0.6070708871593264,-0.17006332179489742,2.3128929016046254,4
0.10153473563360066,1.7373973561070162,0,0,0.09378496893149424,-0.1108188149395882,-0.18423911745991542,-0.13023987675173407,-0.5382554429883194,-0.5595914059025919,-0.7064343480828358,-0.3099644970901102,0.24570056160606799,-1.5557219800927933,2.393209907500203,-0.5191226673698166,0.022878415195196615,2.25433057091146,4
1.4516076343511302,-0.18248507112098364,0,0,-0.29682379519663926,-0.11579936514316443,-0.5278379876541314,-0.1372459513968183,-0.40530545141914465,-0.41995058545542147,-0.3749055887798703,-0.42315819923440623,0.19786226197445345,-0.13157876335936713,0.025724642291794345,-0.40272068023781066,-0.3391143577227885,-0.5170380853302776,7
-1.6342732770032231,-1.2646006210131289,0,0,-0.07981895227714418,-0.08160838275890663,-0.2310935382405302,-0.10920869047430629,-0.45770909849609887,-0.40090858528550666,-0.4259100521298484,-0.5455298152575222,0.8867332772382551,-0.16535302793333542,-0.6043319042871649,-0.4544549381282977,0.06531578850423919,-0.20494516589490427,1
-1.069446860192828,1.1439791513274526,0,0,0.1588862343151734,-0.02336961436706999,0.9715031680864268,0.11500677441838036,-0.19472039997110957,-0.17240538300773625,-0.17598833319809107,-0.23654159906361105,0.3605124462783949,-0.035885343031050586,-0.2988498902386964,-0.2009572281155347,-0.5687045066879568,-0.38176945205396806,5
0.5285986117585335,0.49820051671439813,0,0,-0.7308334029138921,-0.12725262267452722,-0.6840194839650036,-0.14700974842033943,-0.9710707367414775,-0.9372564144310402,-1.0150111172399032,-0.9401781296272895,1.0972216233996184,-1.088512966642533,0.7512443826985044,-1.0519851232189963,-1.8651544328831187,0.8829091994428392,7
-0.4770679352453406,-0.025403781620510917,1,0,-0.07981883509453848,-0.09533787870697662,-0.35603853850069994,-0.13461126570842172,-0.5469894016356942,-0.6452801067567558,-0.43356068490916083,-0.5822412780375736,-0.4431704881012818,0.30185608683936394,-0.06973837970234495,-0.46221503956323484,0.683798449053867,-0.5711517242989917,3
-1.0556706061242818,-0.7060893694558926,0,0,0.15888646868038497,-0.03554148379584087,-0.028057733599630593,-0.11671576013772837,-0.8070667369418527,-0.8737833004656562,-0.7421374540662283,-0.811687968596703,0.054347535297350584,-0.23290120245273535,0.34075298431471845,-0.7752070623406271,1.7413414518088401,-0.6343917325360083,3
0.6112561361698108,0.21894489093577996,0,0,-0.6223309736419709,-0.12581567297352247,-0.44974743628722325,-0.14322299867424973,-0.9167262157877341,-0.918214479955796,-0.9028013850875143,-0.9218223927305429,0.7336508303586201,-0.6607070845476343,0.38848452967851055,-0.9381698443254354,1.9600064521303802,-0.4722385852958451,7
1.2311875692543908,1.2312465343832708,0,0,-0.2534228734857826,-0.10384627780548723,0.22183257615982438,-0.11660057798309949,0.20995219636678233,0.21160684465908244,0.25754919214089955,0.14892891156175245,-0.1561407764204645,0.4876138074085063,-0.6711560196830623,0.23878354490645073,-0.59242053893444,-0.44157111430542206,5
-1.2347619090153827,0.2014914143246163,0,0,-0.6440314618400073,-0.12454777671282469,-0.6215469276096249,-0.1448838535233133,-0.9652481093467089,-0.9372564144310402,-0.999709789710905,-0.9401781296272895,1.039815706896116,-1.0209646705362063,0.6939665093602567,-1.036464857492049,-0.4121237431476427,-0.4722385852958451,3
1.685803953516416,0.8821770021599981,1,0,0.4843934596335472,-0.06607744003886712,0.20621434219079654,-0.11928588774773921,0.5010835399033908,0.4750202806115457,0.6120299874937432,0.3875533783316818,-0.6440909848968074,1.1462096615153996,-1.301212738095633,0.5983364090974401,-0.4570774894851487,-0.4353287758164662,5
-1.0969993683299204,-0.9853449952345108,0,0,-0.4704273648574602,-0.12044840241922856,-0.38727531567787077,-0.13540562687997826,0.7252547084889501,0.694002525648709,0.8313488769323786,0.6200594652957645,-0.8737148403503314,1.2981933201554519,-1.3298514728602637,0.8207934107252878,-0.5655114282202042,-0.4607647716851223,2
0.8592287094036428,-0.6537289396224018,0,0,-0.31852421699119904,-0.1029963427931902,0.17497798670332843,-0.10140905555516509,-0.7954214674792943,-0.8039628702480407,-0.7650894442121263,-0.8147472741407631,0.5710007579962101,-0.4524332382570657,0.1975582794898982,-0.7984874597670283,0.7251300514998298,-0.44640867429056663,7
1.7822377319962395,-1.1598797613461471,0,0,-0.36192685738027414,-0.10958669228031129,-0.2935655745119421,-0.12834167075376055,2.5865544332464556,2.760052217700548,2.3512808473317675,2.672842783048215,-0.5388469151467701,0.5664202727641072,-0.4229519906646891,2.362473243587834,-1.3475854055811574,-0.5324299569539804,6
0.625032390238357,-0.04285725823167455,0,0,0.11548554696952823,-0.08537746707178336,0.08126925759268618,-0.11247226437719579,-0.1229080141262637,-0.1184532919776299,-0.08418037261449912,-0.17229647724791172,0.1404564057471605,0.1555013963031435,-0.40385938626586115,-0.10783563840992998,-0.49889687432389973,-0.4268640649231796,2
-0.5321729515195255,1.2137930577721072,0,0,0.549495662478073,-0.08954682420232617,-0.05929406097445191,-0.11455340505019317,0.6379152792261441,0.5956192722662034,0.7420913414937989,0.5466364846684532,-0.9024175962462371,1.2137579373572387,-1.1580178614372014,0.7302587387817048,-0.5592621903638537,-0.4819309164071231,5
-0.6423829840678952,1.0916187214939617,0,0,0.3758914678433543,-0.07881904118361722,0.31554130527046664,-0.07154052949523448,-0.04624344358944504,-0.04545922934050891,-0.007673746445502476,-0.0927549516131301,0.044779892592801664,0.21742075470236996,-0.4134056025484691,-0.030234321415391775,-0.5474637848234664,-0.4500624830561805,5
-1.2898669252895676,-0.47919417351076543,0,0,0.18058685141407613,-0.04509294563858779,0.09688735099847977,-0.036463256680845,-0.8720860720784834,-0.9086935141463189,-0.8313951960727194,-0.8759330491119962,0.3796477316874926,-0.44680416883079455,0.3789382102957354,-0.8657419438077869,2.0982869193026783,-0.5847022626510132,3
-0.44951542710824816,-0.9329845654010199,1,0,-0.29682391237924505,-0.0961956599684306,-0.46536586704477895,-0.13525259411220686,0.6301517837189872,0.5892718817504311,0.7522921239942417,0.5160436219630803,-0.8832823969460099,1.326338565964369,-1.368036767574725,0.7406054786138946,-0.49480965890879414,-0.4569923613351738,2
0.2117447681819704,-0.13012464128749274,0,0,-0.3619250019890156,-0.12074408437047864,-0.4341291742055487,-0.14568106493929517,-0.39171933428162053,-0.32791452264838566,-0.3698051975296489,-0.4751661209007483,0.896300928553691,-0.17661101480221916,-0.5947856020877512,-0.39754731032171586,-0.12828129437443228,-0.19784324090955757,1
1.7133564616535084,0.9519909086046526,0,0,0.15888646868038497,-0.08687854491114923,0.7840851757248525,-0.058514036596429855,0.28564635616702994,0.2814273691342689,0.33660610574296734,0.22541117845960093,-0.2709526610927916,0.5720493421903783,-0.6997950981149157,0.31897163998062594,-0.601614081879129,-0.4775059708809538,5
0.749018676855273,0.16658446110228906,0,0,0.20228723414776725,-0.07294282817371903,-0.4341291742055487,-0.1335512910515169,-0.0074258350445442715,-0.023243605319958692,0.04843106225071658,-0.05910280263721976,-0.1370054910113668,0.3637752932549316,-0.48022980386117226,0.026673259830395066,-0.4990259034465677,-0.470411875023651,2
-0.3530816486284246,0.11422403126879815,0,0,-0.5138285990552657,-0.11685896389173213,-0.5278381282173656,-0.13724595408740342,-0.9351645333383252,-0.9340827588755855,-0.9385044841853096,-0.9218223927305429,0.7719214528421375,-0.7901746681274802,0.5698644518926671,-0.974383799240339,2.397068935298523,-0.5658218998001444,3
-1.4276294659750297,-0.025403781620510917,0,0,-0.5572295402965567,-0.1180396313146094,-0.5590743853105699,-0.13976872560583986,-0.9565141669444648,-0.9372564144310402,-0.9869586853494056,-0.9279409721550186,0.9537068450571934,-0.9871905275491649,0.7226054468885487,-1.023531304659626,0.5565635286457405,-0.6988093451564881,3
0.5699273739641721,-1.0027984718456744,0,0,-0.4270270681205011,-0.1122936071596144,0.7997032410179992,-0.05805064609238357,0.11970148249061593,0.2211279161512906,0.04843106225071658,0.10609882117341832,0.8197597008084299,-0.373626874223904,-0.18429417792892358,0.026673259830395066,-1.085422900780546,-0.24846185359381265,2
-0.43573917303970194,-1.351868004068947,0,0,0.09378524235757434,-0.09006097717900383,-0.18423886444609378,-0.11458984992230438,2.3313295446505053,2.37604001859663,2.221219493331713,2.3944473469588647,-1.4956120466903577,1.18561294485442,-0.5184150985756338,2.23055091390357,-1.092745347082871,-0.6081425426073869,6
-1.1521043846041055,0.2713053207692709,0,0,-0.7091329174501165,-0.1268299904659099,-0.652783204381682,-0.14647827468711427,-0.9371054124554791,-0.9372564144310402,-0.9257533798238101,-0.9401781296272895,0.7623538015267016,-0.6944812629975292,0.41712347923515514,-0.9614502464079159,2.49393754914147,-0.4722385852958451,7
-1.138328130535559,2.1039203649414526,1,0,-0.29682379519663926,-0.09368807815889618,-0.371656716244434,-0.12442602816946305,-0.6352992154332477,-0.6643220498008703,-0.7472378912204299,-0.4659882620891364,0.2552682043106169,-1.2630127206072796,1.887255461347236,-0.6510449272128892,0.07915507731969079,2.4304468709626197,4
1.5618176668995,-1.12497280812382,0,0,-0.4053256698042264,-0.11676662508715409,-0.3872747815375807,-0.1348050350109194,2.2177882656473984,2.1824469643048516,2.175315513039917,2.2781941382752007,-2.1270770679526736,1.5402414816812087,-0.48977619197739225,2.1839901190507676,-0.9314205401475995,-0.6468221232459135,6
-0.5735017137251641,-0.7409963226782199,0,0,-0.5572299621539376,-0.11939576031309257,-0.48098393233792563,-0.14001993333979038,0.5864820690875844,0.544840776523832,0.6936369360569907,0.49156927673157386,-0.8545793827234929,1.1912419129582517,-1.1675643354702268,0.6811110261668808,-0.5250846424969502,-0.4751211925973655,2
-1.248538163083929,1.266153487605598,0,0,-0.18832137373689176,-0.08118574881580726,-0.012439668306483923,-0.1251528771795607,-0.5596050556330001,-0.5818069727973416,-0.6681810464743325,-0.40174322287424913,0.2552682043106169,-1.1785773580735541,1.7440607565224158,-0.5967240309251497,-0.2730755091045502,2.5081106564944724,4
-0.7112642544106264,-0.3221128840102927,0,0,0.09378504705323132,-0.10223286258326747,-0.3560386228386405,-0.1376425273184373,0.5651324826447274,0.586098229336895,0.599278917560229,0.4976877942054405,-0.2709526610927916,0.6902586855952426,-0.9002674443026083,0.5854028911856132,-0.7359409398055707,-0.4320239132288751,2
-0.6837117462735339,-0.35701983723262,1,0,-0.18832117843254872,-0.0923431972766419,-0.15300287442303462,-0.12734523587846536,-0.47420652644880673,-0.3596511324724432,-0.4922157580864612,-0.5577669603396713,1.4225217939570995,-0.5087234259075819,-0.5566003073732896,-0.5217093756082616,-0.17214692417138527,0.019681576179960917,1
-1.0143418439186431,-1.1773332379573107,0,0,-0.38362651748789617,-0.12353346017896681,-0.48098393233792563,-0.1450831479602617,2.342004167560081,2.3823872662979007,2.236520896602278,2.403624985501645,-1.5434503463219722,1.2250161268710007,-0.5375077029744617,2.246071256455828,-1.0827729215828337,-0.6102261906272038,6
0.2530735303876091,-1.8056583959592016,0,0,-0.29682192027494636,-0.11012894386653523,-0.3248017332108823,-0.13034680168004753,2.3652948636961395,2.398255671180081,2.2594728867481755,2.4342181235430576,-1.629559216771782,1.241903132504936,-0.48022980386117226,2.269351653882229,-1.0740869948994516,-0.6226894507341859,6
1.6444751913107774,-0.2697524541768018,0,0,1.8081230561276829,-0.01080756863205547,-0.19985721086570887,-0.1321620415132074,-0.3499904935270066,-0.36599840873661427,-0.31625051560257,-0.3711502775680641,0.1404564057471605,-0.0640305888399672,-0.03155317090468917,-0.343226344192784,-0.27263977427002695,-0.5110578608719484,7
0.9832149960205587,2.1039203649414526,0,0,-0.2317222173260112,-0.1146581877690545,0.33115951112684744,-0.02231278082297294,-0.7682492070024225,-0.7468370839600483,-0.8543471862186174,-0.6770792625586459,0.8197597008084299,-1.2010934584643704,1.2190136801955793,-0.8295280051891615,-0.19400105745958637,2.3973517879467483,4
-0.11888532946313886,1.3883278238837435,0,0,0.4626930378389875,-0.08278578798616291,0.1437415749905667,-0.11550354392444542,-0.459649972372888,-0.49611827194317776,-0.6095259273930521,-0.2396008578005443,0.044779892592801664,-1.3699641733995775,2.2786543670240422,-0.4596283313247899,-0.14824785365257684,2.3842784381841797,4
-1.138328130535559,1.3534208706614161,0,0,0.09378477362715103,-0.08118766359272485,0.5341948378527507,-0.06228387816760163,0.5835707582724002,0.563882719567946,0.6834361535565477,0.4762727903116794,-0.653658799819097,1.1405806934115676,-1.2821199618631938,0.670764286334691,-0.5286193430033349,-0.4386696135709364,5
-1.4689582281806683,-1.404228433902438,0,0,0.006983164570649349,-0.08680692677711965,-0.24671132240720842,-0.12506832823321587,0.7242843239542025,0.6305294773779959,0.8798032823691868,0.6200594652957645,-1.4382062765719352,1.6246768644794212,-1.3203051706608495,0.8699411233401119,-0.4043568874177505,-0.5150440517099716,2
-0.09133282132604642,0.9868978618269799,0,0,0.028683586365209103,-0.09343042084728499,0.19059627689764985,-0.1274821471984036,0.30117339958499023,0.32268482194733217,0.339156301368078,0.23152972346707149,-0.05089662056155688,0.49887194626104886,-0.795258120109055,0.3215583249386733,-0.6497429036345023,-0.4086007797099531,5
-0.8076980328904498,0.550560946547889,0,0,0.7230988415302079,0.37018535568642147,1.4869017966731894,1.1368310242196717,-0.7546630898648985,-0.7690526651362481,-0.7242859010745321,-0.7688579250154957,0.4848918875464001,-0.41865907500553645,0.22619724622990398,-0.7571000813911155,-0.5547080726065534,-0.5066781431185283,7
1.7822377319962395,-0.880624135567529,0,0,1.8732244386939676,0.05225572782378083,1.9710639854345438,0.07415688534159492,-0.061770382200111225,-0.350130146668936,0.3009029538555943,-0.21818588144038717,-2.5576214202017233,2.3508207411220563,-1.4348610548042342,0.2827576315208079,0.9731933348301016,-0.5765188180354692,3
-0.7801455247533574,0.2014914143246163,0,0,-0.405326126816389,-0.11634871144572174,-0.5903106424037741,-0.14222648541324182,-0.8080371660197002,-0.823004813292155,-0.7752903185205298,-0.823925132952375,0.5231625014190308,-0.44680416883079455,0.2357435484293179,-0.8088342927208076,0.8269885179345999,-0.4923751026247663,7
-1.179656892741198,-0.8108102291228745,1,0,-0.014717452528253436,-0.08591920744223909,-0.0124395558558966,-0.13312499654117727,-0.7692196439408171,-0.8452204001809349,-0.7140850267661285,-0.7535614826493675,-0.060464349374976495,-0.2666754670267038,0.5125865957377808,-0.7467532484373361,1.4566868170175389,-0.7136459310209116,3
0.23929727631906286,0.690188759437198,0,0,-0.14492060826950942,-0.10721984885643283,4.282547938048998,-0.08881241591393253,0.08864742185651887,0.0624450955342052,0.09943554855268477,0.09998030369955166,-0.30922331801985736,0.14424340943425992,0.06390993700625577,0.07840754100127947,-0.6926537179237126,-0.6652786779258109,5
-1.5240632444548532,0.1840379377134527,0,0,-0.5789300441189404,-0.12581567288223394,-0.5746925124515396,-0.14588036592333398,-0.8322981235419353,-0.7436634258339325,-0.8721987323247166,-0.8606366094992286,1.479927736293263,-0.9477873607309498,0.1307341125439174,-0.8890223412341881,0.6949472627070934,0.2924047482231456,1
-0.05000405912040776,1.1963395811609434,1,0,0.5928959201541634,-0.0802548454417913,0.9871212614922205,-0.10235972178409797,0.6223883406154778,0.5892718817504311,0.7395409163487867,0.5068657631514681,-0.8067410830918783,1.2869353839477882,-1.37758324160775,0.7276718210196831,-0.5024604320192054,-0.4470441924364116,5
-1.2072094008782903,-0.060310734842838186,0,0,-0.4053261971259524,-0.11939166693540555,-0.3872748658755213,-0.13870547561000035,-0.9206079635413125,-0.9309091033201309,-0.9130022662815148,-0.9095852338815916,0.6571096284460199,-0.7057393207921204,0.5412255281110642,-0.948516684263334,2.3324898594032253,-0.6040330915303254,3
-1.2209856549468365,1.1439791513274526,0,0,0.028683351999997622,-0.0710426072122463,0.955884962230046,0.24023511643050716,-0.1491098376647408,-0.12480056824180087,-0.14283549169577975,-0.17841510485619436,0.34137707476042684,-0.08091754381268303,-0.20338678232775131,-0.1673300210157515,-0.7043186480676104,-0.42432574514497834,5
1.6582514453793236,-1.3344145274577834,0,0,-0.4053271541172332,-0.12446324116050592,-0.4028937351903677,-0.1382404468983697,2.5603526097079787,2.7029264171311063,2.33087882329108,2.669783248975242,-0.7971735264961999,0.5833072783980424,-0.19384048012833746,2.341779298315507,-1.3171774260966296,-0.6068510599978306,6
-0.11888532946313886,-1.212240191179638,0,0,-0.49212777102767247,-0.11714118717499841,-0.1998570984151215,-0.13034681674732412,1.8810462287953036,1.826997665485655,1.8794899515283041,1.9141387416780136,-2.0218328259848954,1.5346125135773763,-0.5852392139715312,1.8839317538675866,-0.8528905826821103,-0.6287787653568295,6
-0.7939217788219036,-0.9155310887898562,0,0,-0.07981895227714418,-0.1069662322033825,-0.2623301467418199,-0.1416286058333413,2.3293885135627748,2.3633455231940887,2.2186692977066023,2.403624985501645,-1.5912885598447166,1.1799839767505875,-0.4134056025484691,2.2279642289455226,-1.0819468736522402,-0.6309969967347562,6
0.1290872437706931,1.1090721981051253,0,0,0.006982930205437782,-0.09266901973363392,-0.09053019156074525,-0.11499701795999305,0.5845412214126187,0.5670563719814821,0.6859864639416092,0.47321350404114204,-0.6345233421922585,1.1518386296192318,-1.3203051706608495,0.6733510876947255,-0.5249177328649586,-0.43282429598840494,5
-0.2704241242171473,-1.020251948456838,0,0,-0.36192586132812476,-0.11329419472015104,-0.2623294158130019,-0.12504121072280255,2.2517535584912087,2.252267374528437,2.1982675031858148,2.2904314760925772,-1.830479971893919,1.4952092302383564,-0.7093413143975239,2.207270516477169,-0.9830265223951938,-0.6078546765688138,6
0.8454524553350965,0.6727352828260345,0,0,-0.10151898346301796,-0.11364387748846091,2.798824847601586,1.0515299517145338,0.18375037282830523,0.13226547719489018,0.23969770800517376,0.16422528784723092,-0.6153882290009016,0.5213880719824746,-0.27021098364045465,0.2206766337981316,-0.5508550712036424,-0.6613512378998856,5
0.749018676855273,0.46329356349207085,0,0,-0.3185244513564106,-0.1227727225047078,-0.19985721086570887,-0.11797804275864833,-0.4751769633872013,-0.5532440725126203,-0.5559713143219436,-0.29772735200796097,-0.31879096072440627,-0.9252712552740118,1.887255461347236,-0.5087758344160371,-0.015060941870354524,2.6892212932022668,4
-1.6342732770032231,-0.060310734842838186,0,0,-0.60063052841089,-0.12522398887650324,-0.5434562497358061,-0.1456146304289198,-0.9409871602090573,-0.9309091033201309,-0.9461551468022094,-0.9340595510288221,0.8580303232919475,-0.8070617598854886,0.5125865957377808,-0.9821439309397928,2.49393754914147,-0.44822839658070535,3
1.754685223859147,-0.8282637057340381,0,0,-0.05811876484779608,-0.10115737187094777,-0.5278383531185404,-0.1408345729131676,0.13716932117989483,0.09100799581892649,0.22694654626369867,0.07244669973111198,-0.5292793585510918,0.7071457418903976,-0.6711560196830623,0.20774302276471474,-0.40539914631065255,-0.5011006334779283,2
-0.7663692706848112,-0.54900807995542,1,0,0.006983047388043566,-0.024130428951915573,-0.12176657516086023,-0.12867391496488728,-0.4635317201264663,-0.3596511324724432,-0.47946466520095676,-0.5394112427164476,1.3172776294873048,-0.4862073508473754,-0.48977619197739225,-0.5087758344160371,-0.22363316216223358,-0.028273127159702496,1
-0.752593016616265,-0.44428722028843814,1,0,-0.25342283442491387,-0.0880323657466697,-0.18423911745991542,-0.12335917709451878,-0.8487955645955548,-0.9023462036066675,-0.8033427687726196,-0.8422808698491215,0.20742999078787275,-0.39614294928411037,0.46485503319062765,-0.837288129904496,2.018099286338265,-0.6670133797676046,3
-1.6618257851403155,1.1265256747162888,0,0,-0.12321991304886948,-0.11153888699703429,-0.028057817937571117,-0.1333753662475537,-0.5586346186946055,-0.5564177534890564,-0.6936832551973314,-0.39256530899542924,0.4753242190091903,-1.3530771171044227,1.8204313459513386,-0.5889638596490202,-0.372565593683647,2.30940835729325,4
-1.000565589850097,-0.37447331384378363,0,0,-0.4487271110246354,-0.11567250717850106,-0.44974743628722325,-0.13684531340917988,-0.8953765821815944,-0.918214479955796,-0.8696485091572176,-0.8942887915154637,0.5231625014190308,-0.5650137148805372,0.43621609222566354,-0.9045426023050559,2.0568751531551666,-0.5805033265815159,3
-0.8076980328904498,-1.4391353871247654,0,0,-0.49212777102767247,-0.1197731076139884,-0.5746916915622517,-0.1411311220285657,1.903366383185673,1.7793928792826197,1.9432454159558263,1.9539096834638299,-2.6724335632006615,1.8273217426661577,-0.4324982928641028,1.9485994598287086,-0.7228734718164567,-0.6730458846842766,6
-1.0418943520557356,-1.4216819105136016,0,0,0.28908911663034914,-0.10605182147164621,-0.3091840052694978,-0.1309661876448107,0.5719255674153128,0.5099305714120392,0.6961873612020029,0.4762727903116794,-1.0267971236231126,1.29256435205162,-1.1675643354702268,0.6836979439289025,-0.45746980776353086,-0.4925168680755446,2
1.1898588070487521,0.2713053207692709,0,0,-0.6006305049743688,-0.12522398842006058,-0.6059287864123318,-0.14588036599508292,-0.8342389895581773,-0.8452204001809349,-0.795692113041317,-0.8606366094992286,0.5805684007007589,-0.4299171125356397,0.14982674271778684,-0.8295280051891615,1.1714107064823605,-0.4399999183030246,7
0.873004963472189,-0.880624135567529,0,0,-0.3185243341738048,-0.10605182238453151,-0.043675630216896216,-0.11125172349359744,0.08185436328775683,0.08148706714121981,0.12748799880477463,0.026557268005032518,-0.07003190597065458,0.3694044133424223,-0.5566003073732896,0.10686137818496778,-0.5700860773007397,-0.44672507458920047,2
0.6663611524439957,-0.9853449952345108,0,0,-0.296823717074902,-0.09892429010681694,-0.6215469276096249,-0.14083458259927395,-0.9516619796323094,-0.9150408246859703,-0.9895089039265063,-0.9310002614542522,1.106789275576143,-1.0322227181985535,0.6462349554047843,-1.0261180128980707,-0.8561053694279336,-0.09585118407195506,7
-0.9730130817130045,0.2887587973804345,1,0,-0.4487271578976777,-0.11714120383515515,-0.18423911745991542,-0.12822871460987534,-0.7527222159881093,-0.8293521266880964,-0.6936832551973314,-0.741324321047056,-0.07959963478407418,-0.22727223434890328,0.46485503319062765,-0.7260595592493798,1.3364689449274765,-0.6973603094329905,3
1.0383200122947436,0.4109331336585799,0,0,-0.6440314735582678,-0.11482982618102232,-0.5590743712542464,-0.13465941659883615,-0.9633072333737738,-0.9309091033201309,-1.0048102326031043,-0.9340595510288221,1.0780863190465693,-1.0659968687847778,0.7321517593979792,-1.041638279789038,-1.3808108841682665,-0.4722385852958451,7
0.1979685141134242,-0.6537289396224018,1,0,-0.16662075663798898,-0.09817553017236315,-0.340420529432847,-0.12335917530079536,-0.2772076183401192,-0.245399531333558,-0.21169146213347373,-0.3833875052510253,0.5135948414927076,0.2061626158498276,-0.8620824073385638,-0.23717121329495505,-0.02781939382886242,-0.2848791397453387,1
0.625032390238357,0.6203748529925436,1,0,0.1588863514977792,-0.09482816919949867,-0.2310935382405302,-0.1258142176172411,-0.4334481488344109,-0.35647742293310697,-0.5024166553468548,-0.4200989129638689,1.049383358211552,-0.8126907583860523,0.3312066563402629,-0.5320562318424383,-1.2057117824789956,-0.15019872632892284,2
1.6582514453793236,1.9991995052744707,1,0,-0.0798189913380128,-0.06931656020166327,-0.028057733599630593,-0.10323570813285175,-0.7371951987719726,-0.7563580412006552,-0.8645480765934139,-0.5577669603396713,0.4274859710428977,-1.4487705222343736,2.0304501661720566,-0.7286462674878247,0.7372886924016118,2.2585471063431712,4
1.5893701750365925,0.3760261804362527,0,0,-0.5789299972458981,-0.12378703803439184,-0.5434562328682179,-0.1448174196766156,-0.8643225608502327,-0.7849209414853765,-0.9002511665104134,-0.8881702134676683,1.4225217939570995,-0.9477873607309498,0.18801201165720655,-0.9252362868369328,0.9924725088936005,0.26208813863545727,1
-0.7801455247533574,0.06186360143530725,0,0,-0.3185243341738048,-0.10498668767128086,-0.324802351689113,-0.1321620433069308,-0.5421371907418977,-0.6262381637126416,-0.4080584761861619,-0.615893454547088,-0.31879096072440627,0.4425816066268739,-0.4324982928641028,-0.4363479338983888,0.7565935415168851,-0.4343303355284869,3
1.5618176668995,1.5279556367730525,1,0,-0.31852409980859314,-0.11605485777550706,-0.23109345390258967,-0.12450530895017198,-0.4334481488344109,-0.4770763860248641,-0.5738228902656299,-0.21818588144038717,-0.04132897785700826,-1.285528815931974,2.221376296077141,-0.44152139693607334,-0.18567288145516886,2.446375846651549,4
-0.9867893357815507,-1.6660305830698925,0,0,-0.5572297043522049,-0.11803964614899552,-0.18423886444609378,-0.13157185198428215,1.9528586146401494,1.817476508304746,1.9840490049974004,2.0242731575517716,-2.815948031551153,1.8104344837261246,-0.26066468144104066,1.9899868847654156,-0.7237765884932924,-0.6949413029780365,6
-0.7663692706848112,0.2713053207692709,0,0,0.37589099911293117,-0.08678307536643347,-0.09053024778603885,-0.11707452993054525,-0.4974970391721001,-0.48025000987549943,-0.49731624114464323,-0.5088183249438665,0.5614330894590002,-0.4074009868142136,0.1307341125439174,-0.49584226994341546,-0.17987794816518524,-0.21888424898993109,3
1.1209775367060208,-0.3221128840102927,0,0,-0.6223311611341402,-0.12581567091953053,-0.512219911115926,-0.14428594284024898,0.34387259867252806,0.36711606998843277,0.38251008603476333,0.2713004449840564,-0.07003190597065458,0.5382750269551902,-0.8429896311061245,0.3655324348334283,-0.6572249798852087,-0.40596210474500716,2
-0.39441041083406325,0.25385184415810724,0,0,-0.4487271110246354,-0.11248829820763057,-0.4185111763827545,-0.13423259742440102,-0.9409871602090573,-0.9340827588755855,-0.9512555908420081,-0.9248816817544406,0.8293273521238658,-0.8408358876741643,0.5985033928576312,-0.9873173544008017,2.397068935298523,-0.5530188814174717,3
-0.24287161608005484,0.09677055465763452,0,0,-0.5138285443700497,-0.11440460078477643,-0.43412928665613604,-0.13133127313773107,-0.7963919175186006,-0.6960585739362268,-0.8415960864475159,-0.8300437137535308,1.5564689468167496,-0.9534163794960014,0.06390993700625577,-0.85539508757361,0.447586011140527,0.33687326378158006,1
0.8316762012665503,-0.37447331384378363,0,0,3.587563189924923,1.5549065142065062,-0.559074151975601,-0.14328943711287934,0.5166106357249984,0.5226251239403812,0.5712265132121193,0.4395613275316277,-0.36662917424715025,0.7859521565847789,-0.9670917315321171,0.5569491005627196,-0.6692243395659673,-0.4331956942939589,2
-1.2072094008782903,-0.33956636062145634,0,0,2.328934311962306,0.09442116954098541,5.531998502903632,0.24076778053239456,-0.48294045889435794,-0.5119865625737564,-0.4769144466238559,-0.4568104308111285,0.1308887630426116,-0.3567397672675295,0.47440133539004153,-0.5061891261775923,0.7834878313183824,-0.6861967492848338,3
1.3965026180769453,0.35857270382508905,0,0,-0.7308334029138921,-0.12725262267452722,-0.6840194839650036,-0.14700974842033943,-0.9710707367414775,-0.9372564144310402,-1.0150111172399032,-0.9401781296272895,1.0972216233996184,-1.088512966642533,0.7512443826985044,-1.0519851232189963,-1.8651544328831187,0.8829091994428392,7
-0.752593016616265,-0.025403781620510917,0,0,0.7013984587965167,-0.035206489123793115,0.47172263290545763,-0.07918828626635907,-0.4499455505852952,-0.42629783315669223,-0.4386611679673429,-0.48128469344182295,0.5805684007007589,-0.2948205101907421,-0.07928476781856461,-0.4363479338983888,-0.1106531699900447,-0.11366361503551282,3
-1.1658806386726517,-0.880624135567529,1,0,-0.18832117843254872,-0.10248637996004137,-0.23109336956464907,-0.10203378968562797,-0.43053681181740366,-0.37234568500078535,-0.40040779750286926,-0.5179962112890825,0.8771656173119322,-0.15409488908079305,-0.613878206486579,-0.42858778590265684,-0.003939154587416828,-0.2011758613147584,1
-1.4965107363177608,1.1614326279386162,0,0,0.7447992633247676,0.02962841644796911,1.721173478886561,1.1744991977548072,-0.19472039997110957,-0.1914473831776511,-0.16833767746678838,-0.22736368518479116,0.18829470537877505,0.014775876515633522,-0.21293308452716533,-0.19319710340020005,-0.5557281873121869,-0.5151132197916156,5
-1.248538163083929,-0.13012464128749274,0,0,1.5260168697027714,-0.026712388091300002,-0.5434566095776856,-0.1420072698124258,0.6272404991056271,0.5607089814657098,0.7395409163487867,0.5496957434053864,-1.1129059940729227,1.258790138138871,-1.0243695447286005,0.7276718210196831,-0.49973586875768,-0.5158474755357663,2
-0.43573917303970194,1.1614326279386162,0,0,1.4175149169734473,-0.08565478565055192,0.05003304266845231,-0.08898905641353372,0.4331529542157702,0.41472082762856743,0.5202220269101512,0.34166413934083023,-0.5197117158465429,0.9323068471209993,-1.0625547535262565,0.5052148193918353,-0.5417275685024805,-0.44516067245824587,5
-0.7939217788219036,-1.0900658549014925,0,0,-0.3185241779303304,-0.11567250443984516,-0.44974743628722325,-0.14003415469642225,-0.3490200565886121,-0.28983069368595765,-0.3111501014003584,-0.4476325169323086,0.8197597008084299,-0.035885343031050586,-0.7570728253945934,-0.3380529509962918,-0.052858323310050845,-0.21764174695830246,1
1.244963823322937,1.021804815049307,0,0,0.2673886948357895,-0.0936880827233227,0.08126934193062682,-0.11145223845169848,0.44867989282643655,0.449631118429061,0.5278726137854831,0.34778273941550875,-0.3570616176514719,0.892903563781979,-1.1580178614372014,0.5129748742659774,-0.539772384975783,-0.41380255590798304,5
0.37705981700452507,-0.7060893694558926,0,0,1.0052050279551192,-0.09695017792691667,-0.4185111763827545,-0.13480501223063218,-0.27623720760354814,-0.27078872207894306,-0.2524950511750482,-0.30690523835317685,0.274403575828585,-0.06965960760501888,-0.15565518541387602,-0.27855863823166255,-0.5251042584108694,-0.4520816216490571,2
-0.9179080654388196,1.6326764964400344,0,0,-0.18832137373689176,-0.10299634735761672,-0.2154754167220898,-0.12279632821519822,-0.6585897281565412,-0.6579747164108987,-0.8084432059268214,-0.472106862163815,0.5422977696063542,-1.5332059050325868,2.0590890727702984,-0.6562183669701763,0.25597288179563443,2.1812774947620914,4
0.33573105479888643,-1.0377054250680018,0,0,-0.14492053014777218,-0.10113395636299254,-0.29356610865223215,-0.1387054661032663,-0.3402860979412374,-0.28983069368595765,-0.2830976281962783,-0.4537510894733834,0.7336508303586201,0.09921120865262749,-0.9002674443026083,-0.30959909053220597,0.08054588920747548,-0.2331584964094822,1
1.313845093665668,0.4458400868809072,0,0,-0.6874324304239062,-0.12332418943981796,-0.652783204381682,-0.1439221655098067,-0.9701002988336155,-0.9372564144310402,-1.0124608961380834,-0.9401781296272895,1.087653971223094,-1.0772549179669617,0.7416980710482418,-1.0493984124197078,-1.3808108841682665,-0.4722385852958451,7
1.4929363965567688,-0.3221128840102927,0,0,1.7213208220972838,-0.07445571874887205,-0.4185111370250489,-0.1336847691848609,-0.5731911989723477,-0.5754596679702704,-0.5610717285241551,-0.5791819917670363,0.4466212908955437,-0.39051393051905886,0.21665091825544838,-0.5915505678874651,-0.32304657031336653,-0.5157038983859362,7
0.9969912500891049,-1.1424262847349835,0,0,-0.4053256698042264,-0.11302052311815755,-0.2779480152464387,-0.12900620222537568,2.232344819723317,2.217357112290844,2.1702153513095968,2.2965501037008593,-1.9548593270530539,1.4220319862926853,-0.46113719946234455,2.1788169819386467,-0.9752603205290991,-0.6423285272664002,6
-0.5459492055880717,0.00950317160181635,0,0,-0.2534226000597023,-0.10591576915445855,-0.01243947151795595,-0.11689592709754071,-0.5867773161098717,-0.7214478418014426,-0.46161315811324083,-0.6005970231944014,-0.739767670268907,0.34688828762099655,0.14982674271778684,-0.4906689000273206,1.147512551372868,-0.667828709044309,3
0.8592287094036428,-0.30465940739912906,0,0,0.8533019972714639,0.1541359867394642,1.283865795243762,0.8080481252701125,0.016835088415320144,0.03705581910011919,0.03568003822118269,-0.02545068119491341,0.16915933386080698,0.13861428934676923,-0.40385938626586115,0.013739788479363068,-0.6842460756724629,-0.4177468188536719,2
-0.2979766323542397,1.789757785940507,0,0,-0.058118530482584516,-0.08828594474320137,-0.23109359446582386,-0.11558639062728039,-0.6178313243403218,-0.6452801067567558,-0.7421374540662283,-0.43539537185015936,0.2552682043106169,-1.3305610116474846,2.001811173657009,-0.6251778215480431,0.06355214347923194,2.373583784572669,4
0.11531098970214688,1.0043513384381435,0,0,0.20228750757384753,-0.07785342534605358,0.6591400911267421,-0.09562214331724364,0.10999711310667012,0.14178654868709833,0.12238753869858277,0.06326873078508419,0.19786226197445345,0.17238855392073751,-0.48977619197739225,0.10168793842768065,-0.7072950360729362,-0.410105654586359,5
1.685803953516416,-1.2820540976242927,0,0,-0.5572302043313229,-0.12104120571362612,-0.4653653329044889,-0.1408346050208165,2.204202227115345,2.1824469643048516,2.1727653174148065,2.238423361691007,-1.9931301561978607,1.6021606374355566,-0.7284338328795458,2.1814034340927204,-0.9343213850888774,-0.6132340639774269,6
-0.43573917303970194,-1.648577106458729,0,0,-0.2534221313292792,-0.09918970009684179,-0.2935655745119421,-0.11877507299062921,2.3953783301809004,2.461728719450794,2.262022852853386,2.4648108210468065,-1.3520974061221254,1.0842905057610517,-0.48977619197739225,2.2719381060363033,-1.1394338812564633,-0.6038231285509661,6
-1.31741943342666,-1.2471471444019653,0,0,-0.5789298644389449,-0.1268299994578301,-0.3091841739453789,-0.14382089152770342,2.32453645987992,2.3633455231940887,2.2033681239559377,2.406684519574618,-1.5434503463219722,1.1068064794988188,-0.3370351849531578,2.212444119197238,-1.0986109412538831,-0.6366492389612299,6
-1.0556706061242818,-0.6711824162335653,0,0,0.48439357681615314,0.17974734899628747,-0.10614839741712617,-0.023907156982253715,-0.8584999470804124,-0.8991725454805518,-0.8109934245039223,-0.8667551847936635,0.33180943205587793,-0.39051393051905886,0.3312066563402629,-0.8450482546198306,1.996236042547822,-0.5868602550354785,3
1.5204889046938612,1.266153487605598,0,0,-0.07981895227714418,-0.09682309744646132,-0.05929406097445191,-0.12641299298260927,0.26720805433753286,0.2560381498259835,0.3289554500116645,0.20093675062728258,-0.31879096072440627,0.6283395298408947,-0.7475266091119854,0.3112115152652911,-0.5825447109127246,-0.45944041967848903,5
-1.689378293277408,1.3010604408279254,1,0,-0.38362563861835264,-0.11308846095509859,-0.13738458422871316,-0.12267360524738123,-0.651796669587779,-0.6611483688244342,-0.772740122895419,-0.4904625797870387,0.4466212908955437,-1.336190045610902,1.8204313459513386,-0.6717386164008454,-0.052767784969584175,2.3201532208499014,4
-1.248538163083929,0.7076422360483617,0,0,-0.38362563861835264,-0.11803963062994541,-0.3248023235764661,-0.138208781940384,-0.674116745372678,-0.6738430070414771,-0.7778405370976307,-0.5424705014533807,0.5518654295326771,-1.2404966252825855,1.553134540700526,-0.715712703015203,-0.261344233580686,2.365343594954691,4
0.7214661687181806,0.04441012482414362,0,0,-0.5572295520148173,-0.12454777570865086,-0.5122199785862784,-0.1395026812681301,-0.8293868048662045,-0.718274183675327,-0.884949843571813,-0.8606366094992286,1.6808484053065293,-1.0491097947581962,0.10209520594567549,-0.8735020801633203,0.8506291814807145,0.4863502115726742,1
0.7627949309238192,-0.13012464128749274,0,0,0.4192926239194228,-0.0904792520947938,-0.30918428639596623,-0.1323640554859567,-0.10155840148158304,-0.1057586823234872,-0.05867816389150024,-0.14782215955000946,0.044779892592801664,0.2005336477459957,-0.3847666959502275,-0.08196853274508391,-0.5161875613979588,-0.4552330721491101,2
1.1072012826374746,1.2312465343832708,0,0,-0.10151956937604696,-0.09985900477696208,0.8309398495192888,-0.09241759008922112,0.11096749764141771,0.12274451995428308,0.14278924141140942,0.06020955464896285,0.0160769644791552,0.30185608683936394,-0.5279614007750478,0.12238155777444468,-0.6421691992703334,-0.435469311900031,5
-0.8490267950960885,-1.927832732237347,0,0,-0.4921267710694363,-0.12277277453916993,-0.3560386228386405,-0.12887319584128673,2.4943630551080886,2.5696330728884087,2.3232282364157473,2.5994197473536964,-1.3520974061221254,0.9154197908258443,-0.20338678232775131,2.334019243441364,-1.1859005812390906,-0.644370959132796,6
-1.179656892741198,2.13882731816378,1,0,0.15888646868038497,-0.05278484186671524,-0.16862093971618136,-0.10336246877204988,-0.5683390142803748,-0.5786333489467064,-0.7140850267661285,-0.3772688776427427,0.3700800028740733,-1.4318834507408529,2.0590890727702984,-0.5760303184567959,-0.14837531350213143,2.2873273045502507,4
-0.7388167625477188,-0.496647650121929,0,0,0.093784890809757,-0.04441673498117,0.06565105173630538,-0.08323290294453455,-0.7216682077576593,-0.8007892264033751,-0.6605303677910398,-0.7107314115345562,-0.12743784830681817,-0.18786900167110254,0.44576240301675807,-0.6924323055888018,1.1814219279010376,-0.6990999934471757,3
1.1072012826374746,1.1614326279386162,0,0,-0.23172249075209148,-0.10447282065592356,-0.23109362257847071,-0.12685160140411356,0.3254342706412075,0.3417268506801474,0.37740964888056167,0.24376684101561671,-0.11787020560226927,0.6114524735457396,-0.9193602205350476,0.36035901835653866,-0.5975808756136807,-0.40313760122020936,5
-0.3393053945598784,-0.14757811789865635,1,0,-0.42702661892051225,-0.12353345835319621,-0.48098367932410396,-0.14109710460233638,-0.899258329935173,-0.927735447479047,-0.8721987323247166,-0.8942887915154637,0.4753242190091903,-0.559384645454266,0.47440133539004153,-0.9071293151995804,2.2950108224509758,-0.6194197868710237,3
-0.5735017137251641,0.16658446110228906,1,0,0.1805873982662365,-0.07842301328259799,-0.3560387915145216,-0.12782073939665511,0.304084710400174,0.2496908164360119,0.42076341059525646,0.2131739783102438,-0.739767670268907,1.0223712486842642,-0.9957307240471647,0.4043331049708958,-0.38678952877559225,-0.48349279510011356,2
0.9969912500891049,0.6552818062148709,0,0,0.05038381285542583,-0.0004630901754914323,2.5489349033065403,1.6401366094224188,0.13911022125850755,0.11639727225301251,0.17084173756747964,0.12139530759331277,-0.31879096072440627,0.32437221256079,-0.23202577484279888,0.15342217303777014,-0.6662302972381137,-0.6671067469722934,5
-0.5735017137251641,-0.16503159450982,0,0,-0.1883212956151545,-0.10147207994940745,-0.1373847247919474,-0.13631383549657922,-0.45091601372551326,-0.36599840873661427,-0.4488620422757464,-0.5302333563712316,1.1354922329668056,-0.3567397672675295,-0.5279614007750478,-0.4777353355546989,-0.14347063756763656,-0.09324576672531149,1
1.2725163314600294,-0.7584497992893836,0,0,-0.5138285990552657,-0.11393065241783498,0.09688735099847977,-0.13409346834484676,-0.5557233340812453,-0.5976752634279203,-0.48201492968203796,-0.5975377093902601,0.07348282070644813,0.03166283148834934,-0.12701627881563426,-0.5113625892152769,0.2707202566527811,-0.503214627456858,7
-0.5459492055880717,-1.1773332379573107,0,0,-0.21002179553145153,-0.11812376419322215,-0.3248024641397004,-0.1139919570688507,-0.27817805527851375,-0.27078872207894306,-0.18873947198757574,-0.38950605025849594,0.2935388612376827,0.3637752932549316,-0.9098139183356336,-0.21389081586855385,0.06500005947198158,-0.32263578912421037,1
-0.5046204433824331,-0.6013685097889109,0,0,-0.42702679469442095,-0.11846188686675176,0.34677757641999407,-0.07446365110870311,-0.385896660247606,-0.31839359397067896,-0.36215449589436594,-0.4751661209007483,0.9250038824999987,-0.15972390784584473,-0.6520635012010404,-0.3897871390455864,-0.10544762952695061,-0.16890303085410993,1
0.2806260385247015,0.690188759437198,0,0,0.48439373305962746,0.18076174714209123,4.563674406507393,0.3416806323028304,0.062445598318041744,0.0338821952494839,0.08158401851297867,0.06632809965643341,-0.30922331801985736,0.17801752202456958,0.006632037892966455,0.06806063820630766,-0.6379125459498864,-0.6863613550843685,5
-1.620497022934677,-1.5613097234029107,0,0,0.050383969098900236,-0.04306432051297415,-0.2623297812774109,-0.11053738211679202,-0.43830030732456027,-0.4167769330418858,-0.3749055887798703,-0.5302333563712316,0.5518654295326771,0.05980797597482694,-0.6520635012010404,-0.40272068023781066,0.16768500974654346,-0.29673185727197154,1
1.4791601424882226,0.04441012482414362,0,1,0.2022873122695045,0.14399268994540218,-0.34042044509490643,-0.03407160275575368,-0.9312827803443822,-0.9245617919235924,-0.9334040401455109,-0.9248816817544406,0.8197597008084299,-0.7789166305973768,0.5030402849466862,-0.9692103757793301,2.344908781687254,-0.480590647330252,3
-0.22909536201150862,-0.18248507112098364,0,0,-0.5572295520148173,-0.12251914350817612,-0.5590743937443639,-0.14488385273407497,-0.8264754914308383,-0.7404897648515268,-0.8619978534259151,-0.8575773177219704,1.451224747903407,-0.9140132126777866,0.10209520594567549,-0.891609049472633,0.6026912220449259,0.24279186144519826,1
-1.193433146809744,1.3708743472725797,0,0,0.11548515636084233,-0.10283781797856259,1.6587012739392675,-0.10194800307013475,0.531167111195446,0.4972358475062954,0.6273313907643089,0.44262058626856116,-0.739767670268907,1.0730324682309482,-1.0816475297586958,0.6138567516496989,-0.546470086215244,-0.47181833581943877,5
-0.5597254596566179,-1.2646006210131289,0,0,-0.036417991505418974,-0.09006097261457732,0.06565124852483323,-0.1310655466478084,-0.29661640951165785,-0.28983069368595765,-0.20914126650836307,-0.4048024816111824,0.30310650394223143,0.335630148768454,-0.8716287095379778,-0.23458452833690768,0.0795128715895753,-0.32900856994487326,1
-0.17399034573732375,-0.37447331384378363,0,0,-0.5138285990552657,-0.12251914373639745,-0.24671165975897053,-0.13850616675151578,-0.882760886261371,-0.9213881352256218,-0.8390458632800171,-0.8881702134676683,0.3700800028740733,-0.4355461313006913,0.3693918909129603,-0.8735020801633203,2.235621071196599,-0.5891988996967914,3
1.2725163314600294,-0.14757811789865635,0,0,-0.27512329528034224,-0.11939166374030703,-0.5278381282173656,-0.1401005906238391,-0.9215784057200718,-0.9309091033201309,-0.9079018222417159,-0.9187631037066452,0.6666772711505689,-0.6663361539739054,0.46485503319062765,-0.943343260802325,2.3324898594032253,-0.5513118726897506,3
-0.4770679352453406,1.981746028663307,0,0,0.2239878121858014,-0.09695017108027688,0.08126906080415833,-0.0989658356696715,-0.3888080234664368,-0.43581884752309985,-0.563621947101256,-0.12946644192678558,-0.1083025628977205,-1.4769156413902413,2.6127751158371404,-0.36650674161918523,-0.06159860787044887,2.35833697828016,4
-1.4000769578379373,-0.54900807995542,0,1,0.8750022628225492,-0.02143985928391614,1.283865795243762,-0.04497924553445028,-0.639180963186826,-0.68653761669562,-0.5865739372471539,-0.6495456585902063,0.09261810611554581,-0.17661101480221916,0.20710459887267327,-0.617417673552311,0.597288476260565,-0.5926942494989386,3
1.2725163314600294,1.4755952069395617,0,0,0.24568839022383557,-0.077804693246505,0.06565110796159898,-0.10316315202118234,-0.5499006862490543,-0.5754596679702704,-0.6834823579369378,-0.3589131875531229,0.21699763349242152,-1.336190045610902,2.049542770570884,-0.5605100923065242,-0.11223469215204299,2.3781642126995783,4
0.1979685141134242,-0.14757811789865635,1,0,0.09378477362715103,-0.10538007025892088,-0.48098393233792563,-0.1354056261624889,0.25362188479636183,0.27507997861849665,0.2779509637096963,0.20093675062728258,-0.0126260497433618,0.3694044133424223,-0.613878206486579,0.2594772340944067,-0.7138532899598927,-0.4248303680343536,2
0.5974798821012646,1.1090721981051253,0,0,0.6362969981084945,-0.0777754215793477,0.11250550062956696,-0.11827282864394087,0.5486350284901957,0.563882719567946,0.6247809656192967,0.4365020687946945,-0.30922331801985736,0.9548228208587665,-1.3107589543782414,0.6112698338876772,-0.5589540025607247,-0.38959657428820793,5
0.5974798821012646,-0.8108102291228745,0,0,-0.38362577142530585,-0.0981755096324439,-0.24671171598426425,-0.11857591946859139,0.5893934585082384,0.6114874486451805,0.622230907706127,0.5221621394369468,-0.28052030379734033,0.7015167231253459,-0.9098139183356336,0.6086832886120144,-0.7521529695686778,-0.43113876883515123,2
-0.9454605735759121,0.2887587973804345,0,0,-0.3619252168237929,-0.11668682613150498,-0.60592880327992,-0.14588036743006164,-0.8255050571126261,-0.8325257791016321,-0.7982423086664278,-0.8422808698491215,0.6092713718688406,-0.49746538837747867,0.2357435484293179,-0.8321146901472088,0.9214112452664327,-0.457921633541509,7
0.43216483327870997,-1.596216676625238,0,0,-0.42702829463177516,-0.12353343256418646,0.05003250852816223,-0.12834178913950517,2.600140864805862,2.76957366051046,2.3436302604564365,2.7156729560373605,-0.5866851286695142,0.43695258786182223,-0.15565518541387602,2.3547131887136925,-1.3723357370185834,-0.5928199684724034,6
1.6995802075849622,-1.2296936677908017,0,0,-0.4487244822281786,-0.12074401521941713,-0.44974743628722325,-0.1344535384077588,2.5603526097079787,2.7251423553435594,2.33087882329108,2.6483684378167087,-0.5962527713740631,0.5833072783980424,-0.3943129981496412,2.341779298315507,-1.337186660885278,-0.5518838519617182,6
-0.9316843195073659,-1.4216819105136016,0,0,0.1805871248401562,-0.10741504085025759,-0.402893366914694,-0.13446792263447574,0.010041951241087498,-0.0010279527365081643,0.08158401851297867,-0.06522134764469043,-0.1083025628977205,0.48198483930467423,-0.7093413143975239,0.06030058333216543,-0.4063328638132022,-0.43028274103332587,2
-0.3117528864227859,-1.2820540976242927,0,0,-0.10151906158475513,-0.10299633594655044,-0.3091840052694978,-0.13141821311737273,0.6233587513520488,0.5765773006591886,0.7242397425981225,0.5405179671945867,-0.9311206104687538,1.1799839767505875,-1.0721010557256705,0.7121517112713986,-0.5366155741533207,-0.4949393038179889,2
1.754685223859147,1.3534208706614161,0,0,1.0703064886431415,-0.0018423799869310253,0.8777941578493162,-0.04305856238850817,0.08476567410294059,0.08466074811765573,0.10963639990909811,0.0540908719734722,-0.07003190597065458,0.23430770967508577,-0.32748879683693816,0.08875435067466148,-0.6647991201585753,-0.5249269347393432,5
0.7352424227867268,0.1840379377134527,0,0,-0.6874324499543406,-0.12332419080914592,-0.621546936043419,-0.14212785215073312,-0.9225488426584663,-0.9086935141463189,-0.9257533798238101,-0.9218223927305429,0.8771656173119322,-0.7789166305973768,0.44576240301675807,-0.9614502464079159,1.7674220735009727,-0.4097354856480187,7
-1.0143418439186431,-0.14757811789865635,0,0,-0.4704275992226718,-0.11609513495962466,-0.29356602431429163,-0.13471943009960696,-0.9002287721139323,-0.9213881352256218,-0.884949843571813,-0.8881702134676683,0.5422977696063542,-0.6381910094874277,0.5412255281110642,-0.9200628750161226,2.1364459310132036,-0.6430502952278031,3
1.437831380282584,-0.33956636062145634,0,0,-0.5355291185019969,-0.11475243085236916,0.11250550062956696,-0.11039551115164326,-0.4528568614004789,-0.47072902407199213,-0.4157091778214449,-0.4751661209007483,0.20742999078787275,-0.12594979525553507,0.006632037892966455,-0.4441081051745182,-0.22817446418910672,-0.508629407700512,7
-0.7112642544106264,1.3534208706614161,0,1,-0.44872698212376905,-0.1124883004898438,0.5654313620160998,-0.10296432136935715,0.56707338272334,0.5734036768085533,0.6426325645149731,0.4640356727631342,-0.4048998311742162,0.9660810103725284,-1.2343883649493186,0.6293768613979833,-0.5827643655576987,-0.40969679293256217,5
0.3908360710730713,1.4755952069395617,0,0,0.2239878121858014,-0.07180333050856182,-0.1373847529045943,-0.09167004868594134,-0.5295214843409448,-0.5659387107296633,-0.6477792749055354,-0.34667601493736977,0.10218583492896513,-1.2179805299578912,1.9636259648593533,-0.5501632360723473,-0.13499072157132477,2.489686582990427,4
-1.2898669252895676,-0.30465940739912906,0,0,-0.10151956937604696,-0.11060090328462843,-0.48098367932410396,-0.125950113689733,-0.4703248048970519,-0.37869304695365724,-0.4718140324216444,-0.5516483877985967,1.212033456406623,-0.39614294928411037,-0.5375077029744617,-0.5010157329811,-0.10746449420519372,-0.0776663195462427,1
-0.13266158353168508,0.11422403126879815,0,0,-0.5138286615526555,-0.1194761932675828,-0.44974745034354674,-0.1368453205840735,-0.779894476464981,-0.6928849500855916,-0.8160938616581239,-0.811687968596703,1.4225217939570995,-0.8802390696907451,0.07345623920566971,-0.8424615463813857,0.23415693415319588,0.19921370538561456,1
1.754685223859147,-0.7235428460670563,0,0,-0.31852456853901645,-0.11770110719976894,-0.465365510014164,-0.138506180563186,0.04788909664577026,0.04975051444296282,0.09688526111961344,-0.013213425978348296,-0.02219369244791057,0.3637752932549316,-0.5947856020877512,0.07582076292164232,-0.5405301259350185,-0.42930636465165223,2
0.4734935954843486,-0.13012464128749274,1,0,-0.5572298332530712,-0.11939575483578076,-0.10614848175506669,-0.12720945460427127,-0.1898681890773131,-0.2041419928317938,-0.1632372862165671,-0.20594870882463404,0.025644521074833587,0.020404895280685193,-0.06019216341973673,-0.18802373348410534,-0.5125886514666795,-0.5260149894268331,7
-0.022451550983315315,0.21894489093577996,0,0,-0.5138285990552657,-0.1022328009635097,-0.49660185706783805,-0.12309344055974503,-0.9419575971474519,-0.9340827588755855,-0.9461551468022094,-0.9340595510288221,0.8388950120501887,-0.8014327309881931,0.5221328979371946,-0.9821439309397928,2.4333945565123285,-0.4829658494902823,3
-1.1107756223984666,-0.007950305009347285,0,0,-0.31852421699119904,-0.10451501261695874,-0.4028929873939616,-0.1318627515884488,-0.9322532225231415,-0.9309091033201309,-0.930853819273211,-0.9248816817544406,0.7719214528421375,-0.7564005403388046,0.5125865957377808,-0.9666236652128455,2.327876893904168,-0.5158261880719114,3
1.1209775367060208,-1.6311236298475653,0,0,-0.42702679469442095,-0.11579940736410957,-0.44974778488404415,-0.1371851118864202,2.260487569542231,2.284004070041196,2.1906169163104825,2.2965501037008593,-1.629559216771782,1.3938867911449881,-0.7379803069125714,2.199510461603026,-1.0259861149236833,-0.5920142800227942,6
-0.5321729515195255,-0.9853449952345108,0,0,-0.34022471690749595,-0.11305219772764684,-0.3872747815375807,-0.13471942023412825,1.8810462287953036,1.9031652091589097,1.8667388586428002,1.8560124402058242,-1.3329619484952868,1.4501769787955041,-1.129379126672571,1.8709982126753626,-0.9597625279872467,-0.5231629221950377,6
1.4240551262140377,1.021804815049307,1,0,-0.3836258182983482,-0.11153888699703429,-0.46536564214360415,-0.13525258209426005,-0.5314623320159102,-0.5215075483772638,-0.7217356824974313,-0.30690523835317685,0.5231625014190308,-1.6964476012027425,2.355024698702547,-0.5165359824117692,0.07184370311100037,2.12290015148279,4
-1.4965107363177608,-0.7235428460670563,0,0,0.9618043015486056,0.8150480102062544,1.0652120939855971,1.0485400838594994,-0.7488404420327075,-0.8134838417700978,-0.6809321623118272,-0.7596800662038837,0.025644521074833587,-0.16535302793333542,0.25483617860318736,-0.7131260180571556,1.3728623500216022,-0.6186194688150317,3
1.754685223859147,-1.5264027701805836,0,0,-0.36192586132812476,-0.12277263532416162,-0.4028930155066085,-0.1430238166320098,2.5739390412673853,2.734663226895466,2.3385296396863136,2.672842783048215,-0.6440909848968074,0.5551620832503452,-0.2988498902386964,2.3495395859936234,-1.3419316196895514,-0.5710802268899955,6
-0.0775565672575002,-0.14757811789865635,0,1,0.2239878121858014,-0.09135525911127025,0.721612858326972,-0.09433952704782225,-0.7731014100356719,-0.8356994343714578,-0.7191854639203303,-0.7688579250154957,0.06391517800189936,-0.2779334538955874,0.4075771598523801,-0.7519266649142259,1.4792956834915074,-0.6641474659787727,3
0.184192260044878,0.16658446110228906,0,0,-0.4704275992226718,-0.11710945528195653,-0.3560386228386405,-0.14322300226169654,-0.8022145339086034,-0.7151005255492112,-0.8339454146498203,-0.8392215808252239,1.4416571051988583,-0.8689810068300321,0.03527103040801401,-0.8605685273308972,0.5680955064841869,0.18562538016766225,1
-1.6618257851403155,1.5105021601618889,0,0,1.1137080353278959,-0.03553190991125297,0.9246485786299311,-0.10781750192099768,0.3322273554117932,0.32585844579796763,0.41311266305599326,0.23764832354175006,-0.32835851732008436,0.8084681809837658,-1.0434623209610399,0.39657288713397154,-0.4951885947747915,-0.4205010543366873,5
1.5204889046938612,-1.351868004068947,0,0,-0.2751237640107655,-0.11302052311815755,-0.3091845394097878,-0.13631410276136632,2.032434600799446,1.9444227476606741,2.0350533765394183,2.091577703306028,-2.452377178233945,1.686596172217429,-0.4134056025484691,2.0417210495343134,-0.8158260517864317,-0.6667586419402586,6
-0.36685790269697083,-0.07776421145400182,2,0,-0.16662075663798898,-0.11541892316110022,0.03441483681207139,-0.04682701382404228,-0.40530545141914465,-0.32791452264838566,-0.38765670461736473,-0.4965812073953213,1.03024805558068,-0.2160142474800197,-0.6616098034004544,-0.4156542447104324,-0.08572670508199283,-0.1387338418063822,1
-0.8352505410275423,1.0916187214939617,0,0,0.11548554696952823,-0.082876268612712,1.2370115712516754,0.8142263544120063,-0.1646368024772306,-0.1501898446758869,-0.1453856873208904,-0.1998300812163514,0.26483584701516566,-0.007740249205792405,-0.2511183792416268,-0.16991670597379885,-0.658878252701231,-0.4411236893432437,5
1.2036350611172983,-1.3169610508466199,0,0,-0.5138289115422146,-0.1215048154263192,-0.5278383531185404,-0.1456810689751728,2.235256104336677,2.2681356651590154,2.1549137185191296,2.2751350172062867,-1.5243151470217453,1.303822288259284,-0.6902487959155019,2.163296406582414,-1.048424235764716,-0.5914283894902524,6
1.3276213477342143,-1.2820540976242927,0,0,-0.5572292160913472,-0.1148298033588898,-0.2779480152464387,-0.13465937803378297,2.227492504022227,2.201488850223166,2.1931673414554944,2.2690164997324196,-2.0505360985340237,1.6021606374355566,-0.6711560196830623,2.202097379365048,-0.9331430353442964,-0.6218872562756044,6
-0.09133282132604642,-0.2173920243433109,0,0,-0.2534226000597023,-0.10335690966471543,-0.5278381731976006,-0.14212785466194588,0.6602354074146898,0.674960582604595,0.7140388682897189,0.5741700886368929,-0.4048998311742162,0.8985325318858113,-1.119832824473157,0.7018048783176191,-0.6916101513032158,-0.4203015733304117,2
1.754685223859147,-1.683484059681056,0,0,-0.2317229594825146,-0.1136439509757276,-0.4028937351903677,-0.13664607558214212,2.600140864805862,2.7854417797636373,2.32577866156076,2.721791198175188,-0.4431704881012818,0.3187431937957382,-0.09837737221739251,2.3366061612033864,-1.4097596576118117,-0.5820621642082412,6
-1.6342732770032231,-0.09521768806516545,0,0,-0.7091329174501165,-0.12414692343704034,-0.6684013447355958,-0.14456879974741924,-0.9701002988336155,-0.9372564144310402,-1.0124608961380834,-0.9401781296272895,1.087653971223094,-1.0772549179669617,0.7416980710482418,-1.0493984124197078,-1.3808108841682665,-0.4722385852958451,3
1.6306989372422311,-0.060310734842838186,0,0,1.0052053013811995,-0.02775385328626059,-0.24671188466014535,-0.11411575447698633,0.2827350453518462,0.3417268506801474,0.2779509637096963,0.22847035459572226,0.30310650394223143,0.2005336477459957,-0.6425170271680147,0.2594772340944067,-0.79577632103327,-0.3534038741155281,2
-0.9454605735759121,-0.2872059307879654,0,0,-0.29682391237924505,-0.12251914967015191,0.6435223912980045,0.21525599337262624,0.3341682816922294,0.38298424636741024,0.3238549440014923,0.29577479021556285,0.16915933386080698,0.2061626158498276,-0.5184150985756338,0.30603802894720905,-0.8605815466205953,-0.4056259698674197,2
0.8592287094036428,-1.5264027701805836,0,0,-0.5789300441189404,-0.12152599504995244,-0.5434562778484529,-0.14200729061961728,-0.7740718443538842,-0.8007892264033751,-0.7166352453432294,-0.8086286905862469,0.38921537439204135,-0.2554173281741613,0.04481733260742788,-0.749339956675781,0.962400658991807,-0.4741133702964412,7
0.9832149960205587,0.00950317160181635,0,0,-0.644031524337397,-0.1265764121996865,-0.4497474643998701,-0.14003415774575206,-0.8080371660197002,-0.7214478418014426,-0.8441462958438208,-0.8392215808252239,1.4416571051988583,-0.9027551599493173,0.0925488865629005,-0.8657419438077869,0.49794245967147427,0.22844294614331123,1
-0.11888532946313886,2.121373841552616,1,0,-0.18832137373689176,-0.11465819689790747,-0.05929406097445191,-0.07632379070860867,-0.5984225855724302,-0.6198908588855703,-0.7140850267661285,-0.43233608557962205,0.2935388612376827,-1.257383696776106,1.8395239503501666,-0.6225911133095982,-0.1664390419482826,2.432837990192888,4
-1.000565589850097,1.074165244882798,0,0,-0.07981895227714418,-0.09479448601412717,-0.4185111763827545,-0.12993614628531788,-0.46644300473982653,-0.5119865625737564,-0.5967748804115279,-0.2610159167615134,-0.03176133515245934,-1.2461256541798809,2.145005792565023,-0.4777353355546989,-0.13695780541913324,2.4693337617354656,4
1.1072012826374746,0.9345374319934889,0,0,0.3758917412694346,0.09260046545360398,1.7055552168048864,0.16450067038807506,-0.12096716645129812,-0.12480056824180087,-0.08928078681671067,-0.15394078715829201,0.06391517800189936,0.11046919552151105,-0.2511183792416268,-0.11300903160642221,-0.5732721376304015,-0.4896061794387263,5
-0.40818666490260946,-0.40938026706611086,1,0,-0.44872709930637483,-0.1248013544769612,-0.34042061377078753,-0.1265480101306335,-0.41889156855666876,-0.31839359397067896,-0.4182593734465556,-0.5118776387480078,1.2503040616683667,-0.33985271097237474,-0.6711560196830623,-0.4466947901325657,-0.11697590213721182,-0.07277408507186599,1
-1.689378293277408,-0.6013685097889109,0,0,-0.2534227172423082,-0.08701806345382251,0.03441483681207139,-0.08429587419575717,-0.47420652644880673,-0.40090858528550666,-0.4667135493634623,-0.5485891015280593,1.049383358211552,-0.33985271097237474,-0.47068350166175854,-0.49584226994341546,-0.11059144524757929,-0.11625188594470492,1
-0.8903555573017272,0.04441012482414362,0,0,-0.40532617759551814,-0.11330575869469384,-0.52783808885966,-0.1440866451028495,-0.4441229813585748,-0.46755537165845645,-0.38765670461736473,-0.48434403477956817,0.15002404845170927,0.009146756428142833,-0.16520157353009568,-0.4156542447104324,-0.09564272393178266,-0.47851948709318265,2
1.244963823322937,-0.688635892844729,0,0,-0.6006305049743688,-0.12044837457622691,-0.5746924084347461,-0.14113116794788486,-0.5227284519740062,-0.5659387107296633,-0.4463117777946652,-0.5669448466848872,0.035212249888252896,0.07669508293120138,-0.16520157353009568,-0.4751485807554592,0.2054142585785608,-0.5042677422340693,7
-1.2898669252895676,-0.6188219864000745,1,0,-0.3836257011157424,-0.11339028936307623,-0.07491218249289218,-0.1113345701964324,-0.8332685604803298,-0.8928252349409005,-0.7829409972038225,-0.8269844274829935,0.1404564057471605,-0.3511107991636976,0.45530872239953313,-0.8165944407165396,1.8460856371357108,-0.6678123390493081,3
-1.0969993683299204,0.04441012482414362,0,0,2.003427399130881,-0.0389283681377862,0.03441483681207139,-0.11477444199775304,-0.7042003166647334,-0.7976155654209695,-0.6197268246534456,-0.7076721252640188,-0.2709526610927916,-0.018998388058334766,0.30256772396697945,-0.6510449272128892,1.345015598622033,-0.7022235567225433,3
1.3000688395971218,0.16658446110228906,0,0,-0.40532617759551814,-0.12040597105402336,-0.5590743262740114,-0.14647827429249513,-0.7129342753121081,-0.759531699326771,-0.63247791753895,-0.7566207744266257,0.15959169115625804,-0.05277244998742484,-0.06973837970234495,-0.6639784684051135,0.8691707971808549,-0.5009333101298168,7
1.2725163314600294,-1.3693214806801108,1,0,-0.3836260057905175,-0.12251913803086434,-0.24671115373132732,-0.1321285132353502,2.2129360809554255,2.23639928383816,2.1370623491433545,2.256779327116666,-1.5912885598447166,1.315080376450607,-0.6425170271680147,2.1451896118760816,-1.0329495900012882,-0.6005281009010833,6
-0.6561592381364414,0.2014914143246163,0,0,-0.6440314774643547,-0.12657641146937823,-0.6215469388546837,-0.1464782749202983,-0.9506915400737325,-0.9372564144310402,-0.9614564697408096,-0.9401781296272895,0.896300928553691,-0.8520939505348771,0.5507718389021588,-0.9976641920106607,2.49393754914147,-0.4722385852958451,7
0.8316762012665503,-0.09521768806516545,0,0,4.9112926692364525,4.0331379202264435,-0.3560386228386405,-0.12807601673026336,0.47197043175155357,0.49406222365565994,0.507470956976637,0.4028499473523881,-0.18484379064298165,0.6227105617370624,-0.8716287095379778,0.4922813014800085,-0.7075647330938646,-0.41576637297625213,2
-1.6342732770032231,-0.496647650121929,0,0,-0.42702667751181517,-0.11339028593975636,-0.5746924084347461,-0.14588036617445524,-0.44218210748178566,-0.49294464809254246,-0.35450381721107327,-0.4935218660575761,-0.09873492019317172,0.21742075470236996,-0.27021098364045465,-0.38202699104985444,0.13771354973309546,-0.5057486768015805,7
1.754685223859147,0.9170839553823253,0,1,0.006982930205437782,-0.1010466822460611,0.7372309236201187,-0.09579634435301614,0.4156850369210209,0.38615792734384613,0.5227722225352619,0.31107116650104133,-0.6058205862963527,1.0505161905258635,-1.1771106376696407,0.5078015043498827,-0.46841226200232805,-0.4445715467488266,5
-0.628606729999349,-1.1424262847349835,0,0,-0.31852409980859314,-0.11506497858776542,-0.3872740224961159,-0.1348050115131428,1.8868687980220242,1.8143030558315123,1.887140423643686,1.9355537180381703,-2.1940505668845156,1.5514994178888724,-0.4420445950635168,1.8916916923397422,-0.8270655781438038,-0.6539338831689684,6
-0.6837117462735339,1.789757785940507,0,0,0.1371860468858253,-0.11229359803076139,-0.2310935382405302,-0.12871077777455148,-0.5334032582963465,-0.49929195291961387,-0.7166352453432294,-0.3405573873290872,0.7432184988958298,-1.6514154004211097,2.0590890727702984,-0.5449897730346627,-0.10081705329628542,2.062027839795448,4
-0.8628030491646348,-0.007950305009347285,0,0,-0.5572295520148173,-0.12251914350817612,-0.5434562497358061,-0.1448174196766156,-0.8187119802025876,-0.7214478418014426,-0.8619978534259151,-0.8514587369208148,1.5469012868904268,-0.959045403327175,0.08300256718012522,-0.8760887930578445,0.6344042700779521,0.3409538764919542,1
-0.38063415676551704,-0.007950305009347285,0,0,-0.5789300324006799,-0.12682998964431313,-0.6371650744294475,-0.1456146304289198,-0.9409871602090573,-0.9372564144310402,-0.9359542633130097,-0.9401781296272895,0.8006244067884452,-0.739513448580796,0.45530872239953313,-0.9717970886738544,2.49393754914147,-0.4722385852958451,3
0.10153473563360066,0.00950317160181635,0,0,-0.6440314774643547,-0.12556209431932278,-0.6215469388546837,-0.14568106493929517,-0.9429280393262112,-0.9372564144310402,-0.9410547027624105,-0.9401781296272895,0.8197597008084299,-0.7620295388393683,0.47440133539004153,-0.9769705074787839,2.49393754914147,-0.4722385852958451,3
-1.441405720043576,2.173734271386107,0,0,-0.014717413467384812,-0.10823418424137216,-0.21547530427150247,-0.11831018831498785,-0.6188017612787163,-0.635759149516149,-0.7370370169120265,-0.4537510894733834,0.3509447174649756,-1.2911578448292695,1.8395239503501666,-0.6406980709787125,-0.10653378447611153,2.3980567329883877,4
-0.7801455247533574,0.07931707804647088,0,0,7.602152158961684,0.008665363441182895,-0.3091839771568509,-0.13186275338217218,-0.03847986947681786,-0.02006998146932341,-0.010223942070613284,-0.08969566534259267,0.19786226197445345,0.1555013963031435,-0.46113719946234455,-0.03282100637343929,-0.486909632918851,-0.3994153361118646,2
-0.8628030491646348,0.9345374319934889,0,0,-0.23172198296079963,-0.10717337957132263,-0.215475191820915,-0.13009836094381919,0.3671631375976451,0.38615792734384613,0.4335144575767806,0.2651819275101897,-0.12743784830681817,0.7409199051419266,-1.129379126672571,0.41726659960232537,-0.5303363021532143,-0.38269497145512515,5
1.0796487745003822,-0.7060893694558926,0,0,-0.5789298644389449,-0.12414691385174467,-0.6215469051195075,-0.13976872506772284,-0.5236988627105772,-0.569112363143199,-0.4437615592175643,-0.5700041054218205,0.0160769644791552,0.09921120865262749,-0.18429417792892358,-0.4725618725170143,0.23528210297559618,-0.5041801336442228,7
0.4597173414158024,-0.8282637057340381,0,0,-0.40532629477812404,-0.11222924988704287,0.23745066956561783,-0.09202604538237649,-0.05788866064835642,-0.026417229170593977,-0.05102753111218781,-0.09581429295087533,0.33180943205587793,-0.002111230440740733,-0.32748879683693816,-0.07420843131014679,-0.6868487151312505,-0.3991908148365559,2
-1.4551819741121221,-1.0551589016791654,0,0,-0.23172233450861707,-0.09132891552371397,-0.09053019156074525,-0.0914707803656057,-0.422773316310247,-0.3755193374143209,-0.37745580735697126,-0.5179962112890825,0.7719214528421375,-0.04714348188359295,-0.6902487959155019,-0.40530738847625564,0.08444871503174167,-0.23441102748943177,1
-1.2623144171524752,-0.16503159450982,0,0,-0.5138287318622189,-0.12556209352054815,-0.5434562919047763,-0.14322300136483485,-0.5489302755124833,-0.600848915841456,-0.46161315811324083,-0.5975377093902601,-0.02219369244791057,0.12735630247788549,-0.19384048012833746,-0.4906689000273206,0.3620104533044916,-0.5076173149661091,7
-0.22909536201150862,-0.8457171823452018,1,0,-0.4704275992226718,-0.11649420505090748,2.439607912114223,0.03262811679969016,2.086779147955013,2.0872372490842808,2.037603572164529,2.1221704283433818,-1.696532715703624,1.3882578230411562,-0.6616098034004544,2.0443077344923606,-0.9803033976340232,-0.6023526759565383,6
0.2806260385247015,-1.5787632000140743,0,0,-0.3836255214357468,-0.12104128992729507,-0.43412952280236955,-0.1358772982874889,2.292512067114722,2.296698565443737,2.2186692977066023,2.3516173116377384,-1.830479971893919,1.3938867911449881,-0.5375077029744617,2.2279642289455226,-1.0094768386783217,-0.6269719837742015,6
-0.7801455247533574,-0.14757811789865635,0,0,0.5711955374204722,-0.05637734221150923,0.08126917325474564,-0.09692567619527268,-0.28885288780267765,-0.41042957108901384,-0.11988350154988177,-0.3711502775680641,-0.8641471976457825,0.8816456275743152,-0.6329707249686011,-0.14404962358935033,0.41699412156527776,-0.46981472607557506,3
0.6663611524439957,1.0916187214939617,0,1,0.5277947328922215,-0.0789792251672783,0.8621760925561696,-0.08410145789722785,0.42927112785672167,0.44011004693685285,0.49727003676425324,0.33248617039480244,-0.25181737568369406,0.8028391622187141,-1.1102863504401317,0.4819344219654342,-0.5648281405520216,-0.40355843302845373,5
-0.09133282132604642,0.16658446110228906,0,0,-0.6440314774643547,-0.12657641130962333,-0.6215469388546837,-0.14647827479473766,-0.9516619796323094,-0.9372564144310402,-0.9640066929083085,-0.9401781296272895,0.9058685712582398,-0.8633519779327364,0.5603181411015726,-1.000250904905185,2.49393754914147,-0.4722385852958451,3
0.9969912500891049,0.5680144231590526,0,0,-0.3619254121281359,-0.11605486370926152,-0.10614834119183245,-0.11642475542137029,-0.5275806104641555,-0.5532440725126203,-0.6579801721659292,-0.3405573873290872,0.19786226197445345,-1.2967868635943212,2.001811173657009,-0.5449897730346627,-0.1884803982371116,2.4122295252610555,4
-0.9592368276444583,1.4930486835507253,1,0,-0.01471756971085922,-0.09769132668017835,-0.2935660805395854,-0.1291057657128414,-0.643062737142228,-0.64210642578032,-0.7778405370976307,-0.4751661209007483,0.5327301613453537,-1.4206253929462616,1.877709159147822,-0.6588050519282237,-0.08706390013839876,2.2411789945719893,4
0.5561511198956259,1.0916187214939617,0,0,0.2673884214097092,-0.09135526367569675,-0.12176654704821337,-0.12595523835749664,0.32640478618507285,0.35124772223205347,0.3876104772849846,0.22541117845960093,-0.04132897785700826,0.6733717812837465,-1.1007400482407177,0.370705804749523,-0.5257920359437932,-0.3728655335477723,5
-0.8628030491646348,0.2887587973804345,0,0,0.2239879293684072,-0.10426144434682935,-0.29356602431429163,-0.13471942023412825,-0.36842879535650364,-0.42629783315669223,-0.2754470413209462,-0.4200989129638689,-0.22311436146117672,0.31311407370824745,-0.3083961924381103,-0.3018390356580637,0.07182160251465153,-0.5193861767080733,2
-1.4827344822492146,-0.44428722028843814,1,0,-0.4487271578976777,-0.11099583960304973,-0.4966018289551912,-0.1339102450597273,-0.9312827803443822,-0.927735447479047,-0.9487053699697081,-0.9034666558337963,0.7910567468621222,-0.8802390696907451,0.7035128201513513,-0.9847306438343171,2.13068002927582,-0.6853751437649865,3
0.2668497844561553,-0.09521768806516545,0,0,-0.5138285599943971,-0.11846187408635754,-0.49660186550163216,-0.13983485480655472,-0.8022145339086034,-0.7214478418014426,-0.8288449545436284,-0.8392215808252239,1.384251188695356,-0.8352068689091126,0.03527103040801401,-0.85539508757361,0.5948110735144214,0.14881987279081857,1
-0.5735017137251641,-0.47919417351076543,0,0,-0.5355291888115604,-0.11676658218154497,-0.49660194140577857,-0.13774699125824125,-0.45770909849609887,-0.5024656053331493,-0.36215449589436594,-0.524114783830157,-0.03176133515245934,0.2568238353965117,-0.40385938626586115,-0.3897871390455864,0.1956695084527448,-0.46686055666152104,7
-1.1658806386726517,-1.1598797613461471,0,0,-0.2751237640107655,-0.11076017757808765,-0.2935655745119421,-0.13265164010990144,2.266310243576245,2.2681356651590154,2.175315513039917,2.3485577775647655,-1.830479971893919,1.258790138138871,-0.3083961924381103,2.1839901190507676,-1.026080227719575,-0.6544817927249663,6
-0.022451550983315315,1.1090721981051253,0,0,0.31078977279012054,-0.08503340516648934,0.2843048935577048,-0.11731432922490517,0.5661029457849455,0.563882719567946,0.6502833809102069,0.46097641402620093,-0.4814410589194772,1.0223712486842642,-1.253481141181758,0.6371371490761001,-0.5637329186915381,-0.4199123815520307,5
-0.5872779677937103,-1.2646006210131289,0,0,-0.49212825538244315,-0.1171412435456657,-0.5122200910368658,-0.13368476828799922,2.2566058741922994,2.2554411697564745,2.1727653174148065,2.3332613462120797,-1.8496150850852757,1.2981933201554519,-0.35612778935198575,2.1814034340927204,-1.0142580651278856,-0.6495927934274675,6
-0.5735017137251641,0.04441012482414362,0,0,-0.4487272047707201,-0.11506498543440517,-0.4185111763827545,-0.13671137608264455,-0.6779984931262563,-0.7880945996114923,-0.5559713143219436,-0.7107314115345562,-0.4431704881012818,0.2511948672926798,0.016178426009186123,-0.5863771746909727,1.3573690473444915,-0.6140291410468771,3
-0.008675296914769096,-0.18248507112098364,0,0,-0.5789300324006799,-0.11835925391108375,-0.6059287920348612,-0.14113116615416144,-0.9458393501413949,-0.9372564144310402,-0.9512555908420081,-0.9371188403280557,0.8484626719765116,-0.8126907583860523,0.5316792087282891,-0.9873173544008017,2.49393754914147,-0.49091124979116907,3
-0.6837117462735339,-0.025403781620510917,0,0,-0.4487271110246354,-0.12175840788790905,-0.44974743628722325,-0.14003415469642225,-0.929341906467593,-0.9372564144310402,-0.9130022662815148,-0.9310002614542522,0.6858125823923275,-0.6550781164438022,0.42666979002624966,-0.948516684263334,2.49393754914147,-0.5105457323722172,3
-0.6423829840678952,-1.6311236298475653,0,0,-0.4704275992226718,-0.1120378931525864,-0.4185112775882831,-0.1331585911868004,1.9887648075625723,1.899991756685676,1.9942497874978438,2.045688133911929,-2.4236745084469105,1.669708913277396,-0.4134056025484691,2.0003336245976056,-0.8087868156901792,-0.66678187051024,6
-1.441405720043576,0.1840379377134527,0,0,-0.4704275992226718,-0.125223986251958,-0.5122199617186903,-0.1426915257840746,-0.893435705684623,-0.9055198560202032,-0.8670982859897188,-0.9034666558337963,0.6188390317951635,-0.559384645454266,0.3312066563402629,-0.9019558894105317,1.749547616828681,-0.4972787249217524,7
0.032653465290869564,-1.1598797613461471,1,0,-0.3619253730672673,-0.11099581518336793,-0.2310932571140617,-0.12720944384193086,2.2847484668002713,2.2903513177424664,2.2059183195810483,2.3485577775647655,-1.8113448587025622,1.3544835078059683,-0.48977619197739225,2.2150308041552855,-1.01620187142451,-0.6319063402515253,6
-0.39441041083406325,-0.007950305009347285,0,0,-0.23172233450861707,-0.12378702936198151,-0.16862093971618136,-0.10974016533757718,-0.40433498827892655,-0.5151602149872921,-0.22954306102915026,-0.502699752402792,-0.672793999119324,0.8253554399237989,-0.7284338328795458,-0.25527824080526135,0.5739589211092081,-0.508060922419572,2
-1.4138532119064835,-0.13012464128749274,0,0,-0.5789300792737222,-0.12480135653095312,-0.5903106845727443,-0.14461811709616296,-0.8235641753752899,-0.7436634258339325,-0.8543471862186174,-0.8545180259447124,1.3938188400107916,-0.8802390696907451,0.10209520594567549,-0.8812622048786548,0.6430533188431665,0.17141376577246242,1
0.1290872437706931,-0.5315546033442563,0,0,-0.5789299894337244,-0.12152599390884582,-0.43412935412648845,-0.13724596126229704,-0.422773316310247,-0.46120803826848494,-0.33665231012335733,-0.48434403477956817,-0.0030584070388128765,0.22304977346742164,-0.37522039375081345,-0.36392005666113786,0.06757872392486776,-0.46686055666152104,7
1.5755939209680463,0.8821770021599981,0,0,0.05038424252498051,-0.09426782194440755,-0.29356610865223215,-0.1316880601486978,0.5447532807366174,0.5035831808962671,0.6655845546608711,0.43344281005776125,-0.8163087257964272,1.2475321006087678,-1.301212738095633,0.6526572588243845,-0.4691079294917393,-0.45583610911910316,5
0.7352424227867268,1.0392582916604707,1,0,0.3324899211586001,-0.07251825663156955,0.6279039886530955,-0.08064466231559572,0.489438296642656,0.481367671127318,0.5839776060976236,0.3783756021208819,-0.4718732439971875,1.0280003181105353,-1.2725736596637798,0.5698826417549439,-0.5035229170989036,-0.41452328861278537,5
-1.3725244497008449,0.550560946547889,0,0,1.5043166041516862,2.149297772584088,4.376256948286108,2.573869013192704,-0.5955112747572466,-0.5659387107296633,-0.5865739372471539,-0.6281306271628412,0.7527861416003787,-0.4299171125356397,-0.022006868705275302,-0.5527499210303947,0.9521182148700078,-0.2800947660680626,7
1.4653838884196764,-1.6311236298475653,0,1,-0.4487271578976777,-0.11099584256992694,0.159359865184888,-0.0968424671603102,-0.7866875350337431,-0.8007892264033751,-0.7472378912204299,-0.811687968596703,0.5135948414927076,-0.3848849117540072,0.1402804405183729,-0.7803804788175167,0.8101005237778406,-0.4417507960292067,7
1.5480414128309539,0.2363983675469436,0,0,-0.5789300324006799,-0.12480135675917446,-0.5903106592713622,-0.14621253791915648,-0.9536028535090986,-0.9372564144310402,-0.9691071369481074,-0.9401781296272895,0.9250038824999987,-0.8858680884557967,0.5794107712754422,-1.005424328366194,2.49393754914147,-0.4722385852958451,3
-0.6148304759308028,-0.13012464128749274,0,0,-0.14492037390429785,-0.08997648508002537,-0.24671160353367685,-0.13133127780141193,-0.4023941406039609,-0.3310882321877219,-0.3825562904151533,-0.4904625797870387,0.972842147688065,-0.19912714052364527,-0.6329707249686011,-0.4104808515139402,-0.08941632771741814,-0.1732095042030202,1
-1.2347619090153827,-0.2872059307879654,0,0,3.2620549099630964,0.2143403615024146,2.080390695500392,0.1677363321610835,-0.7216682077576593,-0.7277951409159339,-0.7344867983349256,-0.6923756939113324,0.5327301613453537,-0.6775941915040087,0.6175960144398203,-0.7674469376252925,1.0770404190270715,-0.7301271514028553,3
0.9005574716092815,1.0916187214939617,0,1,0.33249015552381167,-0.07601330418833266,1.0183573920785138,-0.09649922921844376,0.34096131405916796,0.36711606998843277,0.36720868276419727,0.2804782762620643,-0.04132897785700826,0.45383974547941625,-0.7284338328795458,0.3500120922811692,-0.7047839811366914,-0.4298036113377467,5
-0.022451550983315315,1.0392582916604707,0,0,-0.29682379519663926,-0.11237596082477666,1.0964483370224778,0.5154719816499653,-0.125819298739624,-0.09623766795707958,-0.11733330592477112,-0.1631186735035078,0.3700800028740733,-0.04714348188359295,-0.2893035880392824,-0.14146293863130296,-0.7037349656512172,-0.39225000165971596,5
1.0245437582261974,-0.13012464128749274,0,0,-0.5138285990552657,-0.1204905092537095,-0.5590743937443639,-0.14647827456155363,-0.9196375266029178,-0.918214479955796,-0.9028013850875143,-0.9310002614542522,0.7623538015267016,-0.6438200282524794,0.3312066563402629,-0.9381698443254354,2.235621071196599,-0.4234066960975764,7
1.313845093665668,0.00950317160181635,0,0,-0.6440314774643547,-0.12657641130962333,-0.5590743937443639,-0.14568106467023667,-0.9477802266383665,-0.9372564144310402,-0.9589062534589077,-0.9340595510288221,0.8675979659964963,-0.8520939505348771,0.5794107712754422,-0.9950774861002556,2.49393754914147,-0.5158261880719114,3
1.0383200122947436,0.7250957126595253,1,0,0.15888646868038497,-0.036555738162209826,-0.1842391455725622,-0.13053406532713327,-0.5169057779399916,-0.569112363143199,-0.6375783776451418,-0.3160831246983928,-0.05089662056155688,-1.2236095537890648,2.1259132740830013,-0.5242961304075012,0.012827569630402835,2.481861143048163,4
1.616922683173685,-1.020251948456838,0,0,-0.5138286771770028,-0.1210412191786843,-0.4028930155066085,-0.1394467501024532,-0.7371951987719726,-0.7627053603091767,-0.6860325994660289,-0.7657986332382375,0.3700800028740733,-0.2666754670267038,0.08300256718012522,-0.7182994345340453,0.6782035544949385,-0.49002118792859084,7
-1.1107756223984666,-1.2820540976242927,0,0,-0.2751230218542621,-0.10533599638483893,-0.3872743879605249,-0.1400199311873223,0.7349592088820134,0.7003498304757803,0.8287988190192088,0.6475930692642042,-0.9119854111685268,1.2250161268710007,-1.1675643354702268,0.818206865449625,-0.6002978104642369,-0.4809019360494191,2
-0.6699354922049876,0.2014914143246163,0,0,-0.5572295207661223,-0.12454777753442144,-0.44974743628722325,-0.14481742021473262,-0.8400616190490918,-0.7404897648515268,-0.8900502761356168,-0.8667551847936635,1.5851718749303965,-1.0209646705362063,0.14982674271778684,-0.891609049472633,0.8102670410915539,0.4351425378825373,1
-1.6756020392088617,-0.30465940739912906,0,0,-0.6440314735582678,-0.12332418943981796,-0.6527832100042114,-0.1439221655098067,-0.9565141669444648,-0.9372564144310402,-0.976757801860206,-0.9401781296272895,0.9537068450571934,-0.91964223650896,0.6080497122404063,-1.0131844623936876,2.49393754914147,-0.4722385852958451,3
0.23929727631906286,-0.19993854773214725,0,0,-0.3185241779303304,-0.116054878087205,-0.5278381731976006,-0.14083458798044418,-0.21509960187921917,-0.23587854553005078,-0.18363908073735427,-0.2304229714553285,-0.0126260497433618,0.03166283148834934,-0.04109947310410319,-0.208717445952459,-0.46261820053074065,-0.5406693701295078,7
-0.5872779677937103,-0.060310734842838186,0,0,1.4826161432962577,0.9438659852538438,0.9871212614922205,0.9303538012745151,-0.7886284089105321,-0.8420467477673992,-0.7217356824974313,-0.8086286905862469,0.15959169115625804,-0.20475610862747717,0.18801201165720655,-0.7545133731526708,1.7219096659350497,-0.5665360974476537,3
-1.4000769578379373,-0.6188219864000745,0,0,0.05038404722063748,-0.05422179864258106,0.14374185611703508,-0.12834173353407968,-0.43150727495762176,-0.40090858528550666,-0.38765670461736473,-0.5088183249438665,0.6284066400561642,-0.0640305888399672,-0.5184150985756338,-0.4156542447104324,-0.012957810761787066,-0.2721439306700215,1
1.4653838884196764,-0.007950305009347285,0,0,-0.47042757969223753,-0.12522398773539659,-0.5746925124515396,-0.14428594553083407,-0.8187119802025876,-0.7341424600244554,-0.8568974047957183,-0.8453401616263796,1.4320894452725352,-0.9252712552740118,0.1402804405183729,-0.8812622048786548,0.4527754229632876,0.24337095810629694,1
-1.000565589850097,-0.7235428460670563,0,0,0.5494953890519927,-0.11668679965783127,-0.3091841739453789,-0.13824043075485906,0.205100037876633,0.2496908164360119,0.2039945561178007,0.16116602911029768,0.23613291890151922,0.16113041506819514,-0.5088687963762202,0.18446262533831356,-0.790180336701346,-0.3929027956500874,2
0.680137406512542,-0.47919417351076543,2,0,0.1371860468858253,-0.111538904341855,-0.4185112775882831,-0.13122828650852222,0.47391130562834266,0.6083138247945451,0.38506028165987394,0.44567990007270236,0.8293273521238658,-0.19912714052364527,-0.48977619197739225,0.36811911979147566,-1.1041506061173996,-0.23029432961616442,2
-0.7388167625477188,1.1090721981051253,0,0,0.050383969098900236,-0.08998422862958601,0.31554113659458555,-0.11346999252706486,-0.4819700481577869,-0.5183338674008277,-0.6426788147993436,-0.24877877167936419,0.06391517800189936,-1.4600285850950865,2.412302683732642,-0.4673885026009194,0.014550849463656491,2.3415233111222693,4
1.1072012826374746,1.4057813004949071,0,0,-0.12322010835321251,-0.10538003009196766,-0.15300287442303462,-0.11522114011180684,-0.47323608951041213,-0.5278548532043351,-0.6222770891345267,-0.23654159906361105,-0.1083025628977205,-1.3755932022968733,2.440941504414078,-0.4570416463667426,0.04997810541088677,2.4026195617530828,4
0.32195480073034016,0.7949096191041799,1,0,-0.3185243341738048,-0.10958661696727401,-0.16862105216676868,-0.10017366264178622,-0.45770909849609887,-0.5056392577466851,-0.5865739372471539,-0.2518380304162975,-0.060464349374976495,-1.2292385725541164,2.145005792565023,-0.46997518755896683,-0.13842525014396198,2.4796320414759268,4
0.17041600597633177,-0.5141011267330927,2,0,-0.07981879603366986,-0.10899492123096717,0.3467776607579346,-0.09519104342190621,-0.41500984700491395,-0.34695643712959967,-0.38765670461736473,-0.5088183249438665,0.9537068450571934,-0.15972390784584473,-0.6807023218824764,-0.4156542447104324,-0.00028540727900380823,-0.1699111766727222,1
1.1898588070487521,0.11422403126879815,0,0,-0.7308334029138921,-0.12725262267452722,-0.6840194839650036,-0.14700974842033943,-0.9710707367414775,-0.9372564144310402,-1.0150111172399032,-0.9401781296272895,1.0972216233996184,-1.088512966642533,0.7512443826985044,-1.0519851232189963,-1.8651544328831187,0.8829091994428392,7
-1.31741943342666,1.2487000109944344,0,0,-0.5572295871695989,-0.11803963542259324,-0.5122200432453662,-0.1348050104369088,-0.550871123187449,-0.524681172227899,-0.7089845896119269,-0.38032816391328,0.6858125823923275,-1.4994317417810574,1.8586165547489943,-0.5786170266952407,-0.3730069953377468,2.1401247508076793,4
-1.4551819741121221,0.3760261804362527,0,0,-0.3836257011157424,-0.08904668401500965,-0.09053030401133258,-0.06835164623486448,-0.9167262157877341,-0.918214479955796,-0.9334040401455109,-0.8851109216904102,0.7336508303586201,-0.8633519779327364,0.7321517593979792,-0.9692103757793301,0.12987978194127928,-0.779821732867317,3
0.5699273739641721,1.021804815049307,0,0,0.4626930378389875,-0.03109624588087767,0.4404861930800489,-0.10456251277831706,0.5593098086107128,0.563882719567946,0.6502833809102069,0.4395613275316277,-0.4144673877698943,1.0617742787171864,-1.387129543807164,0.6371371490761001,-0.5086028285310757,-0.3972467970507783,5
-1.069446860192828,0.06186360143530725,0,0,-0.27512313903686797,-0.1053359833762234,-0.3872747815375807,-0.13820879108837333,-0.5101127455730532,-0.6801903118685485,-0.3239012172378529,-0.5638855328807458,-1.1224738089952122,0.8140973517324761,-0.26066468144104066,-0.3509865154689135,1.1926454563908357,-0.6222730187664952,3
0.8867812175407352,1.0567117682716345,0,1,-0.07981918664235584,-0.10800731307363162,0.09688726666053925,-0.11100265603041193,0.354547483600339,0.3734633748155042,0.4156629045850842,0.2590633274355112,-0.11787020560226927,0.6958876536990748,-1.0625547535262565,0.3991596186528138,-0.5533064065797334,-0.38817866096627324,5
0.30817854666179395,1.021804815049307,0,0,0.15888670304559654,-0.08833831240845877,0.14374185611703508,-0.11835587983124385,0.17113471883099912,0.21478063988711962,0.19124350913627655,0.10303956243648509,0.2552682043106169,0.2737109930141059,-0.7188875306801321,0.17152913070688403,-0.6504086677529168,-0.3588598705126035,5
-1.1107756223984666,0.5854678997702163,0,0,-0.40532591588769856,-0.12040597721599913,0.14374177177909456,-0.01035456680294174,-0.3344634501090464,-0.3882140327571645,-0.45906293953613997,-0.12946644192678558,-0.21354671875662812,-1.0997710153181046,2.078181763085932,-0.36650674161918523,-0.33928401358272886,2.5679856278539734,4
-1.193433146809744,0.1840379377134527,0,0,-0.6657319539441305,-0.12308588986100172,-0.5903106592713622,-0.14322824585332183,-0.9438984762646059,-0.9372564144310402,-0.9436049236347104,-0.9401781296272895,0.8293273521238658,-0.7732875966339594,0.48394764618113606,-0.9795572180452684,2.49393754914147,-0.4722385852958451,7
0.8454524553350965,0.11422403126879815,0,0,-0.5355289817889569,-0.12446325074580157,-0.5746925124515396,-0.14428594553083407,-0.8313276735026288,-0.7404897648515268,-0.8721987323247166,-0.8606366094992286,1.4990630044805866,-0.9534163794960014,0.12118779316114212,-0.8890223412341881,0.6978303661440045,0.30767941585892505,1
-1.193433146809744,-0.13012464128749274,0,0,-0.36192517776292427,-0.12175840606213846,-0.3404204732075533,-0.1273452215286781,-0.8973174560583836,-0.9213881352256218,-0.884949843571813,-0.8789923408892544,0.5135948414927076,-0.6550781164438022,0.5985033928576312,-0.9200628750161226,2.1133818445635524,-0.6830830856507116,3
-0.2704241242171473,-1.072612378290329,0,0,-0.4053256698042264,-0.12344894548607716,-0.3560382573742316,-0.13206204412405037,2.342974683103946,2.420471323763531,2.2059183195810483,2.406684519574618,-1.2085826794450223,1.0167422299192126,-0.5184150985756338,2.2150308041552855,-1.1579995155534248,-0.5893713993279074,6
1.176082552980206,-0.16503159450982,0,0,-0.23172229544774844,-0.0974148000294079,-0.5122200432453662,-0.14588036617445524,-0.5469894016356942,-0.6103698730820629,-0.4412113635924536,-0.6067155957354761,-0.12743784830681817,0.2511948672926798,-0.2988498902386964,-0.46997518755896683,0.5158129931609817,-0.5028202593954729,7
-1.2072094008782903,-0.8282637057340381,0,0,-0.036417874322813105,-0.10629006947244299,-0.16862093971618136,-0.11452341758233435,-0.7546630898648985,-0.8293521266880964,-0.7089845896119269,-0.729087170458186,-0.060464349374976495,-0.3173366359121682,0.5985033928576312,-0.7415798319604465,1.286516148314065,-0.7477589300895654,3
0.5148223576899873,1.8072112625516707,0,0,-0.18832137373689176,-0.1045150194635985,0.20621434219079654,0.007449800757856572,-0.6052156441411922,-0.6484537591702916,-0.6834823579369378,-0.46292897581859904,0.10218583492896513,-1.0153356517711547,1.6199587420132289,-0.6458715107359994,-0.010355302075758932,2.6344671539153164,4
-0.2842003782856935,0.09677055465763452,0,0,6.799233740180434,0.5324763699093432,-0.37165685680766825,-0.12734521794123133,0.02168727310729314,0.008492918815397888,0.07393327097371546,-0.02850993993184684,-0.1370054910113668,0.3637752932549316,-0.48022980386117226,0.05254036549524113,-0.4675750547962602,-0.47444096430707167,2
-0.38063415676551704,-0.6537289396224018,1,0,-0.14492021766082352,-0.10823418424137216,0.31554141772105393,-0.10821215873794732,-0.34707913030817583,-0.27078872207894306,-0.321350998660752,-0.4476325169323086,0.972842147688065,-0.11469180838665131,-0.7761656016270333,-0.34839980723046865,-0.09736582940135713,-0.15790569409392677,1
1.1072012826374746,-0.7235428460670563,0,0,-0.2534228734857826,-0.10104670963262011,0.018796687180984192,-0.10812275418234933,-0.5722207620339531,-0.5976752634279203,-0.5177180127134403,-0.6067155957354761,0.23613291890151922,-0.10906268829916062,-0.05064577530351706,-0.5475765278339024,0.13197044604677818,-0.4776265782749525,7
-0.9454605735759121,-1.596216676625238,0,0,-0.3619248652759754,-0.11770112751146687,-0.44974778488404415,-0.13525084397628212,1.9645040151118258,1.8968179614576388,2.0274027896640865,1.9324946245028614,-2.2131859384024835,2.029966620852894,-1.2343883649493186,2.033960994660171,-0.7691898703075435,-0.5765917389222912,6
-0.2566478701486011,0.21894489093577996,0,0,-0.6006305205987162,-0.1231953546220366,-0.5746925293191276,-0.14508315674950636,-0.9526324165707041,-0.9340827588755855,-0.9716573601156063,-0.9371188403280557,0.9441391851308703,-0.9083841837804909,0.5985033928576312,-1.0080110412607184,2.3324898594032253,-0.4722385852958451,3
0.8041236931294579,1.021804815049307,0,0,0.37589099911293117,-0.07944100591427204,0.31554122093252596,-0.10105762209106833,0.5738664150902784,0.5734036768085533,0.6681348879979229,0.45485784148512626,-0.4718732439971875,1.0955484419687154,-1.387129543807164,0.6552440834648168,-0.5189562386703418,-0.40601891445097865,5
-0.3530816486284246,-0.35701983723262,0,0,-0.34022471690749595,-0.11812374639195877,-0.4497467053584053,-0.1392369400696755,0.7174911081744992,0.7289127307605016,0.7777944245252012,0.626178037836839,-0.4814410589194772,0.9885970347715153,-1.1962031561516628,0.7664726774003302,-0.6813645415086653,-0.4257722574305116,2
0.873004963472189,0.16658446110228906,0,0,-0.6006305049743688,-0.121166718998242,-0.5434562497358061,-0.14561463096703683,-0.7963919175186006,-0.6992322263497626,-0.8364956401125181,-0.8331030055307889,1.5277659756486681,-0.91964223650896,0.03527103040801401,-0.85539508757361,0.4825663729777601,0.2845197163227959,1
-0.39441041083406325,0.11422403126879815,0,0,-0.5138285990552657,-0.11685896526106009,-0.3404204732075533,-0.13525258334986645,-0.9079922702412712,-0.9245617919235924,-0.9002511665104134,-0.8912294997382054,0.5901360434053078,-0.6944812629975292,0.5889570906582172,-0.9355831360869905,2.1941059509781935,-0.6481159351828217,3
0.37705981700452507,-1.8405653491815288,0,0,-0.42702679469442095,-0.11685892372477891,-0.5278376362460458,-0.14212787188169054,1.966444915190438,1.8396921608881962,1.9789483842272777,2.051806761520211,-2.7489747048370523,1.6978541084250927,-0.13656258101504815,1.9848132820453466,-0.7550314523680879,-0.705549706773989,6
-1.5791682607290383,-0.19993854773214725,0,0,-0.6006305049743688,-0.11762996582008749,-0.5434562328682179,-0.14373487406000818,-0.959425481689922,-0.9372564144310402,-0.9869586853494056,-0.9371188403280557,0.9824097903926138,-0.9703034560556442,0.6653275769869733,-1.023531304659626,1.0409070337696729,-0.5094550248396876,3
-0.09133282132604642,0.7600026658818526,1,0,-0.38362577142530585,-0.11541893160528927,-0.10614848175506669,-0.12913895085141153,-0.5887182161884844,-0.569112363143199,-0.6987836923515333,-0.4690476034268816,0.6571096284460199,-1.2123515010605954,1.4003935594513333,-0.6536316820121288,-0.7821423454501719,2.3747975582336243,4
-0.09133282132604642,0.04441012482414362,0,0,-0.4704275992226718,-0.1181237756042884,-0.16862088349088764,-0.10894294855836233,-0.43247771189601636,-0.4770763860248641,-0.3570540816921544,-0.4751661209007483,-0.05089662056155688,0.14424340943425992,-0.19384048012833746,-0.38461374584909414,0.040108772436224537,-0.5139138103159971,2
-0.7112642544106264,-1.8231118725703652,0,0,-0.3619248652759754,-0.11835926760436326,-0.4185116289963687,-0.13480496971938752,2.370147022186288,2.39190842347881,2.2696736692486197,2.4433957620858386,-1.734803544848431,1.2813064158439558,-0.4420445950635168,2.27969839371442,-1.0563746092670514,-0.6338633634483509,6
1.0520962663632898,0.2014914143246163,0,0,-0.5138285990552657,-0.12049051062303744,-0.43412925854348927,-0.14568106601552921,-0.8264754914308383,-0.7341424600244554,-0.8670982859897188,-0.8575773177219704,1.5086306644069094,-0.9477873607309498,0.10209520594567549,-0.8786754919841305,0.7478021248075382,0.3056379351345314,1
-1.3311956874952062,-0.19993854773214725,0,0,-0.4487271578976777,-0.11770114188941035,-0.5278381282173656,-0.14408664348849842,-0.8158006772479509,-0.7341424600244554,-0.8492467421788186,-0.8453401616263796,1.4033864999371148,-0.8914971173530922,0.11164147377836713,-0.8760887930578445,0.5065913340730089,0.19816647863032064,1
1.6031464291051387,0.2014914143246163,0,0,-0.6440314618400073,-0.12657641140091183,-0.6371650716181828,-0.14561463017779855,-0.9671889850576257,-0.9372564144310402,-1.0048102326031043,-0.9401781296272895,1.0589510138324314,-1.0434807709270224,0.713059135238286,-1.041638279789038,-0.4121237431476427,-0.4722385852958451,7
0.7765711849923654,-0.6362754630112382,0,0,-0.2534221313292792,-0.11643335485543875,-0.4653653329044889,-0.14328946114877295,2.5768503258807454,2.7156210553481497,2.3461802265616454,2.691198335469815,-0.8450117400189439,0.5889362465018744,-0.15565518541387602,2.3572996408677653,-1.3134207606265207,-0.6136020976990278,6
1.7133564616535084,1.3359673940502526,0,0,0.2673884214097092,-0.06741648986626513,0.018796687180984192,-0.12536911591701635,0.21577479179532622,0.2243015685648263,0.2651999396801627,0.14586954269040323,-0.09873492019317172,0.5045009650261003,-0.7570728253945934,0.24654376274337503,-0.588880476744918,-0.42193216718028287,5
-0.7939217788219036,-1.5613097234029107,0,0,-0.2968236780140335,-0.099335873573355,-0.5278379876541314,-0.13653923603506263,0.45062081910687274,0.38298424636741024,0.599278917560229,0.33248617039480244,-0.9789588239914981,1.3544835078059683,-1.3203051706608495,0.5854028911856132,-0.35050017520707727,-0.4723192706071735,2
1.685803953516416,-0.2697524541768018,1,0,-0.4487271578976777,-0.11329424127730135,-0.09053019156074525,-0.11200957163155345,-0.5906590900652736,-0.6135435540584989,-0.5432202214364392,-0.6189527408176252,0.274403575828585,-0.1709820466983871,0.016178426009186123,-0.5734436334987485,0.12272271958875262,-0.493438893485674,7
-1.441405720043576,-0.9329845654010199,0,0,3.761166095550978,0.07285181235087274,1.549374282746951,-0.02294330868002893,-0.48391092203457603,-0.546896767685549,-0.4667135493634623,-0.43845471318790463,-0.1752761479384327,-0.28356247266063894,0.6557812576041983,-0.49584226994341546,0.21362774687293137,-0.792337144025567,3
0.2806260385247015,-0.37447331384378363,0,0,-0.38362577142530585,-0.1133902699642636,0.05003293021786498,-0.12036962493480353,-0.3664879214797145,-0.3056989843165363,-0.3315518270651753,-0.46292897581859904,0.8484626719765116,-0.06965960760501888,-0.7284338328795458,-0.3587465936234533,-0.044088920015212966,-0.20763036270335064,1
1.6582514453793236,-0.5315546033442563,1,0,0.39759231930746874,-0.038330556069966694,-0.13738478101724103,-0.05898441006568575,1.2900495568728882,1.0811886342322656,1.5581620894857324,1.1554351683790793,-2.94032773114577,2.834916810867471,-1.8739912996444974,1.55800618989797,-0.253869567786349,-0.5609875102883399,6
-0.9041318113702734,-0.060310734842838186,0,0,0.11548542978692244,-0.0819264205864995,-0.2779480152464387,-0.11347001763919251,-0.471295215633623,-0.635759149516149,-0.25504524680015905,-0.5669448466848872,-1.1033383513683737,1.0448872224220314,-0.6711560196830623,-0.28114532318971003,1.1045484689796377,-0.5607954701888828,3
0.2806260385247015,2.173734271386107,0,0,0.07208435183259136,-0.08804203776642743,-0.09053030401133258,-0.12230908836477972,-0.26653278581595524,-0.27396243161827927,-0.4386611679673429,-0.04992486122479587,0.15002404845170927,-1.3587061460017182,2.1545522665980488,-0.29925221101763166,-0.5937158431168985,2.361448636104618,4
1.0520962663632898,0.026956648212979984,0,0,-0.34022471690749595,-0.11710946212859628,2.111626938537273,1.7140115382869663,0.15075551692288952,0.17987032052372567,0.17339197909657061,0.09386170362487309,0.1404564057471605,0.2737109930141059,-0.6043319042871649,0.15342217303777014,-0.6854184098701086,-0.3937075135466332,2
0.6663611524439957,0.49820051671439813,0,0,-0.6440314774643547,-0.1265764116519553,-0.44974743628722325,-0.1440202061261029,-0.876938262010821,-0.8610886793863534,-0.8823996204043141,-0.8759330491119962,0.8580303232919475,-0.7564005403388046,0.42666979002624966,-0.9174761621215982,0.74914751495687,-0.4097354856480187,7
-0.9730130817130045,0.32366575060276176,0,0,-0.44872709930637483,-0.10836139366687617,-0.12176654704821337,-0.10919474427484449,-0.9235192795968609,-0.9118671694161445,-0.930853819273211,-0.9157038146827475,0.8580303232919475,-0.8070617598854886,0.5125865957377808,-0.9666236652128455,1.4889247869070406,-0.4722385852958451,7
-0.7801455247533574,-0.7584497992893836,0,0,-0.27512329528034224,-0.12344896009224196,-0.19985676106335945,-0.11638357870692077,1.9392724450989784,2.0015485482301165,1.9075423558764146,1.8957830791219976,-1.0172294809185638,1.382628854937324,-1.3298514728602637,1.912385544490481,-1.001827286113666,-0.47502226088844696,6
-1.2347619090153827,1.1439791513274526,0,0,0.2673883432879721,-0.06166021172713338,0.5810496240977744,0.1286256821393646,-0.13455325738699864,-0.10893230617412258,-0.1300843529062951,-0.1631186735035078,0.34137707476042684,-0.08091754381268303,-0.20338678232775131,-0.15439643326273234,-0.7187954104945131,-0.42554307750049897,5
0.8178999471980041,-0.5664615565665836,0,0,-0.2534228734857826,-0.11846186518572588,-0.5746924084347461,-0.1450831537001766,-0.3402860979412374,-0.42947148557022774,-0.21424165775858436,-0.40174322287424913,-0.5292793585510918,0.5551620832503452,-0.4134056025484691,-0.2397578982530024,0.2707570473891094,-0.5421375581001212,7
0.2117447681819704,1.0043513384381435,1,0,-0.40532617759551814,-0.11634871555370561,-0.324802351689113,-0.11638360202532501,-0.465472567801432,-0.49611827194317776,-0.5916743973533458,-0.27937163438473717,0.10218583492896513,-1.2179805299578912,1.9636259648593533,-0.49325558498536803,-0.3060462859471505,2.4736271002662527,4
1.6444751913107774,1.5279556367730525,0,0,-0.07981895227714418,-0.09682311113974082,-0.12176649082291964,-0.10555479159648648,-0.6139495765867435,-0.6294118161261774,-0.7191854639203303,-0.4659882620891364,0.3605124462783949,-1.2010934584643704,1.6772366411265183,-0.6510449272128892,-0.2313384239224198,2.4623335507111523,4
0.8867812175407352,-0.9678915186233472,0,0,-0.2968236780140335,-0.11393065926447474,-0.3872748377628744,-0.1374307757594477,-0.7905692827873214,-0.7753999842447696,-0.7778405370976307,-0.811687968596703,0.7814890955466863,-0.5650137148805372,0.17846569227443157,-0.8114210009592525,0.4632589084072975,-0.26897876302000745,7
0.43216483327870997,-0.7759032759005472,0,1,0.028683430121734698,-0.07126384040037158,0.6591402879152704,-0.08445285907430337,-0.5993930225108248,-0.635759149516149,-0.5432202214364392,-0.6250713133586998,0.15959169115625804,-0.12032082715170299,0.04481733260742788,-0.5734436334987485,0.24919654253681753,-0.5249383225619525,7
0.7903474390609116,0.1840379377134527,0,0,-0.4921280600781001,-0.12175840606213846,-0.48098372149307433,-0.1458803667125723,-0.8167711063257985,-0.718274183675327,-0.8619978534259151,-0.8483994506502773,1.5564689468167496,-0.9703034560556442,0.0925488865629005,-0.8683286520462318,0.6526633294358178,0.36137118776279387,1
-0.10510907539459263,-1.3867749572912744,0,0,-0.23172198296079963,-0.12175837137249704,-0.3091841739453789,-0.1414292967954844,1.8063225583370977,1.7190933120480405,1.8947912400389197,1.7642335767536657,-2.261024324142969,2.069369650885817,-1.253481141181758,1.8994519800178589,-0.703933609472838,-0.5765291058979403,6
1.0520962663632898,0.16658446110228906,0,0,-0.4921280991389687,-0.12175840674680244,-0.621546936043419,-0.14568106467023667,-0.9516619796323094,-0.927735447479047,-0.974207578692707,-0.9371188403280557,0.9919774503189367,-0.9309002791051852,0.5889570906582172,-1.0105977494991631,2.3324898594032253,-0.41055527946881437,7
-0.5597254596566179,0.1840379377134527,0,0,-0.5572295520148173,-0.12454777858423954,-0.48098372149307433,-0.14428594535146172,-0.9157557736089748,-0.9086935141463189,-0.9079018222417159,-0.9218223927305429,0.8101920581038811,-0.700110291894825,0.3789382102957354,-0.943343260802325,1.9450149681222397,-0.4196658610739541,7
-1.2347619090153827,0.1491309844911254,0,0,-0.5355291185019969,-0.12547756536260032,-0.6215469529110071,-0.14408664402661547,-0.8303572391844167,-0.7341424600244554,-0.8747489577874145,-0.8606366094992286,1.5469012868904268,-0.9759324748206959,0.11164147377836713,-0.8864356329957432,0.7208941910481372,0.3598566720592925,1
-1.069446860192828,1.894478645607489,0,0,-0.23172229544774844,-0.09861949596271961,-0.4028930155066085,-0.13096619661342768,-0.6382105262484314,-0.6230645112991059,-0.8084432059268214,-0.44151399945844194,0.6571096284460199,-1.6514154004211097,2.145005792565023,-0.6303512845857276,0.3186022230292122,2.096334755366147,4
1.313845093665668,1.6850369262735252,1,0,0.15888646868038497,-0.10147205712727493,-0.04367588323071779,-0.07253697154542328,-0.8022145339086034,-0.7753999842447696,-0.8926004993031156,-0.7107314115345562,0.896300928553691,-1.257383696776106,1.2381062674110461,-0.8579817958120549,-0.0022797790426196504,2.166864070033264,4
-0.06378031318895398,0.00950317160181635,0,0,2.7846443805349876,2.4420123901652064,2.455226455322366,3.1628081375334176,0.43800516510956705,0.46232569952030333,0.46411703459801085,0.3783756021208819,-0.1370054910113668,0.5326460588513583,-0.7666191275940074,0.44830705190286896,-0.7263592197198825,-0.42240624999993315,2
1.0520962663632898,-0.060310734842838186,1,0,0.8099008411953956,0.20992329751003497,0.36239564171314076,0.025519931759279624,-0.8730565063966959,-0.8959988930670161,-0.8390458632800171,-0.882051629913152,0.5040271729554978,-0.49183636961242705,0.3312066563402629,-0.8735020801633203,2.0277496621226705,-0.5278162065052314,3
-1.1107756223984666,1.1090721981051253,0,0,-0.16662071757712035,-0.11939576350819112,-0.4497473800619296,-0.12858099112397176,-0.5722207620339531,-0.5595914059025919,-0.7217356824974313,-0.3986838815365038,0.5805684007007589,-1.4600285850950865,1.8968017635466499,-0.5941372761259098,-0.31538376610908536,2.201879812857856,4
0.6388086443069032,1.1090721981051253,0,1,0.41929254579768555,-0.08774793807362426,0.06565124852483323,-0.10339934951894814,0.2963211624893703,0.3004692264896823,0.3646584871390866,0.20705540576916914,-0.20397907605207918,0.6958876536990748,-0.9766379478147253,0.3474254073231218,-0.5281097651506358,-0.4102211504008911,5
-0.39441041083406325,-0.688635892844729,0,0,-0.14492021766082352,-0.09809101981567869,-0.23109362257847071,-0.10601979286414905,-0.3461087195716048,-0.2644414458147721,-0.32645141286296364,-0.4445732581953753,1.0206804042652444,-0.15409488908079305,-0.7570728253945934,-0.35357320042696094,-0.12678747714311214,-0.15161431032350572,1
-0.10510907539459263,0.4109331336585799,0,0,-0.4921280991389687,-0.12480135790028107,-0.4653655437493402,-0.13691175113032011,-0.7934806014630521,-0.7817472833592609,-0.7625392256350254,-0.8331030055307889,0.7527861416003787,-0.44680416883079455,0.006632037892966455,-0.7959007515285834,0.9406969579679056,-0.2710058601480031,1
-1.2623144171524752,0.1491309844911254,1,0,-0.3185242560520676,-0.10447279030248732,-0.1998572389783558,-0.12910576356037332,-0.9196375266029178,-0.918214479955796,-0.9181027126165126,-0.9126445256588498,0.7623538015267016,-0.7451424825442133,0.5030402849466862,-0.9536901100523827,1.0854621847363428,-0.5097902538677492,3
-1.4000769578379373,-1.7183910129033835,0,0,-0.2968244201705369,-0.1101290579771978,-0.5122200910368658,-0.13540561611763785,0.874702049405362,0.7955595742592525,1.0277160057450176,0.757727485137963,-1.4286386338673867,1.7316283223378421,-1.5112315583163511,1.0199702477307087,-0.47813233966752566,-0.49554771118159896,2
-0.10510907539459263,0.2363983675469436,0,0,-0.6440314618400073,-0.12556209466165477,-0.4966018289551912,-0.14382090749184173,-0.8895539500704975,-0.8928252349409005,-0.8696485091572176,-0.900407369563259,0.6953802423186506,-0.5987878274708469,0.321660354140849,-0.9045426023050559,1.5021863652621141,-0.4597348854778923,7
0.8178999471980041,0.3760261804362527,0,0,-0.36192517776292427,-0.11605486051416297,-0.1842390893472685,-0.13023988105667023,-0.881790446702794,-0.8706096423395404,-0.8823996204043141,-0.882051629913152,0.8197597008084299,-0.7282554110506927,0.41712347923515514,-0.9174761621215982,0.9970853872108186,-0.43478203092414397,7
-0.7939217788219036,-0.09521768806516545,0,0,-0.29682379519663926,-0.11846185628509419,-0.04367588323071779,-0.07014539295671489,-0.4179211578200977,-0.3596511324724432,-0.38765670461736473,-0.5057590386733293,0.8675979659964963,-0.14283690221190948,-0.6234245086859929,-0.4156542447104324,-0.04791860027602057,-0.165772738410837,1
0.018877211222323345,0.3062122739915981,0,0,-0.1883214127977603,-0.09640046122114868,-0.4341293035237242,-0.13212848991694592,-0.8856722023169193,-0.9245617919235924,-0.8390458632800171,-0.8942887915154637,0.3700800028740733,-0.41865907500553645,0.34075298431471845,-0.8735020801633203,2.2894370258972403,-0.5775289049602079,3
0.4597173414158024,1.6675834496623616,1,0,0.15888646868038497,-0.04669891399896955,-0.09053024778603885,-0.07393211167138969,-0.5809546944795044,-0.6103698730820629,-0.7038841524577252,-0.3986838815365038,0.20742999078787275,-1.2911578448292695,1.982718569258181,-0.5941372761259098,-0.008128241982142655,2.4090686280445204,4
1.3965026180769453,1.9119321222186525,0,0,0.3541905773183715,-0.09716118223525094,-0.18423903312197482,-0.12734522690984834,-0.6644123497869086,-0.6992322263497626,-0.7625392256350254,-0.5057590386733293,0.22656527619697045,-1.1954644346331968,1.8013386556357052,-0.6846721808734673,0.20081162412750067,2.4853667160092425,4
0.17041600597633177,0.4109331336585799,1,0,-0.12321983492713232,-0.0981755005035909,-0.10614839741712617,-0.09645334218633679,-0.2577989057740512,-0.350130146668936,-0.1275341343291942,-0.32220166970586334,-0.62495578559658,0.6508555035786618,-0.48022980386117226,-0.15180972502428744,0.17561855715382818,-0.543528684157509,2
-1.0556706061242818,0.2713053207692709,0,0,0.2239879293684072,-0.08886236790843252,-0.16862077104030024,-0.12819701592988964,0.29243936233214485,0.2782537167207332,0.37230914287038946,0.20705540576916914,-0.36662917424715025,0.7690651509508436,-0.9384527390170695,0.35518553203845665,-0.5102693093958037,-0.4397850378548113,2
-1.138328130535559,0.25385184415810724,0,0,-0.5572295207661223,-0.10020415986240329,-0.5590743853105699,-0.12575080232003566,-0.9633072333737738,-0.9340827588755855,-0.999709789710905,-0.9371188403280557,1.049383358211552,-1.0322227181985535,0.7035128201513513,-1.036464857492049,-1.4615348162192288,-0.4722385852958451,3
-1.565392006660492,-0.2697524541768018,0,0,-0.2100217564705829,-0.10899491096100755,-0.2935660805395854,-0.12993616224945617,-0.508171871696264,-0.39456130902133557,-0.5304691285509349,-0.585300564308111,1.4416571051988583,-0.5650137148805372,-0.48022980386117226,-0.5605100923065242,-0.17052930872777594,0.04038289068818163,1
-0.628606729999349,-0.496647650121929,0,0,-0.07981895227714418,-0.0420499839869282,0.01879649039245622,-0.01806099985403985,-0.4179211578200977,-0.33426188460125755,-0.413158959244344,-0.49964046613225466,1.0972216233996184,-0.31170761714711676,-0.5661466095727034,-0.44152139693607334,-0.17224387037706554,-0.12358603192632917,1
0.7627949309238192,-0.007950305009347285,1,0,-0.05811876484779608,-0.07915711456134061,-0.3716566881317872,-0.13770896432208818,0.5350488589490249,0.563882719567946,0.5584754203266149,0.47321350404114204,-0.1752761479384327,0.5945652146057065,-0.8334434148235166,0.5440155593704954,-0.7701775533688305,-0.4250741062603154,2
0.3908360710730713,1.4057813004949071,1,0,0.20228739039124158,-0.08863690121472663,0.2530687348587645,-0.12221279411758909,-0.4625612569862482,-0.49929195291961387,-0.6273774803847482,-0.22430442644785784,0.044779892592801664,-1.4712866124929458,2.4504879784471036,-0.4466947901325657,-0.0327399368581722,2.3351220607450833,4
-1.386300703769391,-1.1424262847349835,0,0,-0.3836255214357468,-0.12353345264766309,-0.29356610865223215,-0.10601983232606393,-0.422773316310247,-0.36599840873661427,-0.38765670461736473,-0.5149368974849411,0.8580303232919475,-0.11469180838665131,-0.6616098034004544,-0.4156542447104324,0.029931600385791627,-0.20739322423821904,1
0.8041236931294579,1.074165244882798,0,0,0.3975913818466223,-0.09473908300524594,0.9402665595851373,-0.04734249405572463,0.20704088555159858,0.2243015685648263,0.24734834078448603,0.13975094261572465,-0.0126260497433618,0.43695258786182223,-0.7284338328795458,0.22843673523306857,-0.6195868796665354,-0.41438909347590036,5
-0.06378031318895398,-0.8631706589563654,0,0,-0.6006300128074245,-0.12522398111697816,-0.5434558983277205,-0.1456146269490964,1.6976334640259638,1.608015477574292,1.8131840619557704,1.6265655569114672,-2.1940505668845156,2.1594343057551795,-1.4730463495186952,1.8166771301444435,-0.6586257740936322,-0.553867274201866,6
-0.9179080654388196,0.39347965704741633,1,0,0.6362970762302318,0.03377019531358687,0.018796883969512165,-0.06350196523758407,-0.37522188012708924,-0.41995058545542147,-0.29074832983156135,-0.4292768268426888,-0.09873492019317172,0.2511948672926798,-0.32748879683693816,-0.3173592618083355,0.008493237290836175,-0.4919575059933999,2
1.3689501099398529,-0.880624135567529,0,0,-0.14492037390429785,-0.09809101296903894,-0.028057733599630593,-0.12787671791662986,-0.8187119802025876,-0.8706096423395404,-0.7701898813663279,-0.8178065493978588,0.19786226197445345,-0.3511107991636976,0.39803085765296614,-0.8036608762439179,1.5782235323867626,-0.6412741184184378,3
0.5974798821012646,-0.9329845654010199,0,0,-0.40532617759551814,-0.11330575047872612,-0.5746924084347461,-0.1450831479602617,0.4709999948131589,0.5353198192832249,0.47431804661835525,0.3997906335482469,0.19786226197445345,0.408807494036564,-0.8907211421031942,0.45865402453903303,-0.7761262318330202,-0.3516054392892446,2
-1.3036431793581138,-0.37447331384378363,0,0,-0.25342299066838836,-0.1245477789037494,-0.30918428639596623,-0.13265996478021683,-0.44024118120134936,-0.35647742293310697,-0.4412113635924536,-0.5149368974849411,1.1163569277526677,-0.36799785545885233,-0.48977619197739225,-0.46997518755896683,-0.20408128330433878,-0.12329370134366505,1
1.3000688395971218,-0.7584497992893836,0,0,-0.23172272511730305,-0.11972977454632772,-0.4966018289551912,-0.13026835749193397,0.0692387354922744,0.10052903874823443,0.09178480101342157,0.011260891719554054,0.22656527619697045,0.2061626158498276,-0.5756929976889233,0.07064732316435518,-0.6316885036451922,-0.38699245101231533,2
1.4102788721454915,0.1491309844911254,0,0,1.8732250246069968,-0.09570262659317767,-0.3091841739453789,-0.12887431871213728,0.044977812032409976,0.011666542666033375,0.11473679115931956,-0.007094853437273634,-0.33792616002463327,0.49887194626104886,-0.5088687963762202,0.09392772059075635,-0.44510009962797925,-0.49496738515328687,2
1.7684614779276933,1.3534208706614161,0,0,0.4409923816792161,-0.0658257164817085,0.11250536006633272,-0.10511351052711107,0.18083906201312147,0.18304394437436117,0.2218461550134774,0.12751390766799134,-0.12743784830681817,0.42006563288910637,-0.5852392139715312,0.20256965284862002,-0.6409915033895498,-0.4550696310132511,5
1.1623062989116597,-1.9627396854596744,0,0,-0.40532617759551814,-0.12142022062774446,-0.07491212626759858,-0.07785180627685556,2.7379430672688336,2.9219087478569703,2.4303376002699055,2.8992298569335593,-0.5675499293692872,0.21179163461487927,0.20710459887267327,2.4426611756992282,-1.4299608668113488,-0.67100241756128,6
-0.022451550983315315,-0.5141011267330927,0,0,-0.5355288021089613,-0.12547756376505106,-0.44974743628722325,-0.1464118405892953,-0.40918717297089935,-0.45486073344141353,-0.31625051560257,-0.472106862163815,-0.07959963478407418,0.2793399611179378,-0.3943129981496412,-0.343226344192784,0.10594936955112014,-0.47648993123076017,7
0.29440229259324774,-0.8980776121786926,0,0,-0.3619253730672673,-0.11567251288403418,-0.21547544483473666,-0.13664603970767403,-0.2840007293125283,-0.25809408386190014,-0.20149051896909986,-0.4048024816111824,0.46575655908286717,0.31311407370824745,-0.9957307240471647,-0.2268243104999834,0.10047339102146131,-0.28684418618082114,1
1.3965026180769453,-0.9504380420121835,0,1,6.734133334135865,22.50587611471397,5.063455138476891,18.49947686955125,-0.34707913030817583,-0.3882140327571645,-0.3417527243255688,-0.3099644970901102,-0.0891672774886228,-0.24978836007032937,0.5125865957377808,-0.36909344985763004,0.35359635959710856,-0.7275482625066084,3
-1.441405720043576,1.1439791513274526,0,0,-0.058118178934767076,-0.08727161049936866,0.0656511922995395,-0.07844956818850081,-0.07729745181989515,-0.0771957820387659,-0.03317593221651127,-0.12946644192678558,0.06391517800189936,0.2286787415712537,-0.45159089726293067,-0.05610140379984047,-0.5143429680348454,-0.43981059575214454,5
-0.6010542218622565,1.842118215773998,1,0,0.2239878121858014,-0.10933302199524958,-0.10614848175506669,-0.08927843781021168,-0.6847915516950183,-0.7246214827898183,-0.7701898813663279,-0.5363519289123061,0.19786226197445345,-1.1279161385268701,1.715421849924174,-0.7105392865383131,0.2975740504897652,2.5376748027625426,4
0.9969912500891049,-0.3221128840102927,0,0,0.7230989587128136,0.23020954876617133,0.3467774639694068,0.11128643961314372,-0.8623816948339907,-0.8896515825273648,-0.8237445173894266,-0.8728737655948193,0.45618889915654437,-0.4524332382570657,0.31211405194143504,-0.8579817958120549,1.9972122176062763,-0.5440868168724405,3
-0.6010542218622565,-0.025403781620510917,0,1,2.1553308204232224,1.3550873330153483,0.6747584937716509,0.6109382281803051,-0.7973623518368128,-0.8420467477673992,-0.7548885699037229,-0.7963915289839354,0.24570056160606799,-0.373626874223904,0.38848452967851055,-0.7881406268132489,1.6627955836576167,-0.6369881560909321,3
1.5618176668995,0.9868978618269799,1,0,-0.5138285443700497,-0.11947618961604159,-0.1998572389783558,-0.11718079548613562,-0.6149200397269615,-0.6198908588855703,-0.7421374540662283,-0.45069180320284574,0.45618889915654437,-1.3474480831410054,1.829977562233947,-0.6381113627402673,-0.2250343050980158,2.314732681991405,4
1.7684614779276933,-0.8457171823452018,0,0,-0.4704271148679012,-0.12116674410258774,-0.43412952280236955,-0.1401005585161902,1.3492464197295457,1.1192724060688932,1.644869429299202,1.201324462437139,-3.179519057086102,3.0657070361855636,-2.026732220751926,1.6459541768835064,-0.21444624503735743,-0.5612734999243238,6
0.5837036280327184,0.2014914143246163,0,0,-0.49212800539288404,-0.12480135730690563,-0.512219911115926,-0.14428594732455746,-0.1539620485585372,-0.25174680759772905,-0.025525345341179173,-0.21206725383210462,-0.758902869569134,0.7240330008304307,-0.47068350166175854,-0.048341348925698246,0.06651475675389504,-0.5585570513072393,7
1.5204889046938612,-0.6188219864000745,0,0,-0.4921280991389687,-0.12175840606213846,-0.4185111370250489,-0.14109710460233638,-0.8982878956169607,-0.9245617919235924,-0.8670982859897188,-0.900407369563259,0.49445953025094896,-0.5312395516290079,0.4075771598523801,-0.9019558894105317,2.22581878105662,-0.5855664430985701,3
-1.4689582281806683,-0.5839150331777472,0,0,-0.3185242560520676,-0.11871545262644656,-0.4966018289551912,-0.14302369555568006,-0.8973174560583836,-0.9213881352256218,-0.8568974047957183,-0.9126445256588498,0.5135948414927076,-0.4693202945522206,0.2834750852014293,-0.891609049472633,2.172002913537819,-0.5174840868146301,3
-1.5791682607290383,-0.5141011267330927,0,0,-0.5572295207661223,-0.12454777753442144,-0.48098368775789807,-0.1434887357471405,-0.9118740258553965,-0.9340827588755855,-0.8772991763645154,-0.9218223927305429,0.5422977696063542,-0.5199815140989047,0.34075298431471845,-0.9123027386605893,2.4333945565123285,-0.5339093386365905,3
-0.1602140916687775,-0.007950305009347285,1,0,-0.16662099100320063,-0.11308845182624558,-0.13738478101724103,-0.11619185299349662,0.5835707582724002,0.544840776523832,0.6783357623063265,0.5007471080095818,-0.8258765407187169,1.1068064794988188,-1.0530085372436482,0.6655909164185962,-0.5610726084458282,-0.4835915326984189,2
-0.8076980328904498,-0.2522989775656382,0,0,-0.4053266619502888,-0.10877432797543748,-0.40289265004219943,-0.13188371662758827,1.7141309181804953,1.6175362063116967,1.7902320718098725,1.6969293338690532,-2.2705918807386465,1.9117569228194928,-0.9766379478147253,1.7933967327180425,-0.6964041934832068,-0.6036845982770652,6
1.754685223859147,0.2363983675469436,0,0,-0.3836257011157424,-0.11482982846323557,-0.5122199785862784,-0.13423260226745423,-0.9516619796323094,-0.927735447479047,-0.974207578692707,-0.9371188403280557,0.9919774503189367,-0.9309002791051852,0.5889570906582172,-1.0105977494991631,1.4041645536353229,-0.4160830967925737,7
-0.6561592381364414,1.318513917439089,0,0,0.3107902805814124,-0.08476014892730756,0.6279038480898613,-0.09273499662035456,0.5224332049517186,0.5067569189985036,0.6145801831188539,0.42120558237480005,-0.5675499293692872,1.0392582543181994,-1.1962031561516628,0.6009230940554875,-0.5421830064327625,-0.4376035580862143,5
0.34950730886743264,0.35857270382508905,0,0,-0.5138285443700497,-0.12556209431932278,-0.5122199785862784,-0.14428594409585538,-0.9050809620462698,-0.9340827588755855,-0.8645480765934139,-0.9157038146827475,0.4753242190091903,-0.47494931331727225,0.3312066563402629,-0.8993691904842457,2.4333945565123285,-0.5484381944764122,3
-0.39441041083406325,-0.54900807995542,1,0,0.5711956936639466,-0.05929337400878803,-0.18423903312197482,-0.13531733730284787,-0.37134007996986385,-0.31521988443134275,-0.3315518270651753,-0.4690476034268816,0.8101920581038811,-0.041514463118541275,-0.7379803069125714,-0.3587465936234533,-0.024645538956750764,-0.20582532811623644,1
0.6939136605810882,1.1265256747162888,0,0,0.4409923816792161,-0.06852286577051059,-0.028057874162864843,-0.12369901234308887,0.49040881218652127,0.481367671127318,0.5712265132121193,0.3967313472777096,-0.4814410589194772,0.9379358152248312,-1.1102863504401317,0.5569491005627196,-0.5735822870249224,-0.43682730974619194,5
1.0107675041576512,1.0392582916604707,0,0,-0.31852456853901645,-0.10028485664074537,0.26868665958867693,-0.11835590314964808,0.44479817127468174,0.4591520756696681,0.512571440034819,0.34472342561136754,-0.23268209027459635,0.8140973517324761,-1.1484715592377874,0.497454764517693,-0.5634349747545667,-0.3949590740735195,5
0.10153473563360066,1.021804815049307,0,0,-0.3836255214357468,-0.11229358205526863,-0.09053019156074525,-0.11522114011180684,0.16919384495421008,0.21160684465908244,0.19124350913627655,0.09998030369955166,0.24570056160606799,0.28496892922176986,-0.7284338328795458,0.17152913070688403,-0.64128007527876,-0.35768343079281617,5
-0.9041318113702734,-0.6362754630112382,0,1,3.630963721027094,1.8098390914173474,3.0330968109414256,1.109128293608764,-0.5227284519740062,-0.5881543061873132,-0.4769144466238559,-0.5088183249438665,-0.1657085052338841,-0.12594979525553507,0.3789382102957354,-0.5061891261775923,0.977161677806857,-0.6816704780188563,3
0.9556624878834663,0.00950317160181635,0,0,-0.14492041296516647,-0.11736302035698735,-0.29356602431429163,-0.13073337902867102,-0.8973174560583836,-0.9086935141463189,-0.8875000667393119,-0.8881702134676683,0.6284066400561642,-0.671965172738957,0.5125865957377808,-0.9226495879106469,1.7824138626455515,-0.5953132545884678,3
-0.39441041083406325,1.9642925520521435,0,0,-0.05811845236084735,-0.039598722636001935,-0.19985721086570887,-0.12674731611916062,-0.6052156441411922,-0.6294118161261774,-0.7293863382287338,-0.4262174855049435,0.274403575828585,-1.3193029538528933,1.9636259648593533,-0.617417673552311,-0.015874435616039826,2.3844387735502357,4
1.3551738558713067,0.46329356349207085,0,0,-0.7308334029138921,-0.12725262267452722,-0.6840194839650036,-0.14700974842033943,-0.9710707367414775,-0.9372564144310402,-1.0150111172399032,-0.9401781296272895,1.0972216233996184,-1.088512966642533,0.7512443826985044,-1.0519851232189963,-1.8651544328831187,0.8829091994428392,7
-1.3725244497008449,-0.13012464128749274,0,0,-0.36192504495597105,-0.12378703849083451,0.6591400911267421,-0.09147073910996742,-0.5469894016356942,-0.4516871095907781,-0.5559713143219436,-0.6220120546217666,1.3077099695609817,-0.5087234259075819,-0.4420445950635168,-0.5579233840680793,0.08417640255562443,0.13050812462796485,1
-1.138328130535559,-1.1773332379573107,0,0,-0.3185243341738048,-0.1055293473172341,-0.30918428639596623,-0.11831017755264743,-0.37522188012708924,-0.33426188460125755,-0.321350998660752,-0.4751661209007483,0.6762449138551176,0.048549989105943374,-0.7570728253945934,-0.34839980723046865,0.05593075064878001,-0.2554938987586022,1
0.680137406512542,-1.12497280812382,0,0,-0.4053256698042264,-0.11927394489860728,-0.3091841739453789,-0.1323639914500312,2.226522250496597,2.220531021770482,2.1702153513095968,2.2751350172062867,-1.8687504566032438,1.4558059468993365,-0.6043319042871649,2.1788169819386467,-0.9788371734549494,-0.6202659150316036,6
0.23929727631906286,1.0392582916604707,1,0,-0.34022471690749595,-0.10741499748820582,-0.24671171598426425,-0.1203597684247016,0.1604598339031882,0.21160684465908244,0.17849237034679208,0.08774315861740252,0.33180943205587793,0.2511948672926798,-0.7570728253945934,0.15859554295386502,-0.637895676263916,-0.3385193429297779,5
1.3965026180769453,-0.8980776121786926,0,0,-0.23172229544774844,-0.10857228591853986,-0.2935660805395854,-0.12116684888891198,-0.8526773149693155,-0.8928252349409005,-0.7982423086664278,-0.8698144738175613,0.33180943205587793,-0.33985271097237474,0.24528985062873185,-0.8321146901472088,1.8038486948760015,-0.5513874464216125,3
-0.9730130817130045,0.9170839553823253,0,0,0.09378551578365445,-0.11153888699703429,0.06565124852483323,-0.09873076463020307,0.35648835747712826,0.3766369986661395,0.42331362917235765,0.2529446722936246,-0.1083025628977205,0.7352909370380948,-1.1389253429551793,0.40691981320934106,-0.5200552529408498,-0.3797219086081057,5
0.625032390238357,1.789757785940507,0,0,-0.12321999117060672,-0.09473905333647367,-0.0124396120811902,-0.12387861966119935,-0.6595601650949358,-0.6484537591702916,-0.8313951960727194,-0.4568104308111285,0.6379742999824871,-1.6795605449075877,2.2118300797945323,-0.643284825777952,0.525065165892829,2.094486822333636,4
-0.6837117462735339,-0.18248507112098364,0,1,0.41929238955421105,-0.03316481430281029,1.049593691340688,-0.03535938853602381,-0.2403309622774781,-0.44851348574014277,-2.3159570170378508e-05,-0.32526095597640065,-1.686965072999075,1.3938867911449881,-0.6807023218824764,-0.02247426654124955,0.8465083138755073,-0.6031042722487531,3
1.3689501099398529,0.00950317160181635,0,0,0.5060941157933186,0.09057189738332161,1.3931927864360791,1.1121177130329474,0.15948942316661716,0.18304394437436117,0.19379372771337777,0.09386170362487309,0.08305046341099705,0.3581462744898799,-0.6902487959155019,0.17411583894532925,-0.5967380015880362,-0.3988529329634545,2
0.23929727631906286,0.2887587973804345,0,0,0.9184033017160115,-0.09772398971622664,-0.2623297812774109,-0.13404741700767606,-0.27817805527851375,-0.2676150696654074,-0.27289670798389454,-0.2916088070004904,0.32224178935132913,-0.1934981217585936,0.006632037892966455,-0.29925221101763166,-0.6223786165355031,-0.4761805189141819,2
1.7271327157220546,-1.5089492935694198,0,0,-0.49212825538244315,-0.12175845398861673,-0.38727548435375186,-0.12993616978309447,1.5423635538828313,1.3509493750118002,1.7647300007988143,1.4430083806792293,-2.9881657724507726,2.7392238464901304,-1.6639723935069737,1.7675297667355807,-0.3896597728911565,-0.5783833151735945,6
0.7765711849923654,-0.14757811789865635,0,0,-0.6440308095235016,-0.12657640101684156,-0.2779476778946765,-0.12495347791741661,2.5079489626310245,2.58232756829095,2.3206782703105384,2.6330721441320417,-1.3712326054223525,0.8197263704975277,-0.022006868705275302,2.331432791287291,-1.201987374289554,-0.6735192557650137,6
0.680137406512542,1.0043513384381435,0,0,0.5494953890519927,-0.05533705692079941,0.4873410355503664,-0.09702091932054883,0.5767777259054621,0.557535329052174,0.6885365448067691,0.45485784148512626,-0.6440909848968074,1.2137579373572387,-1.4157682785717947,0.6759376562507857,-0.48181699293809144,-0.4246617506154908,5
1.313845093665668,-1.4740423403470926,1,0,-0.4704271148679012,-0.1105856939308598,-0.3091841739453789,-0.12309343338485142,1.9897353231064376,1.9031652091589097,1.9942497874978438,2.045688133911929,-2.4045392230378124,1.6640798945123438,-0.4229519906646891,2.0003336245976056,-0.812614272814076,-0.6658113821504839,6
0.2530735303876091,-1.735844489514547,0,0,-0.23172249075209148,-0.10654369183102644,-0.43412952280236955,-0.1265478684264846,2.3730583067996487,2.4236447762367646,2.236520896602278,2.4617517275114973,-1.476476933499001,1.0448872224220314,-0.2988498902386964,2.246071256455828,-1.1267376771314581,-0.637139950590031,6
-0.6423829840678952,0.07931707804647088,0,0,-0.2751230218542621,-0.10698213147021692,-0.2935663054407601,-0.12685159243549654,0.3370795663055895,0.2814273691342689,0.4590166433477892,0.24070758227868347,-0.7780383271959725,1.0842905057610517,-1.0625547535262565,0.4431336819867739,-0.38203114396801435,-0.47744482603796634,2
1.3551738558713067,0.8996304787711616,0,0,0.7447997320551908,-0.055943176244852545,1.3307205814887857,-0.06289793246892038,0.5447532807366174,0.5131042523884752,0.6553837721604285,0.4365020687946945,-0.7301998553466172,1.1799839767505875,-1.2725736596637798,0.6423105189921952,-0.5014824261421178,-0.4495631011533468,5
-1.4965107363177608,0.07931707804647088,0,0,-0.535529059910694,-0.12547756819254477,-0.4966018148988678,-0.14142927437394187,-0.8255050571126261,-0.7404897648515268,-0.8619978534259151,-0.8545180259447124,1.4416571051988583,-0.91964223650896,0.12118779316114212,-0.8864356329957432,0.5825103262140252,0.2450547641454518,1
-1.0143418439186431,-0.2173920243433109,0,0,5.605707807218846,0.24802069410733507,-0.5590742363135415,-0.14083458259927395,-0.07729745181989515,-0.07084842008589387,-0.04592713986196635,-0.12028855558156978,0.12132112033806282,0.14424340943425992,-0.36567409155139957,-0.06903506139405191,-0.5994722420337613,-0.414877022852587,2
-1.0418943520557356,-0.19993854773214725,1,0,-0.21002179553145153,-0.09580879971804063,-0.24671165975897053,-0.11618428168701068,-0.8711156325199065,-0.9055198560202032,-0.8492467421788186,-0.8545180259447124,0.3987830170965903,-0.5706427336455888,0.5698644518926671,-0.8838489177731792,1.9170760219272505,-0.693086252556394,3
0.22552102225051665,-1.6136701532364017,0,0,-0.16662099100320063,-0.11846193205457413,-0.34042033264431903,-0.12575081666982288,2.3517085369440265,2.4077766855464877,2.226320114101836,2.4219809509273045,-1.4095031762405477,1.1011774100725478,-0.46113719946234455,2.2357245166236392,-1.1209794909868829,-0.612238147127412,6
-0.876579303233181,-0.07776421145400182,0,0,-0.4053261971259524,-0.1082341819591589,-0.38727489398816806,-0.12993616224945617,-0.9390462863322683,-0.9340827588755855,-0.9410547027624105,-0.9310002614542522,0.8101920581038811,-0.7845456493624284,0.5221328979371946,-0.9769705074787839,2.4247456821107933,-0.4972787249217524,3
-0.03622780505186154,0.09677055465763452,0,0,0.15888670304559654,-0.10755797038885581,4.8916556612108115,0.06724152556705484,0.36522226372085587,0.4020262751002255,0.37740964888056167,0.31107116650104133,0.035212249888252896,0.38066240021130604,-0.6807023218824764,0.36035901835653866,-0.7836991079697124,-0.4093767045322877,2
1.4653838884196764,-1.2995075742354563,0,0,-0.5138284037509228,-0.11846185628509419,-0.49660112613902013,-0.1422264665791461,2.1915864421089215,2.1507105829839963,2.1829663294351502,2.2170083853308493,-2.155780340501802,1.742886359867945,-0.8048043363916632,2.191750406728884,-0.8892454534031152,-0.6152861366709179,6
0.5285986117585335,0.1316775078799618,0,0,-0.6657319461319567,-0.12308588986100172,-0.60592880327992,-0.1425088617819123,-0.9303123434059877,-0.9118671694161445,-0.930853819273211,-0.9371188403280557,0.9250038824999987,-0.7676585677366639,0.3789382102957354,-0.9666236652128455,2.3728515638831875,-0.3277250458704358,7
-1.565392006660492,1.3359673940502526,0,0,0.5060941157933186,-0.058071477034203546,0.42486832457543017,-0.1025201524053022,0.43218251727737567,0.38933157975738186,0.530422947122535,0.3508419981524422,-0.739767670268907,1.0054840404054506,-0.9670917315321171,0.5155616989064097,-0.5006192823387572,-0.4866916732931925,5
-0.1464378376002313,0.09677055465763452,1,0,0.07208462525867164,-0.10115739925750679,-0.4653660469657188,-0.13111544247234974,0.6641171027646213,0.6114874486451805,0.7752441141401397,0.5741700886368929,-1.0172294809185638,1.2813064158439558,-1.1580178614372014,0.7638858760402957,-0.5313615605873865,-0.49332799162230817,2
0.5561511198956259,-0.47919417351076543,0,0,0.2022877809999276,-0.09132881054190443,-0.19985729520364948,-0.1251528179866884,0.7854219558803551,0.8050805029369589,0.826248485682157,0.708778849742158,-0.4623056012926386,0.9154197908258443,-1.0911938319581098,0.8156200408091928,-0.7553508430376109,-0.4346723584279916,2
-0.9592368276444583,0.3760261804362527,0,0,1.2439104098517797,-0.05930947502327383,-0.4028930155066085,-0.13944673431768725,-0.2694440966311391,-0.245399531333558,-0.24994471783799657,-0.3130237833606475,0.43705363096922084,-0.09217568266522538,-0.27975728583986853,-0.27597181359123046,-0.4905661264552129,-0.36890108309836694,2
0.4872698495528948,1.1090721981051253,1,0,0.28908958536077245,-0.08304685035994462,0.7528490170259122,-0.08354510947152137,0.3254342706412075,0.33855316970371147,0.38251008603476333,0.24070758227868347,-0.1465732198247864,0.6452264341523907,-0.9479992130500948,0.3655324348334283,-0.5690185356743418,-0.4050966949302368,5
-0.2842003782856935,0.21894489093577996,0,0,-0.5355290364741729,-0.12446325074580157,-0.49660186550163216,-0.14541532795609058,-0.7925101566641105,-0.6992322263497626,-0.8313951960727194,-0.8269844274829935,1.4894953445542634,-0.9083841837804909,0.0543636348068419,-0.8502216710967202,0.4287504618680382,0.25921203403946086,1
-0.32552914049133214,0.2363983675469436,0,0,-0.5572295402965567,-0.11579937335913212,-0.44974743628722325,-0.1324866193505078,-0.9409871602090573,-0.9309091033201309,-0.953805809419109,-0.9248816817544406,0.8580303232919475,-0.8577229794321728,0.5985033928576312,-0.9899040626392466,2.27598295004024,-0.5409494070400366,3
-0.008675296914769096,-0.3919267904549472,0,1,0.5928959201541634,0.5111753097090178,1.1276844957214178,0.9201890218684623,-0.7042003166647334,-0.7722263261186538,-0.6579801721659292,-0.6862571213702577,-0.04132897785700826,-0.2723044857917553,0.5030402849466862,-0.6898456206307544,1.1865908084005627,-0.7010591518607409,3
-0.0775565672575002,0.7949096191041799,0,0,-0.27512313903686797,-0.10481407840579607,-0.402893099844549,-0.13052657384133878,-0.29079376167946686,-0.3406091323025284,-0.4412113635924536,-0.05910280263721976,-0.21354671875662812,-1.23486759638529,2.307293101788672,-0.3070124055741586,-0.34913569223486396,2.4869516291616014,4
-1.5791682607290383,1.7373973561070162,1,0,-0.14492033484342923,-0.10283779972085659,0.31554141772105393,-0.09411376722654112,-0.5770729467259261,-0.5437231152720134,-0.7191854639203303,-0.43233608557962205,0.7719214528421375,-1.414996394445698,1.6295050442126429,-0.6225911133095982,-0.4237537569647643,2.1193584739477553,4
-0.6974880003420801,-1.0377054250680018,0,0,-0.014717725954333627,-0.09971852770472336,-0.12176654704821337,-0.12699992618606795,0.5117584248312016,0.481367671127318,0.6145801831188539,0.412027723563188,-0.6919294567461627,1.1011774100725478,-1.1771106376696407,0.6009230940554875,-0.5007442575058819,-0.454621300201547,2
0.060205973427962,-0.5664615565665836,0,1,9.924104009448975,17.040483399242667,6.422233256776778,6.63200014160677,0.18957296825684908,0.16082837747961148,0.19379372771337777,0.21011471957331038,-0.4144673877698943,0.18364649012840167,0.10209520594567549,0.17411583894532925,-0.3443338036893054,-0.6183889948142681,3
-0.821474286958996,0.3411192272139254,0,0,-0.6006304815378476,-0.12420967152104857,-0.5590743712542464,-0.14568106440117815,-0.8390911821106973,-0.7500107420861639,-0.8798493949416163,-0.8667551847936635,1.4894953445542634,-0.959045403327175,0.1402804405183729,-0.8967824775897214,0.7295431962224316,0.2957788435959181,1
-1.0143418439186431,-1.0377054250680018,0,0,6.104818602198041,-0.09971874679719546,-0.49660166027931013,-0.1344679357286566,0.07700220479760748,0.06879234323547596,0.13513858568010673,0.014320177990091384,-0.1370054910113668,0.44821072671436474,-0.6234245086859929,0.11462143305911002,-0.5133936885739199,-0.43074666539758055,2
1.2587400773914832,-1.8580188257926926,0,0,-0.4704281070139636,-0.11546727938012637,-0.3248020986752913,-0.12871077777455148,2.3342408292638654,2.347477118311909,2.2416212878525004,2.406684519574618,-1.782641586153434,1.303822288259284,-0.4324982928641028,2.251244626371924,-1.0392647809193265,-0.6365984466842507,6
-0.3530816486284246,0.5680144231590526,0,0,0.07208446901519715,-0.06698531816339376,0.018796687180984192,-0.05393542307987827,-0.42083244243345785,-0.45803438585494916,-0.34430298880665,-0.472106862163815,0.006509235665735893,0.16113041506819514,-0.27975728583986853,-0.3716802046568698,0.015011736258916063,-0.48192438134983034,2
1.5618176668995,-0.880624135567529,0,0,0.15888568746301285,-0.09518713623953493,-0.2623297812774109,-0.13298756324772862,0.16919384495421008,0.1703494489718196,0.20144436049269004,0.12751390766799134,-0.12743784830681817,0.352517306386048,-0.47068350166175854,0.1818759403802662,-0.6693060725406303,-0.47354520853318893,2
-1.5791682607290383,1.266153487605598,0,0,-0.25342299066838836,-0.10335690510028893,-0.402893099844549,-0.13188375429577973,-0.5693094512187695,-0.5342021580314064,-0.7523383283746318,-0.3772688776427427,0.7814890955466863,-1.6795605449075877,2.068635374969712,-0.5760303184567959,0.05537605619406728,2.0405635411724026,4
0.2530735303876091,1.0916187214939617,0,0,0.18058685141407613,-0.0743280152241992,0.09688726666053925,-0.10168428268046648,0.4690591209363698,0.46549932337093863,0.5431740170560492,0.3783756021208819,-0.4144673877698943,0.8760166594704829,-1.0721010557256705,0.5284952168182365,-0.5737673304795595,-0.42967815117843144,5
0.7076899146496344,0.1491309844911254,0,0,-0.535529059910694,-0.12446325074580157,-0.41851116513769565,-0.1410971069341768,-0.8206528540793768,-0.7246214827898183,-0.8721987323247166,-0.8422808698491215,1.537333618353217,-1.0153356517711547,0.18801201165720655,-0.8760887930578445,0.44508759757102995,0.41314963076874633,1
-1.2072094008782903,0.04441012482414362,0,0,-0.5789299894337244,-0.1258156732017438,-0.5590743712542464,-0.1424922226655049,-0.8196824250015292,-0.7246214827898183,-0.8594476302584161,-0.8545180259447124,1.5277659756486681,-0.9365293080024808,0.06390993700625577,-0.8786754919841305,0.6690002035932898,0.30329008963017845,1
1.437831380282584,0.8996304787711616,0,0,-0.2751235296455539,-0.11533438838473398,0.9090303165482565,0.32175003345011893,-0.10641055997173238,-0.10893230617412258,-0.0739795212580858,-0.1417036145425388,0.06391517800189936,0.12735630247788549,-0.27975728583986853,-0.09748882873654796,-0.6148192971748752,-0.4701770011823338,5
-0.6423829840678952,-0.9504380420121835,0,0,-0.14492053014777218,-0.10113397462069855,-0.23109362257847071,-0.12116684888891198,-0.3334930131706518,-0.30887260816717166,-0.267796293781683,-0.43233608557962205,0.49445953025094896,0.16113041506819514,-0.7666191275940074,-0.2940788178211394,0.015999506502042928,-0.28900347263603726,1
-0.3117528864227859,-1.6311236298475653,0,0,-0.3619243731090311,-0.10717334990255035,-0.5122200910368658,-0.13315857324956637,2.314832090495974,2.3506508849770453,2.221219493331713,2.366913742990425,-1.5625858039488112,1.2813064158439558,-0.613878206486579,2.23055091390357,-1.064976056747822,-0.6026767759761409,6
0.1979685141134242,1.1090721981051253,0,0,0.07208462525867164,-0.10160473815904822,-0.16862093971618136,-0.12782071966569766,0.6126838926260616,0.5956192722662034,0.7012877524522245,0.5160436219630803,-0.653658799819097,1.0899194738648836,-1.1962031561516628,0.6888713138449974,-0.5892820362983022,-0.44882586904646876,5
0.032653465290869564,-0.7409963226782199,0,0,8.773976654546129,9.964189091226261,5.531998502903632,4.572210875769979,0.1439624583541275,0.059271471683569915,0.17339197909657061,0.18869963307873736,-0.8832823969460099,0.31311407370824745,0.3502993036974936,0.15342217303777014,-0.2656017587195294,-0.7194616143832437,3
-1.4276294659750297,-1.0377054250680018,0,0,5.627408463378618,0.16825909828914712,5.0009826524031284,0.1692075979082922,-0.15881420704868662,-0.23270489311651507,-0.14283549169577975,-0.10499212422888313,-0.5388469151467701,-0.024627356162166842,0.5794107712754422,-0.1673300210157515,-0.11826436254525871,-0.7953873334893493,3
0.8178999471980041,0.3760261804362527,0,0,-0.4487271110246354,-0.11329424355951459,-0.621546936043419,-0.14212785215073312,-0.9565141669444648,-0.927735447479047,-0.9869586853494056,-0.9371188403280557,1.039815706896116,-0.9871905275491649,0.6366886360220092,-1.023531304659626,0.43547754338745853,-0.36000926415369366,7
-0.022451550983315315,-0.33956636062145634,0,0,0.1588863514977792,-0.07915710086806112,0.44048638986857686,-0.11113524268322446,-0.3965714927717699,-0.350130146668936,-0.3570540816921544,-0.48434403477956817,0.7432184988958298,-0.0640305888399672,-0.6329707249686011,-0.38461374584909414,-0.028253123481073998,-0.23567895801131902,1
1.7271327157220546,0.1316775078799618,0,0,-0.7308334029138921,-0.12725262267452722,-0.6840194839650036,-0.14700974842033943,-0.9710707367414775,-0.9372564144310402,-1.0150111172399032,-0.9401781296272895,1.0972216233996184,-1.088512966642533,0.7512443826985044,-1.0519851232189963,-1.8651544328831187,0.8829091994428392,7
0.7627949309238192,1.0916187214939617,1,0,-0.144919866113006,-0.08621511236572377,-0.13738478101724103,-0.1150528924440104,0.32931607079843295,0.3480740983814182,0.3927109144391862,0.23152972346707149,-0.09873492019317172,0.6902586855952426,-1.0721010557256705,0.3758792212264126,-0.5305695135742525,-0.3840411932574513,5
1.382726364008399,-0.5839150331777472,0,0,-0.5789300089641587,-0.12152599961437896,-0.52783808885966,-0.13884077239950315,-0.798332786155025,-0.8039628702480407,-0.7574387884808236,-0.8331030055307889,0.5997037119425176,-0.3848849117540072,0.0543636348068419,-0.7907273350516936,0.9732794268967466,-0.4030516102188014,7
-1.3449719415637524,0.1840379377134527,0,0,-0.29682379519663926,-0.10485711113419291,-0.23109345390258967,-0.1279453350117053,-0.74301782040234,-0.8325257791016321,-0.6503294934826364,-0.7596800662038837,-0.20397907605207918,0.0035177376630911605,0.1975582794898982,-0.6820854726350224,1.5036869826769264,-0.6330969500460365,3
-0.6699354922049876,-0.13012464128749274,0,0,-0.40532629477812404,-0.11736302309564327,-0.6371650716181828,-0.14561463179214962,-0.5295214843409448,-0.5500704486619851,-0.48201492968203796,-0.5608262466102086,0.24570056160606799,-0.12032082715170299,-0.04109947310410319,-0.5113625892152769,-0.030679263305509814,-0.48956625735605597,7
-0.5872779677937103,-0.2522989775656382,1,0,-0.4487268258802947,-0.12175840332348256,-0.3091841177200852,-0.1326599468429828,-0.505260508477433,-0.3882140327571645,-0.5330193241760456,-0.5791819917670363,1.4703600763669398,-0.5987878274708469,-0.45159089726293067,-0.5630967772645715,-0.22603288588925796,0.056928620497065804,1
-0.7939217788219036,-1.0377054250680018,0,0,0.09378477362715103,-0.07890351046046318,-0.0124395558558966,-0.08529231803966937,-0.3820149124940277,-0.30887260816717166,-0.3519535986339723,-0.48434403477956817,0.972842147688065,-0.11469180838665131,-0.7761656016270333,-0.37944028281140946,-0.004159201550669514,-0.1689558289407532,1
-0.10510907539459263,1.7548508327181798,0,0,0.4626931550215933,-0.06883575720722246,0.17497807104126895,-0.09281190609872413,-0.44024118120134936,-0.49611827194317776,-0.606975708815951,-0.1814743911267317,-0.1465732198247864,-1.465657613992382,2.6318678920695797,-0.4104808515139402,0.05945538165268567,2.373777830481791,4
0.625032390238357,-1.072612378290329,0,0,-0.7308334029138921,-0.12725262267452722,-0.6840194839650036,-0.14700974842033943,-0.9710707367414775,-0.9372564144310402,-1.0150111172399032,-0.9401781296272895,1.0972216233996184,-1.088512966642533,0.7512443826985044,-1.0519851232189963,-1.8651544328831187,0.8829091994428392,7
-1.4965107363177608,-0.1126711646763291,0,0,-0.622330997078492,-0.12378703963194113,-0.5434562328682179,-0.14322299921236675,-0.8167711063257985,-0.7404897648515268,-0.8441462958438208,-0.8483994506502773,1.3555482347490482,-0.8520939505348771,0.0925488865629005,-0.8786754919841305,0.5479142183350079,0.11960693732458544,1
0.23929727631906286,1.021804815049307,0,0,0.24568792149341243,-0.1021483111467445,-0.043676080019245764,-0.08210354419642697,-0.06662256689208404,-0.0359382435370017,-0.04592713986196635,-0.12028855558156978,0.33180943205587793,0.08232405103503344,-0.47068350166175854,-0.06903506139405191,-0.5870353166998469,-0.3743054460724751,5
1.134753790774567,-1.1424262847349835,0,0,-0.4053271541172332,-0.11676655844652715,-0.40289265004219943,-0.13944673431768725,2.225551734952732,2.2078363835534387,2.1702153513095968,2.284312931085106,-1.973994870788763,1.4614350163256076,-0.5088687963762202,2.1788169819386467,-0.9649903870012888,-0.6371512090055652,6
-1.0281180979871893,-0.2522989775656382,0,0,0.13718581252061357,-0.09918981877193084,-0.12176665949880075,-0.04098074907242419,-0.8225937410570777,-0.8642623346561792,-0.7931418715122259,-0.8086286905862469,0.2935388612376827,-0.4805783320823238,0.5221328979371946,-0.826941273670319,1.4509563546979698,-0.6790292796159458,3
-0.44951542710824816,-0.04285725823167455,0,0,-0.16662083475972622,-0.08567799575931456,-0.10614839741712617,-0.11007150013093836,-0.5790138206027151,-0.6643220498008703,-0.4769144466238559,-0.6128341682765507,-0.29965550309756733,0.2005336477459957,-0.04109947310410319,-0.5061891261775923,0.7347043611291485,-0.5634448212375249,3
0.10153473563360066,-0.5664615565665836,0,1,6.669031365656551,4.17488801101655,8.718099790688962,15.805700730447255,0.15075551692288952,0.08783437196829122,0.19379372771337777,0.15810677037336443,-0.6919294567461627,0.408807494036564,-0.0029142643064474136,0.17411583894532925,-0.12664428097150274,-0.6350724784546026,3
-1.3036431793581138,2.2260947012195977,0,0,0.22398765594232692,-0.08430854228698677,1.5649922637021572,-0.11821075684556462,-0.4295664010808326,-0.32474087023484993,-0.606975708815951,-0.3130237833606475,1.2981423182455458,-1.5275768862675352,1.2953841665243355,-0.5217093756082616,-0.856388012952048,1.715682808685682,4
-1.0143418439186431,-1.8929257790150198,0,0,-0.4487254821864148,-0.12074410011775005,-0.34042069810872805,-0.13292571028360758,2.4933928015824587,2.575980320589679,2.3206782703105384,2.5933012298798293,-1.2851237349725424,0.9041616013120823,-0.2511183792416268,2.331432791287291,-1.195528769245307,-0.6318270137144852,6
-1.138328130535559,-1.12497280812382,0,0,-0.014717608771727756,-0.0473751543251596,-0.10614848175506669,-0.13153058199621565,-0.3994827773851301,-0.34378278471606405,-0.35450381721107327,-0.502699752402792,0.8293273521238658,-0.030256324265998915,-0.7761656016270333,-0.38202699104985444,0.07526114404306809,-0.20463562417125108,1
0.4459410873472562,-0.6711824162335653,0,0,-0.25342275630317673,-0.09892429238903021,-0.6215469051195075,-0.1439221649716897,-0.4751769633872013,-0.5215075483772638,-0.3978575789257683,-0.5179962112890825,-0.03176133515245934,0.1217273343740534,-0.17474787572950956,-0.42600107766421186,0.1357754102560479,-0.5152776314805375,7
0.873004963472189,1.0916187214939617,0,0,-0.38362588860791164,-0.12353347318758234,-0.465365510014164,-0.14328943155233678,-0.4858517959113652,-0.49929195291961387,-0.5967748804115279,-0.3344388423216165,0.274403575828585,-1.1335451623580437,1.6485977345282765,-0.5398163798381704,-0.5492200629830241,2.5570462007599004,4
1.7133564616535084,1.458141730328398,2,0,0.3324903898890234,-0.10605183379559778,-0.43412925854348927,-0.14212785466194588,-0.6527670803243502,-0.6643220498008703,-0.7778405370976307,-0.48434403477956817,0.4274859710428977,-1.3643351748990138,1.887255461347236,-0.6665652232043532,0.019670123496426457,2.317556926702053,4
-0.6423829840678952,-0.8980776121786926,0,0,-0.2968234045879532,-0.10426138957371132,-0.3872740224961159,-0.13392218103337084,2.3187138906531994,2.356998161241217,2.2110187108312704,2.3852694330800452,-1.5434503463219722,1.1912419129582517,-0.48022980386117226,2.2202041740713807,-1.083437334382734,-0.6187561226863434,6
1.4102788721454915,1.266153487605598,0,0,0.2890893900564294,-0.07337073174721495,0.3155415582842881,-0.11660058695171652,0.2652671280570967,0.26555902137788956,0.3213047024724013,0.194818150552604,-0.21354671875662812,0.5889362465018744,-0.7857119038264467,0.3034512974283668,-0.5902555959015676,-0.43671388444486164,5
0.9418862338149201,0.026956648212979984,0,0,1.2439106832778601,-0.06903422988259551,-0.13738461234136004,-0.11331050361064747,0.010041951241087498,-0.013722562390650755,0.07648355840678679,-0.046865574954258735,-0.22311436146117672,0.44821072671436474,-0.5375077029744617,0.05512714357487829,-0.46228791213126275,-0.47630992598928773,2
0.680137406512542,-0.18248507112098364,0,0,0.24568803867601804,-0.10417693627235812,-0.402893099844549,-0.13026833955469994,-0.13843497893875345,-0.23905216938068607,-0.010223942070613284,-0.19371156374248483,-0.7971735264961999,0.7352909370380948,-0.45159089726293067,-0.03282100637343929,0.059413011278620434,-0.5656753462875872,7
-0.8490267950960885,1.6850369262735252,0,0,0.4626933112650678,0.2210806615289793,0.34677757641999407,-0.03779191065513928,-0.7566039637416876,-0.7500107420861639,-0.8670982859897188,-0.6220120546217666,0.6762449138551176,-1.3530771171044227,1.6199587420132289,-0.7829672103363591,0.2564909598776979,2.237251101621302,4
-0.6010542218622565,0.6029213763813799,0,0,0.3758911944172742,-0.10113395179856602,-0.2779478465705576,-0.11538707208268943,-0.41986200549506325,-0.45803438585494916,-0.34940340300886163,-0.46292897581859904,-0.0030584070388128765,0.1217273343740534,-0.20338678232775131,-0.37685359785336214,-0.03799935569816429,-0.5034941467390867,2
0.30817854666179395,-0.2173920243433109,0,0,-0.5789300089641587,-0.12378704077304775,-0.5590743712542464,-0.1448838535233133,-0.8225937410570777,-0.7373161124379911,-0.8543471862186174,-0.8575773177219704,1.4416571051988583,-0.8858680884557967,0.06390993700625577,-0.8812622048786548,0.7122452294647624,0.20906468957097257,1
-0.7801455247533574,-0.35701983723262,0,0,-0.47042757969223753,-0.1140665025309286,-0.3716567724697277,-0.12973684962415247,-0.914785341910945,-0.9340827588755855,-0.884949843571813,-0.9218223927305429,0.5710007579962101,-0.553755677350434,0.3693918909129603,-0.9200628750161226,2.440121507258989,-0.5311644851665202,3
-0.36685790269697083,-1.4391353871247654,0,0,-0.058116772743497414,-0.10958663134521748,-0.37165578852708814,-0.13133137824992253,2.6224608881871134,2.7949626513155432,2.3640320549772236,2.7370877671958946,-0.5771175720738361,0.4425816066268739,-0.17474787572950956,2.3754069011820462,-1.375099889553489,-0.5849094433782577,6
0.1290872437706931,1.2312465343832708,0,0,0.28908911663034914,-0.0994397005829959,0.7840853444007335,-0.06744832174771877,0.5738664150902784,0.5734036768085533,0.6273313907643089,0.5038063942801193,-0.4718732439971875,0.8253554399237989,-0.9289064368176555,0.6138567516496989,-0.6731887157690195,-0.4641481196637648,5
1.437831380282584,1.2487000109944344,0,0,0.8967025283736346,-0.07526574013362239,0.47172263290545763,-0.10669340775107922,0.27885332380009137,0.27507997861849665,0.33660610574296734,0.21011471957331038,-0.26138501838824263,0.6114524735457396,-0.7761656016270333,0.31897163998062594,-0.5998053202521076,-0.44526329226880496,5
-1.000565589850097,-0.6013685097889109,0,0,1.3090119877224076,-0.06513865161806896,-0.4809835949861635,-0.13820878785967122,-0.21315872800243002,-0.2168366310488367,-0.16833767746678838,-0.2610159167615134,0.1404564057471605,0.1217273343740534,-0.3465814871525717,-0.19319710340020005,-0.42173859233239425,-0.4425177917633589,2
0.7903474390609116,1.2836069642167616,1,0,0.11548554696952823,-0.1114776323933775,-0.0124396120811902,-0.11860650065889673,-0.6343288046966767,-0.6389327733667842,-0.7217356824974313,-0.5179962112890825,0.4753242190091903,-1.0997710153181046,1.3908472916186416,-0.6950190371076441,-0.4612260373244415,2.5834525555812373,4
1.5755939209680463,0.3411192272139254,0,0,-0.60063052841089,-0.1262383055472939,-0.4966018289551912,-0.1446181160199289,-0.8526773149693155,-0.7627053603091767,-0.8900502761356168,-0.8851109216904102,1.5086306644069094,-0.9477873607309498,0.10209520594567549,-0.9097160304221444,1.073196353762723,0.3146241759515557,1
0.36328356293597885,0.09677055465763452,0,0,2.415736741297048,0.05855534388264399,-0.4809837552282505,-0.13216205048182442,-0.131641946571815,-0.1501898446758869,-0.07142932563297515,-0.18453364986366494,-0.060464349374976495,0.29059794798682154,-0.4324982928641028,-0.0949021437785006,-0.390005884794529,-0.4621457392871143,2
-0.6699354922049876,0.25385184415810724,0,2,0.5277947328922215,-0.03871024332410878,0.8621760925561696,-0.10344037197318497,-0.5382554429883194,-0.6548010639973629,-0.4463117777946652,-0.5302333563712316,-0.6153882290009016,0.16675953515568584,0.3312066563402629,-0.4751485807554592,0.790490930542104,-0.6955585100227537,3
-1.5240632444548532,-0.23484550095447454,0,0,-0.05811837423911011,-0.005111981389907528,0.06565110796159898,-0.12867389702765322,-0.5013787869256784,-0.3977349328719709,-0.5228184269156518,-0.5700041054218205,1.3459805748227254,-0.553755677350434,-0.40385938626586115,-0.5527499210303947,-0.257310678587879,0.012584762774080873,1
-0.4219629189711557,-0.7584497992893836,0,0,0.11548488293476206,-0.10014214756394718,-0.44974724793248944,-0.13794202405950431,0.5573689347339231,0.5257987477910168,0.6400824836498132,0.48239144545356594,-0.739767670268907,1.0054840404054506,-0.9670917315321171,0.6267902928419231,-0.5973840190197722,-0.4864448292974281,2
-1.31741943342666,-0.6711824162335653,0,0,0.3758910772346684,-0.0601091602642104,-0.0124396120811902,-0.09228675231672696,-0.8643225608502327,-0.8769569557354819,-0.8594476302584161,-0.8483994506502773,0.5901360434053078,-0.6775941915040087,0.5603181411015726,-0.894195764695197,1.4606712014527885,-0.6504763202327526,3
1.6995802075849622,0.6378283296037072,0,0,0.4409926551052964,0.0756109397049322,-0.07491176080318955,-0.07944611965581722,0.17986862507472676,0.12274451995428308,0.2958025167013926,0.09386170362487309,-0.6632264425236459,0.9154197908258443,-0.8907211421031942,0.2775842150439183,-0.3218755438433155,-0.4847888069572985,5
-1.248538163083929,0.1316775078799618,0,0,-0.6006305205987162,-0.12319535530670056,-0.48098372149307433,-0.13711105353140043,-0.949721103135338,-0.927735447479047,-0.9716573601156063,-0.9340595510288221,0.972842147688065,-0.9252712552740118,0.5985033928576312,-1.0080110412607184,2.171041733755782,-0.4474959525356061,7
0.6525848983754494,0.25385184415810724,0,0,0.2239878121858014,0.10265929753524657,1.5181378991468366,0.7432751408833742,-0.651796669587779,-0.7024059073261985,-0.5738228902656299,-0.689316407640795,0.07348282070644813,-0.018998388058334766,-0.04109947310410319,-0.6044841789208816,0.8167773449667077,-0.5225156927088956,7
1.0934250285689284,0.1316775078799618,0,0,-0.68743243823608,-0.12332418943981796,-0.6527832100042114,-0.1439221655098067,-0.9652481093467089,-0.9372564144310402,-0.999709789710905,-0.9401781296272895,1.039815706896116,-1.0209646705362063,0.6939665093602567,-1.036464857492049,1.0409070337696729,-0.4722385852958451,7
1.5618176668995,-1.7183910129033835,0,0,-0.5789308487728336,-0.12152601444876508,-0.4185105579045238,-0.13216203433831378,2.0751338784924545,2.023764172250667,2.0554554005801067,2.125229852281939,-2.155780340501802,1.5740156449327374,-0.5184150985756338,2.0624149948066406,-0.8844691963184108,-0.644220717518598,6
-0.06378031318895398,0.21894489093577996,0,0,-0.49212807570244765,-0.11770113344522132,-0.4028929873939616,-0.1390376452022335,-0.8070667369418527,-0.7151005255492112,-0.8492467421788186,-0.8361622945546865,1.4894953445542634,-0.9421583368997763,0.11164147377836713,-0.8657419438077869,0.4431653687797162,0.2846560466764199,1
-0.628606729999349,-1.072612378290329,0,0,-0.5138284037509228,-0.1184619046680151,-0.4341298910780433,-0.1361145815260308,1.915982168192097,1.938075471396503,1.9024419416742022,1.8896645616481311,-1.3616649627178035,1.4839512940306923,-1.1580178614372014,1.9072121512939877,-0.9584082452902714,-0.526430256730848,6
-1.2623144171524752,-0.2697524541768018,0,0,0.419291998945525,-0.02235531663864934,1.2370110089987383,0.15493363136898647,0.07700220479760748,0.09100799581892649,0.09178480101342157,0.044913095762672293,0.06391517800189936,0.16113041506819514,-0.3370351849531578,0.07064732316435518,-0.7023333432153169,-0.4632310764260272,2
-1.5378394985233996,-0.880624135567529,0,0,-0.1883214127977603,-0.11060091560858,0.05003293021786498,-0.090872887512152,-0.471295215633623,-0.3882140327571645,-0.46161315811324083,-0.5577669603396713,1.1354922329668056,-0.3229656546772199,-0.5852392139715312,-0.4906689000273206,-0.02778042354654355,-0.10333621870315261,1
0.5837036280327184,-1.2296936677908017,0,0,-0.23172249075209148,-0.11605484978776068,-0.4185114462641641,-0.1400199311873223,0.08864742185651887,0.11639727225301251,0.10198576712978567,0.044913095762672293,0.17872697656535574,0.16113041506819514,-0.45159089726293067,0.08099424923972436,-0.7118978012967564,-0.41411190352102356,2
0.43216483327870997,-0.007950305009347285,0,0,-0.5789300441189404,-0.12378703963194113,-0.5746925124515396,-0.14588036592333398,-0.810948484695431,-0.7087532121532698,-0.8594476302584161,-0.8422808698491215,1.5851718749303965,-0.9871905275491649,0.0925488865629005,-0.8657419438077869,0.5575242725185793,0.3900958703346526,1
1.3689501099398529,0.00950317160181635,0,0,-0.12321975680539507,-0.09772398286958689,-0.15300287442303462,-0.125730054321428,0.16919384495421008,0.11322364840237703,0.2779509637096963,0.09080233475352387,-0.6440909848968074,0.85912940053045,-0.8143506385910771,0.2594772340944067,-0.34809583084255197,-0.49385299612601286,2
1.244963823322937,1.1614326279386162,1,0,-0.1883212956151545,-0.10347829830532278,0.05003304266845231,-0.11395313371950651,-0.4499455505852952,-0.48025000987549943,-0.6222770891345267,-0.20900799509517137,0.09261810611554581,-1.5106897793111609,2.4695804969291255,-0.4337612489403414,-0.10616500529443229,2.3092392869496243,4
-0.9867893357815507,-0.7933567525117108,1,0,-0.25342162353798736,-0.10384627095884749,0.06565071438454316,-0.1059321138704652,1.8286425817183494,1.725440559749311,1.8692889165559696,1.859071533741134,-2.4236745084469105,1.771031352370764,-0.5852392139715312,1.8735847579510252,-0.7397168288713204,-0.6493239502289349,6
-0.008675296914769096,0.6727352828260345,1,0,-0.18832137373689176,-0.10147206853834118,-0.12176654704821337,-0.13106553660295733,-0.7080820644183117,-0.7087532121532698,-0.6809321623118272,-0.732146462235444,0.5710007579962101,-0.4017720187103817,0.11164147377836713,-0.7131260180571556,0.22691024886951877,-0.4301275172467364,2
1.3413976018027605,-1.072612378290329,0,0,-0.6223309736419709,-0.1215259973321657,-0.4966018289551912,-0.13700483730320367,-0.8031849813277273,-0.8198311608786193,-0.7523383283746318,-0.8392215808252239,0.5040271729554978,-0.3229656546772199,0.04481733260742788,-0.7855538952944064,1.102550566351516,-0.43325929787137335,7
1.0245437582261974,-0.40938026706611086,0,0,0.20228723414776725,-0.09437183153110854,0.0031785375498969964,-0.03885486396912786,-0.8119189137732785,-0.8579150269728177,-0.749788132749521,-0.8331030055307889,0.24570056160606799,-0.2554173281741613,0.18801201165720655,-0.7829672103363591,1.5079785087332294,-0.5575512348159792,3
0.9281099797463739,2.0166529818856342,1,0,0.24568823398036108,-0.07171879276531834,-0.043675798892777264,-0.12355848128932248,-0.5741616097089188,-0.5881543061873132,-0.6809321623118272,-0.4262174855049435,0.34137707476042684,-1.1785773580735541,1.6581439508108846,-0.617417673552311,-0.3643010168312473,2.4891389322485784,4
0.184192260044878,0.2363983675469436,1,0,-0.07981879603366986,-0.0866799398674076,-0.4028929873939616,-0.143820914487363,-0.7711605282983357,-0.8483940554507606,-0.6962334737744323,-0.7780357920871888,-0.07003190597065458,-0.1372077821244188,0.30256772396697945,-0.7286462674878247,1.5343551999527811,-0.6446003331734212,3
0.4872698495528948,0.7774561424930163,0,0,-0.14492037390429785,-0.10100993404829353,-0.49660194140577857,-0.13855406418881333,-0.3131138636661892,-0.3406091323025284,-0.48711534388424954,-0.07439923398990622,0.006509235665735893,-1.4093673655484023,2.3836636912175946,-0.3199459467663828,-0.4031754427178624,2.3724648662977663,4
-1.2347619090153827,-0.19993854773214725,1,0,-0.38362558783922346,-0.12049050012485649,-0.52783808885966,-0.14408664402661547,-0.5469894016356942,-0.591327958600849,-0.4667135493634623,-0.5944784506533269,0.044779892592801664,0.08232405103503344,-0.18429417792892358,-0.49584226994341546,0.2818117046555239,-0.4974194551159301,7
-0.17399034573732375,-0.5839150331777472,0,0,2.1553312110319083,0.03125976986634172,-0.3248024641397004,-0.1312283161049584,0.7369001089606263,0.7098708734050886,0.8160477031817144,0.6598301592791451,-0.8450117400189439,1.1293227572039035,-1.0721010557256705,0.8052733009770033,-0.6518210571460125,-0.4815674119331509,2
-0.9316843195073659,-0.6013685097889109,0,0,-0.05811845236084735,-0.09743143736400768,1.049593691340688,-0.06264328831967352,-0.5256397365873664,-0.5659387107296633,-0.45141226085284725,-0.5700041054218205,0.06391517800189936,0.05980797597482694,-0.16520157353009568,-0.48032204379314375,0.21626194615766883,-0.4951120622632552,7
1.1623062989116597,2.1911877479972706,0,0,0.2239878121858014,-0.04441671215903746,0.09688743533642029,-0.07154049541448981,-0.6954663842191822,-0.7214478418014426,-0.8288449545436284,-0.502699752402792,0.33180943205587793,-1.454399556197791,2.13545949036561,-0.6820854726350224,0.4595793988652705,2.2784217037520786,4
-1.6067207688661307,0.6727352828260345,1,0,-0.10151945219344118,-0.08017141913640106,-0.5903106424037741,-0.14461811709616296,-0.7517517790497147,-0.7468370839600483,-0.7395872354891274,-0.7627393414609794,0.6571096284460199,-0.5368685703940596,0.25483617860318736,-0.7726203541021822,0.24815655037174617,-0.44024346241837375,2
0.2117447681819704,-0.13012464128749274,1,0,-0.036417874322813105,-0.09933586672671524,-0.5278381731976006,-0.13800798339461287,0.255562811076798,0.2719064404565622,0.2830514697198685,0.2039961194986318,-0.060464349374976495,0.3919203870801898,-0.6043319042871649,0.26465072041248877,-0.711898847478832,-0.43615238714597737,2
-1.2347619090153827,0.7600026658818526,0,0,-0.10151945219344118,-0.10605180640903877,-0.2623297812774109,-0.12673371431459227,-0.4722656525720175,-0.45803438585494916,-0.655429930636838,-0.2610159167615134,0.5135948414927076,-1.6007541808744257,2.2022838635119246,-0.4777353355546989,-0.2718929310407468,2.15858596414228,4
-1.069446860192828,-0.47919417351076543,0,0,-0.3619251152655345,-0.11414966501246704,-0.44974743628722325,-0.13350709496246235,0.651501448767315,0.6178347820351524,0.7522921239942417,0.5558143159464609,-0.8354441834232659,1.2024998491659158,-1.2057496301846882,0.7406054786138946,-0.5695413651666661,-0.46881570345575757,2
1.2036350611172983,1.9468390754409797,0,0,-0.16662075663798898,-0.09403470755409757,-0.13738452800341952,-0.1063842684911123,-0.29273460935443246,-0.33426188460125755,-0.4641633537383516,-0.04380631621732531,-0.1370054910113668,-1.3755932022968733,2.4695804969291255,-0.2940788178211394,-0.33127344102012163,2.4073399436317184,4
1.3689501099398529,-1.5613097234029107,0,0,-0.2100223033227432,-0.1052043590091853,-0.40289265004219943,-0.13566525955338243,2.257576127717929,2.2459200125755654,2.1982675031858148,2.3149056561224595,-1.9452916843485049,1.4614350163256076,-0.5375077029744617,2.207270516477169,-0.9762469574083105,-0.6333414647144492,6
-1.179656892741198,-1.1075193315126564,1,0,-0.12321975680539507,-0.10121847584853,0.003178706225778045,-0.11219824084029813,-0.37813316474044945,-0.32791452264838566,-0.32645141286296364,-0.48434403477956817,0.7623538015267016,0.03166283148834934,-0.8143506385910771,-0.35357320042696094,0.0817710991908631,-0.2231257599871382,1
-1.5929445147975845,-0.8282637057340381,0,0,-0.23172229544774844,-0.09482817604613843,-0.21547538860944293,-0.11361243568997934,-0.9070218359230589,-0.9118671694161445,-0.9079018222417159,-0.8912294997382054,0.6953802423186506,-0.7507715114415091,0.5794107712754422,-0.943343260802325,1.9369425400444078,-0.6316717252243581,3
-1.2072094008782903,1.1439791513274526,0,0,-0.18832117843254872,-0.09335754749596738,0.9246488597563997,0.2814242434459694,-0.18501603058716376,-0.16288448289292978,-0.18108874740030262,-0.20900799509517137,0.3509447174649756,-0.12594979525553507,-0.13656258101504815,-0.20613062131202695,-0.7089125643347066,-0.4436957843680477,5
1.1209775367060208,-1.0377054250680018,0,0,-0.709132940496029,-0.1241469268603602,-0.60592880327992,-0.14456879992679159,-0.8216232910177713,-0.8325257791016321,-0.7778405370976307,-0.8545180259447124,0.5710007579962101,-0.3848849117540072,0.08300256718012522,-0.8114210009592525,1.1774037169120075,-0.4211440133893507,7
-1.4000769578379373,0.8472700489376708,0,0,-0.21002156116623988,-0.106839886595594,1.8929732372791077,-0.041958154336132196,0.13813975811828935,0.1481337963883691,0.16064077145111552,0.09998030369955166,-0.02219369244791057,0.2624528541615634,-0.4229519906646891,0.14048851544355873,-0.7080158119321645,-0.49304937818960526,5
-0.39441041083406325,1.2137930577721072,0,0,-0.2100220689575317,-0.10179346121941303,-0.16862113650470925,-0.11388112469347517,0.6718806768772484,0.6273558535273606,0.7930957130358164,0.5619329710883475,-0.9502560680955925,1.3544835078059683,-1.348944249092703,0.7819929035506021,-0.5125804999646731,-0.46611776005041333,5
1.176082552980206,-1.3344145274577834,0,0,-0.535529059910694,-0.1224345788348163,-0.4966018289551912,-0.13824042842301865,1.5734175621132813,1.420769813798286,1.772380472914196,1.4644233570393865,-2.6628658343872424,2.6097560602654064,-1.7689819754509444,1.7752897052077363,-0.4698220359402345,-0.5555911705528884,6
-0.39441041083406325,-0.07776421145400182,0,0,-0.6006305205987162,-0.12522398887650324,-0.5278381282173656,-0.14328943262857083,-0.933223659461536,-0.9372564144310402,-0.9181027126165126,-0.9371188403280557,0.724083170432297,-0.6663361539739054,0.4075771598523801,-0.9536901100523827,2.49393754914147,-0.4847420910031853,3
-1.2209856549468365,2.086466888330289,1,0,0.006983047388043566,-0.08498942691714262,-0.12176654704821337,-0.1342543947511997,-0.6217130982957237,-0.6548010639973629,-0.7370370169120265,-0.4445732581953753,0.20742999078787275,-1.2742707733357488,1.9540796626599393,-0.6329379695437751,0.10615163141908608,2.4152898731802344,4
-0.8490267950960885,0.9694443852158162,0,0,-0.4704275601618032,-0.12218103521259001,-0.24671160353367685,-0.13691174754287333,-0.6615010389717249,-0.6579747164108987,-0.7982423086664278,-0.4935218660575761,0.5710007579962101,-1.4487705222343736,1.887255461347236,-0.6743253246392903,-0.035372566869796236,2.2058183171887027,4
-1.179656892741198,0.25385184415810724,0,0,-0.29682391237924505,-0.11579937062047624,-0.01243947151795595,-0.11761684605806658,0.46032518849081894,0.46549932337093863,0.5176718312850406,0.38143486085781514,-0.32835851732008436,0.7578069614370817,-0.9575455152495089,0.5026281344337881,-0.6406385913026853,-0.4303502915265312,2
-0.05000405912040776,-1.1947867145684745,0,0,-0.144919866113006,-0.061575737885860925,-0.27794731243026755,-0.1257508220509931,1.7296578567911616,1.6334046111938765,1.8335859712365083,1.6785736437794332,-2.2801594373343255,2.1087728329023974,-1.301212738095633,1.8373709590147842,-0.6672962260004782,-0.5735750658909614,6
0.7076899146496344,-0.40938026706611086,0,0,0.028683351999997622,-0.10958658501628848,-0.2779478465705576,-0.13531733730284787,0.47973392725871017,0.5004095284827313,0.5202220269101512,0.4059092060893216,-0.20397907605207918,0.6621136930924237,-0.9193602205350476,0.5052148193918353,-0.6942128779438432,-0.4151667005902115,2
1.4102788721454915,-0.9504380420121835,0,0,0.6796980760628256,0.9209593195650436,0.5341951189792192,0.5059056601202382,-0.68090980394144,-0.7404897648515268,-0.6477792749055354,-0.6556642035976769,0.0160769644791552,-0.33985271097237474,0.5603181411015726,-0.6794987643965775,0.7689615931974836,-0.722951205570548,3
0.0051009571537771236,0.4458400868809072,0,0,-0.7308334029138921,-0.12725262267452722,-0.6840194839650036,-0.14700974842033943,-0.9710707367414775,-0.9372564144310402,-1.0150111172399032,-0.9401781296272895,1.0972216233996184,-1.088512966642533,0.7512443826985044,-1.0519851232189963,-1.8651544328831187,0.8829091994428392,7
1.4102788721454915,1.2487000109944344,1,0,0.24568831210209832,-0.07616407860675986,0.2999233524279074,-0.09519488737115979,0.279823708334839,0.2846010501107048,0.3289554500116645,0.2131739783102438,-0.18484379064298165,0.5551620832503452,-0.7570728253945934,0.3112115152652911,-0.6250146902297927,-0.43636746170480334,5
-1.248538163083929,0.07931707804647088,0,0,-0.5572295520148173,-0.12454777789957558,-0.49660186550163216,-0.13824043344544418,-0.8225937410570777,-0.7246214827898183,-0.8645480765934139,-0.8575773177219704,1.5564689468167496,-0.9534163794960014,0.06390993700625577,-0.8786754919841305,0.739153250406003,0.34095337827471495,1
-1.4827344822492146,-0.6711824162335653,1,0,-0.3836256776792212,-0.1108188122009323,-0.3716567724697277,-0.1340934600937191,-0.9244897165352554,-0.9245617919235924,-0.9359542633130097,-0.900407369563259,0.7527861416003787,-0.8352068689091126,0.6653275769869733,-0.9717970886738544,2.1145352603019956,-0.6554975088574722,3
1.1485300448431135,-0.5839150331777472,0,0,0.3975915771509653,-0.06876027528615894,-0.48098372149307433,-0.1458803667125723,-0.8361798712955136,-0.8579150269728177,-0.7854912157809234,-0.8667551847936635,0.4848918875464001,-0.3511107991636976,0.11164147377836713,-0.8191811489549845,1.6099662658361866,-0.45867271220542344,7
0.23929727631906286,-0.40938026706611086,0,0,-0.4704275992226718,-0.12116673269152149,-0.29356602431429163,-0.1307333838717242,-0.3888080234664368,-0.31521988443134275,-0.36215449589436594,-0.4874032935165014,0.9824097903926138,-0.14283690221190948,-0.7379803069125714,-0.3897871390455864,-0.02564194020200209,-0.16742371387503754,1
-1.6618257851403155,2.173734271386107,0,0,0.5711958108465524,-0.08586401667919019,0.22183257615982438,-0.12442603893180347,-0.4586795354344935,-0.49294464809254246,-0.63247791753895,-0.21206725383210462,0.06391517800189936,-1.5275768862675352,2.526858310125609,-0.4363479338983888,-0.02496096285257003,2.30968625898704,4
-1.7031545473459542,-1.3693214806801108,0,0,-0.38362502926880243,-0.11685894768801804,-0.37165615399149715,-0.13884079535916272,2.2478717583339836,2.220531021770482,2.1982675031858148,2.3087871386485928,-2.0792390266476706,1.5177252546373432,-0.4993224082600002,2.207270516477169,-0.9489855448800874,-0.6436799900552683,6
1.506712650625315,0.9345374319934889,0,0,-0.29682379519663926,-0.11643325900248222,-0.4341293035237242,-0.13691174216170313,-0.5450484753552579,-0.5786333489467064,-0.6605303677910398,-0.36809099129752687,0.1404564057471605,-1.2123515010605954,1.9158943679454776,-0.5682701704610639,-0.13721560211895023,2.4759869029843458,4
-1.386300703769391,-0.5315546033442563,0,0,-0.10152007716733881,-0.10962929663728092,-0.10614848175506669,-0.11596074428902639,0.6757623984290031,0.6273558535273606,0.803296495536259,0.5619329710883475,-0.988526466696047,1.39951575924882,-1.387129543807164,0.7923396433827916,-0.48969570296824233,-0.46532824748519247,2
0.5699273739641721,0.5331074699367254,0,0,-0.6874324304239062,-0.1265764111726905,-0.5590743853105699,-0.14568106440117815,-0.9526324165707041,-0.9309091033201309,-0.9716573601156063,-0.9401781296272895,0.972842147688065,-0.9083841837804909,0.5698644518926671,-1.0080110412607184,2.49393754914147,-0.4224912704482776,7
-0.6148304759308028,-0.496647650121929,0,0,-0.25342275630317673,-0.10426142608912332,-0.4185112775882831,-0.13711106070629406,-0.410157609909294,-0.32791452264838566,-0.4029580619839504,-0.4935218660575761,1.0780863190465693,-0.2891914914256906,-0.5852392139715312,-0.43117454070189654,-0.16320830092580524,-0.1312070086899255,1
-1.4689582281806683,0.25385184415810724,0,0,-0.3836257011157424,-0.1144046087725228,-0.44974745034354674,-0.14162858072121365,-0.8206528540793768,-0.7277951409159339,-0.8645480765934139,-0.8483994506502773,1.5086306644069094,-0.9646744322244707,0.1307341125439174,-0.8812622048786548,0.5056301542909727,0.32509502002667073,1
-0.06378031318895398,-1.8580188257926926,0,0,-0.18832215495426372,-0.11465820830897375,-0.15300270574715358,-0.1265481195477611,2.4235211848071083,2.4553814717495235,2.2798746812689643,2.5382339118085344,-1.686965072999075,1.0392582543181994,-0.07928476781856461,2.290045366350584,-1.1126545407105322,-0.6783664565772535,6
0.5010461036214411,-0.880624135567529,0,0,-0.40532617759551814,-0.11571549152397699,-0.5122202793915998,-0.14001993656849251,0.17792775119793772,0.29094829781197556,0.10453600865887665,0.15504751163643102,0.8771656173119322,-0.33985271097237474,-0.2988498902386964,0.08358098075856661,-1.061441312650518,-0.23027718317871293,2
-0.17399034573732375,-1.5438562467917472,0,0,-0.29682391237924505,-0.09918979823201157,-0.2779480152464387,-0.13212846247297785,2.3711175377301537,2.417297414283893,2.256922691123066,2.4372772170783668,-1.5147475043171965,1.1912419129582517,-0.5088687963762202,2.266764968924183,-1.0975917419575658,-0.6124212581386869,6
0.625032390238357,-0.6188219864000745,0,0,-0.4487272047707201,-0.11835926212705146,-0.44974743628722325,-0.13876816516671675,-0.385896660247606,-0.4167769330418858,-0.3417527243255688,-0.4048024816111824,0.035212249888252896,-0.024627356162166842,0.006632037892966455,-0.36909344985763004,-0.21473638619968097,-0.5459324852811377,7
0.5837036280327184,-1.3693214806801108,0,0,-0.3619253730672673,-0.11060094436446695,-0.5122204452562161,-0.14189432550711506,1.6811360098714323,1.5508896770048495,1.831035660851447,1.6082100044898673,-2.5480537774971745,2.3733371708107995,-1.4825925658013037,1.8347841576547501,-0.5686980116409036,-0.571507011423695,6
-0.39441041083406325,0.2014914143246163,0,0,-0.5789300089641587,-0.1258156743428504,-0.6371650800519769,-0.14641184078660485,-0.9206079635413125,-0.9086935141463189,-0.9130022662815148,-0.9310002614542522,0.8580303232919475,-0.7057393207921204,0.34075298431471845,-0.948516684263334,2.179114205424534,-0.3667309911523795,7
-0.40818666490260946,-0.4617406968996018,0,0,-0.49212813819983736,-0.11506498771661842,-0.465365670256251,-0.13884077724255633,-0.45770909849609887,-0.49929195291961387,-0.37745580735697126,-0.5088183249438665,-0.0030584070388128765,0.1555013963031435,-0.26066468144104066,-0.40530738847625564,0.085513946339389,-0.4896767062946591,7
-1.0143418439186431,0.3062122739915981,0,0,-0.5138285599943971,-0.1245477789037494,-0.6215469276096249,-0.14568106440117815,-0.9526324165707041,-0.927735447479047,-0.974207578692707,-0.9401781296272895,1.0015450930234857,-0.9252712552740118,0.5698644518926671,-1.0105977494991631,2.009594044017538,-0.36018622832890096,7
-0.5046204433824331,0.9868978618269799,0,0,-0.14492060826950942,-0.10587060712109853,0.39363160362355304,-0.09519490889584063,0.34969522030289557,0.35442134608268894,0.4156629045850842,0.2621226137060485,-0.24224964687027442,0.7240330008304307,-0.9861842500141393,0.3991596186528138,-0.553424320017847,-0.4168031824619999,5
-1.5929445147975845,0.9868978618269799,0,0,-0.27512313903686797,-0.11076022459168063,-0.3560384260501126,-0.1293739998280821,-0.38007406481906214,-0.43899247137373515,-0.5100673340301476,-0.1631186735035078,-0.22311436146117672,-1.1729483291762586,2.2118300797945323,-0.394960602083271,-0.20247025008962222,2.527453649638844,4
0.1290872437706931,-1.212240191179638,0,0,-0.49212777102767247,-0.112488266941309,-0.34042069810872805,-0.12900619684420547,2.2876597514136314,2.280830274813158,2.2288703097269464,2.3393801390219853,-1.926156398939407,1.4895802621345244,-0.6043319042871649,2.2383112015816864,-0.9815324872092749,-0.6238171039866584,6
-0.5046204433824331,-0.6188219864000745,0,0,-0.40532629477812404,-0.11634871897702549,0.12812367837330096,-0.10422616990921346,-0.39074887114140217,-0.32791452264838566,-0.36215449589436594,-0.48128469344182295,0.8867332772382551,-0.13157876335936713,-0.6616098034004544,-0.3897871390455864,-0.0635062337036226,-0.18714975196172293,1
-0.11888532946313886,1.5279556367730525,0,0,-0.058118530482584516,-0.1014720731027677,-0.23109345390258967,-0.11638359126298459,-0.6110382657715598,-0.6198908588855703,-0.7319365797578248,-0.45069180320284574,0.4179183025056879,-1.3024158975577385,1.7917923534362912,-0.6381113627402673,-0.22898656302535803,2.365940549792155,4
-1.0832231142613742,0.5331074699367254,1,0,0.5060941157933186,0.06014241779952075,-0.23109348201523647,-0.12515289870424154,-0.8041554156459396,-0.6611483688244342,-0.9079018222417159,-0.8086286905862469,1.948742685193169,-1.3474480831410054,0.34075298431471845,-0.826941273670319,0.584336872936333,0.8797212958755786,7
-0.3117528864227859,0.9694443852158162,1,0,-0.014717452528253436,-0.0923083273403799,0.0031786218878375205,-0.11325752778365007,0.31767077513405095,0.3449004745307829,0.3570079002637547,0.24070758227868347,-0.0126260497433618,0.5213880719824746,-0.8716287095379778,0.3396653524489798,-0.6328965388061708,-0.3920080104292681,5
1.4516076343511302,0.9868978618269799,1,0,-0.296823717074902,-0.115418929323076,-0.1373847247919474,-0.12435569806853733,-0.6081269811581995,-0.6611483688244342,-0.7140850267661285,-0.42315819923440623,0.0160769644791552,-1.2010934584643704,2.0209038639726424,-0.6148309653138663,0.25721313064635987,2.492679768637625,4
-0.7112642544106264,0.7076422360483617,0,0,-0.36192523244814034,-0.11414968555238629,-0.1530027900850941,-0.12822873434083276,-0.36454704760292506,-0.31521988443134275,-0.5763731088427307,-0.15394078715829201,0.7432184988958298,-1.702076619967794,2.145005792565023,-0.38720045408753906,-0.42515019208120597,2.0464745328455503,4
-1.2623144171524752,-0.5839150331777472,1,0,-0.5355291185019969,-0.11793553043937836,-0.16862091160353448,-0.13718511637072872,-0.5343736952347411,-0.5976752634279203,-0.42335978764876725,-0.6005970231944014,-0.1370054910113668,0.2962270680743124,-0.36567409155139957,-0.451868183329058,0.4848998385066575,-0.49267222126920956,7
0.5699273739641721,0.9868978618269799,0,0,-0.16662114724667496,-0.0910753091406233,1.3775743837911703,0.6773059402961114,-0.14716893758612812,-0.1184532919776299,-0.1479358829460012,-0.17229647724791172,0.3796477316874926,-0.12594979525553507,-0.16520157353009568,-0.17250339093184638,-0.7625099977542891,-0.4247699349302792,5
0.8867812175407352,0.35857270382508905,0,0,-0.7308334029138921,-0.12725262267452722,-0.6840194839650036,-0.14700974842033943,-0.9710707367414775,-0.9372564144310402,-1.0150111172399032,-0.9401781296272895,1.0972216233996184,-1.088512966642533,0.7512443826985044,-1.0519851232189963,-1.8651544328831187,0.8829091994428392,7
-0.10510907539459263,2.13882731816378,0,0,0.15888646868038497,0.000973925937918938,0.06565105173630538,-0.041777987376319874,-0.5663981142017621,-0.5945016110143846,-0.6860325994660289,-0.38950605025849594,0.20742999078787275,-1.257383696776106,1.9254407560616977,-0.5863771746909727,-0.13915147486816737,2.4330066723152886,4
1.5618176668995,-0.44428722028843814,0,0,-0.21002156116623988,-0.09783746135906629,-0.3248024641397004,-0.13631382598984518,0.41374416304423184,0.4210682181443397,0.46921765536813365,0.33554548419894364,-0.2709526610927916,0.7071457418903976,-0.9289064368176555,0.45348065462293796,-0.6223352871612018,-0.42783759434920093,2
-0.36685790269697083,0.16658446110228906,0,0,-0.5138285990552657,-0.12332419080914592,-0.5746925293191276,-0.14113116615416144,-0.9458393501413949,-0.9372564144310402,-0.9512555908420081,-0.9371188403280557,0.8484626719765116,-0.8126907583860523,0.5316792087282891,-0.9873173544008017,2.49393754914147,-0.49091124979116907,3
-1.2347619090153827,-0.47919417351076543,1,0,0.09378504705323132,-0.10426144434682935,0.11250541629162644,-0.07785177398983431,-0.40142370366556634,-0.34378278471606405,-0.37745580735697126,-0.48128469344182295,0.8484626719765116,-0.1709820466983871,-0.5566003073732896,-0.40530738847625564,-0.12370036820144235,-0.20211807422860426,1
-0.6837117462735339,-1.2995075742354563,0,0,-0.40532516201293456,-0.11837736236034514,-0.3560382573742316,-0.13445365697287578,2.367235737572928,2.4046029188813516,2.2696736692486197,2.4219809509273045,-1.5912885598447166,1.2981933201554519,-0.613878206486579,2.27969839371442,-1.0700640760910807,-0.6038741796420953,6
-0.5459492055880717,1.7373973561070162,1,0,-0.036418030566287514,-0.10335689825364916,-0.13738466856665377,-0.11989433486969878,-0.5848364422330826,-0.5754596679702704,-0.749788132749521,-0.38950605025849594,0.5614330894590002,-1.5726090363879484,2.106820669684174,-0.5863771746909727,-0.020722617718447606,2.155327493991115,4
0.018877211222323345,1.981746028663307,0,0,-0.36192523244814034,-0.12175840332348256,-0.4028929873939616,-0.13824043775038033,-0.8196824250015292,-0.8166574998962136,-0.9181027126165126,-0.6954349801818697,0.6953802423186506,-1.324931982750189,1.553134540700526,-0.8450482546198306,0.5489625799566846,2.2398921059135994,4
0.5699273739641721,1.7199438794958526,0,0,-0.12321991304886948,-0.1082088436865397,-0.35603865095128734,-0.13582392066644913,-0.6964367949557532,-0.6897112691091555,-0.8619978534259151,-0.4965812073953213,0.6284066400561642,-1.6683025073774842,2.2022838635119246,-0.67691207943853,0.6965075560911392,2.09318026379983,4
1.6582514453793236,-0.880624135567529,0,0,2.4808379285589908,0.015933222165061607,2.3302809209219064,-0.009235568601212442,0.25168106332321977,-0.02006998146932341,0.5941785033580173,0.09998030369955166,-2.6628658343872424,2.474659609904168,-1.5398703789977872,0.5802294979891208,0.5281282998285984,-0.5737315190447644,3
-1.2072094008782903,-0.35701983723262,0,0,-0.036417991505418974,-0.07874006291185319,0.14374185611703508,-0.0856355470129188,-0.8701451903411472,-0.8833042719877133,-0.8721987323247166,-0.8453401616263796,0.5901360434053078,-0.7282554110506927,0.6462349554047843,-0.9071293151995804,1.6180828515157966,-0.7333392291175953,3
0.7903474390609116,0.49820051671439813,0,0,-0.42702661892051225,-0.10485711044952893,-0.44974743628722325,-0.12745167363150245,-0.9506915400737325,-0.927735447479047,-0.976757801860206,-0.9310002614542522,0.9824097903926138,-0.9534163794960014,0.6366886360220092,-1.0131844623936876,1.2104271515857496,-0.4722385852958451,7
-1.2072094008782903,1.266153487605598,0,0,-0.23172233450861707,-0.10447279326936455,-0.3091841739453789,-0.1323640554859567,-0.620742661357329,-0.6071962492314277,-0.7752903185205298,-0.44151399945844194,0.6284066400561642,-1.5332059050325868,1.9731722670587672,-0.6303512845857276,0.010314814648284047,2.149009969991522,4
1.3965026180769453,0.9170839553823253,0,0,0.46269276441290724,-0.052496173841449466,-0.01243947151795595,-0.0955179046690992,0.5204923310749293,0.5035831808962671,0.6247809656192967,0.4059092060893216,-0.5771175720738361,1.1180646690125808,-1.3203051706608495,0.6112698338876772,-0.48828466489366085,-0.42525676434682746,5
-0.17399034573732375,1.3534208706614161,0,0,0.3758910772346684,-0.09769132668017835,0.19059616444706254,-0.11499700719765263,-0.41306892072447776,-0.46120803826848494,-0.5483206356386507,-0.1998300812163514,-0.09873492019317172,-1.23486759638529,2.1927375613125104,-0.42600107766421186,-0.20036533175334212,2.4797521959451627,4
-0.6699354922049876,-0.30465940739912906,0,0,-0.014717452528253436,-0.046360881701084676,-0.059293976636511384,-0.08030983873021483,-0.8749973828936672,-0.9086935141463189,-0.8339454146498203,-0.882051629913152,0.40835065980113905,-0.44680416883079455,0.3502993036974936,-0.8683286520462318,2.0735964120436137,-0.5765053596996581,3
-0.7939217788219036,1.2312465343832708,0,0,0.723098333738916,-0.09308995799228781,1.1276844957214178,-0.07589475897635542,0.5699846935385235,0.5416671526731965,0.6502833809102069,0.49462853546850705,-0.7206322126420683,0.9998549709791794,-0.9766379478147253,0.6371371490761001,-0.6150068689028617,-0.48423837396333574,5
0.7352424227867268,-1.5438562467917472,0,0,-0.5572295207661223,-0.11939575483578076,-0.5746925771106274,-0.1425088666249655,-0.6178313243403218,-0.64210642578032,-0.5738228902656299,-0.6403677722449903,0.28397113242426336,-0.2160142474800197,0.08300256718012522,-0.6044841789208816,0.13692376944779247,-0.5103731033340257,7
-0.03622780505186154,-0.5664615565665836,0,0,0.13718592970321936,-0.08093216069042258,-0.0749122387181859,-0.12408995256514657,-0.3820149124940277,-0.30887260816717166,-0.35450381721107327,-0.48128469344182295,0.972842147688065,-0.13157876335936713,-0.7475266091119854,-0.38202699104985444,-0.031214690573661975,-0.17202284132429962,1
-0.5459492055880717,-0.9329845654010199,0,0,-0.23172233450861707,-0.1106009055668417,-0.16862093971618136,-0.12648162084002515,-0.3509609304654013,-0.28030970788245035,-0.3239012172378529,-0.4476325169323086,0.9250038824999987,-0.10906268829916062,-0.7379803069125714,-0.3509865154689135,-0.09529935825635856,-0.1844425559505085,1
0.8454524553350965,1.1265256747162888,0,0,-0.014717960319545193,-0.09848508044887556,-0.13738500591841585,-0.1245053215062358,0.3380500032439842,0.35124772223205347,0.39526113301628746,0.2529446722936246,-0.1561407764204645,0.6564845223437135,-0.9575455152495089,0.37846592946485785,-0.5802071914282837,-0.4069168054416006,5
-0.6148304759308028,0.00950317160181635,0,0,-0.5138285599943971,-0.12353346223295872,-0.5590743937443639,-0.14647827429249513,-0.8371503082339081,-0.7468370839600483,-0.8772991763645154,-0.8667551847936635,1.4990630044805866,-0.9534163794960014,0.12118779316114212,-0.894195764695197,0.7872030854146616,0.31500172109317703,1
-0.2979766323542397,0.8821770021599981,1,0,-0.16662075663798898,-0.10060869128999576,-0.21547538860944293,-0.12432074019312757,-0.3635766368663543,-0.34695643712959967,-0.5585215099470543,-0.1417036145425388,0.4466212908955437,-1.5894961433443227,2.250015374508994,-0.37685359785336214,-0.4355019893564386,2.1987836191788737,4
-1.2898669252895676,-1.4216819105136016,1,0,-0.23172249075209148,-0.11161526400213485,-0.4185112775882831,-0.13312502882819852,2.3575313681889827,2.4046029188813516,2.2390713217472897,2.4280994959347755,-1.4956120466903577,1.1518386296192318,-0.46113719946234455,2.2486581742178497,-1.1039107252856286,-0.6146020908719082,6
-0.4908441893138868,1.2487000109944344,1,0,0.3324903898890234,-0.08464677541963773,0.20621434219079654,-0.1143156075511515,0.6466492378735187,0.6368767250792664,0.7420913414937989,0.5343993671199078,-0.6153882290009016,1.1630967178105545,-1.358490465375311,0.7302587387817048,-0.5564043696604385,-0.424709178308517,5
-0.09133282132604642,-1.788204919348038,0,0,1.157108996099621,-0.022862330852277832,-0.3248022673511724,-0.12794531528074785,0.7553382011755349,0.7574756310452229,0.803296495536259,0.6873637632475849,-0.5962527713740631,0.9379358152248312,-0.9957307240471647,0.7923396433827916,-0.7446075557114725,-0.457850330243126,2
-0.022451550983315315,1.2312465343832708,0,0,0.26738896826186975,-0.08652178477132667,1.8773544129444963,-0.008652963652326363,0.6223883406154778,0.6146611296216163,0.7038378333173844,0.52522139817388,-0.5771175720738361,1.0505161905258635,-1.2057496301846882,0.6914578824010577,-0.5906323086306541,-0.4329051754103462,5
0.6525848983754494,1.0392582916604707,0,0,0.3975918505770456,-0.08886235877957951,0.45610445516172354,-0.09189613855232871,0.5049652876569689,0.5035831808962671,0.5916281929729559,0.3967313472777096,-0.4240350304744432,0.9885970347715153,-1.253481141181758,0.5776426966290863,-0.5335758921324154,-0.4095935260866276,5
-0.39441041083406325,1.266153487605598,0,0,0.6362965293780714,-0.09848505990895629,1.3931928707740195,-0.08103186441808062,0.6932303157237526,0.6622660015133525,0.8007464146710991,0.5864072061854383,-0.8450117400189439,1.2813064158439558,-1.3298514728602637,0.7897530748267314,-0.5505126645284538,-0.45673924109626696,5
-0.4219629189711557,1.7548508327181798,0,0,-0.1883214127977603,-0.08524299450260803,-0.4185112213629894,-0.13711105173767704,-0.6188017612787163,-0.6516274115838272,-0.7421374540662283,-0.43233608557962205,0.20742999078787275,-1.324931982750189,2.0399964683714704,-0.6225911133095982,0.12975323750104117,2.3892776276061314,4
1.5755939209680463,0.6378283296037072,0,0,-0.014717452528253436,-0.10620557509125127,0.9871207835772239,-0.0645648880582748,0.2118930702435714,0.1449601725377338,0.3238549440014923,0.13975094261572465,-0.7780383271959725,0.9154197908258443,-0.7761656016270333,0.30603802894720905,-0.3302053327117663,-0.5166279296057296,5
-0.9179080654388196,0.026956648212979984,0,0,0.11548542978692244,-0.1019073687649836,-0.3872747815375807,-0.13078157278907482,-0.48488135897297063,-0.6198908588855703,-0.3111501014003584,-0.5577669603396713,-0.8258765407187169,0.75217794267203,-0.45159089726293067,-0.3380529509962918,0.9179318180463814,-0.5677157723443186,3
0.749018676855273,-1.0551589016791654,0,0,-0.3402257168657321,-0.11546732297039945,1.0652120939855971,-0.045213136303919224,1.7956476734092868,1.7095722691187325,1.8131840619557704,1.837656474780165,-2.2418892109516118,1.5909027012278927,-0.46113719946234455,1.8166771301444435,-0.7835072207406636,-0.6539826049327455,6
0.5010461036214411,0.35857270382508905,0,0,-0.7308334029138921,-0.12725262267452722,-0.6840194839650036,-0.14700974842033943,-0.9710707367414775,-0.9372564144310402,-1.0150111172399032,-0.9401781296272895,1.0972216233996184,-1.088512966642533,0.7512443826985044,-1.0519851232189963,-1.8651544328831187,0.8829091994428392,7
-0.1464378376002313,1.0567117682716345,0,0,-0.44872698212376905,-0.11972976678680267,1.9554454422264005,0.37230645044646193,-0.1539620485585372,-0.12480056824180087,-0.1632372862165671,-0.16923721851097848,0.38921537439204135,-0.18786900167110254,-0.06973837970234495,-0.18802373348410534,-0.8523504475946175,-0.5149004745601419,5
1.0934250285689284,-0.13012464128749274,0,0,-0.3185242560520676,-0.09842911373332133,-0.3872748658755213,-0.12116684530146518,-0.9138148997321857,-0.927735447479047,-0.8977009479333125,-0.9095852338815916,0.6188390317951635,-0.6438200282524794,0.47440133539004153,-0.9329964278485455,2.3257627342928853,-0.5723247994348262,3
0.11531098970214688,-0.37447331384378363,0,1,7.884257954777909,8.421836055888134,7.718537764497032,8.606894093109517,0.1827799358899105,0.13226547719489018,0.19379372771337777,0.21623323704717703,-0.6058205862963527,0.22304977346742164,0.22619724622990398,0.17411583894532925,-0.13070834960818387,-0.6808570251447409,3
0.873004963472189,-0.6188219864000745,0,0,-0.4704275992226718,-0.11649416670972484,-0.5903106845727443,-0.1416618978778263,-0.7789240264256746,-0.791268260593898,-0.7344867983349256,-0.811687968596703,0.5231625014190308,-0.34548172973742625,0.06390993700625577,-0.7674469376252925,0.8283714398658975,-0.4343050364453037,7
-0.7663692706848112,0.21894489093577996,0,0,0.48439373305962746,-0.06312163611126315,0.09688743533642029,-0.0902032672472413,-0.4615908200478536,-0.45486073344141353,-0.42335978764876725,-0.5088183249438665,0.43705363096922084,-0.12594979525553507,-0.22247938672657921,-0.43117454070189654,-0.011262995799175808,-0.16251899161791317,3
1.5204889046938612,1.2487000109944344,0,0,0.006982930205437782,-0.07946119665490363,0.15935958405841966,-0.11582670292653367,0.2953506993491521,0.2846010501107048,0.35445765873466367,0.23152972346707149,-0.33792616002463327,0.6339684979447265,-0.7379803069125714,0.3370786209301375,-0.5984673841500648,-0.4636332089119185,5
1.0520962663632898,-0.54900807995542,0,0,-0.4053256698042264,-0.12243461489378565,-0.4653649674400799,-0.1416950051688007,1.3958273927724856,1.2017873402579204,1.6346685320388081,1.2808660156055245,-2.8924892592964144,2.7279657076375883,-1.740342982935897,1.6356073206493291,-0.33415358027448494,-0.5682630995684788,6
-1.5240632444548532,-1.6660305830698925,0,0,-0.5138294037091589,-0.1255620841634738,-0.34042069810872805,-0.13930344272360293,1.9237455064883122,1.85873404680651,1.9942497874978438,1.8804865101012909,-2.155780340501802,2.0468536771480497,-1.3203051706608495,2.0003336245976056,-0.7610027545196643,-0.5657156565914825,6
1.3276213477342143,-0.9504380420121835,0,0,-0.12321999117060672,-0.10882666734125059,-0.4809835949861635,-0.13168804956572971,-0.0025737027562184075,0.11004996742594111,-0.09183112015376232,-0.004035594700340398,1.0206804042652444,-0.5931588087057953,-0.012460566505861434,-0.11559585624685427,-1.1934442514595027,-0.17831526035132153,2
1.5893701750365925,-0.7759032759005472,0,0,5.627408463378618,0.8053271967292173,3.298605579571084,2.6390409037271345,-0.11223312919845277,-0.24222582179422175,0.03568003822118269,-0.1631186735035078,-1.0842031520681468,0.8872745956781471,-0.4229519906646891,0.013739788479363068,0.266710284347597,-0.5964048032669858,3
-0.20154285387441617,0.8821770021599981,0,0,-0.5789300441189404,-0.12581567479929306,-0.1998572389783558,-0.14428594983577026,-0.6178313243403218,-0.6262381637126416,-0.7268361426036231,-0.472106862163815,0.4274859710428977,-1.2292385725541164,1.6581439508108846,-0.6562183669701763,-0.29895195092824456,2.42146504939721,4
0.2668497844561553,1.1090721981051253,0,0,0.028683351999997622,-0.08050178776218907,1.0652118128591286,-0.08399735736578545,0.5001131291668197,0.4877149759543894,0.5839776060976236,0.4059092060893216,-0.5197117158465429,0.9660810103725284,-1.119832824473157,0.5698826417549439,-0.557638820918828,-0.43955314037622156,5
-0.38063415676551704,0.04441012482414362,0,0,-0.3185242560520676,-0.11871545262644656,-0.4028929873939616,-0.1318627497947254,-0.801244099590391,-0.718274183675327,-0.8313951960727194,-0.8361622945546865,1.4033864999371148,-0.8577229794321728,0.0543636348068419,-0.8579817958120549,0.5392653439334727,0.15943908207754248,1
1.313845093665668,-1.5264027701805836,0,0,-0.36192586132812476,-0.10898437512353432,-0.3872747815375807,-0.13168809225634673,2.01690766218878,1.9412492666245402,2.0248523645190737,2.0579253065276832,-2.3279980814014216,1.7091120446327563,-0.5756929976889233,2.0313740768981488,-0.8229594878604158,-0.6455420284589664,6
-1.6480495310717693,-0.54900807995542,0,0,-0.2100217564705829,-0.11609514317559234,-0.07491212626759858,-0.12408994359652956,-0.4809996112193923,-0.40090858528550666,-0.4692637679405632,-0.5669448466848872,1.1163569277526677,-0.3173366359121682,-0.5756929976889233,-0.4984289781818603,0.004286190437144666,-0.11889282553346524,1
-0.5321729515195255,0.9694443852158162,0,0,0.050383969098900236,-0.09798645793337095,0.31554141772105393,-0.09186376005117311,0.3535770466619445,0.3702897509648687,0.4105624674308826,0.2651819275101897,-0.1370054910113668,0.6677427118574755,-0.9957307240471647,0.39398620217592417,-0.5724793059807108,-0.39735174618868907,5
1.2311875692543908,-0.04285725823167455,0,0,-0.6223309814541446,-0.1258156732017438,-0.6527832100042114,-0.14568106431149197,-0.9409871602090573,-0.9372564144310402,-0.9385044841853096,-0.9371188403280557,0.8006244067884452,-0.7564005403388046,0.48394764618113606,-0.974383799240339,2.49393754914147,-0.496981088649009,3
-0.1464378376002313,-0.04285725823167455,0,0,-0.5572295520148173,-0.12454777789957558,-0.5122199504736317,-0.14508315818448508,-0.8031849813277273,-0.7087532121532698,-0.8441462958438208,-0.8361622945546865,1.5086306644069094,-0.9309002791051852,0.07345623920566971,-0.8657419438077869,0.43739946704233307,0.2913089291111493,1
1.0383200122947436,2.208641224608434,0,0,0.1588863514977792,-0.09482816919949867,-0.2779479027958513,-0.1286133427192763,-0.7294317032648159,-0.7500107420861639,-0.8466965190113196,-0.5608262466102086,0.40835065980113905,-1.3755932022968733,1.9254407560616977,-0.7312329757262697,0.590715706597309,2.3018160441967894,4
-0.6148304759308028,1.0567117682716345,0,0,0.6145963419487233,0.14323195980244688,0.4873408949871323,-0.04197737228867675,-0.5091422824328351,-0.5500704486619851,-0.6222770891345267,-0.3283202973141459,0.044779892592801664,-1.1673193104112072,1.9349870582611115,-0.5346429866416781,-0.1286971517495173,2.5162031279362163,4
1.3000688395971218,-0.7584497992893836,0,0,0.07208446901519715,-0.061034917247345354,0.14374177177909456,-0.12757390153166007,-0.5916295008018447,-0.6135435540584989,-0.5483206356386507,-0.615893454547088,0.28397113242426336,-0.19912714052364527,0.0543636348068419,-0.5786170266952407,0.02172373532007805,-0.5010352829050002,7
-0.20154285387441617,1.266153487605598,0,1,0.7013981853704366,-0.08476014436288107,1.2526292710804132,-0.05981630489945944,0.4040397412566393,0.4020262751002255,0.4768682422434659,0.31413053537239055,-0.34749397494692325,0.8140973517324761,-1.0339160187616259,0.46124070949708035,-0.5677592811825746,-0.42578370995665843,5
-0.9041318113702734,-0.4268337436772745,0,0,-0.42702661892051225,-0.10831870372690963,-0.4028930323741966,-0.14063206441087595,-0.9176966501059464,-0.9340827588755855,-0.8875000667393119,-0.9279409721550186,0.5997037119425176,-0.553755677350434,0.34075298431471845,-0.9226495879106469,2.4333945565123285,-0.5080505698535636,3
0.7214661687181806,-1.5787632000140743,0,0,-0.07981895227714418,-0.09124794716199505,0.5341952595424534,-0.09366511574770094,-0.7420473834639454,-0.7531843830745396,-0.7140850267661285,-0.7566207744266257,0.5040271729554978,-0.4242880937705881,0.21665091825544838,-0.7467532484373361,0.5197178677584798,-0.4474727886691621,7
1.4516076343511302,0.6727352828260345,0,0,-0.07981895227714418,-0.10271956966338863,-0.4185112213629894,-0.13671137787636797,-0.5169057779399916,-0.5437231152720134,-0.6503294934826364,-0.32526095597640065,0.17872697656535574,-1.308044926455034,2.0399964683714704,-0.5320562318424383,-0.19770654718982614,2.403680117437112,4
1.7684614779276933,-1.596216676625238,0,0,-0.5355295598898121,-0.11385848997594504,-0.30918524222595906,-0.1370048561372994,2.088720048033626,2.030111448514838,2.0452543885597625,2.1741785152113473,-2.2323214821381927,1.427661005057737,-0.19384048012833746,2.0520680221704772,-0.902892593443999,-0.6836883225409819,6
-0.13266158353168508,0.25385184415810724,0,0,-0.6006305049743688,-0.12522398842006058,-0.5903106592713622,-0.14382090641560769,-0.9506915400737325,-0.9372564144310402,-0.9614564697408096,-0.9401781296272895,0.896300928553691,-0.8520939505348771,0.5507718389021588,-0.9976641920106607,2.49393754914147,-0.4722385852958451,3
-1.620497022934677,0.1840379377134527,0,0,-0.7091329174501165,-0.1268299904659099,-0.6684013467034811,-0.14667757739312753,-0.9701002988336155,-0.9372564144310402,-1.0124608961380834,-0.9401781296272895,1.087653971223094,-1.0772549179669617,0.7416980710482418,-1.0493984124197078,-1.3808108841682665,-0.4722385852958451,3
0.5837036280327184,1.1614326279386162,0,0,0.4626933112650678,-0.10775833250857937,0.7372311204086466,-0.09706863236308053,0.3671631375976451,0.3449004745307829,0.4360646532018912,0.3018933076894293,-0.5005762582197042,0.7578069614370817,-0.7857119038264467,0.41985328456037274,-0.5619697967575685,-0.4840760974911531,5
1.4653838884196764,-0.5664615565665836,0,0,-0.5355290989715626,-0.12088783664695384,-0.5278381563300125,-0.1439221665860407,-0.8138597955106147,-0.8071365426556065,-0.7905916529351252,-0.8392215808252239,0.724083170432297,-0.5143524953338531,0.14982674271778684,-0.8243545654318744,0.8403201468978253,-0.3690458249118729,7
0.625032390238357,0.2713053207692709,0,0,-0.3185242560520676,-0.11567249919075469,-0.48098372149307433,-0.1418943176147321,-0.8614112578955961,-0.8833042719877133,-0.818644103187215,-0.882051629913152,0.5040271729554978,-0.4242880937705881,0.21665091825544838,-0.8528084026155627,1.5618557958580577,-0.4937142070379617,7
1.4240551262140377,-0.007950305009347285,0,0,-0.6657319539441305,-0.12547756819254477,-0.5590743993668932,-0.14328943316668785,-0.9526324165707041,-0.9372564144310402,-0.9691071369481074,-0.9371188403280557,0.9154362225736757,-0.8914971173530922,0.5985033928576312,-1.005424328366194,2.49393754914147,-0.49091124979116907,3
-0.06378031318895398,-1.2646006210131289,0,0,-0.31852456853901645,-0.11099587452091246,-0.10614901589535676,-0.1336847691848609,2.288630266957497,2.296698565443737,2.2237696889568235,2.3332613462120797,-1.7922094871845942,1.4501769787955041,-0.6711560196830623,2.2331375988616173,-1.0039339916776586,-0.608707792711449,6
1.4791601424882226,0.4458400868809072,0,0,-0.7308334029138921,-0.12725262267452722,-0.6840194839650036,-0.14700974842033943,-0.9710707367414775,-0.9372564144310402,-1.0150111172399032,-0.9401781296272895,1.0972216233996184,-1.088512966642533,0.7512443826985044,-1.0519851232189963,-1.8651544328831187,0.8829091994428392,7
-0.38063415676551704,-0.8108102291228745,0,1,-0.2534228734857826,-0.08498941550607636,0.5654315588046277,-0.029288404322698563,-0.31117298978940006,-0.2485731837470937,-0.27289670798389454,-0.41398039549000226,0.8197597008084299,-0.002111230440740733,-0.8143506385910771,-0.29925221101763166,-0.08828784598511155,-0.20236867102954664,1
-1.0969993683299204,-0.04285725823167455,0,0,0.07208513304996349,-0.09861950052714613,1.174538719713505,-0.09896585360690553,0.4690591209363698,0.4274155515343113,0.5610256159517256,0.39367197840636037,-0.758902869569134,0.9942260028753472,-0.9289064368176555,0.5466022443285427,-0.5260705819214446,-0.49329835740210914,2
-0.3530816486284246,-0.2872059307879654,1,0,-0.12321983492713232,-0.08093215612599608,0.2530687348587645,-0.10635205321878641,-0.48294045889435794,-0.38186667080429254,-0.48711534388424954,-0.5700041054218205,1.3077099695609817,-0.4242880937705881,-0.5852392139715312,-0.5139492974537218,-0.06142594423704102,-0.003768085789357902,1
-1.31741943342666,-0.7933567525117108,0,0,-0.4704281070139636,-0.11129524840853867,0.050032845879924334,-0.1053417151933911,0.8562638261813357,0.7669966739745312,1.0149647980995624,0.7424309711844642,-1.5051796893949065,1.7541442960756086,-1.4730463495186952,1.0070365901364973,-0.4463246557475697,-0.5053317272055897,2
1.5755939209680463,-1.596216676625238,0,0,-0.4270263259639977,-0.12251913232533121,-0.2623294158130019,-0.12568438971102308,2.2109950498676954,2.211009864589573,2.1549137185191296,2.2537199307117137,-1.8017771298891432,1.4445480106916724,-0.6520635012010404,2.163296406582414,-0.9850637876239129,-0.6113481499683715,6
-1.689378293277408,-0.16503159450982,0,0,-0.40532617759551814,-0.12446324983291628,-0.6059287864123318,-0.14588036707131696,-0.9254601534736501,-0.9150408246859703,-0.9257533798238101,-0.9248816817544406,0.8484626719765116,-0.7620295388393683,0.44576240301675807,-0.9614502464079159,1.9773043752971293,-0.42865078840916626,3
-0.5321729515195255,-1.8056583959592016,0,0,-0.3619243731090311,-0.10397022024272246,-0.13738478101724103,-0.12794531707447124,0.7369001089606263,0.674960582604595,0.8594014878483994,0.6414744141223176,-1.1607442075956669,1.4164028155439752,-1.2439346671487326,0.849247410871758,-0.5157697424314817,-0.4972375734718688,2
0.7352424227867268,0.25385184415810724,0,0,-0.6874324499543406,-0.12332419080914592,-0.6684013512015046,-0.14456880046490858,-0.9351645333383252,-0.9086935141463189,-0.9436049236347104,-0.9401781296272895,1.0015450930234857,-0.8239488161806435,0.39803085765296614,-0.9795572180452684,2.49393754914147,-0.2526488842123999,7
-0.6148304759308028,-0.6362754630112382,0,1,8.79567926374933,12.949747145868796,11.888581691886746,24.71990156078778,0.7960965787899307,0.7416074546662458,0.7981961042860377,0.8372690933735564,-1.1416090082954395,0.6677427118574755,0.006632037892966455,0.7871662734666969,-0.5300462045818106,-0.6842927829888014,3
-1.0969993683299204,-0.2697524541768018,0,1,9.22968809024921,0.16476571446584398,6.984486193693568,0.13874798617522394,0.3341682816922294,0.2560381498259835,0.3876104772849846,0.34166413934083023,-0.9789588239914981,0.6283395298408947,-0.08883107001797849,0.370705804749523,-0.30034903990848344,-0.6444121752862172,3
1.2587400773914832,0.7949096191041799,0,0,-0.40532617759551814,-0.11837735094927887,-0.1373847247919474,-0.13950269185109818,-0.5363145691115303,-0.5722860155567348,-0.655429930636838,-0.3527945599448403,0.11175339152464352,-1.2292385725541164,1.9731722670587672,-0.5553366292688395,-0.11822020494348082,2.465415380204798,4
0.43216483327870997,1.1265256747162888,0,0,0.9401038406931771,-0.07445570505559256,0.721612858326972,-0.07978830647576925,0.6340335838762127,0.6368767250792664,0.7216895469730115,0.5191028807000135,-0.4910087016240261,1.1011774100725478,-1.37758324160775,0.7095650263133509,-0.556372809834489,-0.4097030691757047,5
0.2117447681819704,-1.5613097234029107,0,0,-0.5355295598898121,-0.12446325508200676,-0.4341298910780433,-0.14328941989313468,1.7927363887959267,1.6683147591798684,1.9075423558764146,1.755055662874846,-2.5863246927508516,2.2326116510232894,-1.2057496301846882,1.912385544490481,-0.6292456684984659,-0.5966251835158909,6
-0.9592368276444583,-0.2697524541768018,0,0,1.7647222515994319,0.3864145620905232,0.2686869126024985,0.0342892481691536,-0.7439882573407346,-0.791268260593898,-0.6911330366202305,-0.7535614826493675,0.17872697656535574,-0.26104634693921297,0.2643824979859626,-0.723472851010935,1.210106060870354,-0.5894540904489,3
-1.6067207688661307,-0.37447331384378363,0,0,0.006983047388043566,-0.08498942691714262,-0.1373847247919474,-0.08848124614312448,-0.5013787869256784,-0.40725594723837855,-0.5126175296552583,-0.5730634192259618,1.2598717043729153,-0.4862073508473754,-0.4324982928641028,-0.5424030647962178,-0.1636736339948863,-0.0533749939604355,1
1.065872520431836,0.09677055465763452,0,0,-0.6440314618400073,-0.11482982549635834,0.28430509034623264,-0.07876788234367636,-0.9109035836766372,-0.8674359927822948,-0.9563560302914089,-0.8881702134676683,1.1354922329668056,-1.0491097947581962,0.6462349554047843,-0.9899040626392466,-1.4442368494615596,0.17026857786131305,7
-1.248538163083929,-1.927832732237347,0,0,-0.6440322977425953,-0.12332422686811528,-0.24671225012455433,-0.13724597381836084,0.8727612803358669,0.7955595742592525,1.007314325984181,0.7760831476939783,-1.4095031762405477,1.6077896055393883,-1.3203051706608495,0.9992766516643421,-0.5075732110049215,-0.5114447880265149,2
-0.6837117462735339,0.1316775078799618,0,0,-0.6440314735582678,-0.1265764111726905,-0.5903106592713622,-0.1462125384572735,-0.9574846065030417,-0.9372564144310402,-0.9793080204373069,-0.9401781296272895,0.9632744877617421,-0.9309002791051852,0.6175960144398203,-1.0157711706321324,2.49393754914147,-0.4722385852958451,3
0.5699273739641721,1.074165244882798,0,0,0.028683586365209103,-0.12152600189659218,-0.12176654704821337,-0.14322825464256653,0.44965030356300745,0.449631118429061,0.5278726137854831,0.3508419981524422,-0.36662917424715025,0.8872745956781471,-1.1389253429551793,0.5129748742659774,-0.546357578051188,-0.41634268738523594,5
0.5699273739641721,-1.5264027701805836,0,0,-0.7308334029138921,-0.12725262267452722,-0.6840194839650036,-0.14700974842033943,-0.9710707367414775,-0.9372564144310402,-1.0150111172399032,-0.9401781296272895,1.0972216233996184,-1.088512966642533,0.7512443826985044,-1.0519851232189963,-1.8651544328831187,0.8829091994428392,7
-0.9041318113702734,-0.2173920243433109,0,0,-0.6223310322332738,-0.12378703963194113,-0.5434562778484529,-0.14481742075284965,-0.8284163574470805,-0.7531843830745396,-0.8543471862186174,-0.8606366094992286,1.3555482347490482,-0.8520939505348771,0.0925488865629005,-0.8838489177731792,0.7554900373816358,0.11850943592061282,1
0.7903474390609116,0.2014914143246163,0,0,0.918403184533406,-0.10149218168372222,-0.37165696925825564,-0.12861336065651033,-0.11417402927706548,-0.12162694439116559,-0.0739795212580858,-0.15394078715829201,0.025644521074833587,0.17238855392073751,-0.31794258055432995,-0.09748882873654796,-0.518962472171876,-0.47146738383175163,2
0.07398222749650822,-1.596216676625238,0,0,-0.2968236780140335,-0.10335691422914192,-0.44974724793248944,-0.13200240622896026,0.5874525060259791,0.6114874486451805,0.6120299874937432,0.5282807119780212,-0.26138501838824263,0.6452264341523907,-0.8334434148235166,0.5983364090974401,-0.7797377395401277,-0.4386100863163877,2
-1.248538163083929,2.069013411719125,0,0,-0.10151945219344118,-0.08985506677064577,0.0031786218878375205,-0.12711938995846084,-0.5828955683562935,-0.6135435540584989,-0.655429930636838,-0.45986968954806173,0.19786226197445345,-0.959045403327175,1.429032526191339,-0.6458715107359994,-0.3256913186007005,2.7176517687888726,4
1.2036350611172983,-0.9678915186233472,1,0,0.3975915771509653,-0.07970398762939783,-0.16862093971618136,-0.13020440694766494,0.02362812078225872,0.1354392152971267,-0.05867816389150024,0.014320177990091384,0.9919774503189367,-0.5256105328639563,-0.09837737221739251,-0.08196853274508391,-1.133229716411207,-0.1909374970500714,2
1.5480414128309539,1.1963395811609434,1,0,-0.40532617759551814,-0.11475241464865507,0.5498134653988341,-0.0837990737995983,0.24391751541241605,0.23699612109316825,0.30855367844286774,0.17034397052272157,-0.26138501838824263,0.6283395298408947,-0.8048043363916632,0.2905178260773352,-0.5457671390422226,-0.4417294438618141,5
-1.3036431793581138,-0.5664615565665836,0,0,0.5928959201541634,0.020245945649818905,0.23745066956561783,0.015156102867146214,-0.8070667369418527,-0.8674359927822948,-0.7370370169120265,-0.823925132952375,0.11175339152464352,-0.19912714052364527,0.22619724622990398,-0.7700336458637373,1.7224682399816267,-0.5941071806484811,3
-1.0832231142613742,1.9468390754409797,0,0,0.028683508243471857,-0.08524298993818152,-0.19985721086570887,-0.08290076456308862,-0.6857619886334129,-0.7214478418014426,-0.8007925272435286,-0.5057590386733293,0.23613291890151922,-1.324931982750189,2.0113575617732287,-0.6846721808734673,0.40331441910728827,2.3816000352471765,4
0.37705981700452507,1.6850369262735252,0,0,-0.3619251152655345,-0.11161523068182139,-0.2779478184579107,-0.10821216411911751,-0.5877477530482664,-0.6071962492314277,-0.7140850267661285,-0.41092110921946495,0.30310650394223143,-1.3193029538528933,1.9349870582611115,-0.6044841789208816,-0.04869870337712372,2.3755450782029732,4
-0.3530816486284246,1.0567117682716345,0,0,-0.014717725954333627,-0.05244670915144732,1.5493737204940141,0.9893472115457758,-0.14522808991116254,-0.14384248272301497,-0.12498389280010322,-0.16923721851097848,0.1308887630426116,0.014775876515633522,-0.15565518541387602,-0.14922299350544518,-0.6426483070700777,-0.5296497753524062,5
1.2587400773914832,0.4807470401032345,0,0,-0.6657319539441305,-0.12088783345185529,-0.652783204381682,-0.1439221655098067,-0.9681594230440931,-0.9372564144310402,-1.0073604537049239,-0.9401781296272895,1.068518666008956,-1.0547388185893698,0.7226054468885487,-1.0442249905883265,-0.8964673354534145,-0.4722385852958451,7
-1.1245518764670128,0.3062122739915981,0,0,-0.5572295520148173,-0.12332418807049002,-0.6371650716181828,-0.1437348726250295,-0.9506915400737325,-0.9372564144310402,-0.9614564697408096,-0.9401781296272895,0.896300928553691,-0.8520939505348771,0.5507718389021588,-0.9976641920106607,2.49393754914147,-0.4722385852958451,7
1.506712650625315,-1.1424262847349835,0,0,-0.2751227874890506,-0.11837737377141139,-0.40289265004219943,-0.13744320446891017,1.4695806524941204,1.2716079504218076,1.711175318871736,1.3542889411656278,-2.9881657724507726,2.8067717170422135,-1.7785282776503586,1.7132088006066495,-0.34443005244026836,-0.5705368465816261,6
1.754685223859147,1.2487000109944344,0,0,0.28908958536077245,-0.07952177572343813,0.36239564171314076,-0.1074543123937147,0.2778828868616969,0.27507997861849665,0.3340559101178567,0.21011471957331038,-0.25181737568369406,0.6001942840319777,-0.7666191275940074,0.3163849550225786,-0.6062998442142864,-0.44459484002234545,5
1.0520962663632898,1.0392582916604707,0,0,0.006982656779357505,-0.08350742609834184,-0.028057536811102745,-0.11492262507555853,0.40792154141386466,0.41789448004210317,0.47941855262852734,0.30801188023050396,-0.24224964687027442,0.8084681809837658,-1.129379126672571,0.4638275108571149,-0.5412123238302053,-0.39945719930066137,5
1.4516076343511302,-1.9452862088485108,0,0,-0.3836260057905175,-0.12104126345362136,-0.2310932571140617,-0.1295097124026698,2.147916779881166,2.1253211637354092,2.0911583688515587,2.21394929179554,-1.9548593270530539,1.3882578230411562,-0.40385938626586115,2.0986288170232794,-0.9598794388342046,-0.6498309024456622,6
-0.8490267950960885,1.3883278238837435,0,0,0.9401038406931771,-0.04072674305071986,0.28430509034623264,-0.0745995435937482,0.561250682487502,0.5607089814657098,0.6298815863894196,0.47321350404114204,-0.4623056012926386,0.9154197908258443,-1.0911938319581098,0.6164434366077463,-0.6136276086088294,-0.4335758275770823,5
1.5893701750365925,-1.1424262847349835,0,0,-0.31852456853901645,-0.10958665462379265,-0.40289265004219943,-0.134254444975455,1.457935383031562,1.2589131408273628,1.7060749276215144,1.3359332235424037,-2.9881657724507726,2.840546285583499,-1.835806004930036,1.7080354306905543,-0.3336695467008009,-0.5659974404975255,6
1.244963823322937,-0.6013685097889109,2,0,0.006983047388043566,-0.09103426581751733,-0.028057874162864843,-0.116056825083132,-0.49846747611049463,-0.524681172227899,-0.4386611679673429,-0.5394112427164476,0.16915933386080698,-0.013369369293283095,-0.1461089691312678,-0.4673885026009194,0.01526927141321403,-0.477350035355451,7
0.8454524553350965,1.650129973051198,0,0,-0.27512329528034224,-0.11026281735473217,-0.35603865095128734,-0.13525090370727147,-0.6120087027099543,-0.632585468539713,-0.7242859010745321,-0.45069180320284574,0.31267414664678034,-1.2461256541798809,1.8013386556357052,-0.6381113627402673,-0.11564668421913314,2.4245897126327165,4
0.873004963472189,1.1614326279386162,0,0,0.028683586365209103,-0.1049866997670111,-0.10614828496653872,-0.12720946357288831,0.3099073320305415,0.32585844579796763,0.36210829151397594,0.22847035459572226,-0.1083025628977205,0.6001942840319777,-0.9098139183356336,0.34483872236507446,-0.5909592841202257,-0.40230201973625074,5
-0.32552914049133214,-0.7584497992893836,0,0,0.6579973808421856,-0.08498942691714262,0.15935992141018174,-0.07765244468290294,-0.3208773067696987,-0.24222582179422175,-0.29074832983156135,-0.4292768268426888,0.972842147688065,-0.0640305888399672,-0.8620824073385638,-0.3173592618083355,-0.06879703800588496,-0.16557992186892936,1
1.2725163314600294,-0.880624135567529,0,0,-0.3836257011157424,-0.10933302290813487,-0.19985721086570887,-0.13153059580788587,-0.8439433668026701,-0.8864779244012491,-0.7931418715122259,-0.8545180259447124,0.30310650394223143,-0.3567397672675295,0.30256772396697945,-0.826941273670319,1.7202298462488572,-0.5846809104836207,3
-0.9867893357815507,-1.4216819105136016,0,0,0.5494949203215695,-0.11099583686439382,-0.5122200066989253,-0.1374307811406179,-0.2306265928935324,-0.23905216938068607,-0.18363908073735427,-0.27631237564780387,0.11175339152464352,0.1217273343740534,-0.31794258055432995,-0.208717445952459,-0.39224615293685094,-0.45063446232814847,2
-1.620497022934677,0.5331074699367254,0,1,0.46269276441290724,-0.03979534215421517,0.39363182852472783,-0.10793929574009166,0.35745879441552275,0.3353795172901758,0.4539162520975679,0.2590633274355112,-0.4910087016240261,0.9323068471209993,-1.0911938319581098,0.4379603120706792,-0.4643815840102296,-0.43256354073206665,2
-1.3311956874952062,-0.16503159450982,0,0,-0.40532617759551814,-0.11736303176805363,-0.3560386228386405,-0.1424257899667902,-0.9225488426584663,-0.9340827588755855,-0.9079018222417159,-0.9187631037066452,0.6475419599088101,-0.6607070845476343,0.47440133539004153,-0.943343260802325,2.4247456821107933,-0.5552310953664062,3
0.9832149960205587,-0.496647650121929,0,0,-0.058118530482584516,-0.1016047335946217,-0.309184145832732,-0.12432074378057438,-0.7711605282983357,-0.7436634258339325,-0.7676396627892272,-0.7933322372066771,0.8771656173119322,-0.6100458650009501,0.15937304491720078,-0.8010741680054732,0.36916725411149925,-0.2489228662988772,7
-1.4000769578379373,1.6675834496623616,0,0,-0.14492041296516647,-0.10430405326822548,-0.19985721086570887,-0.1303468203347709,-0.620742661357329,-0.6262381637126416,-0.7395872354891274,-0.4659882620891364,0.45618889915654437,-1.2967868635943212,1.7440607565224158,-0.6510449272128892,-0.2439489282990582,2.342189110523689,4
-1.5516157525919458,-1.1773332379573107,2,0,-0.25342275630317673,-0.12251914967015191,-0.3091841177200852,-0.12867391496488728,-0.45091601372551326,-0.38186667080429254,-0.4310104663320599,-0.5363519289123061,0.9919774503189367,-0.23853022121778683,-0.5852392139715312,-0.4596283313247899,-0.02261437645680664,-0.1667190276475485,1
-0.7250405084791726,1.7199438794958526,1,0,0.2022873122695045,-0.06698529534126126,-0.2310935382405302,-0.10601986102563837,-0.5790138206027151,-0.6040225682549917,-0.7140850267661285,-0.3864467915215626,0.24570056160606799,-1.3699641733995775,2.078181763085932,-0.5837904897329254,-0.010618416867793372,2.3587466810799453,4
1.3000688395971218,0.9170839553823253,0,1,0.09378524235757434,-0.0848509947079768,0.7528491013638527,-0.0960412216783312,0.6088021448724829,0.586098229336895,0.7216895469730115,0.4885100179946406,-0.7014970994507116,1.2475321006087678,-1.4157682785717947,0.7095650263133509,-0.49438381921307,-0.4309920212119811,5
-0.4770679352453406,1.1439791513274526,0,0,-0.3836257011157424,-0.10946588560408295,-0.38727489398816806,-0.13216203882262229,-0.6333583415564586,-0.6389327733667842,-0.7982423086664278,-0.42315819923440623,0.46575655908286717,-1.6120122184045291,2.269107892991016,-0.6148309653138663,0.3017290061942716,2.1676313892851042,4
0.14286349783923932,1.5279556367730525,0,0,0.0069828520837005355,-0.09695018249134316,-0.0749122387181859,-0.12638410147975,-0.5004083499872837,-0.524681172227899,-0.6401285962222427,-0.30384597961624354,0.18829470537877505,-1.336190045610902,2.078181763085932,-0.5139492974537218,-0.22808728234946637,2.388913281986171,4
-0.2979766323542397,-1.020251948456838,0,0,-0.2317222173260112,-0.10252379912850473,-0.34042069810872805,-0.13067180283607113,0.6049204233207283,0.5987929532426393,0.6808858431714864,0.512984363226147,-0.5484144717424485,0.9998549709791794,-1.1484715592377874,0.6681774849746565,-0.6138971312660778,-0.43827272207158663,2
1.1209775367060208,-1.1598797613461471,0,0,-0.31852355295643275,-0.12277270470344445,-0.4341291742055487,-0.14089775556444759,2.2342857460037537,2.242746560102332,2.175315513039917,2.2720755932677283,-1.744371101444109,1.4445480106916724,-0.7093413143975239,2.1839901190507676,-0.9980272476783361,-0.6034433187855305,6
-0.4908441893138868,-1.404228433902438,0,0,-0.31852456853901645,-0.11972976815613061,-0.4341291742055487,-0.1408978147573199,1.8364061820328001,1.7508299789978985,1.927944242205162,1.7887080596531917,-2.2705918807386465,2.1144018010062293,-1.3203051706608495,1.9330793500804238,-0.7055357937308311,-0.5715952670489169,6
-0.7801455247533574,0.5854678997702163,0,0,1.5477169399495139,0.20011822471977087,-0.29356602431429163,-0.11718080445475264,-0.40918717297089935,-0.45486073344141353,-0.32645141286296364,-0.45986968954806173,-0.07959963478407418,0.21179163461487927,-0.27975728583986853,-0.35357320042696094,0.04797161537156075,-0.4980584025492652,2
-0.7663692706848112,-0.8631706589563654,2,0,0.7882002631573616,0.09961624003063042,-0.07491204192965806,-0.10256526993006906,-0.3529018043421904,-0.2930043460994934,-0.31370031997745934,-0.4537510894733834,0.8293273521238658,-0.030256324265998915,-0.7761656016270333,-0.34063965923473666,-0.03323905289011409,-0.19542675789256853,1
-0.20154285387441617,-0.54900807995542,1,0,0.006982930205437782,-0.03528787969496347,-0.043675798892777264,-0.08369796699251625,-0.7760127103701263,-0.8452204001809349,-0.7242859010745321,-0.7627393414609794,0.006509235665735893,-0.2948205101907421,0.4934939655639111,-0.7571000813911155,1.4434508701233193,-0.703735419581005,3
-0.8490267950960885,-0.025403781620510917,0,0,-0.7308334029138921,-0.12725262267452722,-0.6840194839650036,-0.14700974842033943,-0.9623367953873062,-0.9372564144310402,-0.9920591270940052,-0.9401781296272895,1.0111127529498085,-0.9871905275491649,0.6653275769869733,-1.0287047257925952,2.49393754914147,-0.4722385852958451,3
0.5010461036214411,0.4109331336585799,0,0,-0.7308334029138921,-0.12725262267452722,-0.6840194839650036,-0.14700974842033943,-0.9710707367414775,-0.9372564144310402,-1.0150111172399032,-0.9401781296272895,1.0972216233996184,-1.088512966642533,0.7512443826985044,-1.0519851232189963,-1.8651544328831187,0.8829091994428392,7
-0.9316843195073659,-0.5315546033442563,0,0,-0.5789299894337244,-0.1183592580190676,-0.6215469922687128,-0.14392216873850883,-0.5013787869256784,-0.5595914059025919,-0.3927571876755469,-0.5700041054218205,-0.11787020560226927,0.30748505494319583,-0.40385938626586115,-0.42082770774811706,0.36628567635678166,-0.482631267497596,7
0.08775848156505445,0.026956648212979984,0,0,-0.4921280991389687,-0.11871545399577453,-0.5434562581696001,-0.1416285774925115,-0.9351645333383252,-0.9372564144310402,-0.9257533798238101,-0.9340595510288221,0.7432184988958298,-0.7057393207921204,0.45530872239953313,-0.9614502464079159,2.49393754914147,-0.49549575424094394,3
0.4183885792101637,-0.9678915186233472,0,0,0.6145966153748034,-0.04082710109621927,-0.6371650716181828,-0.1420072933102024,-0.9109035836766372,-0.8769569557354819,-0.9487053699697081,-0.8881702134676683,1.049383358211552,-0.9984485752115121,0.6462349554047843,-0.9847306438343171,-1.360629901155526,-0.3213233425684869,7
1.382726364008399,2.1039203649414526,0,0,0.5928959201541634,-0.07715546976078028,0.159359865184888,-0.11974094999402328,-0.64985579571099,-0.64210642578032,-0.8007925272435286,-0.4690476034268816,0.5997037119425176,-1.5332059050325868,2.001811173657009,-0.6536316820121288,0.22785935396676485,2.169152245935286,4
1.4102788721454915,1.7199438794958526,0,0,0.093784890809757,-0.06774604374192252,0.05003304266845231,-0.01673233511740516,-0.7265203924496322,-0.6928849500855916,-0.8390458632800171,-0.615893454547088,0.896300928553691,-1.3418190643759536,1.3813009722358665,-0.777793770579072,-0.23619244720808333,2.1155405770109073,4
1.5342651587624077,-0.37447331384378363,0,0,-0.31852409980859314,-0.12581567616862102,-0.18423869577021273,-0.1249536232090123,0.38366061795399986,0.38298424636741024,0.46156697668484103,0.28659693140395087,-0.31879096072440627,0.8309844080276311,-1.0911938319581098,0.44572050662720614,-0.5268833782124129,-0.4175376323167634,2
-1.4827344822492146,-0.23484550095447454,1,0,-0.23172229544774844,-0.0984291160155346,0.08126925759268618,-0.09326450018160505,-0.8672338821461459,-0.8959988930670161,-0.8670982859897188,-0.8300437137535308,0.4466212908955437,-0.7113683192926842,0.7607906943487669,-0.9019558894105317,1.6511413332890748,-0.8114504396116264,3
1.2587400773914832,0.04441012482414362,0,0,-0.5138285990552657,-0.12251914259529083,-0.5278381001047189,-0.14568106664333239,-0.842002500786428,-0.7531843830745396,-0.8823996204043141,-0.8698144738175613,1.4894953445542634,-0.959045403327175,0.1402804405183729,-0.8993691904842457,0.798735063253108,0.31500172109317703,1
0.29440229259324774,-0.4617406968996018,0,0,3.218654378860926,-0.022318625496213034,-0.5122200910368658,-0.136711395813602,0.28564635616702994,0.3766369986661395,0.2320469834179003,0.2590633274355112,0.5901360434053078,-0.12032082715170299,-0.3847666959502275,0.21291643924160433,-1.0059113629825447,-0.3081115919390923,2
-0.11888532946313886,-1.5438562467917472,0,0,-0.40532617759551814,-0.10941176063462228,-0.43412952280236955,-0.13724591283176513,2.3090095212692536,2.3125669703259173,2.2288703097269464,2.376091381533205,-1.8496150850852757,1.365741595997291,-0.47068350166175854,2.2383112015816864,-1.0157725880461204,-0.6354471766405715,6
-0.4219629189711557,0.06186360143530725,0,0,-0.42702661892051225,-0.11579936742537768,-0.46536557748451646,-0.13465941570197446,-0.899258329935173,-0.9213881352256218,-0.8875000667393119,-0.882051629913152,0.5327301613453537,-0.6607070845476343,0.5889570906582172,-0.9226495879106469,2.1249139967656774,-0.6757598098633963,3
-0.21531910794296238,-0.40938026706611086,0,0,-0.3619253730672673,-0.11605482787851347,-0.5590743262740114,-0.1397687191484356,0.5263149527052969,0.5353198192832249,0.5839776060976236,0.44262058626856116,-0.34749397494692325,0.8140973517324761,-1.0339160187616259,0.5698826417549439,-0.6491295793926312,-0.4267298697862949,2
-1.4689582281806683,0.3760261804362527,0,0,-0.5789299972458981,-0.12682999110492962,-0.5122199785862784,-0.14029989374240878,-0.8682043164643583,-0.7785736423708852,-0.9232031566563114,-0.8789923408892544,1.518198332944119,-1.0772549179669617,0.31211405194143504,-0.9226495879106469,0.7526071518993238,0.5134908221381622,1
-1.0556706061242818,1.1963395811609434,0,0,-0.2534227172423082,-0.10426144434682935,0.12812356592271362,-0.06037953763558833,-0.7100229382951008,-0.6897112691091555,-0.8441462958438208,-0.5608262466102086,0.7623538015267016,-1.4712866124929458,1.7345145402398077,-0.7312329757262697,0.21080113726810723,2.1177483911192883,4
-0.6148304759308028,-0.8108102291228745,0,0,-0.18832168622384057,-0.10299634963982995,-0.4966018289551912,-0.13700482743772496,0.577748136642033,0.5226251239403812,0.6834361535565477,0.4976877942054405,-0.9693912673958197,1.1743549073243165,-1.0243695447286005,0.670764286334691,-0.510828711669857,-0.5037189915320829,2
-0.05000405912040776,-0.7235428460670563,0,0,-0.5138284037509228,-0.11939573018787765,-0.5122200910368658,-0.13906259123109457,1.8199087278782686,1.7159195453829037,1.874389330758182,1.8345973537112519,-2.4236745084469105,1.8554667351689769,-0.7284338328795458,1.8787581511475182,-0.722668681675141,-0.6343058062381376,6
-1.5240632444548532,-0.1126711646763291,0,0,-0.6006305401291505,-0.12420967152104857,-0.5278381001047189,-0.14568106323525792,-0.8196824250015292,-0.7563580412006552,-0.8415960864475159,-0.8453401616263796,1.2407364017420435,-0.818319787283348,0.14982674271778684,-0.8760887930578445,0.504669410418135,0.0068905926552731995,1
1.0796487745003822,-1.0900658549014925,0,0,-0.6657319226954356,-0.12088783116964204,-0.4809837355493977,-0.13906259338356267,-0.7876579719721376,-0.8103101836439822,-0.7319365797578248,-0.823925132952375,0.43705363096922084,-0.2779334538955874,0.03527103040801401,-0.7648602293868477,1.0391326653783899,-0.4552917582576705,7
0.8041236931294579,-0.5664615565665836,0,0,0.31078988997272633,-0.106839886595594,-0.5434562919047763,-0.1371851224693883,-0.5925999377402392,-0.6230645112991059,-0.5330193241760456,-0.6281306271628412,0.20742999078787275,-0.09217568266522538,-0.05064577530351706,-0.5630967772645715,0.21318577853687376,-0.4942827570224392,7
0.5974798821012646,1.4930486835507253,0,0,-0.21002179553145153,-0.11203787147156052,-0.4809838479999851,-0.13423259563067763,-0.3810445017574567,-0.43264513798376375,-0.5355695198011563,-0.1417036145425388,-0.1561407764204645,-1.336190045610902,2.421848985932056,-0.37685359785336214,-0.16363570989464257,2.428929831821154,4
-1.2623144171524752,0.32366575060276176,0,0,-0.6874324304239062,-0.1265764111726905,-0.652783204381682,-0.14647827468711427,-0.9701002988336155,-0.9372564144310402,-1.0124608961380834,-0.9401781296272895,1.087653971223094,-1.0772549179669617,0.7416980710482418,-1.0493984124197078,-1.3808108841682665,-0.4722385852958451,3
0.23929727631906286,-0.2173920243433109,0,0,-0.2968236780140335,-0.1168589700537079,-0.5278381731976006,-0.14083458798044418,-0.2180109388962265,-0.23587854553005078,-0.19128966761268637,-0.2304229714553285,0.0160769644791552,-0.002111230440740733,-0.012460566505861434,-0.21647750082660122,-0.48993187857182824,-0.5422943994751493,7
0.9281099797463739,-1.2646006210131289,0,0,-0.4487264587081298,-0.1183592324582792,-0.4185116289963687,-0.13315856733027914,1.8781349441819435,1.7825663603187536,1.8998916312891412,1.9233166830904374,-2.3949715803332636,1.686596172217429,-0.47068350166175854,1.9046253499339536,-0.7747856802757882,-0.6592592431237244,6
1.0934250285689284,0.6552818062148709,0,0,-0.23172147516950778,-0.11567250147296793,1.9085912182343139,1.1641356917328864,0.18375037282830523,0.1481337963883691,0.23714748942807254,0.15198819783228978,-0.4718732439971875,0.5045009650261003,-0.3847666959502275,0.2180899255596864,-0.5220994491258207,-0.565345228838992,5
-0.7663692706848112,-0.8457171823452018,1,0,0.093784890809757,-0.09513257993176982,-0.26232966882682357,-0.10734855087440072,-0.37522188012708924,-0.30887260816717166,-0.3417527243255688,-0.4751661209007483,0.9058685712582398,-0.08654656257773469,-0.7570728253945934,-0.36909344985763004,-0.019073747585326904,-0.17944634289128433,1
-0.6423829840678952,-0.6711824162335653,0,0,1.417514174816944,-0.07919950439026464,1.1433024204513307,-0.06452881089946132,0.3099073320305415,0.27507997861849665,0.39781142044935847,0.23458900973760882,-0.5675499293692872,0.836613376131463,-0.8525359333055385,0.38105270754449466,-0.4910471522554293,-0.47415898629041603,2
-1.5791682607290383,0.8472700489376708,0,0,0.9401034500844914,-0.027087195973511467,1.190156672556064,-0.014981750761811833,0.20218875326327274,0.21478063988711962,0.23969770800517376,0.1428103665542819,-0.05089662056155688,0.4144365128016157,-0.6520635012010404,0.2206766337981316,-0.6531344951511163,-0.44510036876124665,5
1.5893701750365925,1.1963395811609434,0,0,0.20228703884342422,-0.11248828907877755,0.5498134653988341,-0.10432452693831804,0.23324270909007572,0.2211279161512906,0.3187545068472906,0.13975094261572465,-0.29965550309756733,0.7578069614370817,-0.9861842500141393,0.3008646124703195,-0.44579890566361763,-0.4218883628853597,5
1.134753790774567,-0.4617406968996018,0,0,-0.3836257011157424,-0.1123759710947363,-0.4653655859183105,-0.13850616675151578,-0.9021696459907212,-0.9213881352256218,-0.8798493949416163,-0.900407369563259,0.5614330894590002,-0.5931588087057953,0.44576240301675807,-0.9148894468990342,2.1249139967656774,-0.5852287553360814,3
0.7765711849923654,0.6727352828260345,0,0,0.31078922593796016,0.03605231042941537,3.079951316059981,0.0263166498833883,0.13425801036471108,0.10370257691016888,0.16319101298020652,0.12751390766799134,-0.38576437354737725,0.30185608683936394,-0.12701627881563426,0.14307524696240098,-0.6205341975360689,-0.6230541198718341,5
-1.3311956874952062,0.6727352828260345,1,0,-0.27512329528034224,-0.1130205171844031,-0.277947959021145,-0.12319329534789147,-0.3131138636661892,-0.3755193374143209,-0.4157091778214449,-0.12640718318985233,-0.30922331801985736,-0.9365293080024808,1.8968017635466499,-0.36392005666113786,-0.4043061911779996,2.6745747416276364,4
0.8867812175407352,-0.2872059307879654,0,0,0.31078977279012054,-0.11129524270300555,-0.44974743628722325,-0.13404741342022924,-0.24324227309266197,-0.2676150696654074,-0.20914126650836307,-0.25795657542376815,-0.02219369244791057,0.026033863384517266,-0.022006868705275302,-0.23458452833690768,-0.4161604366866766,-0.5415362034221043,7
1.065872520431836,-1.4391353871247654,0,0,-0.36192388875426046,-0.10962933087047969,-0.37165649134325923,-0.12861338038746778,2.2527240740350742,2.258614650792609,2.1931673414554944,2.293490569627886,-1.782641586153434,1.4558059468993365,-0.6902487959155019,2.202097379365048,-0.9961832645881,-0.6052189132630581,6
-1.386300703769391,0.8472700489376708,0,0,-0.27512313903686797,-0.10641897572349913,2.0647727145451857,-0.04915236096980183,0.13037628881295626,0.1481337963883691,0.14023902283430853,0.09998030369955166,0.054347535297350584,0.17238855392073751,-0.3465814871525717,0.1197948495359998,-0.7760975925986985,-0.5041521817159996,5
-1.2072094008782903,-0.7933567525117108,0,0,-0.3402244825422844,-0.12319536443555355,0.03441508982589296,-0.09545683197465865,0.17695734046136666,0.23699612109316825,0.17594217472168142,0.11833593872196355,0.3987830170965903,0.13861428934676923,-0.6329707249686011,0.15600885799581768,-0.7365138552647681,-0.3374462994630001,2
-0.32552914049133214,1.2836069642167616,0,0,0.6579973808421856,0.04484314482880327,0.7059947930338253,-0.031879288899934105,-0.41403935766287225,-0.43899247137373515,-0.5840237186700531,-0.1814743911267317,0.11175339152464352,-1.465657613992382,2.3741174749349865,-0.4104808515139402,-0.14380968774199857,2.3342704974873496,4
0.1979685141134242,0.07931707804647088,0,0,0.4192921551889995,0.05270415305882972,0.20621442652873706,0.07600989130352498,-0.8322981235419353,-0.8674359927822948,-0.795692113041317,-0.8331030055307889,0.3605124462783949,-0.441175150065743,0.38848452967851055,-0.8295280051891615,1.6427128109872313,-0.6055101438855837,3
-0.752593016616265,1.2836069642167616,0,1,0.3324903898890234,-0.08125051118123083,0.7997036064824079,-0.08825434013258854,0.46614781012118606,0.4591520756696681,0.5457242126811599,0.3722570295798072,-0.4431704881012818,0.909790620077134,-1.1007400482407177,0.5310819017762839,-0.5630760907116865,-0.4328406012798683,5
1.313845093665668,-0.2173920243433109,0,0,0.2673885776531837,-0.0894701760702914,-0.04367596756865831,-0.11835587445007362,-0.19569086311132763,-0.21048926909596477,-0.1377351004455583,-0.24877877167936419,0.025644521074833587,0.22304977346742164,-0.40385938626586115,-0.16215665109965663,-0.3424141031713415,-0.4530396222260656,2
-0.09133282132604642,-0.2522989775656382,0,1,0.6579973808421856,-0.06664771035717358,0.4404861930800489,-0.09169115004805949,-0.6226835352341183,-0.7373161124379911,-0.5024166553468548,-0.6495456585902063,-0.5292793585510918,0.28496892922176986,0.04481733260742788,-0.5320562318424383,1.1627885533146751,-0.6338017656806004,3
-1.386300703769391,1.1265256747162888,0,0,-0.05811802269129267,-0.09944342971944804,1.1745390851779138,0.5445039330517627,-0.16851857643263243,-0.15653712094005776,-0.14283549169577975,-0.20900799509517137,0.24570056160606799,0.03166283148834934,-0.2988498902386964,-0.1673300210157515,-0.5975489234694523,-0.435891502482564,5
-0.38063415676551704,0.11422403126879815,0,0,-0.4487271578976777,-0.11567250443984516,-0.3872748658755213,-0.13471942471843676,-0.817741543264193,-0.7277951409159339,-0.8568974047957183,-0.8483994506502773,1.479927736293263,-0.9309002791051852,0.10209520594567549,-0.8735020801633203,0.6199891888025955,0.2597828551181066,1
0.22552102225051665,-1.8580188257926926,1,2,0.7230990758954194,-0.025710046878101293,0.721612858326972,-0.1054132309454865,0.19733654236947626,0.21478063988711962,0.22439635063858804,0.14586954269040323,-0.0030584070388128765,0.34125916753350566,-0.5756929976889233,0.2051563378066674,-0.6961072521373912,-0.4306036705795884,2
1.3965026180769453,-0.5839150331777472,0,0,-0.4270266657935545,-0.1130884593575493,-0.5746925377529217,-0.14250886052630593,-0.7828057872801647,-0.791268260593898,-0.7370370169120265,-0.8208658411751169,0.5614330894590002,-0.33985271097237474,0.016178426009186123,-0.7700336458637373,0.9291028630687154,-0.40439750850344,7
-0.8628030491646348,-1.7009375362922199,0,0,-0.42702679469442095,-0.12104123424129173,-0.5590745033836866,-0.139768737265042,1.9693560687946807,1.871428856400955,1.9891493962476223,2.0181545299434895,-2.4906480934876223,1.7485153279717767,-0.48022980386117226,1.995160254681511,-0.7810563212737702,-0.6610077915225546,6
-0.21531910794296238,0.11422403126879815,0,0,-0.29682379519663926,-0.11034734482801602,2.0647727145451857,0.24335763013122627,-0.6294765938028803,-0.6548010639973629,-0.5814735000929523,-0.6556642035976769,0.28397113242426336,-0.19912714052364527,0.0543636348068419,-0.6122442570754214,0.5241689365813251,-0.5000451893733654,2
-1.069446860192828,-0.07776421145400182,1,0,0.1588863514977792,-0.0753400489970749,-0.3091841739453789,-0.12221278514897208,-0.8565590627228938,-0.8769569557354819,-0.8594476302584161,-0.823925132952375,0.5135948414927076,-0.7226263770872753,0.713059135238286,-0.894195764695197,1.3297387248618298,-0.7911188411169829,3
0.6388086443069032,-1.8929257790150198,0,0,-0.4704271148679012,-0.11452307252862769,-0.4966014803583704,-0.13446793752237998,2.0091440618743293,1.9222073807062263,2.0146515820186313,2.0640440993375884,-2.4236745084469105,1.686596172217429,-0.4420445950635168,2.0210273370659593,-0.8121023410517071,-0.6628747473951067,6
0.3908360710730713,1.1963395811609434,0,0,0.5928961935802437,-0.08659288027852177,1.4088107673912853,-0.07284349017549775,0.42927112785672167,0.41472082762856743,0.4768682422434659,0.38143486085781514,-0.4814410589194772,0.6677427118574755,-0.6520635012010404,0.46124070949708035,-0.6763392059081079,-0.5174018486184004,5
0.04642971935941578,0.35857270382508905,0,0,-0.7308334029138921,-0.12725262267452722,-0.6840194839650036,-0.14700974842033943,-0.9710707367414775,-0.9372564144310402,-1.0150111172399032,-0.9401781296272895,1.0972216233996184,-1.088512966642533,0.7512443826985044,-1.0519851232189963,-1.8651544328831187,0.8829091994428392,7
0.8592287094036428,-0.060310734842838186,0,0,0.137185578155402,-0.07970396480726531,-0.3248020986752913,-0.1354056333373825,0.6020091125055445,0.6876552779474384,0.576326927414331,0.5435772259315199,0.28397113242426336,0.32437221256079,-0.8334434148235166,0.562122493759212,-0.8939131255065472,-0.3419139493239545,2
1.5755939209680463,-0.025403781620510917,0,0,-0.622330997078492,-0.1258156743428504,-0.5903106592713622,-0.14382090749184173,-0.8255050571126261,-0.7373161124379911,-0.8619978534259151,-0.8575773177219704,1.4703600763669398,-0.91964223650896,0.0925488865629005,-0.8838489177731792,0.6690002035932898,0.26600317499323345,1
-0.6699354922049876,-1.8231118725703652,0,0,-0.3619253730672673,-0.1171412289395009,-0.43412952280236955,-0.13653924320995625,2.0227302314155002,1.9475965143258107,2.0223023984138644,2.0732217378803686,-2.3279980814014216,1.6584508250860723,-0.48977619197739225,2.028787624744076,-0.8332120722021378,-0.6544369531734423,6
-1.565392006660492,0.690188759437198,0,0,-0.3185243341738048,-0.10605182010231827,0.018796743406277915,-0.12347008301255386,-0.4518864244620843,-0.43899247137373515,-0.63247791753895,-0.24266014407108163,0.4848918875464001,-1.566980068284116,2.1736447850800706,-0.46221503956323484,-0.3644643084168939,2.178067552264091,4
-0.39441041083406325,-0.7584497992893836,1,0,-0.12321983492713232,-0.03224492945437012,0.018796743406277915,-0.1129290037548621,-0.28982332474107225,-0.25174680759772905,-0.22444250911499786,-0.40174322287424913,0.5805684007007589,0.19490462898094402,-0.9098139183356336,-0.25010470792638456,0.02002599976583892,-0.26466911919775726,1
0.4183885792101637,0.25385184415810724,0,0,0.05038443782932337,-0.11203800726324896,-0.38727548435375186,-0.13950265292730032,0.8494707414107502,0.8875955799404875,0.8798032823691868,0.7669053164159706,-0.34749397494692325,0.8985325318858113,-1.1771106376696407,0.8699411233401119,-0.7797504244977953,-0.4105436975355924,2
1.3413976018027605,1.2312465343832708,0,0,0.1588862343151734,-0.10115735589545502,-0.04367588323071779,-0.1215254841524736,-0.44218210748178566,-0.46438174780782115,-0.6044254902388503,-0.2212451677109245,0.15959169115625804,-1.4375124847042702,2.2786543670240422,-0.4441081051745182,-0.24300727724910134,2.3221630421333708,4
-0.008675296914769096,1.0392582916604707,0,0,-0.03641795244455026,-0.1174475612953294,-0.04367596756865831,-0.07173980499046374,-0.49458575455873993,-0.5310285056178706,-0.6222770891345267,-0.30078669334570624,0.07348282070644813,-1.2517546780110544,2.049542770570884,-0.5113625892152769,-0.16562175579257302,2.453925390709687,4
-0.6010542218622565,-0.44428722028843814,1,0,-0.2534226000597023,-0.11744754988426313,-0.1530027900850941,-0.08907908877232287,-0.42374372704681806,-0.33743550845189296,-0.42080956907166633,-0.5057590386733293,1.125924580790281,-0.3285946734422715,-0.5661466095727034,-0.4492814750906131,-0.1688284782182295,-0.10633982161989707,1
0.2806260385247015,0.8123630957153435,0,0,-0.2317222173260112,-0.11414966889222956,-0.340420529432847,-0.13157183906947362,-0.5411667276016796,-0.5722860155567348,-0.6273774803847482,-0.40174322287424913,0.15959169115625804,-1.0153356517711547,1.5626809288167454,-0.5967240309251497,-0.3537759892406488,2.653892708773607,4
-0.2842003782856935,0.00950317160181635,0,0,-0.4921280991389687,-0.12378704214237571,-0.4966018851804849,-0.14142927652640994,-0.8090076108186418,-0.718274183675327,-0.8466965190113196,-0.8422808698491215,1.479927736293263,-0.9140132126777866,0.07345623920566971,-0.8683286520462318,0.5325383931868125,0.26315277064235315,1
-0.13266158353168508,-1.4740423403470926,0,0,-0.44872698212376905,-0.12581568347170344,-0.34042176638930816,-0.13850616244657962,2.3585016217146126,2.3855610615259386,2.2543722659780534,2.4311585894700847,-1.677397344185656,1.2475321006087678,-0.4420445950635168,2.2641780511621605,-1.0663857870948088,-0.6285812901602179,6
0.5699273739641721,-1.1947867145684745,0,0,-0.18832168622384057,-0.10857215035507274,-0.3560382573742316,-0.13445365697287578,2.2808667976521635,2.315740451362051,2.1829663294351502,2.3393801390219853,-1.5434503463219722,1.2250161268710007,-0.5375077029744617,2.191750406728884,-1.0690838034861632,-0.6105643313144554,6
-1.193433146809744,1.1439791513274526,0,0,-0.3402244825422844,-0.12218103977701653,1.0652120939855971,0.4506319837568742,-0.20927698024885175,-0.18510002122477906,-0.20659107088325226,-0.23348231279307372,0.38921537439204135,-0.15409488908079305,-0.12701627881563426,-0.23199784337886017,-0.6829351223497887,-0.4429617874380475,5
-0.5046204433824331,0.21894489093577996,0,0,-0.01471756971085922,-0.10100993176608027,-0.10614848175506669,-0.10911603210445447,-0.7614561484336605,-0.8198311608786193,-0.7115348081890277,-0.7566207744266257,0.09261810611554581,-0.2948205101907421,0.4075771598523801,-0.7441665401988913,1.1647967869907938,-0.6781742870707215,3
0.9832149960205587,-0.5315546033442563,0,0,-0.036417991505418974,-0.06876034147034321,-0.2623297812774109,-0.1304676340633973,-0.8400616190490918,-0.8801306138615976,-0.8007925272435286,-0.8392215808252239,0.32224178935132913,-0.4299171125356397,0.4075771598523801,-0.8347013983856537,1.6596936538032077,-0.6243100155357367,3
-1.193433146809744,-0.19993854773214725,0,0,-0.5138285443700497,-0.11846187499924284,-0.4028929873939616,-0.14541532921169698,-0.8080371660197002,-0.7373161124379911,-0.8288449545436284,-0.8422808698491215,1.2981423182455458,-0.8014327309881931,0.06390993700625577,-0.8631552122889447,0.5723238257067504,0.05859124259802576,1
-1.565392006660492,-0.09521768806516545,0,0,-0.622330997078492,-0.12378703963194113,-0.5746925124515396,-0.145880367609434,-0.9526324165707041,-0.9372564144310402,-0.9691071369481074,-0.9371188403280557,0.9154362225736757,-0.8914971173530922,0.5985033928576312,-1.005424328366194,2.49393754914147,-0.496981088649009,3
-0.39441041083406325,-0.47919417351076543,0,0,-0.34022471690749595,-0.09276584947744727,-0.44974743628722325,-0.14162858072121365,-0.8060963000034582,-0.8610886793863534,-0.7421374540662283,-0.8208658411751169,0.15959169115625804,-0.23853022121778683,0.24528985062873185,-0.7752070623406271,1.5299788459665076,-0.5896084730895012,3
-0.22909536201150862,0.11422403126879815,0,0,-0.3619251152655345,-0.1136438637951814,-0.4028929873939616,-0.13505159413129753,-0.7973623518368128,-0.6960585739362268,-0.8492467421788186,-0.823925132952375,1.5660366067430729,-0.9984485752115121,0.1307341125439174,-0.85539508757361,0.31881211330814635,0.3885246549211936,1
0.4872698495528948,-1.6311236298475653,0,0,-0.644031805575651,-0.12104124793457124,-0.5122204452562161,-0.13603905447028827,1.9431542452562036,1.852386770542339,1.9457956115809372,2.0059174949957566,-2.4045392230378124,1.6134186749656594,-0.3370351849531578,1.951186144786756,-0.8065470270479753,-0.6734017541408177,6
-0.5321729515195255,-0.8631706589563654,1,0,-0.2100217174097143,-0.09175152436246758,-0.49660166027931013,-0.14461811709616296,-0.38395578637081684,-0.31839359397067896,-0.3519535986339723,-0.48128469344182295,0.9058685712582398,-0.10343366953410894,-0.7284338328795458,-0.37944028281140946,-0.024718946065728133,-0.1825450600082315,1
-0.17399034573732375,-1.4914958169582562,0,0,3.587562018098865,0.12548718122262226,-0.37165649134325923,-0.1278518102734496,0.72234342387559,0.7257390497840656,0.7854448966405826,0.6353558140476387,-0.5579821144469974,1.0111130591705022,-1.1580178614372014,0.7742326158724855,-0.6809668615471453,-0.43628192362815843,2
0.2806260385247015,-0.3919267904549472,1,0,-0.5138286615526555,-0.12454777602816071,-0.2310935382405302,-0.13631385827686643,-0.38298534943242224,-0.3215672463842147,-0.34430298880665,-0.48434403477956817,0.8675979659964963,-0.05840146875247651,-0.7666191275940074,-0.3716802046568698,0.021544620230536562,-0.20043364703548902,1
1.3413976018027605,0.3760261804362527,0,0,-0.7308334029138921,-0.12725262267452722,-0.6840194839650036,-0.14700974842033943,-0.9710707367414775,-0.9372564144310402,-1.0150111172399032,-0.9401781296272895,1.0972216233996184,-1.088512966642533,0.7512443826985044,-1.0519851232189963,-1.8651544328831187,0.8829091994428392,7
0.6525848983754494,-1.6136701532364017,0,0,-0.44872745085419224,-0.11770118137169959,-0.49660255988400925,-0.13425440551354012,2.6030521494192222,2.7981365607951814,2.3232282364157473,2.721791198175188,-0.3570616176514719,0.28496892922176986,-0.12701627881563426,2.334019243441364,-1.4261524371239536,-0.5738933425921843,6
-1.1245518764670128,0.49820051671439813,0,0,0.028683508243471857,-0.08828592648549537,-0.3404204732075533,-0.1321284827420523,-0.9312827803443822,-0.9086935141463189,-0.9487053699697081,-0.9218223927305429,0.9632744877617421,-0.8802390696907451,0.5316792087282891,-0.9847306438343171,0.9624892793318012,-0.3679647582064387,7
-0.21531910794296238,-0.2173920243433109,0,0,-0.16662075663798898,-0.10240700458317165,-0.26232961260152987,-0.12060683947373907,0.5428124592634755,0.5289724287674527,0.6298815863894196,0.44567990007270236,-0.5675499293692872,1.0223712486842642,-1.1675643354702268,0.6164434366077463,-0.5622553172823912,-0.4403849043514646,2
-0.18776659980586996,2.13882731816378,0,0,0.5060942329759244,-0.0794409899387793,0.9558851027932801,-0.07322201245043342,-0.29273460935443246,-0.33426188460125755,-0.4998664367697539,-0.0009763359634071616,-0.1370054910113668,-1.6120122184045291,2.8705255329717336,-0.2578649257633089,-0.16958560890458738,2.315452767660832,4
-1.0969993683299204,1.074165244882798,1,0,0.11548527354344812,-0.04230359265223214,-0.1373847529045943,-0.09884494409344943,-0.4819700481577869,-0.5183338674008277,-0.6222770891345267,-0.27325308937726656,0.06391517800189936,-1.324931982750189,2.183191087279485,-0.4880821917888757,-0.11771747086519382,2.4110946252123777,4
-1.138328130535559,1.3883278238837435,0,0,-0.3619251152655345,-0.11248830961869681,1.0183575888670418,-0.10284274279707156,0.45741390387745845,0.4528047708425967,0.5253225329203233,0.3753163433839484,-0.4144673877698943,0.8253554399237989,-0.9861842500141393,0.5103883057099172,-0.6019199157725879,-0.4412715369265521,5
-1.689378293277408,-0.496647650121929,1,0,0.0720848205630145,-0.09666504961440317,-0.4341288199861984,-0.13067179225310305,0.48652701202929605,0.41789448004210317,0.6298815863894196,0.3753163433839484,-1.0172294809185638,1.3488545397021359,-1.2725736596637798,0.6164434366077463,-0.3928458332208182,-0.48094962255659574,2
-1.6480495310717693,1.5105021601618889,0,1,0.11548562509126548,-0.08913970246269383,0.5654313620160998,-0.10013337023297463,0.372985733026189,0.36076867947266056,0.46156697668484103,0.2743597037209896,-0.4144673877698943,0.892903563781979,-1.1007400482407177,0.44572050662720614,-0.4808532848827053,-0.4246816793050569,5
1.382726364008399,-1.1424262847349835,0,0,-0.600630442476979,-0.11762996582008749,-0.5590743712542464,-0.14083458259927395,-0.7527222159881093,-0.7785736423708852,-0.6911330366202305,-0.7933322372066771,0.3796477316874926,-0.21038512739252885,-0.022006868705275302,-0.723472851010935,0.8471695445382608,-0.45552469099286086,7
0.23929727631906286,-1.5787632000140743,0,0,-0.5355295598898121,-0.11302054342985551,-0.5434558983277205,-0.1407388429713597,1.9266567911016723,1.826997665485655,1.9381450247056045,1.9875618324397406,-2.4715125497519135,1.6584508250860723,-0.3465814871525717,1.9434260899126132,-0.7850740527626825,-0.6751640196896092,6
-0.752593016616265,0.9345374319934889,0,0,0.11548515636084233,-0.10283776320544458,-0.21547555728532405,-0.12595523835749664,0.324463833702813,0.3480740983814182,0.38506028165987394,0.22541117845960093,-0.05089662056155688,0.6677427118574755,-1.0816475297586958,0.36811911979147566,-0.531438585742709,-0.37406216077127613,5
-1.6618257851403155,-0.6362754630112382,1,0,0.3541906945009773,-0.05658858615223487,0.08126917325474564,-0.06855095042966819,-0.5169057779399916,-0.4167769330418858,-0.5330193241760456,-0.5883598505786484,1.3268452808027407,-0.5312395516290079,-0.4229519906646891,-0.5605100923065242,-0.15756262294528597,0.029875165596661573,1
0.2668497844561553,0.7949096191041799,0,0,-0.29682391237924505,-0.10946588263720572,-0.2935661929901728,-0.133684762906829,-0.5227284519740062,-0.5532440725126203,-0.6018752946137395,-0.39256530899542924,0.15002404845170927,-0.9534163794960014,1.4672177349889948,-0.5889638596490202,-0.4486013223079414,2.7171391226608406,4
-1.1521043846041055,-0.5315546033442563,0,0,-0.44872795864548404,-0.12378705560743389,-0.3872751188893429,-0.12196414279823319,1.9712969688732935,2.030111448514838,1.922843621435039,1.950850287058877,-1.074635337145857,1.2981933201554519,-1.129379126672571,1.9279057473603547,-1.0442798726537261,-0.5026647767947331,6
1.685803953516416,0.6203748529925436,0,0,0.2673886948357895,-0.011958632553968722,3.7359127009609456,2.883519843074297,-0.03362765858302139,-0.06767476767235828,0.017828439325506155,-0.06216206137415299,-0.28052030379734033,0.31311407370824745,-0.2511183792416268,0.005979570642438772,-0.6044269167532897,-0.7666101116449976,5
1.0383200122947436,-1.927832732237347,0,0,-0.036417991505418974,-0.08485101524789608,-0.6059288285813021,-0.1425088617819123,-0.7274908293880268,-0.7627053603091767,-0.6503294934826364,-0.7780357920871888,0.274403575828585,-0.08654656257773469,-0.12701627881563426,-0.6820854726350224,0.8930141585041329,-0.4591284839239463,7
0.7352424227867268,-1.404228433902438,0,0,-0.2751237640107655,-0.10214826550247946,-0.37165685680766825,-0.13372297728707774,2.3109502903387487,2.3665189756673217,2.2033681239559377,2.3607949501805194,-1.380800420344642,1.18561294485442,-0.6329707249686011,2.212444119197238,-1.1025420575851128,-0.5862839406264944,6
-0.9179080654388196,1.894478645607489,0,0,0.24568850740644135,-0.09403377184666467,0.03441483681207139,-0.13212849888556297,-0.5858068791714772,-0.6167172064720345,-0.7038841524577252,-0.4078617678817197,0.19786226197445345,-1.2630127206072796,1.9445333604605255,-0.6018974241216419,-0.019152385604682614,2.4376387985687025,4
-0.4770679352453406,-0.2173920243433109,0,0,-0.07981895227714418,-0.09378018600349325,-0.30918428639596623,-0.12867390599627024,-0.48294045889435794,-0.37234568500078535,-0.504966919827936,-0.5577669603396713,1.3938188400107916,-0.5424975891591112,-0.47068350166175854,-0.5346429866416781,-0.2334952154532858,0.019898462437838528,1
1.7133564616535084,0.5331074699367254,0,1,0.9184033017160115,0.28726494850752676,-0.19985721086570887,-0.09007565817687332,-0.8584999470804124,-0.8642623346561792,-0.8390458632800171,-0.8667551847936635,0.6475419599088101,-0.5762717524106404,0.3312066563402629,-0.8735020801633203,1.6890046241995393,-0.4731556932371202,7
-0.7663692706848112,-1.8580188257926926,0,0,-0.49212777102767247,-0.12480140149055417,-0.4966018289551912,-0.1414293367955163,2.4429299235749995,2.5125072723189663,2.287525268144296,2.535174487869977,-1.3616649627178035,0.9773390985638511,-0.2988498902386964,2.297805421224726,-1.1650685678388344,-0.6308257264708537,6
-1.4138532119064835,-0.6362754630112382,0,0,0.006983398935860917,-0.09851859246825323,-0.3560386228386405,-0.13582389680992787,0.7068164852649238,0.6559187538120819,0.8287988190192088,0.6017036926053325,-1.0363649385454023,1.3882578230411562,-1.3203051706608495,0.818206865449625,-0.5151446486412595,-0.47914749962867137,2
0.07398222749650822,1.1439791513274526,1,0,0.24568803867601804,-0.10481407087449233,-0.09053019156074525,-0.09660548042424688,0.5651324826447274,0.5416671526731965,0.6681348879979229,0.45791715528926746,-0.672793999119324,1.1462096615153996,-1.2725736596637798,0.6552440834648168,-0.5226189221173182,-0.44225651887872025,5
0.8041236931294579,0.2713053207692709,0,0,-0.6657319539441305,-0.12308589054566571,-0.6215469388546837,-0.14212785143324377,-0.9351645333383252,-0.9118671694161445,-0.9410547027624105,-0.9401781296272895,0.972842147688065,-0.8070617598854886,0.39803085765296614,-0.9769705074787839,2.49393754914147,-0.28374178096223346,7
-1.1521043846041055,-1.0900658549014925,0,0,0.07208435183259136,-0.09132889041936822,-0.24671171598426425,-0.1121982229030641,-0.40142370366556634,-0.35647742293310697,-0.35450381721107327,-0.4965812073953213,0.7336508303586201,-0.018998388058334766,-0.6997950981149157,-0.38202699104985444,0.03995367594350394,-0.24118089392005693,1
-1.6067207688661307,-0.5315546033442563,0,0,-0.40532617759551814,-0.11676658355087291,-0.3872747815375807,-0.13034680239753688,-0.4499455505852952,-0.5056392577466851,-0.3519535986339723,-0.5088183249438665,-0.1370054910113668,0.2793399611179378,-0.3370351849531578,-0.37944028281140946,0.22828066020682766,-0.49929728118279104,7
0.6112561361698108,-0.44428722028843814,0,0,-0.44872745085419224,-0.12378708322221423,-0.21547538860944293,-0.13345720559532528,1.4482310398494398,1.2716079504218076,1.6678214194451002,1.3389924822793375,-2.7776775468418284,2.6435300715332772,-1.7117039904208493,1.6692345743099075,-0.3905241808311919,-0.565493723457676,6
1.2587400773914832,-1.8929257790150198,0,0,-0.38362502926880243,-0.11947614944908837,-0.34041962982814794,-0.13770895947903497,1.8199087278782686,1.658793744813461,1.9942497874978438,1.7458780243320657,-2.94032773114577,2.6491593436044267,-1.5589631552302268,2.0003336245976056,-0.5280597227746822,-0.5835652920891331,6
0.34950730886743264,0.6029213763813799,0,0,0.11548554696952823,-0.08997646225789287,-0.29356602431429163,-0.13950269185109818,-0.749810878971102,-0.7373161124379911,-0.7344867983349256,-0.7719172195461141,0.724083170432297,-0.5143524953338531,0.14982674271778684,-0.7674469376252925,0.32784567757709526,-0.3745708599835173,2
-0.40818666490260946,0.1316775078799618,0,0,-0.5138285990552657,-0.12353345949430282,-0.3091841739453789,-0.1342543804014125,-0.8313276735026288,-0.7404897648515268,-0.8747489577874145,-0.8575773177219704,1.4990630044805866,-0.9703034560556442,0.14982674271778684,-0.8838489177731792,0.7189723981660219,0.33242256624746447,1
0.7214661687181806,1.0043513384381435,0,0,0.9401038406931771,-0.08774790384042551,0.03441494926265883,-0.12035979891799944,0.6175361297216817,0.5956192722662034,0.7216895469730115,0.5068657631514681,-0.7014970994507116,1.1968708810620836,-1.3298514728602637,0.7095650263133509,-0.5269450157730388,-0.43999558316600845,5
-1.3311956874952062,0.1316775078799618,0,0,-0.644031496994789,-0.12556209500398677,-0.46536557748451646,-0.14328943496041127,-0.8352094343571189,-0.7468370839600483,-0.8772991763645154,-0.8606366094992286,1.479927736293263,-0.9646744322244707,0.15937304491720078,-0.8967824775897214,0.6026912220449259,0.31698557037667224,1
1.2036350611172983,-0.7409963226782199,0,0,-0.44872795864548404,-0.12480131955909846,-0.44974778488404415,-0.14561460937060705,1.4443493444995086,1.2684341551937703,1.7035245024765022,1.2869843954113713,-2.7681099902461503,2.9024654413378475,-2.160380795210944,1.7054485129285326,-0.3486156525614085,-0.5324153986580312,6
0.17041600597633177,1.1614326279386162,0,0,0.07208462525867164,-0.11029879758774079,-0.043675798892777264,-0.12180760993798463,0.6126838926260616,0.5892718817504311,0.7191393513479009,0.5007471080095818,-0.71106465604639,1.208128918592187,-1.3393979468932888,0.7069783413553036,-0.5190714494714266,-0.43938316418307005,5
-0.4770679352453406,0.1840379377134527,0,0,-0.5789300324006799,-0.12682999037462137,-0.4185111763827545,-0.14428593817656812,-0.9157557736089748,-0.9086935141463189,-0.9079018222417159,-0.9218223927305429,0.8101920581038811,-0.700110291894825,0.3789382102957354,-0.943343260802325,1.9773043752971293,-0.4196658610739541,7
0.11531098970214688,-0.9853449952345108,0,0,-0.1883212956151545,-0.095386154363875,-0.09053019156074525,-0.12495356760358677,-0.25973975344901684,-0.2200102834623724,-0.19128966761268637,-0.3772688776427427,0.5710007579962101,0.23993672844013744,-0.9766379478147253,-0.21647750082660122,0.006239281599690684,-0.2612794302724346,1
1.1209775367060208,-1.7009375362922199,0,0,-0.25342408437270914,-0.093104116843297,-0.1530037740277337,-0.12176466640598274,2.6195493415555187,2.817178018269991,2.353830813436978,2.7187319394382548,-0.34749397494692325,0.3919203870801898,-0.31794258055432995,2.365059695741908,-1.4068938336155175,-0.5292891178340863,6
-0.06378031318895398,1.8072112625516707,0,0,-0.166620951942332,-0.10017776834836876,-0.15300287442303462,-0.13252770171510628,-0.6401514001252206,-0.6674956736515055,-0.7625392256350254,-0.45986968954806173,0.274403575828585,-1.336190045610902,1.992264957374401,-0.6458715107359994,0.13289827877515206,2.365815154336377,4
-1.386300703769391,-0.7060893694558926,0,0,0.3541905773183715,-0.015001553125789805,0.33115931433831947,-0.10442545796050655,-0.48002917428099773,-0.39138768517070016,-0.48201492968203796,-0.5577669603396713,1.1928981537757513,-0.4074009868142136,-0.4993224082600002,-0.5087758344160371,-0.12183615892440974,-0.05970442341093775,1
-0.1602140916687775,-1.5613097234029107,0,0,0.05038346130760839,-0.1013427971331649,-0.4497481391033944,-0.13200239241729006,0.9387509659448747,0.9193321040758441,1.030266316130079,0.8372690933735564,-0.9406882531733027,1.376999785511053,-1.3966757600897726,1.0225570490907432,-0.648200831254941,-0.46172969554064885,2
-0.6148304759308028,-0.8980776121786926,0,0,-0.2534226000597023,-0.10434612358729439,-0.2779480152464387,-0.12606872364978586,0.5748368520286729,0.5289724287674527,0.6936369360569907,0.47015419023700084,-0.8832823969460099,1.258790138138871,-1.253481141181758,0.6811110261668808,-0.49375632792225754,-0.4695378596383858,2
0.37705981700452507,-0.44428722028843814,0,0,2.003427945983042,-0.03853611501748411,-0.3872747815375807,-0.1331585750432898,-0.21704044955418483,-0.22635753116364316,-0.1632372862165671,-0.2701937480395213,0.09261810611554581,0.17801752202456958,-0.3943129981496412,-0.18802373348410534,-0.35517355772100573,-0.43894550945506194,2
0.8867812175407352,-0.7759032759005472,0,0,0.3324903898890234,-0.07408551180857462,-0.3091840052694978,-0.13345716810650615,0.11387880845660148,0.1481337963883691,0.12493775727568365,0.06632809965643341,0.21699763349242152,0.16675953515568584,-0.4993224082600002,0.10427464666612554,-0.7076646870730128,-0.40118614252761303,2
-1.6342732770032231,-0.7409963226782199,0,1,0.8750022628225492,0.07222981795144567,0.9246488597563997,0.3643343364660156,-0.644033147878799,-0.718274183675327,-0.5814735000929523,-0.6403677722449903,-0.1465732198247864,-0.11469180838665131,0.34075298431471845,-0.6122442570754214,0.8730344783591226,-0.662574264166711,3
0.15663975190778553,-0.9329845654010199,0,0,-0.34022471690749595,-0.12015239867591011,-0.19985721086570887,-0.10761427305938723,-0.28885288780267765,-0.23905216938068607,-0.2346434522793717,-0.3986838815365038,0.6858125823923275,0.1217273343740534,-0.8907211421031942,-0.26045161072135625,-0.028749798421506274,-0.24628367370563095,1
1.0934250285689284,0.5680144231590526,0,0,-0.5355289427280883,-0.12088784349359359,-0.12176665949880075,-0.13700483945567174,-0.3499904935270066,-0.4421661237872708,-0.4310104663320599,-0.16005933216576249,-0.5484144717424485,-0.8239488161806435,1.9445333604605255,-0.3923738472840312,-0.1693191812026459,2.7366206460791136,4
-0.5735017137251641,-1.2296936677908017,0,0,-0.5138289115422146,-0.11685899675560295,-0.4809835949861635,-0.13820881584175632,2.2633986969446496,2.2713094603870534,2.157464143664142,2.357735829111606,-1.773073943448885,1.1574676990455028,-0.19384048012833746,2.1658833243444358,-1.049059878557535,-0.6656214772677661,6
1.4929363965567688,-0.4617406968996018,0,0,-0.5789300324006799,-0.1227727234175931,-0.5278381282173656,-0.14328943352543252,-0.9157557736089748,-0.9340827588755855,-0.8875000667393119,-0.9218223927305429,0.5805684007007589,-0.5650137148805372,0.3789382102957354,-0.9226495879106469,2.4247456821107933,-0.5349926052623016,3
-0.8076980328904498,-0.3919267904549472,1,0,-0.44872698212376905,-0.11972977842609024,-0.059293976636511384,-0.13531731936561384,-0.4722656525720175,-0.3755193374143209,-0.47436425099874524,-0.5577669603396713,1.2598717043729153,-0.4017720187103817,-0.5756929976889233,-0.5036024412195449,-0.0767648042852287,-0.060204064127921515,1
0.6663611524439957,1.6675834496623616,0,0,0.3541906945009773,-0.047459666964057325,0.11250550062956696,-0.028424674485960564,-0.8245346096935021,-0.8198311608786193,-0.9155524894490136,-0.7107314115345562,0.7145155105059742,-1.2798997921008004,1.4576714327895808,-0.8579817958120549,0.5814014168047178,2.2729763187351617,4
-0.4908441893138868,1.7024904028846888,0,0,-0.18832137373689176,-0.09335753836711436,-0.2779479027958513,-0.11857589256274034,-0.6023043333260086,-0.632585468539713,-0.7293863382287338,-0.41398039549000226,0.21699763349242152,-1.336190045610902,2.049542770570884,-0.6070708871593264,0.07905089502132032,2.3822272713402146,4
-1.069446860192828,0.8996304787711616,0,0,-0.2100220689575317,-0.10925027966917066,-0.3560387915145216,-0.13107800549182408,-0.3490200565886121,-0.4040822376990422,-0.4692637679405632,-0.14782215955000946,-0.21354671875662812,-1.0828839423047474,2.049542770570884,-0.38202699104985444,-0.33298917962424673,2.5847138216387573,4
-1.2347619090153827,-1.4216819105136016,1,0,-0.31852409980859314,-0.12378704990190076,-0.29356602431429163,-0.1379082774855089,-0.37910362788066754,-0.36599840873661427,-0.30094922709195493,-0.48128469344182295,0.4274859710428977,0.2061626158498276,-0.7761656016270333,-0.3277061180425123,0.15202479743744096,-0.30924953305403574,1
-1.6342732770032231,0.8821770021599981,0,0,0.0069829692663063185,-0.10426146716896185,0.12812356592271362,-0.07472933741922155,-0.471295215633623,-0.5056392577466851,-0.606975708815951,-0.2701937480395213,0.07348282070644813,-1.285528815931974,2.106820669684174,-0.485495436989636,-0.20055913698286304,2.4325707645827945,4
-0.6423829840678952,-0.4268337436772745,0,0,-0.10151945219344118,0.05574705765515801,0.17497798670332843,0.11799630146596798,-0.8623816948339907,-0.9055198560202032,-0.8084432059268214,-0.8759330491119962,0.31267414664678034,-0.3511107991636976,0.2834750852014293,-0.8424615463813857,2.10554219199756,-0.5765911565904537,3
0.184192260044878,-0.13012464128749274,0,0,-0.4921280991389687,-0.12378703894727716,-0.5590743712542464,-0.14328943352543252,-0.801244099590391,-0.7214478418014426,-0.8262947589185176,-0.8392215808252239,1.374683545990807,-0.8239488161806435,0.025724642291794345,-0.8579817958120549,0.5723238257067504,0.11224471000766335,1
-1.5791682607290383,-1.0900658549014925,1,0,0.13718577345974503,-0.054559977002113985,0.19059608010912188,-0.01812740349443539,-0.47420652644880673,-0.4040822376990422,-0.45906293953613997,-0.554707674069134,1.0206804042652444,-0.2891914914256906,-0.5279614007750478,-0.4880821917888757,-0.03641744121788757,-0.14665750171865113,1
-0.9041318113702734,-0.47919417351076543,0,0,-0.49212825538244315,-0.11770107638989005,-0.512219742440045,-0.14269152309348948,1.9528586146401494,2.017416810297795,1.9253938170601497,1.901901596595864,-1.0076619243228857,1.4220319862926853,-1.4062219763723804,1.930492432318402,-1.0032157005008606,-0.4667770890980776,6
-1.31741943342666,-1.0027984718456744,0,0,0.2673886948357895,-0.07788920816761599,-0.07491212626759858,-0.05473261654068883,-0.37813316474044945,-0.3310882321877219,-0.3290016084880743,-0.47822540717128553,0.7336508303586201,0.014775876515633522,-0.7570728253945934,-0.3561598853850083,0.04520075855318687,-0.23875528770427276,1
1.3000688395971218,0.1491309844911254,0,0,-0.16662075663798898,-0.11229358958657235,-0.37165685680766825,-0.13355126593938924,-0.048184343668057746,-0.0930640441064443,0.033129796692091706,-0.1019328379583459,-0.36662917424715025,0.49887194626104886,-0.48022980386117226,0.011153056960520814,-0.3187828988548286,-0.5062555643147701,2
-0.4219629189711557,0.2014914143246163,0,0,0.15888646868038497,-0.0984291297088141,-0.5278381282173656,-0.14010059277630718,-0.9138148997321857,-0.9150408246859703,-0.9028013850875143,-0.9157038146827475,0.7336508303586201,-0.6775941915040087,0.41712347923515514,-0.9381698443254354,2.005749935162269,-0.4829658494902823,7
0.9281099797463739,0.6727352828260345,0,0,0.20228723414776725,-0.07712844835588846,3.5172592808292484,3.791542450558307,0.08864742185651887,0.046576890592327336,0.11983725126551144,0.09080233475352387,-0.4527380446969602,0.2793399611179378,-0.022006868705275302,0.1197948495359998,-0.5233642396644047,-0.782323624553876,5
1.616922683173685,-0.7409963226782199,0,0,8.014460329301794,4.196189276616068,3.579732048029479,1.8418312994059027,0.1274649779977725,0.008492918815397888,0.2600994795739705,0.08162447594191188,-1.1798796652225054,0.9829680666676834,-0.48977619197739225,0.24137032298608757,-0.03357003874430922,-0.5887472690046718,3
1.6582514453793236,0.09677055465763452,0,0,-0.7308334029138921,-0.12725262267452722,-0.6840194839650036,-0.14700974842033943,-0.9710707367414775,-0.9372564144310402,-1.0150111172399032,-0.9401781296272895,1.0972216233996184,-1.088512966642533,0.7512443826985044,-1.0519851232189963,-1.8651544328831187,0.8829091994428392,7
-0.39441041083406325,-0.14757811789865635,0,0,-0.5789300089641587,-0.12378704008838377,-0.5903106592713622,-0.14382090695372468,-0.7934806014630521,-0.7151005255492112,-0.818644103187215,-0.8300437137535308,1.3555482347490482,-0.818319787283348,0.03527103040801401,-0.8502216710967202,0.4825663729777601,0.09976507990568022,1
-0.9041318113702734,0.2713053207692709,0,0,1.96002659460263,0.0316567836834854,-0.21547538860944293,-0.1326599567084615,-0.5421371907418977,-0.5818069727973416,-0.4718140324216444,-0.5822412780375736,0.08305046341099705,0.020404895280685193,-0.11746997661622025,-0.5010157329811,0.2390884620942999,-0.48765614422395664,2
-0.7939217788219036,0.21894489093577996,0,0,1.8949252901580822,-0.04262019496769013,0.06565110796159898,-0.0896604417022734,-0.5644572665267965,-0.6801903118685485,-0.43356068490916083,-0.6036563094649386,-0.5866851286695142,0.4031785259327321,-0.09837737221739251,-0.46221503956323484,1.0153903478072555,-0.6101319822765267,3
0.8592287094036428,-0.6013685097889109,0,0,-0.036417991505418974,-0.08738338645776281,-0.41851116513769565,-0.13265165912336951,-0.8390911821106973,-0.854741371702992,-0.795692113041317,-0.8667551847936635,0.5422977696063542,-0.4017720187103817,0.1402804405183729,-0.8295280051891615,1.364512334966355,-0.45344026653059333,7
1.5893701750365925,1.1614326279386162,0,0,-0.12321999117060672,-0.11012896737333173,-0.3091841739453789,-0.12736048970228828,-0.4441229813585748,-0.48342366228903516,-0.6120761918741332,-0.1998300812163514,0.006509235665735893,-1.4769156413902413,2.4982194894441734,-0.42600107766421186,-0.08093972463101289,2.340182330306485,4
1.4929363965567688,1.0567117682716345,0,0,-0.5355289817889569,-0.12547756819254477,-0.4653655859183105,-0.13292570131499057,-0.6605306282351538,-0.6579747164108987,-0.7880414343580243,-0.502699752402792,0.5614330894590002,-1.3868512651575862,1.7917923534362912,-0.6820854726350224,-0.09730048661254662,2.2602182693110886,4
-0.3530816486284246,0.1491309844911254,0,0,-0.5572295520148173,-0.1184618727170296,-0.5278381282173656,-0.13292569414009697,-0.9516619796323094,-0.9340827588755855,-0.9691071369481074,-0.9371188403280557,0.9345715424263216,-0.8971261411842657,0.5889570906582172,-1.005424328366194,2.413213704272348,-0.4722385852958451,3
-1.0969993683299204,-0.2173920243433109,0,0,-0.5355291888115604,-0.11927394079062341,-0.4028930717319022,-0.13286067166672202,-0.5489302755124833,-0.5881543061873132,-0.4692637679405632,-0.6005970231944014,0.09261810611554581,0.07669508293120138,-0.22247938672657921,-0.4984289781818603,0.27034990819798843,-0.47629899109144164,7
-0.4770679352453406,-1.5264027701805836,0,0,-0.36192586132812476,-0.11977309255138094,-0.3716572222720773,-0.1250683874260882,0.7679539861819583,0.6781343207068311,0.9308076539112043,0.6506523830683454,-1.4382062765719352,1.7091120446327563,-1.4635000473192812,0.9216752881090092,-0.41438301693100615,-0.5008281021777558,2
-1.5791682607290383,1.1614326279386162,0,0,0.3107899680944636,0.031995083000320626,0.018796883969512165,-0.09937644945001818,-0.10738099691012691,-0.09941132037061517,-0.07142932563297515,-0.15700004589522526,0.15959169115625804,0.1498724281993116,-0.4134056025484691,-0.0949021437785006,-0.5325571287452964,-0.4241294346120428,5
1.7133564616535084,0.8647235255488345,1,0,-0.0798194210075674,-0.08967498416964924,0.33115931433831947,-0.10911605542285871,0.4748817163649137,0.449631118429061,0.5814274104725129,0.3661383744379207,-0.6153882290009016,1.0955484419687154,-1.2439346671487326,0.5672959567968965,-0.4655165171986691,-0.43815599688984136,5
1.2862925855285756,0.4109331336585799,0,0,-0.7308334029138921,-0.12725262267452722,-0.6840194839650036,-0.14700974842033943,-0.9710707367414775,-0.9372564144310402,-1.0150111172399032,-0.9401781296272895,1.0972216233996184,-1.088512966642533,0.7512443826985044,-1.0519851232189963,-1.8651544328831187,0.8829091994428392,7
0.5148223576899873,-1.9103792556261834,0,0,-0.3619248652759754,-0.11506492609686067,-0.5122193741643712,-0.1342325741059968,1.9829422383358521,1.8904707137563683,1.9840490049974004,2.048747667984902,-2.452377178233945,1.6359349526707447,-0.32748879683693816,1.9899868847654156,-0.8089707693718206,-0.6757779915574489,6
0.36328356293597885,1.1090721981051253,0,0,-0.25342279536404533,-0.11034733706849097,-0.10614839741712617,-0.1283417532650371,-0.6663532236636978,-0.6706693260650413,-0.7931418715122259,-0.502699752402792,0.5040271729554978,-1.3868512651575862,1.8490702525495804,-0.6820854726350224,0.0021173242214882733,2.278331118799504,4
-0.6837117462735339,-1.020251948456838,0,0,0.24568831210209832,-0.10190735735391733,-0.24671171598426425,-0.13023986598939363,0.5418419437196103,0.5035831808962671,0.6528335765353176,0.4395613275316277,-0.7876059699005216,1.1799839767505875,-1.2152959323841022,0.6397238340341475,-0.49298790718766633,-0.46140190741940573,2
1.1623062989116597,1.1788861045497798,0,1,0.4626930378389875,-0.07467541600747941,0.9246485786299311,-0.03810406516414738,0.29243936233214485,0.31633757424606157,0.3315056685887657,0.21929249578411028,-0.02219369244791057,0.49887194626104886,-0.8238971126241025,0.3137982235037363,-0.6456366389874351,-0.38845125696998367,5
1.616922683173685,-1.1598797613461471,0,1,0.22398765594232692,-0.0735321230216858,1.9242094803159882,-0.09750001028554549,-0.5683390142803748,-0.6135435540584989,-0.5355695198011563,-0.5577669603396713,0.054347535297350584,-0.24978836007032937,0.3693918909129603,-0.565683462222619,0.16752359257044913,-0.6509614673573244,7
1.506712650625315,-1.683484059681056,1,0,-0.4053256698042264,-0.11302054228874887,-0.10614791950212969,-0.12267360524738123,2.2430195474401864,2.2490939220552035,2.1676649261645844,2.3026686211747265,-1.773073943448885,1.3432255715983041,-0.5088687963762202,2.176230064176625,-1.0133175910327639,-0.6276025197476547,6
-0.4219629189711557,0.21894489093577996,0,0,-0.6440314618400073,-0.1265764111726905,-0.6215469276096249,-0.14647827468711427,-0.9041105198675105,-0.9086935141463189,-0.8823996204043141,-0.9157038146827475,0.6953802423186506,-0.5987878274708469,0.321660354140849,-0.9174761621215982,1.827388576215491,-0.45725738702499075,7
-1.2623144171524752,-0.44428722028843814,0,0,-0.4921280991389687,-0.11329424127730135,-0.3091842582833194,-0.13052656397586004,-0.9176966501059464,-0.9213881352256218,-0.9334040401455109,-0.8851109216904102,0.7145155105059742,-0.8577229794321728,0.7416980710482418,-0.9692103757793301,1.9853766726022024,-0.7663177810623338,3
-1.3449719415637524,1.1439791513274526,0,0,-0.34022483409010174,-0.1201524103151977,0.05003304266845231,-0.10203378968562797,-0.11223312919845277,-0.10893230617412258,-0.08163015403739823,-0.15088150088775468,0.12132112033806282,0.11046919552151105,-0.3083961924381103,-0.1052489301714851,-0.5668379435012539,-0.4527487151212279,5
-0.9454605735759121,-0.2872059307879654,0,1,1.048606340274662,0.17873301931688124,1.221393477845882,0.2688681975590802,-0.762426585372055,-0.8071365426556065,-0.7166352453432294,-0.7657986332382375,0.21699763349242152,-0.3229656546772199,0.3312066563402629,-0.749339956675781,1.3195641682665855,-0.5999421456650041,3
0.11531098970214688,0.3062122739915981,0,0,-0.68743243823608,-0.12332418943981796,-0.652783204381682,-0.14392216568917904,-0.9691298608995516,-0.9372564144310402,-1.0099106750362636,-0.9401781296272895,1.0780863190465693,-1.0659968687847778,0.7321517593979792,-1.0468117016204193,-0.8964673354534145,-0.4722385852958451,7
0.04642971935941578,-0.13012464128749274,0,0,-0.42702661892051225,-0.11136165624971621,-0.44974743628722325,-0.13046762939971643,-0.9196375266029178,-0.9309091033201309,-0.9002511665104134,-0.9218223927305429,0.6475419599088101,-0.6269329719573246,0.41712347923515514,-0.9355831360869905,2.3642026894816524,-0.5169093252905473,3
-1.6342732770032231,0.5331074699367254,0,0,-0.6874324304239062,-0.12657641130962333,-0.6527832100042114,-0.14647827472298874,-0.9691298608995516,-0.9372564144310402,-1.0099106750362636,-0.9401781296272895,1.0780863190465693,-1.0659968687847778,0.7321517593979792,-1.0468117016204193,-0.8964673354534145,-0.4722385852958451,7
1.5618176668995,-0.09521768806516545,0,0,-0.6006305401291505,-0.12319535553492189,-0.46536557748451646,-0.14568106377337495,-0.8400616190490918,-0.759531699326771,-0.8721987323247166,-0.8698144738175613,1.4129541512525505,-0.9027551599493173,0.12118779316114212,-0.8967824775897214,0.8246819480032318,0.20533530707349704,1
0.15663975190778553,-1.3693214806801108,0,0,-0.2534228734857826,-0.09200598657552739,-0.10614848175506669,-0.11963191313577459,0.41956678467459935,0.43693642308621733,0.44881586084734665,0.3630790881673833,-0.18484379064298165,0.5382750269551902,-0.7284338328795458,0.43278694215458446,-0.734548427871913,-0.4408636458258185,2
-0.8628030491646348,1.7548508327181798,0,0,-0.36192517776292427,-0.10252376945973248,-0.02805767737433687,-0.11771836721525483,-0.5877477530482664,-0.5595914059025919,-0.7523383283746318,-0.41092110921946495,0.7336508303586201,-1.5726090363879484,1.9349870582611115,-0.6044841789208816,-0.0824367239994797,2.086518516980455,4
-1.4276294659750297,1.894478645607489,0,0,0.2022873122695045,-0.06597097022628154,-0.043675798892777264,-0.1044254328483789,-0.6158904766653562,-0.6135435540584989,-0.7319365797578248,-0.472106862163815,0.5231625014190308,-1.2742707733357488,1.639051346412057,-0.6562183669701763,-0.43573040577629674,2.3601862700869605,4
-0.9179080654388196,-1.1424262847349835,0,0,-0.5138284037509228,-0.11803964614899552,-0.4341288199861984,-0.13157182938336726,2.2517535584912087,2.277656822339925,2.1396123152485638,2.3363207426170325,-1.6008563747670066,1.1068064794988188,-0.27975728583986853,2.147776064030155,-1.0762795309845703,-0.6475784428963697,6
-1.1521043846041055,-0.8457171823452018,0,1,5.2802003084743925,0.30947757032456585,6.797068735472284,0.42184433748262623,0.47002955787476436,0.41789448004210317,0.4870690247439088,0.49462853546850705,-0.8545793827234929,0.49887194626104886,0.006632037892966455,0.4715874493292701,-0.5670087763160295,-0.6419942040878643,3
-0.46329168117679437,-0.14757811789865635,1,0,-0.05811841329997864,-0.09437182240225556,0.4092501468316961,-0.09625400211706502,-0.4489751398487241,-0.350130146668936,-0.46161315811324083,-0.524114783830157,1.2598717043729153,-0.4524332382570657,-0.48977619197739225,-0.4906689000273206,-0.22909357873351677,-0.04944457757178286,1
1.382726364008399,-1.7707514427368745,0,0,-0.40532617759551814,-0.12142022062774446,-0.48098393233792563,-0.14508312984365532,2.6438106580427356,2.8616093234368924,2.358931434207101,2.7462655434066945,-0.18484379064298165,0.28496892922176986,-0.2988498902386964,2.370233298461977,-1.45023866525701,-0.5135896455928568,6
-0.8628030491646348,1.3708743472725797,0,0,0.26738896826186975,-0.08826404690705805,-0.26232994995329195,-0.12673371610831569,0.6136543295644562,0.5956192722662034,0.7038378333173844,0.5160436219630803,-0.6632264425236459,1.1011774100725478,-1.2057496301846882,0.6914578824010577,-0.5666702928236251,-0.45038069505386596,5
-0.6010542218622565,0.04441012482414362,0,1,0.028683430121734698,-0.10147205712727493,-0.38727489398816806,-0.14189431600038102,-0.893435705684623,-0.9213881352256218,-0.8645480765934139,-0.8912294997382054,0.4753242190091903,-0.5424975891591112,0.44576240301675807,-0.8993691904842457,2.2136752226130962,-0.5982177316856809,3
0.680137406512542,1.1265256747162888,0,0,0.3975915771509653,-0.06151737028196664,0.33115931433831947,-0.10691572541714915,0.34969522030289557,0.36076867947266056,0.40801227180577193,0.2651819275101897,-0.18484379064298165,0.6733717812837465,-0.9575455152495089,0.3913995172178768,-0.5836211450867657,-0.40797263776738935,5
1.2036350611172983,1.929385598829816,0,0,-0.5572295207661223,-0.12454777821908543,-0.38727489398816806,-0.14189431384791293,-0.7847466611569539,-0.7658790127227124,-0.9181027126165126,-0.6342491997039157,0.8101920581038811,-1.5275768862675352,1.782246051236877,-0.7933140432901384,0.8432556030294405,2.072328254752648,4
0.7627949309238192,0.9694443852158162,0,0,0.1588866249238593,-0.0700281611399643,0.5966678861794491,-0.01653298069834612,-0.04139125889747223,-0.04228551980117258,-0.0025733551952811864,-0.08663640660565944,0.025644521074833587,0.22304977346742164,-0.40385938626586115,-0.025060951499297067,-0.5523449216612584,-0.45981861185548584,5
-0.4219629189711557,0.2887587973804345,0,0,-0.6657319539441305,-0.12649188504591247,-0.5903106761389502,-0.1462125382061522,-0.8914948265674693,-0.8864779244012491,-0.8747489577874145,-0.9065259476110545,0.7719214528421375,-0.6213039531922728,0.2834750852014293,-0.9097160304221444,1.612893439693036,-0.40195385000067846,7
0.2806260385247015,0.49820051671439813,0,0,-0.4487272047707201,-0.10115735589545502,0.09688726666053925,-0.12711939892707785,-0.31505471134115476,-0.3755193374143209,-0.42335978764876725,-0.12334789691931501,-0.2900878603930187,-0.9759324748206959,1.9445333604605255,-0.361333348422693,-0.3918292929706101,2.6500496421606505,4
-0.11888532946313886,0.026956648212979984,0,0,0.3758911944172742,-0.11076022687389388,-0.10614867854359467,-0.1367113850512616,0.6252996252288379,0.563882719567946,0.7395409163487867,0.5405179671945867,-1.065067694441308,1.270048327652633,-1.0911938319581098,0.7276718210196831,-0.48242560936062173,-0.5050109917699398,2
0.9143337256778277,0.6727352828260345,0,0,0.2890893900564294,-0.08422871046746686,3.298605579571084,3.6363516541602285,0.10223359139769009,0.059271471683569915,0.13513858568010673,0.10303956243648509,-0.4718732439971875,0.30185608683936394,-0.04109947310410319,0.12755504409252671,-0.5656044948340203,-0.7707081101959123,5
1.5618176668995,-1.1947867145684745,0,0,-0.4487264587081298,-0.11605490912530521,-0.4028930155066085,-0.13700482564400154,2.0072031355938926,1.9475965143258107,2.019752202788754,2.0273325814903296,-2.1749154536931585,1.7316283223378421,-0.7666191275940074,2.0262009397860283,-0.8368725761031232,-0.6180170788804139,6
-0.022451550983315315,1.0916187214939617,0,0,0.6796980760628256,-0.058127254326057934,1.9710637043080754,-0.004729484290479169,0.3856015180326126,0.3925053178596184,0.44626561931825565,0.3018933076894293,-0.25181737568369406,0.7184039314041596,-0.9670917315321171,0.4302002106357422,-0.6003747920286394,-0.42028572096371125,5
-0.2842003782856935,-0.025403781620510917,0,0,-0.5572295207661223,-0.12657641247355206,-0.5434562778484529,-0.1440202106104114,-0.8031849813277273,-0.7055795311768339,-0.8492467421788186,-0.8331030055307889,1.537333618353217,-0.9646744322244707,0.10209520594567549,-0.8631552122889447,0.40184248451771776,0.3444984462751173,1
0.9281099797463739,0.32366575060276176,1,0,-0.5355290364741729,-0.12446325211512953,-0.26232975316476403,-0.1376425326996075,-0.8487955645955548,-0.7436634258339325,-0.9028013850875143,-0.8759330491119962,1.6425778172665595,-1.0547388185893698,0.14982674271778684,-0.894195764695197,1.020725745620494,0.49154075523658497,1
1.5342651587624077,2.034106458496798,0,0,0.2673886948357895,-0.08916505328748592,0.2686868001519112,-0.10300493126721116,-0.3820149124940277,-0.37869304695365724,-0.5610717285241551,-0.16617795977404515,0.34137707476042684,-1.4994317417810574,2.2022838635119246,-0.39754731032171586,-0.4293479976598956,2.268736942954694,4
-0.13266158353168508,-0.7409963226782199,0,0,-0.4487264587081298,-0.11248824936826698,-0.4809832182766957,-0.1400199173756521,1.8043817892676026,1.6873566450981823,1.8514373406122842,1.8407158711851184,-2.5289184920880765,1.793547579414629,-0.5184150985756338,1.8554777537211171,-0.7133959340291387,-0.6584981354114893,6
-0.6837117462735339,0.4458400868809072,0,0,-0.535529059910694,-0.12446325074580157,-0.3872748377628744,-0.13790826582630678,-0.7740718443538842,-0.7785736423708852,-0.7421374540662283,-0.7994508235145538,0.5901360434053078,-0.4242880937705881,0.1307341125439174,-0.7752070623406271,0.6574884955325606,-0.42321627358655833,1
-1.3311956874952062,1.1265256747162888,0,0,-0.16662099100320063,-0.09310396849943568,0.7528491013638527,0.19393064901309712,-0.18598646752555836,-0.16923173059420046,-0.1785386206311624,-0.20900799509517137,0.30310650394223143,-0.10343366953410894,-0.12701627881563426,-0.20354400619517185,-0.6626426773550678,-0.46523170980716344,5
-0.13266158353168508,-0.8457171823452018,0,0,-0.3619248652759754,-0.10958653480759697,-0.3872740224961159,-0.13631384841138772,2.3322997981761353,2.372866251931494,2.226320114101836,2.3944473469588647,-1.5338827036174234,1.2137579373572387,-0.5279614007750478,2.2357245166236392,-1.0833373804035862,-0.6116156990961529,6
0.33573105479888643,1.021804815049307,1,0,0.4843942017900506,-0.05402135869938563,1.283865795243762,-0.045682464032430925,0.07312045704402921,0.12591814380491856,0.07138305239661456,0.023498009268099283,0.4179183025056879,0.048549989105943374,-0.4993224082600002,0.04995365725679625,-0.7850149870663261,-0.3259322402519194,5
1.1072012826374746,0.5680144231590526,0,0,0.11548542978692244,-0.09809100155797269,-0.12176654704821337,-0.10475758557961204,-0.49264482827830364,-0.5532440725126203,-0.6171766060763447,-0.27937163438473717,-0.1465732198247864,-1.2292385725541164,2.230922598276554,-0.49325558498536803,0.05536071219029065,2.4848523228856974,4
0.9556624878834663,0.9519909086046526,0,0,-0.2534228734857826,-0.10324705761209187,1.5649922637021572,0.07860074538746264,-0.08894264267698287,-0.08989039169290859,-0.05357772673729845,-0.12946644192678558,0.06391517800189936,0.16113041506819514,-0.3370351849531578,-0.07679511626819413,-0.5706656185797498,-0.47829664810985045,5
-0.22909536201150862,-1.12497280812382,0,0,-0.5355285716498366,-0.12344892220750199,-0.3872747815375807,-0.14189430936360442,2.3342408292638654,2.39190842347881,2.2084682856862576,2.403624985501645,-1.380800420344642,1.0842905057610517,-0.46113719946234455,2.2176172563093584,-1.1237121185685746,-0.6108606088129102,6
0.7765711849923654,-1.8929257790150198,0,0,-0.40532516201293456,-0.12243462356619601,-0.27794840882349453,-0.12495356042869317,2.7049481589597706,2.8869985998709784,2.417586622144352,2.84416264899668,-0.5579821144469974,0.3187431937957382,0.016178426009186123,2.429727750908991,-1.4090224915667318,-0.6250475064567649,6
-0.24287161608005484,1.5105021601618889,0,0,-0.36192517776292427,-0.11364386950071452,-0.16862091160353448,-0.13525090585973956,-0.5751320728491368,-0.6167172064720345,-0.6885828180431297,-0.39256530899542924,0.09261810611554581,-1.2236095537890648,1.982718569258181,-0.5889638596490202,0.03440333130463173,2.475651026920908,4
0.4597173414158024,1.2487000109944344,0,0,0.22398773406406433,-0.07374799757309773,0.11250550062956696,-0.11611463678842507,-0.6644123497869086,-0.6674956736515055,-0.818644103187215,-0.4690476034268816,0.5135948414927076,-1.566980068284116,2.145005792565023,-0.6536316820121288,0.3916202830471108,2.1842448636978062,4
1.4240551262140377,-0.5839150331777472,0,0,-0.014717452528253436,-0.07684836145244643,-0.059293976636511384,-0.10280229792177067,-0.5295214843409448,-0.569112363143199,-0.4539624564779579,-0.576122705496499,0.07348282070644813,0.06543709606231762,-0.18429417792892358,-0.4829087287511911,0.20780574362173912,-0.49057239736500435,7
0.625032390238357,0.5331074699367254,0,0,-0.68743243823608,-0.12332418943981796,-0.6684013467034811,-0.14456879992679159,-0.9691298608995516,-0.9372564144310402,-1.0099106750362636,-0.9401781296272895,1.0780863190465693,-1.0659968687847778,0.7321517593979792,-1.0468117016204193,-0.8964673354534145,-0.4722385852958451,7
0.7627949309238192,-0.4617406968996018,0,0,-0.36192586132812476,-0.1197297307278333,-0.4028930155066085,-0.1350515917994571,2.5496782488166385,2.677537426326023,2.3232282364157473,2.669783248975242,-0.9215530538730757,0.5945652146057065,-0.08883107001797849,2.334019243441364,-1.2991272980174617,-0.6351873919372965,6
1.4102788721454915,-0.33956636062145634,0,1,-0.5355291185019969,-0.11475242035418821,0.19059608010912188,-0.10925780979598626,-0.45673863535588083,-0.47390267648552786,-0.4157091778214449,-0.48434403477956817,0.21699763349242152,-0.10343366953410894,-0.04109947310410319,-0.4441081051745182,-0.20742836849181664,-0.49413141544810285,7
0.30817854666179395,-0.54900807995542,0,0,-0.29682379519663926,-0.11744753459343436,-0.29356602431429163,-0.10681703475549154,-0.35678352589394513,-0.28665698414662144,-0.32645141286296364,-0.4568104308111285,0.9250038824999987,-0.09217568266522538,-0.7666191275940074,-0.35357320042696094,-0.05893764376094183,-0.18723936636123348,1
1.382726364008399,1.7199438794958526,1,0,-0.14492037390429785,-0.11634870756595922,-0.1842390893472685,-0.11618427809956387,-0.6042452072027977,-0.6294118161261774,-0.701333910928634,-0.4568104308111285,0.26483584701516566,-1.1391741861892173,1.6676903389271045,-0.643284825777952,-0.18373382656880483,2.5375783944915886,4
-1.4551819741121221,-0.37447331384378363,0,0,0.7882008100095218,-0.09300535862928655,-0.3560386228386405,-0.13582391815523637,0.5583393978741416,0.5099305714120392,0.6706849459110927,0.4640356727631342,-0.8928499535416882,1.2024998491659158,-1.1484715592377874,0.6578306287404796,-0.4832612472935757,-0.4771898293964701,2
0.07398222749650822,-0.37447331384378363,0,0,2.111929898712366,1.5569363146719444,1.9710637043080754,1.483817919748253,-0.5945408378188519,-0.6484537591702916,-0.5508709001197319,-0.5883598505786484,-0.0030584070388128765,-0.19912714052364527,0.34075298431471845,-0.5812037814944805,0.6418740100983499,-0.6563518543673212,3
1.065872520431836,0.2887587973804345,0,0,-0.4487271578976777,-0.11605486370926152,-0.5590743853105699,-0.1408345815230399,-0.9438984762646059,-0.9150408246859703,-0.9716573601156063,-0.9279409721550186,1.03024805558068,-0.959045403327175,0.5985033928576312,-1.0080110412607184,1.6866982286318504,-0.30690933550782146,7
-0.05000405912040776,-1.072612378290329,0,0,-0.5138284037509228,-0.12251913985663493,-0.37165649134325923,-0.13691175830521374,2.314832090495974,2.3855610615259386,2.1702153513095968,2.3944473469588647,-1.2468530780454767,0.9435647833286631,-0.35612778935198575,2.1788169819386467,-1.1604723848439076,-0.6156001429386619,6
0.5423748658270797,-0.7060893694558926,1,0,0.24568831210209832,0.011455003986408193,-0.24671154730838313,-0.13292571979034162,0.7650427015685982,0.7828648503535082,0.8134975075566034,0.6812452457737184,-0.4623056012926386,0.9491937514324954,-1.1484715592377874,0.8026866160189556,-0.7303551557488847,-0.4291302416224332,2
1.3689501099398529,1.1614326279386162,0,0,0.3975915771509653,-0.07850203035198731,0.1593601181987097,-0.1138272179240314,0.2730306235642533,0.27507997861849665,0.3315056685887657,0.19787757449116125,-0.20397907605207918,0.6114524735457396,-0.8334434148235166,0.3137982235037363,-0.576513558428235,-0.4279469433276655,5
0.4872698495528948,-0.23484550095447454,0,0,-0.40532629477812404,-0.11147763376270545,-0.5590745961554212,-0.1421278539444565,-0.1423167528941553,-0.1597108304793941,-0.11223277696260865,-0.16005933216576249,-0.04132897785700826,0.08232405103503344,-0.09837737221739251,-0.1362894290328234,-0.5249773216523529,-0.5323134905863852,7
0.8316762012665503,-0.23484550095447454,0,0,6.473727022653353,8.433243698823249,-0.3248024641397004,-0.136313830115409,0.35648835747712826,0.3798106225167748,0.37230914287038946,0.31107116650104133,-0.07959963478407418,0.3975495071676806,-0.5947856020877512,0.35518553203845665,-0.7786384201331809,-0.4322016538465332,2
1.134753790774567,1.6326764964400344,0,0,-0.42702661892051225,-0.1164332434834321,-0.10614839741712617,-0.13073335696587315,-0.8060963000034582,-0.7944419130074337,-0.9181027126165126,-0.6740199487545045,0.7623538015267016,-1.4037383366511067,1.6199587420132289,-0.826941273670319,0.6745042546753134,2.1615405217775594,4
-0.46329168117679437,-1.0377054250680018,0,0,-0.3619251152655345,-0.11099585306810791,-0.3872747815375807,-0.12871077239338127,0.6534423226441042,0.5956192722662034,0.7777944245252012,0.5527550021423197,-1.0555001378456297,1.3601125772322393,-1.253481141181758,0.7664726774003302,-0.49526653533942994,-0.48756788859873407,2
-0.4219629189711557,1.597769543217707,0,0,0.48439373305962746,-0.01094429374570948,-0.23109345390258967,-0.12674732329405422,-0.520787578097217,-0.5278548532043351,-0.6860325994660289,-0.3099644970901102,0.3605124462783949,-1.5219478168412641,2.221376296077141,-0.5191226673698166,-0.10237337990662757,2.245045936790303,4
-1.4000769578379373,-1.1947867145684745,0,0,0.13718565627713925,-0.04340244866381556,-0.1842392299105028,-0.13292569772754376,-0.35678352589394513,-0.31839359397067896,-0.30094922709195493,-0.4568104308111285,0.6379742999824871,0.07669508293120138,-0.7666191275940074,-0.3277061180425123,0.031356674736555144,-0.26309604679277027,1
-0.5735017137251641,-1.212240191179638,0,0,-0.4270273181100601,-0.11081882840464638,-0.4966018289551912,-0.13700486080098026,1.9101593369471408,1.8492133180691055,1.910092413789584,1.9477908906539243,-2.1079416964347057,1.5683864741840279,-0.5566003073732896,1.9149720897661433,-0.8429284882300705,-0.63838853475419,6
1.1623062989116597,-0.9329845654010199,0,1,0.13718620312929963,-0.08567800717038082,1.7836462460867908,-0.0849116827585645,-0.0083963505884094,0.024361266571777222,0.005077300536021501,-0.05604354390028652,0.30310650394223143,0.08232405103503344,-0.4420445950635168,-0.017300826783962407,-0.6735615489062421,-0.38565664647953524,2
-0.2704241242171473,-0.9504380420121835,0,0,0.24568878083252163,-0.0923083273403799,-0.16862113650470925,-0.12060685023607949,0.5893934585082384,0.5892718817504311,0.6655845546608711,0.49156927673157386,-0.4814410589194772,0.9885970347715153,-1.1962031561516628,0.6526572588243845,-0.602532411786982,-0.4259537508533477,2
-0.05000405912040776,0.5331074699367254,0,0,-0.5572295520148173,-0.1245477772149116,0.05003293021786498,-0.04383742399613555,-0.9225488426584663,-0.8928252349409005,-0.9461551468022094,-0.9126445256588498,1.0206804042652444,-0.9140132126777866,0.5316792087282891,-0.9821439309397928,0.4643072700289743,-0.35029266921583324,7
1.2311875692543908,0.3411192272139254,0,0,-0.6874324304239062,-0.12332418943981796,-0.5590743937443639,-0.1439221649716897,-0.9536028535090986,-0.9309091033201309,-0.974207578692707,-0.9401781296272895,0.9824097903926138,-0.91964223650896,0.5794107712754422,-1.0105977494991631,2.009594044017538,-0.4027102343546723,7
-0.10510907539459263,-0.23484550095447454,0,0,0.18058685141407613,-0.060933048376673786,-0.043676080019245764,-0.11288881000083768,-0.5198171411588225,-0.6738430070414771,-0.34940340300886163,-0.5700041054218205,-0.9693912673958197,0.7015167231253459,-0.22247938672657921,-0.37685359785336214,1.1024582843742572,-0.6190061371554479,3
-1.6756020392088617,-0.7933567525117108,0,1,5.063194918702736,8.001231456811546,11.49812710773016,11.733815330975563,1.1163411352856707,1.0843622580829013,1.0838207685372565,1.1737908584686993,-1.1990148645227325,0.7015167231253459,0.006632037892966455,1.0768777824157008,-0.6893627778409631,-0.6775106875895784,3
-0.5872779677937103,0.25385184415810724,0,0,-0.3836256776792212,-0.11541892589975612,-0.4341293035237242,-0.14010058954760507,-0.9341940963999307,-0.9372564144310402,-0.9283036006961101,-0.9279409721550186,0.7336508303586201,-0.7282554110506927,0.5030402849466862,-0.9640369569744005,2.49393754914147,-0.5237202784675188,3
0.04642971935941578,0.2887587973804345,0,0,2.3289347025709928,0.033243202605159096,-0.4966018289551912,-0.14166189518724118,-0.24615363631149276,-0.22635753116364316,-0.24484430363578505,-0.26407520303205073,0.3796477316874926,-0.1934981217585936,-0.05064577530351706,-0.2707984203947382,-0.7047369901251253,-0.44603041741003235,2
0.04642971935941578,0.8996304787711616,0,0,0.11548542978692244,-0.03114612136926497,0.0812690045788646,-0.0693482066707979,-0.34804956724657043,-0.3406091323025284,-0.5151677482323592,-0.15088150088775468,0.3509447174649756,-1.3924802839226378,2.0113575617732287,-0.38461374584909414,-0.6230150439648788,2.3474984240011323,4
1.244963823322937,1.2137930577721072,0,0,0.050383734733688665,-0.11546730083293091,0.6747584937716509,-0.12377579446709679,0.2138338917167135,0.2306488733918977,0.2549989735637983,0.14586954269040323,-0.02219369244791057,0.44821072671436474,-0.7379803069125714,0.23619683666800553,-0.6043216882728436,-0.41123777238292253,5
1.5755939209680463,0.2363983675469436,0,0,-0.03641814774889338,-0.09619562573523184,0.28430509034623264,-0.1274821471984036,0.09932228058250633,0.2020859731071764,0.025479072104818593,0.08774315861740252,0.8484626719765116,-0.4074009868142136,-0.15565518541387602,0.0033928624039938856,-1.0976669798851757,-0.2545723909767734,2
-0.46329168117679437,2.1562807947749434,0,0,0.31078969466838346,-0.09878842310534527,-0.05929406097445191,-0.12145545539707966,-0.6401514001252206,-0.6643220498008703,-0.7293863382287338,-0.502699752402792,0.30310650394223143,-1.116658090864523,1.5913198354149871,-0.6820854726350224,-0.1135265526518353,2.5348487463528433,4
-0.11888532946313886,2.121373841552616,0,0,0.15888646868038497,-0.10071753688657561,-0.04367588323071779,-0.12015930548457926,-0.5421371907418977,-0.5500704486619851,-0.6860325994660289,-0.3558539012825856,0.3700800028740733,-1.3981093026876894,2.001811173657009,-0.5579233840680793,-0.1873269389077481,2.3051257595496972,4
-0.6837117462735339,-0.8457171823452018,0,0,0.3758913506607487,-0.022017199898874195,-0.059293976636511384,-0.08030982079298081,-0.29079376167946686,-0.27078872207894306,-0.21679185338369517,-0.39562459526596655,0.4179183025056879,0.2511948672926798,-0.8429896311061245,-0.24234458321104993,0.007787413117106832,-0.30478874176806187,1
1.3000688395971218,0.04441012482414362,0,0,-0.5789298644389449,-0.1258156725170798,3.2673687742812656,0.6489392809046521,-0.02295293086615167,0.021187614158241524,-0.02807554096628982,-0.05910280263721976,0.4179183025056879,-0.05277244998742484,-0.32748879683693816,-0.0509280338837456,-0.7387270098549621,-0.3737491250565951,2
-0.022451550983315315,0.3411192272139254,0,0,-0.6223309814541446,-0.11835925528041172,-0.6059287920348612,-0.14456880046490858,-0.9603959199384078,-0.9372564144310402,-0.9869586853494056,-0.9401781296272895,0.9919774503189367,-0.9646744322244707,0.6462349554047843,-1.023531304659626,1.5252505388936057,-0.4722385852958451,3
-0.2979766323542397,-1.4740423403470926,0,0,-0.5355300481506696,-0.12040605275725776,-0.37165685680766825,-0.1393034197639434,2.370147022186288,2.39190842347881,2.2645732779983985,2.449514554895744,-1.734803544848431,1.2475321006087678,-0.3847666959502275,2.274525023798325,-1.0619332797716095,-0.6395398047978692,6
0.29440229259324774,0.026956648212979984,1,0,-0.3402257168657321,-0.11710939274931345,-0.07491212626759858,-0.11213173137022175,0.845589098464466,0.8685535512076721,0.8925543752546911,0.757727485137963,-0.4814410589194772,1.0054840404054506,-1.2248421486667103,0.8828746645323361,-0.742254953768774,-0.4238077286233297,2
-1.5240632444548532,-1.0027984718456744,0,0,-0.12321999117060672,-0.10426144434682935,-0.2623297812774109,-0.1288732245408612,-0.4819700481577869,-0.40725594723837855,-0.4641633537383516,-0.5700041054218205,1.068518666008956,-0.2779334538955874,-0.5947856020877512,-0.49325558498536803,0.04349504586062048,-0.13245326352673237,1
-1.7031545473459542,-0.7409963226782199,0,0,4.02157240703349,5.976653151734577,1.9085912182343139,3.536633727109466,-0.4120984837860831,-0.5373758104449421,-0.31370031997745934,-0.4048024816111824,-0.7971735264961999,0.31311407370824745,0.2643824979859626,-0.34063965923473666,0.7297354321788383,-0.6948276835660936,3
0.4734935954843486,1.5105021601618889,0,0,-0.14492041296516647,-0.09606239925449156,-0.24671165975897053,-0.10821217129401113,-0.6314174676796694,-0.6674956736515055,-0.7395872354891274,-0.45986968954806173,0.18829470537877505,-1.23486759638529,1.9063481516628697,-0.6458715107359994,0.1419306224983459,2.4543961089453847,4
0.04642971935941578,-1.8929257790150198,0,0,-0.42702581817270596,-0.12104117581663253,-0.5278379876541314,-0.13587733057451015,2.4157575844926575,2.442686862095381,2.2900754637694067,2.5137594013754034,-1.7252359882527524,1.1518386296192318,-0.23202577484279888,2.3003921061827737,-1.0884504209348216,-0.6586135018189462,6
-0.09133282132604642,0.026956648212979984,0,0,-0.6006305049743688,-0.12044837868421075,-0.4341293035237242,-0.1408345815230399,-0.9409871602090573,-0.9372564144310402,-0.9436049236347104,-0.9310002614542522,0.8006244067884452,-0.7901746681274802,0.5412255281110642,-0.9795572180452684,2.49393754914147,-0.5248112448141982,3
-0.22909536201150862,0.35857270382508905,0,0,-0.5789300089641587,-0.12378704008838377,-0.621546936043419,-0.14568106467023667,-0.9458393501413949,-0.9372564144310402,-0.9487053699697081,-0.9401781296272895,0.8484626719765116,-0.7958037020908975,0.5030402849466862,-0.9847306438343171,2.49393754914147,-0.4722385852958451,3
-0.5321729515195255,0.550560946547889,0,0,0.9401038406931771,0.11356316471733625,0.8309399338572293,0.9335424674943534,-0.7420473834639454,-0.7468370839600483,-0.7191854639203303,-0.7566207744266257,0.5614330894590002,-0.4580622063608978,0.21665091825544838,-0.7519266649142259,-0.15471038187960723,-0.4624688687536535,7
-1.179656892741198,0.2363983675469436,0,0,-0.6440314813704415,-0.12657641140091183,-0.60592880327992,-0.14508315674950636,-0.9351645333383252,-0.9372564144310402,-0.9206529380792104,-0.9401781296272895,0.7432184988958298,-0.671965172738957,0.39803085765296614,-0.9562768252749467,2.49393754914147,-0.4722385852958451,7
-0.39441041083406325,-0.5141011267330927,0,0,-0.44872698212376905,-0.12074408437047864,-0.5590743262740114,-0.13930337169215617,-0.44121167054339105,-0.48025000987549943,-0.35450381721107327,-0.502699752402792,0.006509235665735893,0.21179163461487927,-0.36567409155139957,-0.38202699104985444,0.10317502545916078,-0.466090325750491,7
-1.5929445147975845,-0.7584497992893836,0,0,0.4192921551889995,0.18659398874928243,4.0014214695906025,1.1357015883414576,-0.3519313412019723,-0.4421661237872708,-0.28819811125446043,-0.3374981010585499,-0.5292793585510918,0.13298527058171755,0.30256772396697945,-0.3147725535698906,0.3765247475133596,-0.6903660511341314,3
0.032653465290869564,-0.09521768806516545,2,0,-0.058118530482584516,-0.09234323150984067,0.2843048935577048,0.023327535392183484,-0.37522188012708924,-0.3215672463842147,-0.34940340300886163,-0.4537510894733834,0.7910567468621222,-0.1372077821244188,-0.5566003073732896,-0.37685359785336214,-0.16337189764789065,-0.22183382445281877,1
-1.3449719415637524,2.173734271386107,1,0,-0.10151945219344118,-0.11248831190091006,0.20621434219079654,-0.11611464755076549,-0.570279888157164,-0.5151602149872921,-0.7191854639203303,-0.43845471318790463,0.9632744877617421,-1.454399556197791,1.5054030297034562,-0.6277645763472828,-0.5041267385202535,2.036904491420247,4
-0.7801455247533574,-0.2522989775656382,0,0,-0.14492037390429785,-0.05346106165298604,-0.3716567724697277,-0.11299544147600235,-0.9196375266029178,-0.927735447479047,-0.9053516105502121,-0.9187631037066452,0.6762449138551176,-0.6607070845476343,0.44576240301675807,-0.9407565595479994,2.3593976623898665,-0.5059722922273635,3
-0.05000405912040776,0.1840379377134527,0,0,-0.6440314501217467,-0.1265764110129356,-0.44974743628722325,-0.14561462874281983,-0.9274010325908039,-0.918214479955796,-0.9232031566563114,-0.9310002614542522,0.8388950120501887,-0.7338844298157443,0.4075771598523801,-0.9588635335133916,2.219476258631855,-0.4196658610739541,7
-0.9316843195073659,-0.07776421145400182,0,0,0.1588862343151734,-0.08099961606748234,-0.18423911745991542,-0.11613392110873554,-0.43150727495762176,-0.5881543061873132,-0.24229408505868413,-0.502699752402792,-1.065067694441308,0.8985325318858113,-0.46113719946234455,-0.26821171215629336,0.9055873054624854,-0.5846630523072559,3
1.6995802075849622,-1.927832732237347,0,0,-0.4270263259639977,-0.12251913392288047,-0.37165649134325923,-0.14169505987736453,1.7568303268826213,1.5826260583257046,1.9330444039354817,1.693869909930496,-3.0073013161864823,2.6097560602654064,-1.4253147526048202,1.9382524871925442,-0.5000654597024409,-0.5969126613332385,6
0.17041600597633177,0.3062122739915981,0,0,-0.7091329174501165,-0.12414692343704034,-0.6684013467034811,-0.14456879992679159,-0.9701002988336155,-0.9372564144310402,-1.0124608961380834,-0.9401781296272895,1.087653971223094,-1.0772549179669617,0.7416980710482418,-1.0493984124197078,-1.3808108841682665,-0.4722385852958451,7
0.14286349783923932,1.074165244882798,1,0,0.137185578155402,-0.06312162698241014,-0.04367543342836824,-0.12387863759843339,0.28564635616702994,0.32268482194733217,0.3009029538555943,0.22847035459572226,0.10218583492896513,0.335630148768454,-0.6711560196830623,0.2827576315208079,-0.7353266129725441,-0.39957884195126075,5
1.0934250285689284,1.2312465343832708,0,0,0.2890893900564294,-0.08330945779209724,0.7528490170259122,-0.08572300358490062,0.10417446527447914,0.1195708961036478,0.12748799880477463,0.06020955464896285,0.054347535297350584,0.23993672844013744,-0.46113719946234455,0.10686137818496778,-0.6645958992903734,-0.44040806821790857,5
-0.821474286958996,0.9170839553823253,0,0,0.3975915771509653,-0.09368807815889618,-0.2623297812774109,-0.12604031107107527,0.3322273554117932,0.35442134608268894,0.38506028165987394,0.24376684101561671,-0.07003190597065458,0.6227105617370624,-0.9861842500141393,0.36811911979147566,-0.5801507847780362,-0.388970244044696,5
-0.8352505410275423,-0.16503159450982,0,0,1.2873116049887168,0.016986974796165566,1.799264227041997,0.008480779158455305,-0.1898681890773131,-0.4136032235025495,0.06883281086752359,-0.2824308931216705,-1.8687504566032438,1.5571283859927048,-0.7761656016270333,0.047366925737953994,0.877782575709623,-0.6022832490607442,3
1.6582514453793236,-0.7933567525117108,1,0,0.006983047388043566,-0.10426143065354984,0.45610445516172354,-0.04543187369807587,-0.18016387209701432,-0.2200102834623724,-0.08928078681671067,-0.24877877167936419,-0.21354671875662812,0.45383974547941625,-0.5566003073732896,-0.11300903160642221,-0.15624273348404877,-0.454315899504297,2
-1.4138532119064835,-1.1075193315126564,0,0,-0.535529059910694,-0.12040597721599913,-0.324802351689113,-0.1339222151141155,-0.4489751398487241,-0.3850403232178283,-0.42335978764876725,-0.5363519289123061,0.9441391851308703,-0.19912714052364527,-0.6043319042871649,-0.451868183329058,0.011366314816188442,-0.18473022787846885,1
-1.2072094008782903,-1.7183910129033835,0,0,-0.2100223033227432,-0.1105856939308598,-0.4028940837871886,-0.13337535620270263,2.3313295446505053,2.3284352609564962,2.249272104247734,2.406684519574618,-1.926156398939407,1.3713707667460013,-0.40385938626586115,2.25900491405004,-1.0103666601246124,-0.6474459300514612,6
-1.138328130535559,1.3359673940502526,0,0,-0.5138285990552657,-0.11744755901311614,-0.5590744190457461,-0.142492224817973,-0.7692196439408171,-0.7722263261186538,-0.8798493949416163,-0.6250713133586998,0.5997037119425176,-1.3643351748990138,1.715421849924174,-0.7855538952944064,0.38117241138459435,2.246380964880632,4
1.5893701750365925,-1.8754723024038562,0,0,-0.5572297043522049,-0.12353347318758234,-0.21547538860944293,-0.1262823112640512,1.7151014337243602,1.5635843152218925,1.8539876509973452,1.67551424737448,-2.7681099902461503,2.32830461540063,-1.1866568539522488,1.8580645550811512,-0.5591647210671357,-0.6068692416918828,6
-0.09133282132604642,1.021804815049307,1,0,-0.036417874322813105,-0.09772395548302788,0.01879724943392106,-0.1214321495488987,0.2080113224899931,0.2528644688495476,0.2320469834179003,0.133632425141858,0.23613291890151922,0.3300011806646219,-0.795258120109055,0.21291643924160433,-0.6364364702229333,-0.3533664754708225,5
1.4240551262140377,0.3411192272139254,0,0,-0.5355290364741729,-0.11939166921761882,-0.4966018008425444,-0.14142927867887803,-0.8322981235419353,-0.7468370839600483,-0.8721987323247166,-0.8575773177219704,1.451224747903407,-0.9477873607309498,0.15937304491720078,-0.894195764695197,0.56040737595549,0.29099314996647596,1
-0.6423829840678952,1.3534208706614161,0,0,0.3758911944172742,-0.06663177366204186,0.7216127177637378,-0.07397681125860356,0.507876598472153,0.5321460811809884,0.5610256159517256,0.4150869823001215,-0.19441143334753042,0.7690651509508436,-1.1102863504401317,0.5466022443285427,-0.6427352273641993,-0.3913983736984443,5
0.9418862338149201,0.32366575060276176,1,0,-0.5789300324006799,-0.1258156743428504,-0.19985721086570887,-0.14428594068778086,-0.8449138037410647,-0.7436634258339325,-0.8951507224706146,-0.8728737655948193,1.6043072033939292,-1.0265936994335019,0.1402804405183729,-0.894195764695197,0.9515338785898179,0.44608073560939715,1
-0.6974880003420801,0.09677055465763452,0,0,-0.6440314735582678,-0.1265764111726905,-0.6527832100042114,-0.14647827472298874,-0.9574846065030417,-0.9372564144310402,-0.9793080204373069,-0.9401781296272895,0.9632744877617421,-0.9309002791051852,0.6175960144398203,-1.0157711706321324,2.49393754914147,-0.4722385852958451,3
1.3965026180769453,-0.688635892844729,0,0,0.4626933112650678,-0.03655579749975436,-0.1842390893472685,-0.09864564348609253,-0.8517068806511032,-0.8928252349409005,-0.8084432059268214,-0.8545180259447124,0.32224178935132913,-0.41303005624048494,0.3789382102957354,-0.8424615463813857,1.8301754309014389,-0.6089791593479462,3
-0.03622780505186154,-0.007950305009347285,0,0,-0.4921280991389687,-0.11871545627798777,-0.5434562581696001,-0.1432230002886008,-0.9400167232706628,-0.9372564144310402,-0.9385044841853096,-0.9340595510288221,0.7910567468621222,-0.7620295388393683,0.5030402849466862,-0.974383799240339,2.49393754914147,-0.5034766767839471,3
-0.1464378376002313,1.0043513384381435,0,0,-0.29682391237924505,-0.11846186518572588,-0.43412935412648845,-0.12734522511612495,-0.4489751398487241,-0.48342366228903516,-0.5840237186700531,-0.24877877167936419,0.054347535297350584,-1.2630127206072796,2.0877279793685397,-0.4673885026009194,-0.26719622738471427,2.4492673183377143,4
-1.5378394985233996,-0.35701983723262,0,0,-0.18832137373689176,-0.11364386721850128,-0.043675798892777264,-0.10841146831392123,-0.547959812372265,-0.43264513798376375,-0.5763731088427307,-0.6189527408176252,1.4894953445542634,-0.6381910094874277,-0.40385938626586115,-0.5993107158831971,-0.12629991270492283,0.09403674631904448,1
1.0520962663632898,-1.456588863735929,0,0,-0.31852409980859314,-0.11364389780015885,-0.2623301467418199,-0.11930671646390002,2.272132812802966,2.299872360671775,2.1906169163104825,2.317965080061017,-1.6008563747670066,1.326338565964369,-0.6520635012010404,2.199510461603026,-1.043450729767825,-0.6002256765665611,6
-0.7663692706848112,-0.7409963226782199,0,0,-0.014717608771727756,-0.07679038638923132,-0.16862093971618136,-0.1288732245408612,-0.45091601372551326,-0.35647742293310697,-0.4488620422757464,-0.5394112427164476,1.2216010991111719,-0.3567397672675295,-0.613878206486579,-0.4777353355546989,-0.07657566328412874,-0.06977145270818483,1
-1.5240632444548532,-1.1075193315126564,0,0,-0.5138287748291744,-0.10933303934007028,-0.3872749502134618,-0.1458803667125723,-0.4645021308630374,-0.3977349328719709,-0.4463117777946652,-0.5455298152575222,0.9824097903926138,-0.26104634693921297,-0.5375077029744617,-0.4751485807554592,-0.03761353246683535,-0.1674826587977482,1
0.9969912500891049,0.35857270382508905,0,0,-0.3619252168237929,-0.11099584256992694,-0.5746925293191276,-0.13820878409285206,-0.9526324165707041,-0.927735447479047,-0.976757801860206,-0.9371188403280557,1.0015450930234857,-0.9421583368997763,0.5985033928576312,-1.0131844623936876,1.8885080587592546,-0.4027102343546723,7
-1.6618257851403155,0.04441012482414362,0,0,-0.2751230218542621,-0.11026278745773858,-0.4185110920448139,-0.13631383549657922,0.5437828700000464,0.557535329052174,0.6018289754733988,0.45485784148512626,-0.31879096072440627,0.8309844080276311,-1.0911938319581098,0.587989436461276,-0.6413902731240656,-0.4150623337841384,2
0.1979685141134242,-0.2522989775656382,0,0,-0.38362577142530585,-0.10820884026321982,-0.6059287358095675,-0.14001993549225847,-0.200543021601477,-0.22953118357717886,-0.1632372862165671,-0.21512654010264184,-0.09873492019317172,0.08232405103503344,-0.04109947310410319,-0.18802373348410534,-0.4181356284455717,-0.5574957191807589,7
-0.36685790269697083,0.2014914143246163,0,0,-0.4921280600781001,-0.12378704100126907,-0.3872748658755213,-0.1402998969711109,-0.8216232910177713,-0.7246214827898183,-0.8670982859897188,-0.8514587369208148,1.5469012868904268,-0.9759324748206959,0.11164147377836713,-0.8786754919841305,0.5998083365626139,0.37344920300718587,1
1.2174113151858446,-1.9103792556261834,0,0,-0.31852409980859314,-0.11414966889222956,-0.21547465768062496,-0.12309345849697907,2.094542617260346,2.0396324628812454,2.0631057579355376,2.16194117739397,-2.2036182956979347,1.5120962358722916,-0.36567409155139957,2.070174816876809,-0.8937059378646417,-0.663753486138613,6
-0.7801455247533574,-0.2872059307879654,1,0,-0.29682379519663926,-0.05557422908626966,-0.3716567724697277,-0.10103727768022643,-0.9244897165352554,-0.9309091033201309,-0.9104520568852099,-0.9248816817544406,0.6953802423186506,-0.6663361539739054,0.43621609222566354,-0.9459299853370481,2.413213704272348,-0.5059722922273635,3
-1.31741943342666,-0.2173920243433109,0,0,-0.5789300441189404,-0.12175840857257304,-0.5122199785862784,-0.1442859457102064,-0.8293868048662045,-0.7404897648515268,-0.8696485091572176,-0.8575773177219704,1.479927736293263,-0.9477873607309498,0.1307341125439174,-0.891609049472633,0.5940422604615512,0.301962832434709,1
0.873004963472189,-1.5438562467917472,0,0,-0.2534226000597023,-0.10324716031168817,-0.37165615399149715,-0.1369117523859265,2.292512067114722,2.331608713429729,2.200817698810926,2.3393801390219853,-1.5147475043171965,1.2756773464176847,-0.6520635012010404,2.2098572014352165,-1.0669654591465783,-0.5942225470559382,6
-1.0143418439186431,1.981746028663307,1,0,0.26738881201839526,-0.06938319854637916,-0.028057733599630593,-0.12495999630826474,-0.6003634332473959,-0.6198908588855703,-0.7166352453432294,-0.43539537185015936,0.31267414664678034,-1.2630127206072796,1.829977562233947,-0.6251778215480431,-0.13030234378097813,2.42183761236644,4
0.625032390238357,-0.18248507112098364,0,0,0.3758910772346684,-0.11302054753783936,-0.340420529432847,-0.13465941659883615,-0.22868571901674317,-0.24222582179422175,-0.21424165775858436,-0.2304229714553285,0.06391517800189936,-0.09217568266522538,0.0925488865629005,-0.2397578982530024,-0.5484008152359223,-0.5640240473056988,7
1.4653838884196764,0.6378283296037072,0,0,0.2890892338129551,0.060818614763659004,3.0174791111126886,2.361611624203346,0.10029274372272451,0.03705581910011919,0.17339197909657061,0.07244669973111198,-0.653658799819097,0.5664202727641072,-0.3083961924381103,0.15342217303777014,-0.38472820135913244,-0.6284599710273062,5
0.9143337256778277,0.9868978618269799,1,0,0.657997654268266,-0.10017774552623625,-0.05929406097445191,-0.127119377402397,0.6029795494439392,0.5829245483604591,0.7165889262028887,0.4793321591830286,-0.672793999119324,1.2475321006087678,-1.444407271086842,0.7043914235932819,-0.47891946090671983,-0.4254923499270575,5
-0.44951542710824816,-0.6013685097889109,0,0,0.050383734733688665,-0.09838466306583166,-0.34042069810872805,-0.1298188421559027,0.5728959781518836,0.5194515000897459,0.6936369360569907,0.47321350404114204,-0.9502560680955925,1.270048327652633,-1.2057496301846882,0.6811110261668808,-0.47952690037441487,-0.4815310485450462,2
1.5755939209680463,-0.007950305009347285,0,0,-0.535529059910694,-0.12547756887720873,-0.5434562497358061,-0.14402020935480503,-0.9312827803443822,-0.9372564144310402,-0.9181027126165126,-0.9310002614542522,0.7049479022449735,-0.6775941915040087,0.44576240301675807,-0.9536901100523827,2.49393754914147,-0.5173364333419344,3
0.15663975190778553,1.2137930577721072,0,0,0.20228723414776725,-0.09412191776905797,0.03441494926265883,-0.12173677759450595,0.6194770298002942,0.6178347820351524,0.7038378333173844,0.512984363226147,-0.5197117158465429,1.0674034494658966,-1.291666435896219,0.6914578824010577,-0.5778950418591783,-0.422944971653599,5
-0.1464378376002313,1.2137930577721072,0,0,0.5060938423672385,-0.0709888702190383,0.5810496240977744,-0.10214676017930042,0.5437828700000464,0.5226251239403812,0.6502833809102069,0.4303835513208278,-0.6345233421922585,1.1518386296192318,-1.3203051706608495,0.6371371490761001,-0.4959972063374571,-0.4330339354500764,5
0.5148223576899873,1.981746028663307,1,0,0.1588863514977792,-0.10115735589545502,0.06565110796159898,-0.10100580142194276,-0.6246244091109073,-0.6262381637126416,-0.7854912157809234,-0.42315819923440623,0.49445953025094896,-1.5782381058142194,2.183191087279485,-0.6148309653138663,0.1959373310641205,2.170755858409997,4
0.37705981700452507,0.550560946547889,0,0,-0.535529059910694,-0.11330576554133359,2.345899183003581,2.217250253481233,-0.779894476464981,-0.7849209414853765,-0.7625392256350254,-0.7872136701723234,0.5901360434053078,-0.5256105328639563,0.30256772396697945,-0.7959007515285834,0.31439155812917563,-0.48593748885947546,7
1.1072012826374746,-0.7060893694558926,0,0,8.8607796697939,15.576065664212887,1.6587009928127994,2.027779967864575,-0.3606652736475235,-0.37234568500078535,-0.35960430026925533,-0.34667601493736977,0.18829470537877505,-0.2891914914256906,0.30256772396697945,-0.38720045408753906,0.33252930395718183,-0.6190816461837724,3
-0.6699354922049876,-1.0377054250680018,0,0,0.13718592970321936,-0.0018153950974512155,0.1281235096974199,-0.06914888453876016,-0.3519313412019723,-0.31521988443134275,-0.29839900851485407,-0.4476325169323086,0.6188390317951635,0.06543709606231762,-0.7284338328795458,-0.32511940980406745,-0.013327810489221355,-0.2537456738774597,1
-1.138328130535559,-1.0551589016791654,1,0,-0.14492021766082352,-0.10214828832461198,-0.13738478101724103,-0.10283102260835345,-0.38492624951103493,-0.35647742293310697,-0.3341020915462564,-0.4690476034268816,0.5710007579962101,0.020404895280685193,-0.6043319042871649,-0.361333348422693,-0.022778452679010068,-0.29073901562381943,1
-0.38063415676551704,-1.0551589016791654,0,0,-0.44872745085419224,-0.1171412289395009,-0.5903110191132417,-0.14322826271432182,1.882987259883034,1.811129260603475,1.8794899515283041,1.9355537180381703,-2.1844830102888366,1.5233544253860536,-0.40385938626586115,1.8839317538675866,-0.8325291768522337,-0.6586122724517326,6
-0.6561592381364414,1.0916187214939617,0,0,0.05038381285542583,-0.06639362699151342,-0.028057817937571117,-0.08323291191315156,-0.05497734983317266,-0.04863288175404461,-0.017874689609876485,-0.10499212422888313,0.10218583492896513,0.2005336477459957,-0.4420445950635168,-0.04058122421036359,-0.5427079282892384,-0.4348699630316784,5
-0.8352505410275423,1.266153487605598,0,0,0.31078977279012054,-0.07303169983992615,0.28430509034623264,-0.10616488894397721,0.33610915556901866,0.3290321267744036,0.39526113301628746,0.2682411862471232,-0.33792616002463327,0.6677427118574755,-0.795258120109055,0.37846592946485785,-0.6010303994627363,-0.45248368943141093,5
1.3965026180769453,-0.7060893694558926,0,0,-0.3836255214357468,-0.11541892247643626,-0.3872758498181608,-0.13790828196981741,1.4035908358759952,1.1922666115205156,1.6678214194451002,1.2747472227956183,-3.055139271382614,2.9024654413378475,-1.8739912996444974,1.6692345743099075,-0.28689387427848795,-0.5658371698350069,6
-0.4219629189711557,-1.927832732237347,0,0,-0.3185255841216,-0.1156725277184203,-0.2154760914256141,-0.12468792434243002,2.738913320794463,2.9155615001557,2.4252372090196843,2.914526425954266,-0.6345233421922585,0.17238855392073751,0.34075298431471845,2.4374878057831335,-1.4288465957189038,-0.7018518996028392,6
-0.43573917303970194,1.2487000109944344,0,0,-0.014717218163041782,-0.09971855052685588,0.45610445516172354,-0.10892783105751809,0.6427675425235871,0.6241821725509247,0.7446415371189095,0.5313399982485589,-0.6919294567461627,1.2024998491659158,-1.348944249092703,0.7328454237397521,-0.533047047093156,-0.43517665779967935,5
0.8454524553350965,-1.9452862088485108,0,0,-0.5572295871695989,-0.12104122602532404,-0.028057733599630593,-0.11173826020444179,-0.8070667369418527,-0.8261784714182707,-0.7548885699037229,-0.8422808698491215,0.4848918875464001,-0.3173366359121682,0.0543636348068419,-0.7881406268132489,1.1308564609095522,-0.44867536861812074,7
-1.2623144171524752,-0.40938026706611086,0,0,-0.4487271110246354,-0.11506497721843748,-0.4966018148988678,-0.14045999969967696,-0.9390462863322683,-0.9340827588755855,-0.9512555908420081,-0.9187631037066452,0.8101920581038811,-0.8520939505348771,0.6366886360220092,-0.9873173544008017,2.397068935298523,-0.629274394454485,3
0.8041236931294579,-0.3221128840102927,0,0,0.0937843048967279,-0.10121850551730227,-0.4653660469657188,-0.13531733281853936,0.746604478344572,0.7765176026522377,0.7930957130358164,0.6537116418052786,-0.33792616002463327,0.921048809590896,-1.2248421486667103,0.7819929035506021,-0.7100577413893043,-0.40435156899177727,2
-0.21531910794296238,-0.8282637057340381,0,0,-0.14492013953908628,-0.11147763513203342,-0.5746925771106274,-0.14113116579541676,0.3856015180326126,0.4242418705578754,0.39781142044935847,0.32942691165786897,0.035212249888252896,0.3975495071676806,-0.7093413143975239,0.38105270754449466,-0.772306185165493,-0.40464092321171397,2
1.5342651587624077,-0.14757811789865635,0,0,0.9835047624040338,-0.04365597516944247,-0.5590744612147163,-0.14568106807831113,-0.5848364422330826,-0.632585468539713,-0.504966919827936,-0.6281306271628412,0.044779892592801664,0.048549989105943374,-0.12701627881563426,-0.5346429866416781,0.4587904032165241,-0.5092684198373846,7
1.4102788721454915,-1.3867749572912744,1,0,-0.5138286615526555,-0.11803962446796964,-0.23109398804287973,-0.12910576356037332,0.2817646346152751,0.2877746739613403,0.31620431122218,0.23152972346707149,-0.1752761479384327,0.45946871358324815,-0.6043319042871649,0.2982779275122721,-0.6795390409684331,-0.45675528757358025,2
-1.2760906712210214,0.6029213763813799,0,0,-0.36192517776292427,-0.10755797586616761,-0.44974743628722325,-0.13604811097975225,-0.762426585372055,-0.7563580412006552,-0.7421374540662283,-0.7841543783950654,0.6762449138551176,-0.49183636961242705,0.15937304491720078,-0.7752070623406271,0.40409382475367395,-0.40005460706288754,2
-0.7112642544106264,-0.35701983723262,0,0,-0.23172249075209148,-0.11972976815613061,-0.37165685680766825,-0.11937313983525305,-0.4907039544015145,-0.3882140327571645,-0.49731624114464323,-0.576122705496499,1.3268452808027407,-0.44680416883079455,-0.5661466095727034,-0.5268828386459461,-0.07659166115170282,-0.02126696340993416,1
1.2311875692543908,-0.688635892844729,0,0,-0.644031551680005,-0.12104123081797186,-0.5590743262740114,-0.1408345869042101,-0.520787578097217,-0.5659387107296633,-0.4437615592175643,-0.5638855328807458,0.0160769644791552,0.08232405103503344,-0.15565518541387602,-0.4725618725170143,0.2151011635537755,-0.5100622028360842,7
1.2725163314600294,0.3760261804362527,0,0,-0.5138285599943971,-0.12353346154829475,-0.48098372149307433,-0.1458803667125723,-0.8322981235419353,-0.7563580412006552,-0.8645480765934139,-0.8575773177219704,1.3651158946753712,-0.8971261411842657,0.15937304491720078,-0.8890223412341881,0.5940422604615512,0.19124915283761232,1
-0.5597254596566179,-1.456588863735929,0,0,-0.27512427180205723,-0.12344893681366681,-0.34042069810872805,-0.10900949210918338,2.367235737572928,2.417297414283893,2.249272104247734,2.4342181235430576,-1.476476933499001,1.1630967178105545,-0.4993224082600002,2.25900491405004,-1.1057629470597106,-0.6109443351905037,6
-0.8903555573017272,1.266153487605598,0,0,-0.16662075663798898,-0.1033568731493034,0.5654313620160998,-0.11120179879010933,0.36910401147443417,0.3575950270591248,0.4386148947309822,0.2927155314786294,-0.4048998311742162,0.763436132185792,-0.8907211421031942,0.422440016079215,-0.5675020075737957,-0.4495061620403003,5
1.244963823322937,0.5156539933255617,0,1,6.951137161472776,0.05633924634952708,-0.3716566881317872,-0.07712096981963207,-0.7527222159881093,-0.7849209414853765,-0.7064343480828358,-0.7688579250154957,0.32224178935132913,-0.31170761714711676,0.20710459887267327,-0.7389931004416042,1.4895011896398236,-0.504263277689978,7
0.060205973427962,1.0567117682716345,1,0,0.13718581252061357,-0.10646529164387886,0.33115951112684744,-0.11438860850622494,0.2138338917167135,0.2560381498259835,0.23459720199500153,0.14586954269040323,0.20742999078787275,0.31311407370824745,-0.7379803069125714,0.21550314748004956,-0.6628370928574661,-0.365995829558703,5
0.4459410873472562,1.7024904028846888,0,0,-0.3185242560520676,-0.11248830277205706,-0.3404204732075533,-0.13587731263727612,-0.6537375434645682,-0.6452801067567558,-0.8288449545436284,-0.4445732581953753,0.6092713718688406,-1.6964476012027425,2.269107892991016,-0.6329379695437751,0.52877039407755,2.097489001772554,4
0.032653465290869564,-0.04285725823167455,0,0,-0.07981903039888143,-0.10899489840883467,-0.12176649082291964,-0.10316320762660787,-0.3655175107431434,-0.31839359397067896,-0.3239012172378529,-0.4568104308111285,0.724083170432297,-0.024627356162166842,-0.6807023218824764,-0.3509865154689135,-0.053845788416738885,-0.24340883082861686,1
-0.3393053945598784,-0.2173920243433109,0,0,-0.10151956937604696,-0.10654365075118791,-0.23109362257847071,-0.1323277987754305,-0.4489751398487241,-0.37234568500078535,-0.4437615592175643,-0.524114783830157,1.0589510138324314,-0.33422369220732306,-0.48977619197739225,-0.4725618725170143,-0.1576927854318692,-0.14033848953769495,1
-1.2072094008782903,-0.16503159450982,3,0,-0.1883212956151545,-0.08118577163793976,0.40924997815581504,-0.07951262015727657,-0.5198171411588225,-0.39456130902133557,-0.5534211186968327,-0.5944784506533269,1.5564689468167496,-0.6494490470175309,-0.45159089726293067,-0.5734436334987485,-0.1490202847517918,0.12156745451243917,1
0.9281099797463739,0.5854678997702163,0,0,-0.31852409980859314,-0.11567249919075469,-0.465365510014164,-0.14408664564096654,-0.4907039544015145,-0.5405494628584777,-0.6197268246534456,-0.2824308931216705,-0.05089662056155688,-1.257383696776106,2.183191087279485,-0.49584226994341546,-0.04225160633570932,2.4607795658497436,4
1.7271327157220546,0.6378283296037072,0,0,0.09378504705323132,-0.10020414388691055,-0.24671171598426425,-0.0978484356754947,0.15075551692288952,0.10370257691016888,0.2549989735637983,0.06938738592697075,-0.5484144717424485,0.8140973517324761,-0.8334434148235166,0.23619683666800553,-0.35192943428614354,-0.4773651112797009,5
-0.9179080654388196,0.00950317160181635,1,0,-0.29682379519663926,-0.1012184804129565,-0.5278381001047189,-0.13850617141519664,-0.9409871602090573,-0.9340827588755855,-0.9512555908420081,-0.9248816817544406,0.8293273521238658,-0.8408358876741643,0.5985033928576312,-0.9873173544008017,2.4247456821107933,-0.5284628536595354,3
0.5285986117585335,0.742549189270689,0,0,-0.036418030566287514,-0.10223278498801694,0.003178706225778045,-0.12814243472044617,-0.5266101735257609,-0.5849806537737776,-0.6401285962222427,-0.3283202973141459,-0.09873492019317172,-1.1842063768386057,2.106820669684174,-0.5346429866416781,0.07993212905640643,2.510737296601433,4
-1.689378293277408,0.8298165723265072,0,0,0.028683586365209103,-0.09943972568734166,0.34677757641999407,-0.09092104719181113,0.22839057680174984,0.23382249724253298,0.2779509637096963,0.16116602911029768,-0.1370054910113668,0.5157589518949839,-0.7379803069125714,0.2594772340944067,-0.6098107004875288,-0.43246745597880065,5
-1.2347619090153827,-1.072612378290329,0,0,-0.4270263259639977,-0.11541890878315675,-0.34042033264431903,-0.12814241498948872,-0.41500984700491395,-0.34378278471606405,-0.390206969098446,-0.5088183249438665,0.9824097903926138,-0.17661101480221916,-0.6807023218824764,-0.4182409995096722,-0.02073107435689264,-0.16554588780817633,1
0.9418862338149201,-1.0027984718456744,1,0,-0.1883206706412569,-0.09437183153110854,-0.43412952280236955,-0.1361144832299883,1.521013915036327,1.3668176370794787,1.711175318871736,1.4246524152535698,-2.6341626479469844,2.5084336211720384,-1.6257871847093184,1.7132088006066495,-0.46735125901390323,-0.5636683072562328,6
-0.6699354922049876,1.3010604408279254,0,0,-0.03641795244455026,-0.09975359162911172,-0.26232975316476403,-0.13461127324206001,-0.5896886531268791,-0.591327958600849,-0.7446876726433292,-0.39562459526596655,0.46575655908286717,-1.5106897793111609,2.09727436748476,-0.5915505678874651,-0.07107117629290724,2.2130019627419792,4
0.2117447681819704,0.00950317160181635,0,0,-0.34022471690749595,-0.1171094504893087,-0.371656716244434,-0.12814244010161638,-0.9050809620462698,-0.9309091033201309,-0.8747489577874145,-0.9065259476110545,0.5040271729554978,-0.5424975891591112,0.41712347923515514,-0.9097160304221444,2.3795786454026073,-0.5842189272254928,3
0.43216483327870997,1.0043513384381435,0,0,-0.5355291185019969,-0.11927393736730353,-0.2623298093900578,-0.13794202405950431,-0.6653827867253032,-0.6801903118685485,-0.7905916529351252,-0.4935218660575761,0.40835065980113905,-1.3755932022968733,1.9254407560616977,-0.6743253246392903,0.07890721934959291,2.3106847639785566,4
0.7214661687181806,0.11422403126879815,0,0,-0.7091329217468121,-0.1241469241217043,-0.6215469276096249,-0.14212785143324377,-0.9400167232706628,-0.918214479955796,-0.9487053699697081,-0.9401781296272895,0.9632744877617421,-0.8295778501440609,0.44576240301675807,-0.9847306438343171,2.49393754914147,-0.3213233425684869,7
1.616922683173685,1.0392582916604707,0,0,-0.14492041296516647,-0.10587061465240226,-0.07491212626759858,-0.11475596485297414,-0.5683390142803748,-0.5754596679702704,-0.7293863382287338,-0.3619724462900562,0.3987830170965903,-1.5332059050325868,2.2022838635119246,-0.5630967772645715,-0.03327200762549827,2.2260728537701207,4
0.7214661687181806,0.09677055465763452,0,0,-0.5572295871695989,-0.12150482478339354,-0.3716567724697277,-0.1416950166486305,-0.8031849813277273,-0.7087532121532698,-0.8441462958438208,-0.8361622945546865,1.5086306644069094,-0.9309002791051852,0.07345623920566971,-0.8605685273308972,0.4969812798894376,0.2923175666766469,1
0.2530735303876091,-0.6013685097889109,0,0,0.31078969466838346,-0.07725182708645066,-0.5903107098741264,-0.14700974842033943,-0.49943791304888924,-0.5373758104449421,-0.42335978764876725,-0.5485891015280593,0.06391517800189936,0.09358218988757581,-0.22247938672657921,-0.451868183329058,0.13607392087497686,-0.48429744829312116,7
-1.069446860192828,1.4930486835507253,0,0,-0.05811845236084735,-0.09782213857929907,-0.29356602431429163,-0.13034681244238794,-0.6663532236636978,-0.6643220498008703,-0.8033427687726196,-0.4965812073953213,0.5614330894590002,-1.454399556197791,1.9063481516628697,-0.67691207943853,0.15887929521549532,2.2164198624096745,4
-1.4000769578379373,1.981746028663307,0,0,-0.07981895227714418,-0.0714651749711614,-0.18423911745991542,-0.10980657974031316,-0.817741543264193,-0.8166574998962136,-0.9104520568852099,-0.6984942664524071,0.6762449138551176,-1.285528815931974,1.5054030297034562,-0.8476349628582756,0.4942731939956052,2.293786852814772,4
0.9969912500891049,-0.007950305009347285,0,0,-0.3619251152655345,-0.10552929368522271,0.15935972462165376,-0.11910737280718144,0.20315916399984377,0.23699612109316825,0.21929595938836674,0.14892891156175245,0.1404564057471605,0.2737109930141059,-0.6043319042871649,0.19998296789057268,-0.7175164529069871,-0.3971386774395273,2
1.1485300448431135,-1.5613097234029107,0,0,-0.05811837423911011,-0.08774794263805077,-0.5590743712542464,-0.13800797729595327,-0.5925999377402392,-0.6294118161261774,-0.5330193241760456,-0.6220120546217666,0.15002404845170927,-0.09217568266522538,0.006632037892966455,-0.5630967772645715,0.2270266366254388,-0.5162288381861032,7
1.0107675041576512,0.42838661026974356,1,0,-0.07981895227714418,-0.10800731307363162,-0.3716567724697277,-0.1294078156398009,-0.9244897165352554,-0.9055198560202032,-0.9410547027624105,-0.9126445256588498,0.9250038824999987,-0.8689810068300321,0.5507718389021588,-0.9769705074787839,0.8068074913309397,-0.44037539293144407,7
1.6444751913107774,1.2312465343832708,0,0,-0.058118530482584516,-0.10115733991996226,-0.043675798892777264,-0.11046066097937983,0.3322273554117932,0.33220577918793925,0.40036163902645966,0.24682609975254996,-0.2709526610927916,0.7240330008304307,-0.9575455152495089,0.38363941578293986,-0.5537082276786364,-0.4252911866288056,5
0.8316762012665503,-0.688635892844729,0,0,-0.49212800539288404,-0.1160548671325814,-0.5434564268454811,-0.13876816516671675,-0.36163571058591804,-0.4040822376990422,-0.2958487440337728,-0.39562459526596655,-0.0891672774886228,0.13861428934676923,-0.1461089691312678,-0.32253265500482764,-0.10364771685665265,-0.5307736110961633,7
-1.6756020392088617,-1.788204919348038,0,0,-0.5572292160913472,-0.1133902927863961,-0.34042069810872805,-0.14488386672511755,2.439048123417774,2.5125072723189663,2.2722240943936316,2.541293005343843,-1.3233943057907378,0.8985325318858113,-0.20338678232775131,2.2822853114764414,-1.1821722934577845,-0.6422683529764762,6
1.0107675041576512,0.06186360143530725,0,0,0.2239878121858014,-0.02717330387947163,1.721173478886561,0.9209866189170387,0.0964109435654991,0.1481337963883691,0.09178480101342157,0.05103161323653896,0.38921537439204135,0.048549989105943374,-0.47068350166175854,0.07064732316435518,-0.7797431884051053,-0.3518593359706022,2
-0.38063415676551704,1.0916187214939617,0,0,-0.2751230999759993,-0.11147762919827896,-0.3560384822754063,-0.12897313493443313,-0.5625163926500073,-0.5405494628584777,-0.7446876726433292,-0.3589131875531229,0.6571096284460199,-1.6683025073774842,2.1736447850800706,-0.5605100923065242,0.06444370856231534,2.0887591357823756,4
-1.4689582281806683,-0.7060893694558926,0,1,1.6779200956907698,0.10071519417738363,2.9393883629572524,0.36931692339887456,-0.5945408378188519,-0.6801903118685485,-0.4947660225675423,-0.6250713133586998,-0.2900878603930187,0.17238855392073751,-0.0029142643064474136,-0.5242961304075012,1.0327023508411064,-0.5885821455768369,3
1.5893701750365925,-1.7009375362922199,0,0,-0.2534221313292792,-0.10426159725511716,-0.43412952280236955,-0.14328937451193258,2.6156678034165286,2.8044835228674496,2.348730651706658,2.7248504569121215,-0.4240350304744432,0.38066240021130604,-0.22247938672657921,2.3598865586297877,-1.4026478426340585,-0.5604486592275991,6
0.5148223576899873,0.6203748529925436,0,0,0.11548542978692244,-0.10533598565843663,-0.059293976636511384,-0.1209018746865847,-0.28691204012771204,-0.2168366310488367,-0.33665231012335733,-0.2916088070004904,0.8675979659964963,-0.5650137148805372,0.0925488865629005,-0.36392005666113786,-0.9809319786978311,-0.2834071342660097,2
-1.4276294659750297,-1.2296936677908017,0,0,-0.38362563861835264,-0.11541893388750252,-0.3560386228386405,-0.13923695603381378,-0.40627588835753925,-0.3406091323025284,-0.38510648604026393,-0.4904625797870387,0.9250038824999987,-0.1934981217585936,-0.5947856020877512,-0.4130675364719876,-0.10348167904305737,-0.1925781846518009,1
-1.31741943342666,-1.8405653491815288,2,0,-0.42702679469442095,-0.10882666277682407,-0.1998570984151215,-0.1238785945490717,0.8184167331803001,0.7479547023675164,0.961410345692385,0.7057195910052247,-1.3042591925993814,1.619047693730712,-1.444407271086842,0.9527158568115397,-0.4826419075047697,-0.49116165248149884,2
0.5423748658270797,-1.3693214806801108,0,0,-0.31852409980859314,-0.1136438026318663,-0.4028930155066085,-0.14302374577993537,1.699574495113694,1.5794525772895707,1.8437868684969023,1.6235064358425537,-2.4715125497519135,2.3508207411220563,-1.5207778605157654,1.8477178152489615,-0.5901072124104995,-0.5653656104533211,6
0.4183885792101637,-1.456588863735929,0,0,0.006983047388043566,-0.07994802469232709,-0.6684013512015046,-0.14456880046490858,-0.9380758493938736,-0.9023462036066675,-0.9793080204373069,-0.9126445256588498,1.087653971223094,-1.0434807709270224,0.6844201985691623,-1.0157711706321324,-1.3565936871166102,-0.13345163911117405,7
1.3689501099398529,2.069013411719125,0,0,0.0069829692663063185,-0.1083187197024024,-0.05929406097445191,-0.0882819114550229,-0.6634419128485141,-0.6897112691091555,-0.7676396627892272,-0.5057590386733293,0.30310650394223143,-1.23486759638529,1.7917923534362912,-0.6846721808734673,0.11625849131584892,2.4271218855748495,4
0.8454524553350965,-1.6660305830698925,0,0,-0.36192586132812476,-0.11835921922144234,-0.2779487742879035,-0.12380147879251073,2.239137904493903,2.233225517173024,2.1676649261645844,2.30572774224364,-1.878318357634404,1.365741595997291,-0.4420445950635168,2.176230064176625,-0.9954579988641308,-0.6401991338455335,6
1.685803953516416,-0.14757811789865635,0,0,0.657997654268266,-0.08595732268574399,-0.2935658275257637,-0.12357155035803999,-0.21509960187921917,-0.22635753116364316,-0.1708878730918992,-0.25489728915323084,0.07348282070644813,0.11609831560900173,-0.27021098364045465,-0.19578378835824756,-0.41940591144005346,-0.4722365147826434,2
-1.4551819741121221,0.16658446110228906,0,0,-0.7308334029138921,-0.12725262267452722,-0.6840194839650036,-0.14700974842033943,-0.9710707367414775,-0.9372564144310402,-1.0150111172399032,-0.9401781296272895,1.0972216233996184,-1.088512966642533,0.7512443826985044,-1.0519851232189963,-1.8651544328831187,0.8829091994428392,3
0.7627949309238192,0.3062122739915981,0,0,-0.7091329174501165,-0.12414692343704034,-0.6684013467034811,-0.14456879992679159,-0.9701002988336155,-0.9372564144310402,-1.0124608961380834,-0.9401781296272895,1.087653971223094,-1.0772549179669617,0.7416980710482418,-1.0493984124197078,-1.3808108841682665,-0.4722385852958451,7
-0.36685790269697083,-0.33956636062145634,0,0,0.13718592970321936,-0.04441671215903746,-0.2623298093900578,-0.12329273578593174,-0.4809996112193923,-0.3882140327571645,-0.48201492968203796,-0.5638855328807458,1.231168759037495,-0.4017720187103817,-0.5470540051738756,-0.5113625892152769,-0.07788618069760446,-0.053118962062338494,1
0.4597173414158024,0.5331074699367254,0,0,-0.3619252168237929,-0.10252376717751921,-0.6215469416659484,-0.13976872614395688,-0.9545732930676755,-0.9245617919235924,-0.9869586853494056,-0.9340595510288221,1.049383358211552,-0.9984485752115121,0.6462349554047843,-1.023531304659626,-0.6542954521186889,-0.3213233425684869,7
-1.441405720043576,-0.1126711646763291,0,0,-0.7308334029138921,-0.12725262267452722,-0.6840194839650036,-0.14700974842033943,-0.9710707367414775,-0.9372564144310402,-1.0150111172399032,-0.9401781296272895,1.0972216233996184,-1.088512966642533,0.7512443826985044,-1.0519851232189963,-1.8651544328831187,0.8829091994428392,3
0.0051009571537771236,-1.351868004068947,1,0,-0.49212874754938746,-0.11329424492884256,-0.07491176080318955,-0.13298758118496265,2.292512067114722,2.284004070041196,2.221219493331713,2.3607949501805194,-1.9452916843485049,1.4107737967789233,-0.45159089726293067,2.23055091390357,-0.9927965552545056,-0.642598341017996,6
1.7409089697906008,-1.735844489514547,0,0,-0.27512329528034224,-0.10519127508061735,-0.23109398804287973,-0.1395026737344918,2.215847365568786,2.226878269471753,2.1472633611636986,2.2628978721241375,-1.7061006167347843,1.365741595997291,-0.613878206486579,2.1555365845122454,-1.0108747122951174,-0.6103929963470153,6
-0.8628030491646348,0.35857270382508905,0,0,-0.6223310322332738,-0.1258156741146291,-0.48098372149307433,-0.14109710460233638,-0.8449138037410647,-0.7658790127227124,-0.8823996204043141,-0.8667551847936635,1.4033864999371148,-0.9421583368997763,0.1975582794898982,-0.9071293151995804,0.6395937690825518,0.25585505275237125,1
1.5204889046938612,-0.6537289396224018,0,0,-0.6223309736419709,-0.1268299905800206,-0.6059287864123318,-0.1458803663538276,-0.6479149218342009,-0.7151005255492112,-0.5304691285509349,-0.7168499840756308,-0.07959963478407418,0.2455658485276283,-0.3370351849531578,-0.5605100923065242,0.8851202352429648,-0.48890505190580286,7
0.680137406512542,0.3760261804362527,0,0,-0.7308334029138921,-0.12725262267452722,-0.6840194839650036,-0.14700974842033943,-0.9710707367414775,-0.9372564144310402,-1.0150111172399032,-0.9401781296272895,1.0972216233996184,-1.088512966642533,0.7512443826985044,-1.0519851232189963,-1.8651544328831187,0.8829091994428392,7
0.060205973427962,0.9170839553823253,0,0,-0.16662091288146338,-0.11229358958657235,0.08126917325474564,-0.11937201337695567,-0.37522188012708924,-0.38186667080429254,-0.5610717285241551,-0.1417036145425388,0.24570056160606799,-1.5388349237976386,2.3645711727355727,-0.37685359785336214,-0.40476633692762215,2.259089645505553,4
0.018877211222323345,-1.8056583959592016,0,0,-0.3402257168657321,-0.10003566862250861,-0.35603896019040265,-0.12638413376677124,2.3449157141916763,2.3665189756673217,2.2518222998728445,2.409743613109927,-1.715668259439333,1.309451357685555,-0.5088687963762202,2.2615915990080877,-1.048724969520556,-0.6234112833991265,6
-0.9730130817130045,0.04441012482414362,0,0,-0.47042763828354045,-0.12015240004523807,-0.5434562581696001,-0.14402020827857098,-0.9341940963999307,-0.9372564144310402,-0.930853819273211,-0.9248816817544406,0.7336508303586201,-0.7451424825442133,0.5316792087282891,-0.9666236652128455,2.49393754914147,-0.5599402188295082,3
1.4516076343511302,-0.44428722028843814,0,0,-0.5789300441189404,-0.12378703963194113,-0.5746925293191276,-0.14588036743006164,-0.9341940963999307,-0.9372564144310402,-0.9206529380792104,-0.9371188403280557,0.7336508303586201,-0.6775941915040087,0.41712347923515514,-0.9562768252749467,2.49393754914147,-0.4847420910031853,3
0.08775848156505445,1.929385598829816,0,0,-0.40532617759551814,-0.12040598611663082,-0.4341293035237242,-0.13611454098788187,-0.8206528540793768,-0.823004813292155,-0.9130022662815148,-0.6984942664524071,0.6475419599088101,-1.285528815931974,1.534041936301698,-0.8476349628582756,0.5611760582356002,2.302225164664737,4
1.0383200122947436,2.121373841552616,1,0,-0.14492041296516647,-0.10620552944698626,-0.3872749783261087,-0.13790825596082806,-0.5489302755124833,-0.5976752634279203,-0.6707312650514334,-0.349735273674303,0.006509235665735893,-1.257383696776106,2.1259132740830013,-0.5527499210303947,0.07629952334410599,2.4570058614290446,4
1.6444751913107774,-0.3221128840102927,0,0,1.5911183303907936,-0.01488811343393568,-0.26232989372799825,-0.1324866220410929,-0.3761923170654838,-0.39138768517070016,-0.33665231012335733,-0.4048024816111824,0.16915933386080698,-0.04714348188359295,-0.08883107001797849,-0.36392005666113786,-0.27626767216298687,-0.4923952901284831,7
-0.6699354922049876,-0.7409963226782199,1,0,0.006983047388043566,-0.0890467136837819,-0.3091841739453789,-0.1039604154372057,-0.3761923170654838,-0.29935162236366436,-0.35450381721107327,-0.472106862163815,1.0015450930234857,-0.16535302793333542,-0.7188875306801321,-0.38202699104985444,-0.08140889370103807,-0.15674329504178847,1
0.4872698495528948,-0.496647650121929,0,0,0.5277946157096155,-0.046361240008565084,-0.6215469276096249,-0.13976872560583986,-0.914785341910945,-0.8769569557354819,-0.9563560302914089,-0.8912294997382054,1.087653971223094,-1.0265936994335019,0.6557812576041983,-0.9924907732057313,-1.4240558228578994,-0.17105202944685532,7
-0.6010542218622565,-0.9853449952345108,0,0,-0.4053266619502888,-0.11676649522922011,-0.4341291742055487,-0.1365392539722967,2.2488421428687313,2.2713094603870534,2.1625643053944614,2.30572774224364,-1.629559216771782,1.2756773464176847,-0.5375077029744617,2.171056461456556,-1.0432473345359439,-0.6163937318267485,6
1.244963823322937,1.6675834496623616,0,0,0.26738881201839526,-0.07618299359018413,0.22183249182188372,-0.10231972175220112,-0.6246244091109073,-0.64210642578032,-0.7803907786267216,-0.41398039549000226,0.3509447174649756,-1.54446394256269,2.269107892991016,-0.6070708871593264,0.2908310146936914,2.232689890445046,4
-0.9730130817130045,0.25385184415810724,0,0,-0.6440314774643547,-0.12049051062303744,-0.5746925124515396,-0.13950268413808753,-0.9642776716222595,-0.9372564144310402,-0.999709789710905,-0.9371188403280557,1.03024805558068,-1.0265936994335019,0.713059135238286,-1.036464857492049,-0.4121237431476427,-0.5285588090057265,3
-1.1658806386726517,-0.6711824162335653,1,0,-0.29682379519663926,-0.11541891791200976,0.018796883969512165,-0.13525090137543103,-0.4179211578200977,-0.34378278471606405,-0.3927571876755469,-0.5149368974849411,1.0111127529498085,-0.17661101480221916,-0.7093413143975239,-0.42082770774811706,0.0037422629396274346,-0.15490804390263738,1
-1.4000769578379373,0.09677055465763452,0,0,-0.535529059910694,-0.1254775675307029,-0.5746925293191276,-0.1442859460689511,-0.9574846065030417,-0.9372564144310402,-0.9793080204373069,-0.9401781296272895,0.9632744877617421,-0.9309002791051852,0.6175960144398203,-1.0157711706321324,1.5252505388936057,-0.4722385852958451,3
1.065872520431836,1.021804815049307,0,0,0.2673884214097092,-0.08485100155461656,0.15935992141018174,-0.11015223382760407,0.47197043175155357,0.47819401871378225,0.5482745230662213,0.3691977433092699,-0.32835851732008436,0.892903563781979,-1.1866568539522488,0.5336687031363184,-0.5504488038309172,-0.404187351413468,5
0.5285986117585335,-1.404228433902438,0,0,-0.4053256698042264,-0.1173630434073412,-0.4497470708228143,-0.13604810380485866,2.342974683103946,2.41412396181066,2.2110187108312704,2.406684519574618,-1.2659885356723155,1.0505161905258635,-0.5184150985756338,2.2202041740713807,-1.1450668742793146,-0.5924651989760008,6
0.43216483327870997,-0.6537289396224018,0,0,0.1588863514977792,-0.1183592525417558,-0.6059288285813021,-0.14250886590747613,-0.4353889965093765,-0.48342366228903516,-0.35960430026925533,-0.4751661209007483,-0.07959963478407418,0.14424340943425992,-0.16520157353009568,-0.38720045408753906,0.07332444306637433,-0.5265154065862674,7
-1.2623144171524752,0.4458400868809072,0,0,-0.5138285599943971,-0.12150483094536932,-0.48098368775789807,-0.14428594875953618,-0.8284163574470805,-0.8198311608786193,-0.8160938616581239,-0.8422808698491215,0.7527861416003787,-0.5987878274708469,0.2643824979859626,-0.8502216710967202,0.6558780289998016,-0.40191075744466837,1
-1.2623144171524752,-0.1126711646763291,0,0,-0.535529059910694,-0.1244632527997935,-0.4028930155066085,-0.14142927652640994,-0.8022145339086034,-0.7277951409159339,-0.8262947589185176,-0.8361622945546865,1.3268452808027407,-0.818319787283348,0.06390993700625577,-0.8605685273308972,0.4825663729777601,0.08494887565558572,1
-0.09133282132604642,-0.6711824162335653,0,0,0.5494950375041754,-0.02641255091438385,-0.043675798892777264,-0.024704384523808978,-0.7566039637416876,-0.8356994343714578,-0.6732814836285343,-0.7719172195461141,-0.09873492019317172,-0.06965960760501888,0.21665091825544838,-0.7053658700614236,1.5093115190613327,-0.6240961703441243,3
-0.05000405912040776,1.1439791513274526,0,0,0.15888646868038497,-0.07715545834971402,0.7059948773717658,-0.07511977181127946,0.6553831965208935,0.6273558535273606,0.7650433316396968,0.5435772259315199,-0.7876059699005216,1.2644191569039227,-1.358490465375311,0.753539136208106,-0.5338683436134893,-0.44615581286580985,5
1.1072012826374746,-1.3344145274577834,0,0,-0.2534226000597023,-0.11339024942434434,-0.24671115373132732,-0.1321285132353502,2.2740735818724604,2.322087984692324,2.1931673414554944,2.299609197236168,-1.4190708189450967,1.33196763539064,-0.8429896311061245,2.202097379365048,-1.0650854699565708,-0.5663790619620126,6
-0.5459492055880717,1.3359673940502526,0,0,1.0269054888105478,-0.028561747648260964,1.0183573920785138,-0.06938143539684674,0.5641620719081558,0.5543616480757381,0.6528335765353176,0.46097641402620093,-0.5484144717424485,1.0505161905258635,-1.2343883649493186,0.6397238340341475,-0.5566379733997552,-0.42982852219970435,5
1.4240551262140377,-1.7707514427368745,0,0,-0.29682391237924505,-0.10761046220651407,-0.29356610865223215,-0.12950965912908474,0.3302865339386511,0.2846010501107048,0.42841406632655926,0.2529446722936246,-0.6823616418238729,0.921048809590896,-0.881174925820586,0.41209322968623063,-0.4725383169269936,-0.49109436080244356,2
-1.620497022934677,1.3883278238837435,1,1,0.7882000678530184,-0.0620477406660059,0.8465580272630229,-0.09775336295394185,0.44382773433628725,0.4242418705578754,0.5380736258058276,0.34472342561136754,-0.5388469151467701,0.9885970347715153,-1.1389253429551793,0.5233218469021416,-0.4924922784293102,-0.4370512486896625,5
-1.3725244497008449,-0.5664615565665836,0,0,-0.10151945219344118,-0.027426914826988825,-0.29356602431429163,-0.12913895085141153,-0.8691747586431173,-0.9118671694161445,-0.8288449545436284,-0.8667551847936635,0.32224178935132913,-0.44680416883079455,0.43621609222566354,-0.8631552122889447,2.1079303641308322,-0.6405842493010486,3
-1.2760906712210214,1.4406882537172343,0,1,0.37589099911293117,-0.08678312101069849,0.8934123355930503,-0.09664098359157129,0.5389306591062503,0.5035831808962671,0.6400824836498132,0.44567990007270236,-0.758902869569134,1.1124354982638704,-1.129379126672571,0.6267902928419231,-0.5326666291358848,-0.466764018983492,5
-1.6342732770032231,-1.212240191179638,0,0,-0.49212874754938746,-0.12480133850146843,-0.4185112775882831,-0.13711099254480472,2.088720048033626,2.1792734832687177,2.0248523645190737,2.0548661854587693,-0.8832823969460099,1.29256435205162,-1.3107589543782414,2.0313740768981488,-1.075508233249271,-0.4623756956595775,6
-0.2979766323542397,0.11422403126879815,0,0,-0.6006305049743688,-0.12725262267452722,-0.60592880327992,-0.14001993603037546,-0.9506915400737325,-0.9372564144310402,-0.9614564697408096,-0.9401781296272895,0.896300928553691,-0.8520939505348771,0.5507718389021588,-0.9976641920106607,2.49393754914147,-0.4722385852958451,3
1.5755939209680463,-0.23484550095447454,0,0,-0.6223309033324074,-0.12581567183241585,-0.6215469051195075,-0.14647827436424404,-0.7236090554326249,-0.7627053603091767,-0.6503294934826364,-0.7657986332382375,0.23613291890151922,-0.10906268829916062,-0.05064577530351706,-0.6820854726350224,0.8402841843889735,-0.48897758457139967,7
-0.7801455247533574,0.8472700489376708,0,0,-0.3185243341738048,-0.1029963564864697,-0.028057621149043144,-0.11652233038707097,-0.18210474597380355,-0.23587854553005078,-0.3239012172378529,0.04185378195853107,-0.33792616002463327,-1.088512966642533,2.183191087279485,-0.22165091730349099,-0.5038334152207831,2.5767193113528677,4
-1.069446860192828,1.597769543217707,0,0,0.48439373305962746,-0.0865217596669809,0.2686869969404392,-0.10382497138301146,-0.520787578097217,-0.524681172227899,-0.655429930636838,-0.349735273674303,0.38921537439204135,-1.3193029538528933,1.8490702525495804,-0.5527499210303947,-0.3753648717817437,2.349152440531597,4
0.2668497844561553,0.2713053207692709,0,0,1.4175145654256296,-0.03723195794848063,-0.2935659399763511,-0.1363138762141005,0.7233137822085137,0.7162181782321597,0.7930957130358164,0.6384151278517799,-0.653658799819097,1.0561452599521346,-1.1389253429551793,0.7819929035506021,-0.6633969310407175,-0.4535236046869616,2
-1.3449719415637524,-0.19993854773214725,0,0,-0.6440314735582678,-0.11939575620510871,-0.652783204381682,-0.14212785089512672,-0.9671889850576257,-0.9372564144310402,-1.0048102326031043,-0.9401781296272895,1.0589510138324314,-1.0434807709270224,0.713059135238286,-1.041638279789038,-0.8964673354534145,-0.4722385852958451,3
-0.4770679352453406,-0.13012464128749274,0,0,-0.2317222173260112,-0.10775832155395577,-0.3091841177200852,-0.12664574115027025,-0.48002917428099773,-0.600848915841456,-0.33665231012335733,-0.5302333563712316,-0.7014970994507116,0.5551620832503452,-0.2415719911254071,-0.36392005666113786,0.7333172980604685,-0.579369138271751,3
-0.8490267950960885,-1.927832732237347,0,0,-0.27512329528034224,-0.10417679933956309,-0.41851091212387403,-0.13471939350764953,2.744736152039419,2.9790345484264127,2.402285218873786,2.8992298569335593,-0.11787020560226927,-0.013369369293283095,0.1402804405183729,2.414207408356732,-1.5172737843477402,-0.5902394619877174,6
-0.43573917303970194,-0.9853449952345108,0,0,-0.058118999213007644,-0.09555016561915798,-0.26232994995329195,-0.12570206864888744,0.6204474143350416,0.5765773006591886,0.7267898234632824,0.5282807119780212,-0.9024175962462371,1.2137579373572387,-1.1580178614372014,0.7147382798274589,-0.5441577622824594,-0.48220862399030034,2
1.4240551262140377,-0.5664615565665836,0,0,-0.4487271110246354,-0.1227727225047078,-0.371656716244434,-0.14010059277630718,-0.9021696459907212,-0.9245617919235924,-0.8721987323247166,-0.9065259476110545,0.5327301613453537,-0.5424975891591112,0.38848452967851055,-0.9071293151995804,2.2315847263849236,-0.5572202115178586,3
1.134753790774567,-1.1424262847349835,0,0,-0.42702679469442095,-0.11939574251182919,-0.43412952280236955,-0.1365392749588605,1.920834221874952,1.852386770542339,1.9253938170601497,1.9600282284713009,-2.1844830102888366,1.6077896055393883,-0.5470540051738756,1.930492432318402,-0.8295802075354742,-0.6423283331557879,6
0.29440229259324774,0.2887587973804345,0,0,-0.3185241779303304,-0.11668681745909464,-0.4028929873939616,-0.13664601387805703,-0.8051258499641517,-0.7119268645668055,-0.8466965190113196,-0.8361622945546865,1.4990630044805866,-0.9365293080024808,0.0925488865629005,-0.8605685273308972,0.47575206602777964,0.2945810258273233,1
0.9005574716092815,1.1265256747162888,0,0,0.05038424252498051,-0.09157086436151855,-0.04367596756865831,-0.11505288347539337,0.33125697087704564,0.33855316970371147,0.40291188055555066,0.23458900973760882,-0.20397907605207918,0.7465488732457589,-1.0625547535262565,0.3862261473017821,-0.5171655236841262,-0.4011743664837784,5
0.8867812175407352,1.1090721981051253,0,0,-0.2534226000597023,-0.10434610761180163,0.17497798670332843,-0.10415735012339344,0.3002029626465957,0.32268482194733217,0.35955809588886534,0.2039961194986318,-0.04132897785700826,0.6395974660485585,-1.0434623209610399,0.3422520374070271,-0.5323421383287429,-0.37717375389219643,5
0.8592287094036428,0.6727352828260345,0,0,-0.14491998329561187,-0.10113396549184554,2.5957894084250954,1.1644011627965964,0.16143024463975925,0.11322364840237703,0.21674571785927577,0.13975094261572465,-0.5675499293692872,0.49887194626104886,-0.27975728583986853,0.19739623637173043,-0.5566323937620182,-0.6645932733525124,5
0.4183885792101637,-1.683484059681056,0,0,-0.31852355295643275,-0.1217584873089302,-0.2779476778946765,-0.14249225369691979,2.6321652575710597,2.848914828034351,2.348730651706658,2.734028233122921,-0.18484379064298165,0.28496892922176986,-0.2988498902386964,2.3598865586297877,-1.4359046630925185,-0.5060919937718366,6
1.5618176668995,-0.6537289396224018,0,0,-0.5572297043522049,-0.12657641247355206,-0.590310749231832,-0.1462125396052565,-0.656648854279752,-0.7214478418014426,-0.5457704170615498,-0.7199092978797721,-0.05089662056155688,0.19490462898094402,-0.27975728583986853,-0.5760303184567959,0.878907482986504,-0.49421611237875984,7
0.23929727631906286,-0.07776421145400182,0,0,1.3307125266995732,-0.10775831881529987,-0.3872749502134618,-0.13603905447028827,0.22450877664452443,0.2243015685648263,0.270300330930384,0.16728454658416433,-0.18484379064298165,0.4876138074085063,-0.6425170271680147,0.25171713265946977,-0.6412508693624804,-0.4525965971044408,2
-1.5240632444548532,0.39347965704741633,1,0,-0.38362563861835264,-0.11643324759141595,-0.371656716244434,-0.1337229091255884,-0.693525510342393,-0.7087532121532698,-0.655429930636838,-0.7168499840756308,0.4274859710428977,-0.3173366359121682,0.11164147377836713,-0.687258889111912,0.2614907511992405,-0.4816306919928775,2
0.9832149960205587,0.1840379377134527,0,0,-0.5138285599943971,-0.12150482615272147,-0.4653655859183105,-0.14169501234369433,-0.8119189137732785,-0.7246214827898183,-0.8517969676415165,-0.8392215808252239,1.451224747903407,-0.9309002791051852,0.1307341125439174,-0.8709153672687958,0.44508759757102995,0.2576675735387801,1
0.2530735303876091,-1.5613097234029107,0,0,-0.31852456853901645,-0.1060518566177303,-0.2935663054407601,-0.1312283259704371,2.3167728595654693,2.3093931750978793,2.244171483477611,2.3852694330800452,-1.9548593270530539,1.4220319862926853,-0.46113719946234455,2.253831311329971,-0.9954456626338216,-0.6423289801911632,6
1.3276213477342143,-1.5438562467917472,0,0,-0.4704275992226718,-0.12420967152104857,-0.4185105579045238,-0.14508315718,1.6161167087971724,1.4429853521301355,1.7978828882051063,1.5470241689447055,-2.8829215304829945,2.5309494935873666,-1.4157682785717947,1.801157020396159,-0.47018061484667584,-0.5928769075854498,6
-0.22909536201150862,0.07931707804647088,0,0,2.025127781864572,-0.0275505194966629,-0.21547555728532405,-0.12810224634759196,0.42441899556839563,0.38615792734384613,0.5253225329203233,0.33554548419894364,-0.6919294567461627,1.0167422299192126,-1.0339160187616259,0.5103883057099172,-0.5010748946327184,-0.47064131376781343,2
-0.628606729999349,-1.6660305830698925,0,0,0.9401034500844914,-0.041398131391538306,-0.44974743628722325,-0.13520201523779352,0.6641171027646213,0.5892718817504311,0.8007464146710991,0.5649922573588851,-1.2181503221495715,1.4501769787955041,-1.2439346671487326,0.7897530748267314,-0.4503859345653823,-0.5046629514414427,2
0.2668497844561553,-1.5438562467917472,0,0,0.1805866561097331,-0.08085386708263383,-0.10614828496653872,-0.11596073173296256,0.013923777600136385,-0.013722562390650755,0.07393327097371546,-0.03156919866878008,-0.26138501838824263,0.408807494036564,-0.4324982928641028,0.05254036549524113,-0.47149344257890224,-0.5009454743948766,2
-0.06378031318895398,-0.37447331384378363,0,0,-0.42702657204746985,-0.12353343963904753,-0.4966018289551912,-0.14382088489092684,0.6922598001798876,0.6844816540968032,0.7548424343793032,0.6170001790252269,-0.6345233421922585,0.9829680666676834,-1.0339160187616259,0.743192279973929,-0.6909038912202883,-0.4648935044163744,2
-0.628606729999349,-0.33956636062145634,1,0,-0.3619248652759754,-0.11871546084241429,-0.2623297812774109,-0.12887316893543568,0.7398112625648687,0.7701703549509671,0.7752441141401397,0.6598301592791451,-0.32835851732008436,0.8422423442352949,-1.1007400482407177,0.7638858760402957,-0.7549053874279678,-0.41622932678744307,2
-0.7801455247533574,-0.025403781620510917,0,0,0.3541908116835831,-0.08093707429555197,-0.24671154730838313,-0.11120177905915189,-0.44315251821835644,-0.5310285056178706,-0.30094922709195493,-0.524114783830157,-0.4336028453967335,0.5776783102942106,-0.5470540051738756,-0.3277061180425123,0.514166694892131,-0.4500939289754312,3
0.5699273739641721,-1.020251948456838,0,0,-0.42702679469442095,-0.10933296722213154,-0.48098393233792563,-0.1410971087279002,1.5792401575418256,1.427117061499557,1.7647300007988143,1.4858384160003555,-2.6628658343872424,2.525320829450852,-1.6257871847093184,1.7675297667355807,-0.48561515696386914,-0.56589605005418,6
-0.5459492055880717,1.7723043093293434,0,0,-0.14492037390429785,-0.10430405326822548,-0.23109345390258967,-0.12387861966119935,-0.5469894016356942,-0.524681172227899,-0.7217356824974313,-0.3527945599448403,0.6475419599088101,-1.6063831996394773,2.078181763085932,-0.5553366292688395,-0.11649927901989719,2.1064631236169946,4
0.6663611524439957,1.1614326279386162,1,0,0.1805866561097331,-0.06872028406336168,-0.24671154730838313,-0.12539665315870605,0.3506656572412901,0.3449004745307829,0.4156629045850842,0.2743597037209896,-0.33792616002463327,0.7184039314041596,-0.881174925820586,0.3991596186528138,-0.5917529439973931,-0.44267023329783384,5
1.7409089697906008,1.597769543217707,1,0,-0.14492033484342923,-0.0808476320760321,0.09688743533642029,-0.10183451957156893,-0.645974021755588,-0.6738430070414771,-0.749788132749521,-0.4874032935165014,0.274403575828585,-1.2179805299578912,1.7917923534362912,-0.6691519081624006,0.05741829078764597,2.4602643315802095,4
-1.3449719415637524,-1.1598797613461471,1,0,-0.44872698212376905,-0.11977317014663147,-0.4809835949861635,-0.14001998320530099,0.8727612803358669,0.7765176026522377,1.053218306275977,0.739371712447531,-1.5817209171401676,1.9117569228194928,-1.6639723935069737,1.0458374465171445,-0.4031732631718713,-0.49450035501922984,2
-1.6756020392088617,-0.5664615565665836,0,1,0.13718592970321936,-0.011958586909703717,-0.4028930155066085,-0.11193248816201376,-0.8235641753752899,-0.8833042719877133,-0.7701898813663279,-0.8208658411751169,0.1308887630426116,-0.3229656546772199,0.41712347923515514,-0.8036608762439179,1.7517953826092114,-0.6595903311253825,3
-0.38063415676551704,-0.007950305009347285,0,0,-0.12321999117060672,-0.10223286258326747,3.0330968109414256,1.803498354040216,0.4127737523076608,0.4337627992355821,0.45646656248262935,0.33554548419894364,-0.1465732198247864,0.6283395298408947,-0.9193602205350476,0.44054711343071373,-0.6420215568249024,-0.4073474721875529,2
0.9281099797463739,-1.456588863735929,0,0,-0.25342310785099414,-0.12251913232533121,-0.3091845394097878,-0.13824039434227398,2.2944528361842176,2.331608713429729,2.2110187108312704,2.3332613462120797,-1.5338827036174234,1.33196763539064,-0.7284338328795458,2.2202041740713807,-1.0554585896779487,-0.5860029978664396,6
1.3413976018027605,2.1039203649414526,1,0,0.4192921551889995,-0.11262954666794808,-0.04367588323071779,-0.10841147548881484,-0.6993481319727605,-0.6611483688244342,-0.7905916529351252,-0.6189527408176252,0.9154362225736757,-1.1785773580735541,1.0853652861618537,-0.7752070623406271,-0.8778999139287402,2.386224720593772,4
-1.138328130535559,0.16658446110228906,0,0,-0.27512325621947376,-0.08375066438663324,0.08126925759268618,-0.09036081535493617,-0.9002287721139323,-0.9023462036066675,-0.9002511665104134,-0.8881702134676683,0.7145155105059742,-0.739513448580796,0.5412255281110642,-0.9355831360869905,1.8863067173083323,-0.5460160175481187,7
-0.9730130817130045,0.16658446110228906,0,0,-0.12321983492713232,-0.1042614375001896,-0.5434562328682179,-0.14083137039940305,-0.8303572391844167,-0.8325257791016321,-0.8084432059268214,-0.8453401616263796,0.6571096284460199,-0.5368685703940596,0.25483617860318736,-0.8424615463813857,0.8831283917526986,-0.44221944375170247,7
-0.9592368276444583,0.07931707804647088,0,0,-0.6006304815378476,-0.1262383047941635,-0.5746925124515396,-0.14428594714518514,-0.8390911821106973,-0.7404897648515268,-0.8900502761356168,-0.8636958985231262,1.5756042150040732,-1.0265936994335019,0.1689193728916563,-0.891609049472633,0.7237771637122888,0.4373601869286264,1
1.5480414128309539,-0.7060893694558926,0,0,-0.44872709930637483,-0.11770113915075446,0.955884962230046,0.2282769364912206,-0.71196381217189,-0.7658790127227124,-0.6248272847596374,-0.7566207744266257,0.09261810611554581,-0.007740249205792405,-0.07928476781856461,-0.6562183669701763,1.0841248153162575,-0.5083830813330481,7
1.5893701750365925,-1.0551589016791654,0,0,-0.5138285443700497,-0.11482982161659581,-0.5746924477924518,-0.14001993549225847,-0.7362247618335779,-0.7563580412006552,-0.6936832551973314,-0.7596800662038837,0.4179183025056879,-0.3229656546772199,0.1307341125439174,-0.7260595592493798,0.5223222508540599,-0.4899944653675815,7
-0.3117528864227859,-0.880624135567529,0,0,-0.5789298644389449,-0.12581564376119286,-0.23109362257847071,-0.12515290587913516,2.317743375109334,2.3601716137144506,2.2110187108312704,2.379150915606178,-1.5051796893949065,1.1968708810620836,-0.5279614007750478,2.2202041740713807,-1.0864655519917266,-0.6100577673189537,6
0.8454524553350965,-0.6013685097889109,0,0,-0.49212800539288404,-0.12277272067893721,-0.3872748377628744,-0.14189431384791293,-0.3771627540038784,-0.46755537165845645,-0.24484430363578505,-0.4445732581953753,-0.5101439009242531,0.5664202727641072,-0.45159089726293067,-0.2707984203947382,0.3556381582814886,-0.5329006104861405,7
0.8316762012665503,-0.6711824162335653,0,0,2.8931476613338445,1.7324128615967735,0.11250536006633272,0.017813665524458025,0.3167003643974799,0.3480740983814182,0.3519074401575625,0.24070758227868347,0.025644521074833587,0.49324282617355797,-0.8620824073385638,0.3344919126916923,-0.6501632944652486,-0.3815404662345683,2
0.8867812175407352,-0.2872059307879654,0,0,-0.34022471690749595,-0.09783734953061698,-0.3872751188893429,-0.13950262135776842,2.531239763574376,2.6553217737425725,2.318128074685428,2.639190386269869,-0.9406882531733027,0.6677427118574755,-0.19384048012833746,2.328846106329244,-1.2817764554740507,-0.6165200978355895,6
-1.5929445147975845,0.11422403126879815,0,0,-0.7091329100285515,-0.12682999021486646,0.05003293021786498,-0.03506804480594246,-0.9254601534736501,-0.9086935141463189,-0.9410547027624105,-0.9126445256588498,0.9058685712582398,-0.8633519779327364,0.5603181411015726,-0.9769705074787839,0.5363822404965615,-0.4722385852958451,7
0.184192260044878,-1.788204919348038,0,0,-0.4704281070139636,-0.10990512378968996,-0.4028930155066085,-0.13774703610132633,2.3643243219504506,2.3823872662979007,2.2696736692486197,2.4342181235430576,-1.7635062146354659,1.315080376450607,-0.47068350166175854,2.27969839371442,-1.0462865370567311,-0.6307506056637547,6
0.5974798821012646,-1.456588863735929,0,0,-0.7308334029138921,-0.12725262267452722,-0.6840194839650036,-0.14700974842033943,-0.9710707367414775,-0.9372564144310402,-1.0150111172399032,-0.9401781296272895,1.0972216233996184,-1.088512966642533,0.7512443826985044,-1.0519851232189963,-1.8651544328831187,0.8829091994428392,7
-1.5378394985233996,-1.8929257790150198,1,0,-0.2534226000597023,-0.1070297553270108,-0.34042033264431903,-0.12861332119459545,0.8358845718695788,0.7574756310452229,0.9792617150681602,0.7301938811695232,-1.3903680630491912,1.6359349526707447,-1.387129543807164,0.9708226515178718,-0.4837368242288147,-0.5051906734937242,2
-0.8903555573017272,1.0043513384381435,1,0,-0.07981895227714418,-0.09986605225148115,0.06565110796159898,-0.10954088446117771,-0.45673863535588083,-0.44851348574014277,-0.6044254902388503,-0.2824308931216705,0.4466212908955437,-1.3530771171044227,1.8490702525495804,-0.49584226994341546,-0.6198016521284897,2.299357180362703,4
-0.43573917303970194,0.4109331336585799,0,0,0.4626930378389875,-0.04540110148280384,0.31554122093252596,-0.08932894009263569,-0.7692196439408171,-0.7531843830745396,-0.7880414343580243,-0.7535614826493675,0.7719214528421375,-0.7564005403388046,0.5125865957377808,-0.8217678571934295,-0.34177863474220205,-0.45290419772196744,3
0.4734935954843486,-0.3221128840102927,0,0,-0.5138285443700497,-0.11579936742537768,0.44048638986857686,-0.11426099943585699,-0.27041458597318074,-0.2930043460994934,-0.2346434522793717,-0.2885495207299531,0.0160769644791552,0.014775876515633522,-0.04109947310410319,-0.26045161072135625,-0.39398922304770323,-0.5356550400797685,7
-1.5240632444548532,-0.9155310887898562,0,0,4.368779390111658,0.10969819093250559,5.469525454576933,0.14960715178521902,-0.1364941312637878,-0.20731564524532947,-0.09183112015376232,-0.12028855558156978,-0.5292793585510918,0.18364649012840167,0.21665091825544838,-0.11559585624685427,-0.14038967494566135,-0.6711563472771185,3
-0.2979766323542397,0.026956648212979984,0,0,-0.36192517776292427,-0.10836139366687617,-0.4497473997407823,-0.13461127037210255,-0.9244897165352554,-0.9245617919235924,-0.9257533798238101,-0.9126445256588498,0.7527861416003787,-0.7676585677366639,0.5507718389021588,-0.9614502464079159,2.1618161514850254,-0.5648723753865552,3
1.5893701750365925,1.2487000109944344,0,0,0.006982930205437782,-0.10060870270106201,-0.1686206023644192,-0.11634692576289477,0.30893686889032335,0.29729554551324633,0.37740964888056167,0.23458900973760882,-0.3570616176514719,0.7071457418903976,-0.8429896311061245,0.36035901835653866,-0.5558453597046636,-0.451952991016402,5
0.8316762012665503,1.0916187214939617,0,0,0.11548542978692244,-0.08482827071063662,0.15935972462165376,-0.122796322834028,0.29243936233214485,0.31951119809669687,0.33660610574296734,0.21011471957331038,0.006509235665735893,0.5326460588513583,-0.9098139183356336,0.31897163998062594,-0.5991559027286257,-0.3827068122024973,5
1.754685223859147,1.2312465343832708,0,0,0.11548542978692244,-0.1094117355302765,-0.10614828496653872,-0.1106568261582275,-0.48488135897297063,-0.5088129101602208,-0.6630806093201309,-0.24266014407108163,0.17872697656535574,-1.5782381058142194,2.4982194894441734,-0.46221503956323484,-0.023478915169601683,2.2588400192576734,4
1.176082552980206,-0.880624135567529,0,0,-0.2100220689575317,-0.1052043717895795,-0.4028930155066085,-0.1323640800599673,0.13619893664514726,0.2211279161512906,0.07138305239661456,0.13057316640492475,0.6571096284460199,-0.3173366359121682,-0.11746997661622025,0.04995365725679625,-1.0882527361134369,-0.3422488548343285,2
-0.4219629189711557,-0.33956636062145634,0,0,1.8515238606559339,-0.09482814637736614,-0.40289265004219943,-0.1377469822896242,0.489438296642656,0.4591520756696681,0.5814274104725129,0.4028499473523881,-0.672793999119324,1.0111130591705022,-1.0434623209610399,0.5672959567968965,-0.5440384103439915,-0.4664767352767571,2
-1.4551819741121221,-1.1947867145684745,0,0,-0.1666206394553832,-0.06267443870694328,-0.3248022673511724,-0.13153056118902418,-0.41986200549506325,-0.350130146668936,-0.4029580619839504,-0.502699752402792,0.972842147688065,-0.23290120245273535,-0.5756929976889233,-0.43117454070189654,-0.10063388425120084,-0.1746157708881955,1
-0.5046204433824331,-0.5664615565665836,0,0,-0.31852409980859314,-0.10836143132339483,-0.48098393233792563,-0.13315855441547064,1.777209319176143,1.7063988166454989,1.818284453205992,1.7764707218358151,-2.0888065832433487,1.7316283223378421,-0.8525359333055385,1.8218505000605385,-0.7744917467034405,-0.6055866234669713,6
-0.821474286958996,-1.212240191179638,0,0,-0.036417874322813105,-0.08904669999050241,0.08126917325474564,-0.06934818873356387,-0.32669998080371326,-0.28665698414662144,-0.267796293781683,-0.43233608557962205,0.6284066400561642,0.1217273343740534,-0.8334434148235166,-0.2940788178211394,0.01869909216651071,-0.256359826201673,1
-1.386300703769391,-1.8929257790150198,0,0,-0.4053256698042264,-0.11147764289155845,-0.37165685680766825,-0.13724597812329703,0.864997680021416,0.8050805029369589,0.9920128079536645,0.7607867989421041,-1.2468530780454767,1.5514994178888724,-1.387129543807164,0.9837561927100961,-0.5475306968853906,-0.49202893869885805,2
0.5699273739641721,-0.23484550095447454,0,1,-0.49212800539288404,-0.1217584163320981,-0.09053019156074525,-0.1058205173689198,-0.20345433241666075,-0.28030970788245035,-0.08673066004757045,-0.267134461768984,-0.5292793585510918,0.6058233027970293,-0.4993224082600002,-0.11042241648956713,0.017210026345451122,-0.5289336365987704,7
-1.1658806386726517,-0.496647650121929,0,1,-0.23172229544774844,-0.09132889498379469,-0.23109348201523647,-0.12515289870424154,-0.849765998913767,-0.9086935141463189,-0.8033427687726196,-0.8392215808252239,0.15959169115625804,-0.39051393051905886,0.5030402849466862,-0.837288129904496,2.088972542328248,-0.6890299877872013,3
1.2725163314600294,2.121373841552616,1,1,0.5060941157933186,-0.05840688935127626,-0.07491212626759858,-0.12471812346965043,-0.7158455599254683,-0.7246214827898183,-0.8517969676415165,-0.5363519289123061,0.5040271729554978,-1.4881737042509542,2.0209038639726424,-0.7105392865383131,0.6315875992028473,2.2219180455132346,4
1.6306989372422311,0.742549189270689,0,0,-0.49212807570244765,-0.11972977682854097,-0.4809837552282505,-0.14109710191175126,-0.620742661357329,-0.6167172064720345,-0.7370370169120265,-0.47822540717128553,0.5422977696063542,-1.2798997921008004,1.6295050442126429,-0.6613917601666686,-0.4244198262196177,2.347976324329498,4
-1.510286990386307,-0.007950305009347285,0,0,-0.5572295402965567,-0.12454777821908543,-0.5590743993668932,-0.14488385244707924,-0.8517068806511032,-0.7658790127227124,-0.8926004993031156,-0.8759330491119962,1.4703600763669398,-0.9703034560556442,0.17846569227443157,-0.9123027386605893,0.8010414588207969,0.3306338822442901,1
-1.4000769578379373,-0.6537289396224018,0,0,-0.38362558783922346,-0.11237595169592365,-0.1998572389783558,-0.12355845258974804,-0.48391092203457603,-0.40725594723837855,-0.47436425099874524,-0.5638855328807458,1.087653971223094,-0.33422369220732306,-0.5184150985756338,-0.5036024412195449,-0.04342171739644436,-0.11449680248858186,1
1.244963823322937,-0.007950305009347285,0,0,-0.6006305049743688,-0.12420967152104857,-0.4966018289551912,-0.1462125388160182,-0.9351645333383252,-0.9372564144310402,-0.9283036006961101,-0.9310002614542522,0.7432184988958298,-0.7226263770872753,0.48394764618113606,-0.9640369569744005,2.49393754914147,-0.5210702803835009,3
1.4929363965567688,0.6203748529925436,0,0,0.24568823398036108,-0.11533439386204578,-0.3248023235764661,-0.11877521290105467,-0.7973623518368128,-0.791268260593898,-0.7829409972038225,-0.811687968596703,0.7049479022449735,-0.559384645454266,0.24528985062873185,-0.8165944407165396,0.4960205360165993,-0.41080128231859053,2
0.4734935954843486,0.9868978618269799,1,0,-0.12321983492713232,-0.10730438911011088,0.23745066956561783,-0.08608957069335231,-0.41403935766287225,-0.41995058545542147,-0.5993250989886287,-0.1814743911267317,0.28397113242426336,-1.566980068284116,2.3741174749349865,-0.4104808515139402,-0.30084370966660356,2.2506891205215185,4
-1.4276294659750297,0.4109331336585799,1,0,0.028683508243471857,-0.09031458812652102,-0.3091842582833194,-0.13186274441355517,-0.8070667369418527,-0.7722263261186538,-0.8211942988123258,-0.8147472741407631,0.972842147688065,-0.7564005403388046,0.31211405194143504,-0.8502216710967202,0.15776624466880496,-0.14221566856918028,2
1.616922683173685,-0.6013685097889109,0,0,-0.535529059910694,-0.11634871281504972,-0.4185111370250489,-0.13711105173767704,-0.9235192795968609,-0.9150408246859703,-0.9206529380792104,-0.9248816817544406,0.8293273521238658,-0.739513448580796,0.42666979002624966,-0.9562768252749467,2.041883581965186,-0.43850474895725156,7
1.2862925855285756,0.9519909086046526,1,0,-0.4053264119607298,-0.11475243085236916,-0.3716572222720773,-0.13724596126229704,0.5913343061832046,0.5607089814657098,0.7114885349526671,0.47015419023700084,-0.758902869569134,1.2813064158439558,-1.4157682785717947,0.6992180536771869,-0.47461991412116983,-0.4374017477525866,5
1.6031464291051387,-0.9329845654010199,0,0,-0.31852409980859314,-0.11099582317111432,0.4717225485675171,-0.09760843907156042,0.07603176785921296,0.10370257691016888,0.09433504254251256,0.026557268005032518,0.18829470537877505,0.18364649012840167,-0.4993224082600002,0.07323405468319742,-0.670540218662581,-0.4049578411386482,2
0.08775848156505445,1.4755952069395617,0,0,-0.1883212956151545,-0.11770113641209855,-0.5122200066989253,-0.14269152775717034,-0.5469894016356942,-0.5722860155567348,-0.6707312650514334,-0.36809099129752687,0.21699763349242152,-1.2686417495045754,1.9349870582611115,-0.5682701704610639,-0.19489205586071218,2.4306150354567198,4
-1.4827344822492146,-1.8405653491815288,0,0,-0.25342310785099414,-0.09772398286958689,-0.3248024641397004,-0.12450533047485281,2.3206546597226945,2.318914218027188,2.244171483477611,2.388328554148959,-1.9070212857480509,1.39951575924882,-0.47068350166175854,2.253831311329971,-1.0059534282201712,-0.6390369289040079,6
-0.44951542710824816,-1.351868004068947,0,0,-0.49212777102767247,-0.12175837799091546,-0.37165649134325923,-0.12893960845029934,1.846110551416746,1.744482445667625,1.9432454159558263,1.8070637497428121,-2.4236745084469105,2.1594343057551795,-1.2439346671487326,1.9485994598287086,-0.6816555544893853,-0.5864119889273117,6
-0.9454605735759121,1.266153487605598,0,0,0.2022877809999276,-0.09482817376392517,0.5654316431425682,-0.06826124795650099,0.34096131405916796,0.3290321267744036,0.41311266305599326,0.2621226137060485,-0.38576437354737725,0.7578069614370817,-0.9002674443026083,0.39657288713397154,-0.5663071804615225,-0.44658887364265143,5
-1.441405720043576,-0.025403781620510917,0,0,-0.12322022553581838,-0.10017773867959649,-0.1842392299105028,-0.12035974331257394,0.6204474143350416,0.5353198192832249,0.780344505390361,0.5038063942801193,-1.2755560922679936,1.5683864741840279,-1.387129543807164,0.7690592459563904,-0.3727631477322724,-0.49425590505435496,2
-0.05000405912040776,-0.19993854773214725,0,0,0.20228723414776725,-0.08687854491114923,-0.5434561653978655,-0.1420072924133407,-0.3499904935270066,-0.38186667080429254,-0.27289670798389454,-0.4078617678817197,-0.0030584070388128765,0.22304977346742164,-0.37522039375081345,-0.29925221101763166,-0.07991307128740627,-0.46632015271587895,7
-1.0556706061242818,0.8647235255488345,0,0,-0.27512329528034224,-0.10283779287421685,-0.2779478465705576,-0.11755608009032803,-0.46741349408186816,-0.46755537165845645,-0.6375783776451418,-0.25795657542376815,0.3796477316874926,-1.5106897793111609,2.183191087279485,-0.4751485807554592,-0.34097272581656507,2.2413971101970804,4
-0.2704241242171473,1.1439791513274526,0,0,0.07208435183259136,-0.09275279978207808,0.5654315588046277,-0.0850269761240444,0.6379152792261441,0.6337031012286312,0.7165889262028887,0.5405179671945867,-0.5579821144469974,1.0448872224220314,-1.2152959323841022,0.7043914235932819,-0.6205677189534106,-0.43438604527431984,5
-1.4827344822492146,1.842118215773998,0,0,0.09378504705323132,-0.08194771591834457,0.0031786218878375205,-0.11804565536861782,-0.6120087027099543,-0.6167172064720345,-0.7599890070579245,-0.42315819923440623,0.45618889915654437,-1.482544670287537,2.0590890727702984,-0.6148309653138663,0.052202637231153357,2.2416216961759265,4
-0.3117528864227859,0.6029213763813799,2,0,0.1588862343151734,-0.07879971996623428,-0.16862093971618136,-0.1281970446294641,0.05953428750285799,0.07831341472768412,0.07393327097371546,0.023498009268099283,0.12132112033806282,0.14424340943425992,-0.36567409155139957,0.05254036549524113,-0.7136922651020766,-0.4429775751012101,2
1.4929363965567688,1.5279556367730525,1,0,0.31078977279012054,0.011708822615331203,-0.21547538860944293,-0.11591854335851352,-0.5663981142017621,-0.5818069727973416,-0.6656308278972317,-0.4262174855049435,0.32224178935132913,-1.1222871146956965,1.5817735332155736,-0.617417673552311,-0.4030213924072176,2.536061614164273,4
-0.0775565672575002,1.1788861045497798,0,0,0.48439318620746713,-0.05995132696019785,0.7840857098651426,-0.08549009756958015,0.5903638954466329,0.557535329052174,0.7114885349526671,0.47015419023700084,-0.7780383271959725,1.2869353839477882,-1.4062219763723804,0.6992180536771869,-0.47455845092422316,-0.4416065071404636,5
1.7271327157220546,0.9170839553823253,0,1,-0.10151906158475513,-0.10299634963982995,0.2843048935577048,-0.1166005905391633,0.4350938280925598,0.408373522801496,0.5380736258058276,0.33248617039480244,-0.5962527713740631,1.0392582543181994,-1.1675643354702268,0.5233218469021416,-0.4783651151793657,-0.4449745203807062,5
0.4183885792101637,0.06186360143530725,0,0,0.11548542978692244,-0.08823931227984372,3.642204252976771,-0.07267485506344619,-0.014218919815129788,0.08783437196829122,-0.0739795212580858,-0.04074702994678797,0.9345715424263216,-0.4074009868142136,-0.2415719911254071,-0.09748882873654796,-0.9735636311569357,-0.20202004836921167,2
-1.386300703769391,-1.020251948456838,0,0,-0.2534226000597023,-0.08701802237398398,-0.028057536811102745,-0.10475757661099502,-0.4256846009236072,-0.36282478488597886,-0.40040779750286926,-0.5118776387480078,0.9154362225736757,-0.18223998290605123,-0.6043319042871649,-0.42858778590265684,-0.03687470996680179,-0.19495655728517128,1
-0.6561592381364414,1.074165244882798,0,0,0.41929238955421105,0.04763243391318792,1.0652116441832475,0.4291077154719029,-0.11805577703064377,-0.1025850299099515,-0.10458214418329621,-0.14782215955000946,0.23613291890151922,-0.007740249205792405,-0.22247938672657921,-0.12852932759788627,-0.6866286681679977,-0.4663352933436663,5
1.3276213477342143,-1.6311236298475653,0,0,-0.31852421699119904,-0.1077583290852595,-0.21547538860944293,-0.11771836183408461,-0.7488404420327075,-0.7627053603091767,-0.7140850267661285,-0.7688579250154957,0.4848918875464001,-0.3848849117540072,0.1689193728916563,-0.7467532484373361,0.39541138534387743,-0.449964263086175,7
1.2725163314600294,-1.7532979661257106,0,0,-0.31852456853901645,-0.11329424492884256,-0.35603896019040265,-0.13718511385951596,2.289600520483127,2.258614650792609,2.236520896602278,2.357735829111606,-2.146212611688383,1.5289834441511052,-0.45159089726293067,2.246071256455828,-0.9490406873936599,-0.6509207688322035,6
1.1623062989116597,-1.0027984718456744,0,0,-0.31852409980859314,-0.1166867763792561,-0.37165615399149715,-0.13611458367849888,1.4773439907903358,1.322386474727079,1.6780224544174347,1.3695852073166905,-2.6054598059422083,2.5422076324399088,-1.7117039904208493,1.679581570226469,-0.4453495268711908,-0.5566438971088745,6
0.43216483327870997,-1.2995075742354563,0,0,-0.31852456853901645,-0.11414965246029417,-0.34042086678460914,-0.1372459460156481,0.025568994659047765,0.08148706714121981,-0.0025733551952811864,0.005142346712083487,0.4848918875464001,-0.16535302793333542,-0.20338678232775131,-0.025060951499297067,-0.9009800854278055,-0.3786447888184622,2
0.43216483327870997,0.5331074699367254,0,0,-0.6223309814541446,-0.11977310921153768,-0.46536557748451646,-0.1372459558811268,-0.9254601534736501,-0.9086935141463189,-0.9334040401455109,-0.9218223927305429,0.9058685712582398,-0.8126907583860523,0.47440133539004153,-0.9692103757793301,1.7916394449163084,-0.40352776355165343,7
-1.193433146809744,1.3359673940502526,0,0,0.6145966153748034,-0.07874004921857367,0.2843052871347606,-0.12539665674615286,0.495260944474847,0.46232569952030333,0.5967285842231771,0.3997906335482469,-0.7014970994507116,1.0786615376572193,-1.129379126672571,0.582816066545181,-0.5145926568235757,-0.46305767094538525,5
-1.0418943520557356,0.2713053207692709,0,0,-0.6657319461319567,-0.12547756764481358,-0.5903106508375681,-0.14541532741797353,-0.959425481689922,-0.9372564144310402,-0.9844084621819066,-0.9401781296272895,0.9824097903926138,-0.9534163794960014,0.6366886360220092,-1.0209445917651017,1.5252505388936057,-0.4722385852958451,3
0.9005574716092815,-0.7409963226782199,0,0,-0.25342310785099414,-0.1123759722358429,-0.16862093971618136,-0.14083139820211582,0.15366680153624962,0.18939127776433276,0.16829151899037872,0.09998030369955166,0.19786226197445345,0.22304977346742164,-0.5756929976889233,0.14824873328048302,-0.7001812595037915,-0.392023345167668,2
-0.6561592381364414,0.9345374319934889,0,0,-0.2100220689575317,-0.0968230883176083,-0.07491198570436433,-0.11158653990408471,0.29729157322594135,0.32585844579796763,0.3468069341473903,0.20705540576916914,0.0160769644791552,0.5720493421903783,-0.9861842500141393,0.32931842637361025,-0.5686260430322805,-0.37261318975131597,5
0.22552102225051665,-1.072612378290329,0,0,0.006983047388043566,-0.07890352415374269,0.2686868001519112,-0.0326764823607447,-0.25391713181864933,-0.25809408386190014,-0.1504861244750922,-0.3711502775680641,0.16915933386080698,0.47635587120084233,-0.9766379478147253,-0.17509012245068864,0.09776778981005836,-0.33895745058254867,1
0.36328356293597885,-0.16503159450982,0,0,-0.4921280991389687,-0.12277272318937177,-0.4028929873939616,-0.13744322850480378,-0.8080371660197002,-0.7214478418014426,-0.8441462958438208,-0.8392215808252239,1.4416571051988583,-0.9027551599493173,0.0925488865629005,-0.8683286520462318,0.4796834003136085,0.22888558304371062,1
-0.09133282132604642,-1.4914958169582562,0,0,-0.42702679469442095,-0.11393066245957328,-0.43412952280236955,-0.12785179233621558,2.300275405410938,2.299872360671775,2.236520896602278,2.3516173116377384,-1.878318357634404,1.4670640350906592,-0.613878206486579,2.246071256455828,-0.9934573500080607,-0.6201041561877211,6
0.6112561361698108,-0.33956636062145634,0,0,-0.12321991304886948,-0.08680692221269315,0.8934123355930503,-0.1065606686317774,-0.4858517959113652,-0.48025000987549943,-0.47946466520095676,-0.4935218660575761,0.4466212908955437,-0.3567397672675295,0.15937304491720078,-0.5087758344160371,-0.4932933487628467,-0.48487072163584033,7
0.36328356293597885,-1.1598797613461471,0,0,-0.31852409980859314,-0.10958668086924504,-0.23109398804287973,-0.13950271911569392,1.6607567555596758,1.525500257756262,1.7902320718098725,1.6173876430326475,-2.5767569639374326,2.2213535121707473,-1.1962031561516628,1.7933967327180425,-0.5813375475701426,-0.5975928249199949,6
-0.6561592381364414,0.2014914143246163,0,0,0.419291998945525,-0.08226822994731477,-0.18423939858638383,-0.1298188181200091,0.2701193389508932,0.23382249724253298,0.37740964888056167,0.1734031466588429,-0.5484144717424485,0.9323068471209993,-1.0339160187616259,0.36035901835653866,-0.4063420179063645,-0.45222235184323456,2
-1.4000769578379373,0.4109331336585799,0,0,-0.6006304932561082,-0.12420967152104857,-0.48098372149307433,-0.13950268862239604,-0.8507364332319793,-0.8198311608786193,-0.8441462958438208,-0.8789923408892544,0.972842147688065,-0.6550781164438022,0.1402804405183729,-0.8735020801633203,1.1794306946836486,-0.12760062761733804,1
-1.0969993683299204,1.1265256747162888,0,0,0.2239879293684072,-0.06470306839698342,0.19059633312294358,-0.011749694372844306,-0.09767665372800476,-0.08989039169290859,-0.06632879667081268,-0.1417036145425388,0.15002404845170927,0.12735630247788549,-0.36567409155139957,-0.08972863418002104,-0.5580142259203198,-0.4375091556249248,5
-0.46329168117679437,-1.8231118725703652,0,0,-0.3402242091162041,-0.10990510895530382,-0.27794731243026755,-0.13303010677941154,2.3478268415940953,2.3601716137144506,2.2543722659780534,2.4219809509273045,-1.8017771298891432,1.309451357685555,-0.4229519906646891,2.2641780511621605,-1.0389902017153787,-0.6394574371945644,6
-1.5929445147975845,0.1316775078799618,0,0,-0.7308334029138921,-0.12725262267452722,-0.6840194839650036,-0.14700974842033943,-0.9710707367414775,-0.9372564144310402,-1.0150111172399032,-0.9401781296272895,1.0972216233996184,-1.088512966642533,0.7512443826985044,-1.0519851232189963,-1.8651544328831187,0.8829091994428392,3
-0.44951542710824816,-0.33956636062145634,0,0,-0.05811825705650424,-0.09447313897732036,-0.1686206023644192,-0.12228496637245016,1.662697786647406,1.5540631580409832,1.736677389882794,1.6602176783537737,-2.3375656379971006,1.8554667351689769,-0.8143506385910771,1.739075766589111,-0.6777267920678262,-0.6222252675557814,6
-0.39441041083406325,0.3062122739915981,0,0,-0.12321991304886948,-0.11034734026358953,-0.5590743853105699,-0.14488385470717074,-0.8410320559874864,-0.8483940554507606,-0.8135436430810232,-0.8575773177219704,0.6188390317951635,-0.5087234259075819,0.24528985062873185,-0.8476349628582756,1.034686609511324,-0.4597348854778923,7
-0.05000405912040776,-0.007950305009347285,0,0,-0.12321999117060672,-0.0707889688781701,-0.43412931476878286,-0.12734521794123133,-0.7886284089105321,-0.7119268645668055,-0.8211942988123258,-0.8147472741407631,1.3364129235072895,-0.8633519779327364,0.1307341125439174,-0.85539508757361,0.2054142585785608,0.11896734285587472,1
-1.4138532119064835,-1.1598797613461471,0,0,-0.3836260057905175,-0.11034731401813713,-0.4966021944196002,-0.13824042842301865,2.3332704447291177,2.3696927708953597,2.2084682856862576,2.4219809509273045,-1.5721533605444893,1.0899194738648836,-0.27975728583986853,2.2176172563093584,-1.0996756930614124,-0.645720804333225,6
0.5285986117585335,1.5105021601618889,0,0,-0.12321991304886948,-0.11482983530987532,-0.2623298093900578,-0.12978418670225877,-0.6605306282351538,-0.6706693260650413,-0.8109934245039223,-0.46292897581859904,0.4466212908955437,-1.5388349237976386,2.164098568797463,-0.6484582189744442,0.26530739777502194,2.2052720252211437,4
-0.06378031318895398,-0.6013685097889109,1,0,0.8316013411116925,0.09082549691977256,0.955884962230046,0.06564602653692349,-0.6964367949557532,-0.7722263261186538,-0.6222770891345267,-0.7046128665270857,-0.11787020560226927,-0.08091754381268303,0.25483617860318736,-0.6536316820121288,1.1281699525210307,-0.6420192443568974,3
0.5285986117585335,0.4807470401032345,0,0,0.7664997632410646,0.1250589239060724,-0.24671160353367685,-0.10661771262345379,-0.1724003241862107,-0.277136084031815,-0.03317593221651127,-0.23654159906361105,-0.8067410830918783,0.780323188480947,-0.5184150985756338,-0.05610140379984047,0.12890195042787153,-0.5532670194839874,2
-0.13266158353168508,-0.2173920243433109,0,0,-0.5138285443700497,-0.11803962789128952,-0.13738489346782848,-0.12832413172632165,-0.49846747611049463,-0.6611483688244342,-0.3239012172378529,-0.5455298152575222,-1.065067694441308,0.7465488732457589,-0.20338678232775131,-0.3509865154689135,1.096905411462035,-0.6268302183234229,3
-1.6618257851403155,-0.47919417351076543,0,0,0.13718581252061357,-0.05963147020864394,-0.24671165975897053,-0.10661775926026228,-0.8779086963290333,-0.9118671694161445,-0.8364956401125181,-0.8851109216904102,0.40835065980113905,-0.44680416883079455,0.3502993036974936,-0.8709153672687958,2.101903614329244,-0.5693499248887552,3
0.680137406512542,-0.14757811789865635,0,0,0.22398765594232692,-0.04948832860508298,0.3467774639694068,0.07302036425593739,-0.19860214772468784,-0.277136084031815,-0.09438131577887314,-0.24571948540882685,-0.5484144717424485,0.5270170907475265,-0.3465814871525717,-0.11818254120490179,-0.027826150421435117,-0.5526392657626488,7
-0.2979766323542397,1.2487000109944344,1,0,0.07208446901519715,-0.09132891324150072,-0.10614839741712617,-0.07891470577914204,-0.7478700312961364,-0.7563580412006552,-0.8568974047957183,-0.6005970231944014,0.5327301613453537,-1.336190045610902,1.7345145402398077,-0.7648602293868477,0.3217300894809138,2.2979900593177476,4
1.0520962663632898,0.026956648212979984,1,0,-0.058118530482584516,-0.09666502222784416,1.7211731977600921,-0.044304123919861195,0.16531204479698466,0.2528644688495476,0.10963639990909811,0.14586954269040323,0.6571096284460199,-0.23290120245273535,-0.26066468144104066,0.08875435067466148,-1.0260980564057816,-0.3080103956063597,2
0.5837036280327184,1.1439791513274526,0,0,0.7447992633247676,-0.07618302554116965,0.3780137351189344,-0.11930739449134652,0.5593098086107128,0.5289724287674527,0.6477329557651947,0.4762727903116794,-0.7301998553466172,1.0448872224220314,-1.0434623209610399,0.6345502313140784,-0.5769421443519077,-0.47672292866948823,5
-0.7250405084791726,-1.596216676625238,1,1,0.8099009583780014,-0.06555932057555923,-0.043675798892777264,-0.1116538888367139,0.5059357507971873,0.449631118429061,0.6553837721604285,0.3753163433839484,-0.9215530538730757,1.4051447273526523,-1.4635000473192812,0.6423105189921952,-0.36384261471841767,-0.4503764246203873,2
-0.20154285387441617,1.1439791513274526,0,0,-0.3402245606640215,-0.1120378657660274,-0.34042044509490643,-0.1257300507339812,-0.632387904618064,-0.6262381637126416,-0.8033427687726196,-0.4262174855049435,0.5710007579962101,-1.6514154004211097,2.230922598276554,-0.617417673552311,0.34986951031615654,2.1193059346752623,4
0.4459410873472562,-1.8056583959592016,0,0,-0.21002179553145153,-0.10990513634186283,0.7059945962452974,-0.06666580991296538,-0.04139125889747223,-0.023243605319958692,-0.03317593221651127,-0.06828068898243565,0.19786226197445345,0.020404895280685193,-0.23202577484279888,-0.05610140379984047,-0.7232560693197189,-0.4404094916957344,2
-0.008675296914769096,1.1788861045497798,0,0,0.6362972715345749,-0.06475162020168515,0.23745066956561783,-0.09678311105916676,0.5942455907965645,0.5734036768085533,0.7012877524522245,0.4793321591830286,-0.672793999119324,1.1968708810620836,-1.358490465375311,0.6888713138449974,-0.49809549885392435,-0.4341183667394636,5
-0.9867893357815507,-1.2296936677908017,0,0,-0.3402242091162041,-0.11710946212859628,-0.3716572222720773,-0.13930339680428383,1.993617123263663,2.0428062581092825,1.9738482224969578,1.9477908906539243,-1.1798796652225054,1.5064671664460205,-1.37758324160775,1.9796401449332262,-0.9912259308224625,-0.4868692198002377,6
-0.8903555573017272,0.1491309844911254,0,0,-0.6874324304239062,-0.1265764111726905,-0.621546936043419,-0.14647827468711427,-0.9613663579248751,-0.9372564144310402,-0.9895089039265063,-0.9401781296272895,1.0015450930234857,-0.9759324748206959,0.6557812576041983,-1.0261180128980707,2.009594044017538,-0.4722385852958451,3
-0.9730130817130045,-0.5664615565665836,0,0,-0.16662091288146338,-0.09208962740896325,-0.44974743628722325,-0.14242578566185404,-0.8856722023169193,-0.9213881352256218,-0.8313951960727194,-0.9065259476110545,0.3987830170965903,-0.36799785545885233,0.22619724622990398,-0.8657419438077869,2.2533625319725195,-0.5319779380406358,3
-0.6837117462735339,-0.44428722028843814,0,0,0.8099008411953956,0.9189308199611588,0.6279039886530955,0.5577240153426077,-0.8264754914308383,-0.8706096423395404,-0.7752903185205298,-0.8361622945546865,0.274403575828585,-0.33985271097237474,0.30256772396697945,-0.8088342927208076,1.9366093310533021,-0.5877849332906471,3
-1.000565589850097,1.266153487605598,0,0,-0.16662075663798898,-0.0969501665158504,1.2213930280435323,-0.0718856239408235,0.23615401990525947,0.21795417804905406,0.2958025167013926,0.17952180180072946,-0.3570616176514719,0.5889362465018744,-0.6425170271680147,0.2775842150439183,-0.5833844463921417,-0.47953856780964116,5
1.065872520431836,-1.0551589016791654,0,0,-0.5789299542789427,-0.11977310464711118,-0.5590743262740114,-0.1421278498188927,-0.8119189137732785,-0.823004813292155,-0.772740122895419,-0.8392215808252239,0.5614330894590002,-0.4074009868142136,0.1307341125439174,-0.8062476077627603,0.9836663584533539,-0.4399999183030246,7
-0.7388167625477188,1.2836069642167616,0,0,0.3324906633151035,-0.08491930819721893,0.5966678861794491,-0.10850771233685653,0.48167477493367594,0.46549932337093863,0.5814274104725129,0.3722570295798072,-0.5388469151467701,1.0561452599521346,-1.253481141181758,0.5672959567968965,-0.4931792713256772,-0.4268982930945451,5
1.6582514453793236,0.9170839553823253,0,0,-0.3402244825422844,-0.11546731909063693,-0.4028930155066085,-0.13700483281889517,-0.4868222066479362,-0.5056392577466851,-0.6248272847596374,-0.29772735200796097,0.22656527619697045,-1.3136739553523298,2.001811173657009,-0.5087758344160371,-0.33044904954448123,2.391952924773332,4
1.382726364008399,0.3411192272139254,0,0,-0.5572295207661223,-0.12251914373639745,-0.5590743937443639,-0.14408664474410482,-0.8284163574470805,-0.7436634258339325,-0.8594476302584161,-0.8636958985231262,1.4416571051988583,-0.8858680884557967,0.06390993700625577,-0.8890223412341881,0.7583733587731458,0.2046724840348049,1
-0.9179080654388196,-0.2522989775656382,0,0,-0.27512329528034224,-0.1130205171844031,-0.3872749502134618,-0.138208781940384,0.1245536933844124,0.09418161966956178,0.21674571785927577,0.04185378195853107,-0.3761967308428287,0.7127749126391079,-0.8334434148235166,0.19739623637173043,-0.40502557212779317,-0.4555766479335159,2
1.437831380282584,0.4109331336585799,0,1,0.8533017238453836,0.1936942508608608,0.018796687180984192,-0.12408994359652956,-0.255857979493615,-0.3406091323025284,-0.1275341343291942,-0.32526095597640065,-0.5579821144469974,0.6395974660485585,-0.5279614007750478,-0.15180972502428744,0.12871616592759766,-0.5240482606993743,2
-1.0556706061242818,-0.7409963226782199,0,0,-0.49212825538244315,-0.12175835996143079,-0.4341288199861984,-0.1393033989567519,1.9877945540369424,2.080889972820109,1.9432454159558263,1.9294352005643038,-0.7780383271959725,1.3375966034944722,-1.4921387820839116,1.9485994598287086,-1.0235019119940472,-0.4328290193466463,6
-0.44951542710824816,-1.3867749572912744,1,0,-0.44872698212376905,-0.11414963306148153,-0.35603896019040265,-0.12819701592988964,2.2731030663285954,2.303045813145008,2.1549137185191296,2.3607949501805194,-1.5817209171401676,1.0842905057610517,-0.26066468144104066,2.163296406582414,-1.0873710225782327,-0.648806257224974,6
-0.8076980328904498,0.6378283296037072,0,0,0.44099292853137667,-0.0349497173109233,0.09688743533642029,-0.13930338353073063,-0.3723105431100819,-0.4167769330418858,-0.29074832983156135,-0.42315819923440623,-0.09873492019317172,0.23430770967508577,-0.2988498902386964,-0.3173592618083355,-0.00812065716209381,-0.5009220517142826,2
1.5342651587624077,-0.1126711646763291,0,0,-0.4270263259639977,-0.11803962309864169,-0.3248022673511724,-0.13368475537319072,0.23130186141511014,0.1925650158665693,0.3264051625785935,0.15198819783228978,-0.5388469151467701,0.8197263704975277,-0.8525359333055385,0.3086247371856543,-0.4245753150306167,-0.47552876018041157,2
-0.5321729515195255,-1.5787632000140743,0,0,-0.2751237640107655,-0.1133057618897924,-0.5122204452562161,-0.1434887513525341,1.9082184368685287,1.826997665485655,1.9814988093722905,1.8774274165659819,-2.2897271661477445,2.0524826452518816,-1.1962031561516628,1.987400199807369,-0.7378778151459436,-0.5834187385765757,6
1.7822377319962395,0.6203748529925436,0,0,0.6579973808421856,0.04484314482880327,3.486023037792367,2.592005888641969,-0.011307635201769688,-0.04228551980117258,0.045880820721625595,-0.04992486122479587,-0.2709526610927916,0.3694044133424223,-0.35612778935198575,0.02408652831155281,-0.5798963445790456,-0.6161889451303937,5
0.9005574716092815,-1.3693214806801108,0,0,-0.4704275992226718,-0.11203787261266714,-0.4653653329044889,-0.13724597381836084,1.8839575134086637,1.8016082462370675,1.8973413209040801,1.9263760794953901,-2.2801594373343255,1.6359349526707447,-0.4993224082600002,1.9020385485739193,-0.8002767347773517,-0.651734027595706,6
1.4240551262140377,-1.8056583959592016,0,0,-0.31852456853901645,-0.11605482513985757,-0.44974743628722325,-0.13350707756334532,2.304157205568163,2.318914218027188,2.2110187108312704,2.376091381533205,-1.744371101444109,1.2756773464176847,-0.4229519906646891,2.2202041740713807,-1.041758312305804,-0.6363337445121219,6
-0.7663692706848112,-0.9678915186233472,0,0,-0.4053266619502888,-0.10756141972596336,-0.465365670256251,-0.1365392593534669,0.5039948507185744,0.46867294722157415,0.6145801831188539,0.3997906335482469,-0.7301998553466172,1.1462096615153996,-1.2152959323841022,0.6009230940554875,-0.48756646089870254,-0.4561568445547531,2
-0.38063415676551704,-0.8457171823452018,0,1,0.05038404722063748,-0.08363704211771902,0.3780138194568749,0.0018028007391272765,-0.31990689603312766,-0.25174680759772905,-0.28819811125446043,-0.4200989129638689,0.8771656173119322,-0.05277244998742484,-0.7857119038264467,-0.3147725535698906,-0.11227793434450466,-0.18649009939637087,1
-1.2760906712210214,0.8647235255488345,0,0,-0.058118647665190294,-0.08659286658524226,1.8461187321605523,-0.02594260255154829,0.17113471883099912,0.1925650158665693,0.1988941648675794,0.1152767625858422,0.054347535297350584,0.32437221256079,-0.6043319042871649,0.17928925542221885,-0.7016521043203661,-0.410422313699143,5
1.2725163314600294,0.11422403126879815,0,0,0.18058685141407613,-0.06943655440997426,-0.2779478465705576,-0.13850616675151578,-0.41112807304951204,-0.48659731470257084,-0.2830976281962783,-0.4874032935165014,-0.34749397494692325,0.5101299331299323,-0.5184150985756338,-0.30959909053220597,0.3381109904674047,-0.49846195851298297,2
-1.4689582281806683,1.4057813004949071,0,0,0.2673886948357895,-0.09975360304017797,0.09688726666053925,-0.1264129983637795,0.5457237438768356,0.5321460811809884,0.6375321732647519,0.44262058626856116,-0.5675499293692872,1.0561452599521346,-1.2248421486667103,0.6242034914818886,-0.5464191720208941,-0.4361005596123975,5
0.2117447681819704,0.6552818062148709,0,0,-0.6223310322332738,-0.11977311149375093,-0.4653655859183105,-0.13587731263727612,-0.5586346186946055,-0.5818069727973416,-0.6860325994660289,-0.3772688776427427,0.24570056160606799,-1.3024158975577385,1.9636259648593533,-0.5760303184567959,-0.16093612423017478,2.4002929519497544,4
-0.7663692706848112,-1.12497280812382,0,0,-0.23172249075209148,-0.10552935074055397,-0.10614856609300721,-0.12036963210969713,-0.3461087195716048,-0.28983069368595765,-0.3060496183421763,-0.4445732581953753,0.7910567468621222,-0.018998388058334766,-0.7570728253945934,-0.3328794879586071,-0.05481804029240968,-0.21661457829964972,1
-0.2566478701486011,1.1788861045497798,0,0,0.5060946235846104,-0.058071508985189056,0.11250493837663009,-0.09505709712675386,0.6796441461825814,0.6368767250792664,0.8109473119314928,0.5558143159464609,-0.9406882531733027,1.427661005057737,-1.4825925658013037,0.8000999310609084,-0.4810427310202443,-0.4514626029052881,5
-0.43573917303970194,1.8770251689963253,0,0,0.2239878121858014,-0.0718032848642968,0.06565110796159898,-0.09040779835204264,-0.6488853587725955,-0.68653761669562,-0.7599890070579245,-0.472106862163815,0.18829470537877505,-1.2686417495045754,1.9636259648593533,-0.6562183669701763,0.24994656790324482,2.430169357490055,4
-0.6010542218622565,-0.7759032759005472,0,0,-0.5572294582687326,-0.1255620960309827,-0.43412935412648845,-0.13531730322210322,0.2293609875383209,0.2877746739613403,0.2218461550134774,0.17952180180072946,0.34137707476042684,0.13861428934676923,-0.5756929976889233,0.20256965284862002,-0.7962789243387974,-0.35867941234636846,2
-0.9867893357815507,1.3010604408279254,0,0,-0.05811802269129267,-0.08491929222172619,0.7528491013638527,-0.11829356588020812,0.38269018101560537,0.3639424175748971,0.4590166433477892,0.30495256642636276,-0.4814410589194772,0.8197263704975277,-0.9098139183356336,0.4431336819867739,-0.5587034419535979,-0.4581466077415807,5
0.07398222749650822,1.1439791513274526,0,0,-0.38362563861835264,-0.1194761868773857,-0.35603853850069994,-0.1304676340633973,-0.656648854279752,-0.6674956736515055,-0.7829409972038225,-0.4874032935165014,0.43705363096922084,-1.3755932022968733,1.8968017635466499,-0.6691519081624006,0.050416412109679246,2.3025973394127415,4
1.065872520431836,-0.9155310887898562,0,0,-0.3619253730672673,-0.11414965816582728,-0.465365670256251,-0.13884077831879038,0.03430292710459905,0.1449601725377338,-0.04847733548707716,0.026557268005032518,0.972842147688065,-0.5199815140989047,-0.08883107001797849,-0.07162174635209943,-1.1413405916803205,-0.2014694859681736,2
0.5285986117585335,-0.9678915186233472,0,0,-0.014717218163041782,-0.07679037726037832,-0.24671154730838313,-0.12973685805465246,0.5166106357249984,0.5480144003744672,0.5508246039313811,0.4395613275316277,-0.1370054910113668,0.6508555035786618,-0.9670917315321171,0.5362552716923786,-0.7097650283627114,-0.401008143095805,2
1.6444751913107774,-0.7759032759005472,0,0,-0.5138289115422146,-0.124547789858373,-0.38727548435375186,-0.13870543184314932,1.3725366966364274,1.1637037112357942,1.6321184741256387,1.2472136188271785,-3.0073013161864823,2.8461749497200133,-1.8262597886474279,1.6330207753736667,-0.28641542034254086,-0.5675063269932598,6
-1.3725244497008449,1.4755952069395617,0,0,1.504316721334292,-0.016757807510963042,1.096448449473065,-0.08328274154929931,0.48652701202929605,0.44011004693685285,0.599278917560229,0.390612692135823,-0.8163087257964272,1.1462096615153996,-1.129379126672571,0.5854028911856132,-0.4676502055420304,-0.4723611984995078,5
-0.5183966974509793,0.39347965704741633,0,0,-0.3619253730672673,-0.11329424355951459,0.7528491013638527,-0.062480999401023356,0.15948942316661716,0.11639727225301251,0.26775013530527336,0.06938738592697075,-0.5197117158465429,0.8478713123391272,-0.9193602205350476,0.2491304477014224,-0.3505716207246626,-0.46411647963390146,2
0.30817854666179395,-0.6362754630112382,0,0,1.9383260165645964,0.023806951451749107,-0.24671132240720842,-0.11660059592033352,0.1643415816567665,0.1449601725377338,0.2447981451593754,0.08468373467884531,-0.30922331801985736,0.6677427118574755,-0.8238971126241025,0.22585005027502122,-0.47152657167796563,-0.4437643701178539,2
1.134753790774567,1.597769543217707,0,0,0.5277944985270098,-0.08068786117296946,0.018796630955690466,-0.11802508674235052,-0.34707913030817583,-0.41995058545542147,-0.4947660225675423,-0.09581429295087533,-0.3761967308428287,-1.2630127206072796,2.5173120079261952,-0.3380529509962918,-0.0786386471555416,2.482223224044309,4
1.1209775367060208,0.16658446110228906,0,0,-0.7091329201843773,-0.12414692366526166,-0.6684013467034811,-0.14456879992679159,-0.9613663579248751,-0.9372564144310402,-0.9895089039265063,-0.9401781296272895,1.0015450930234857,-0.9759324748206959,0.6557812576041983,-1.0261180128980707,2.49393754914147,-0.4722385852958451,7
-0.5459492055880717,-0.04285725823167455,0,0,-0.10151945219344118,-0.10299633594655044,-0.4185110105181381,-0.13423260531678402,-0.5198171411588225,-0.6833639642820842,-0.34430298880665,-0.5669448466848872,-1.0555001378456297,0.7352909370380948,-0.19384048012833746,-0.3716802046568698,1.1695495049787952,-0.6284820996371493,3
-0.008675296914769096,-0.44428722028843814,0,0,-0.34022483409010174,-0.10417829418924249,-0.34042061377078753,-0.12380147341134053,-0.4072463252959338,-0.45486073344141353,-0.31625051560257,-0.4659882620891364,-0.09873492019317172,0.26808197424905406,-0.35612778935198575,-0.343226344192784,0.09066421351615155,-0.48766429686968765,7
0.7352424227867268,1.074165244882798,0,0,0.28908958536077245,-0.08602746194558694,0.19059627689764985,-0.10616485845067936,0.31378905358229614,0.31951119809669687,0.37740964888056167,0.22847035459572226,-0.20397907605207918,0.6790007493875788,-0.9479992130500948,0.36035901835653866,-0.5572692135096722,-0.41516411244870927,5
-1.4138532119064835,1.3359673940502526,0,0,0.3975911084205422,-0.07225455145484319,0.6747582126451824,-0.09996841942879368,0.46226608856943147,0.4305891753849468,0.5686762028270579,0.3600197743632421,-0.6632264425236459,1.0842905057610517,-1.1771106376696407,0.5543622992026851,-0.48174341146543487,-0.453647576664913,5
-1.0281180979871893,1.318513917439089,0,0,0.5277947328922215,-0.05926687066630419,0.8934123355930503,-0.0642115747720512,0.487497475169514,0.46549932337093863,0.5865278017227346,0.38449411959474833,-0.5962527713740631,1.0561452599521346,-1.1962031561516628,0.5724693267129916,-0.5033110216376573,-0.4405570804648927,5
1.6031464291051387,-0.5839150331777472,0,1,1.4826157526875716,0.40627823874110475,1.221393477845882,0.9967213878296833,-0.7352543248951834,-0.8007892264033751,-0.655429930636838,-0.7596800662038837,0.006509235665735893,-0.07528857570885095,0.12118779316114212,-0.687258889111912,1.4604792270419005,-0.5835249170817001,3
-0.2842003782856935,1.1788861045497798,0,0,0.5277944985270098,-0.08220389435576912,0.3780139037948154,-0.09493106653298095,0.6815850200593706,0.6432240299063376,0.803296495536259,0.5649922573588851,-0.9024175962462371,1.365741595997291,-1.4157682785717947,0.7923396433827916,-0.5069183882073818,-0.4538321111540139,5
-0.1602140916687775,-0.47919417351076543,0,0,-0.36192517776292427,-0.11567250717850106,-0.371656716244434,-0.14089780686493691,-0.8711156325199065,-0.9055198560202032,-0.818644103187215,-0.8912294997382054,0.3987830170965903,-0.36799785545885233,0.22619724622990398,-0.8528084026155627,1.9369425400444078,-0.5316618612596898,3
-1.2623144171524752,-0.33956636062145634,1,0,-0.12321975680539507,-0.10527576329983326,0.17497826782979692,-0.05659276152176462,-0.44218210748178566,-0.3596511324724432,-0.4437615592175643,-0.5149368974849411,1.106789275576143,-0.373626874223904,-0.47068350166175854,-0.4725618725170143,-0.207101610956844,-0.12347403010282489,1
-1.4965107363177608,2.13882731816378,1,0,0.2022873122695045,-0.10248639365332088,-0.19985729520364948,-0.11558636551515274,-0.7245794923710195,-0.6643220498008703,-0.7829409972038225,-0.7046128665270857,1.1354922329668056,-0.9815614986518694,0.5316792087282891,-0.8114210009592525,-1.1530903933451084,0.11257430982795788,4
0.11531098970214688,1.021804815049307,0,0,0.24568878083252163,-0.0027453011442765043,1.752409721923442,1.1309189836308489,-0.1908386260157077,-0.1597108304793941,-0.20149051896909986,-0.20594870882463404,0.43705363096922084,-0.22727223434890328,-0.05064577530351706,-0.21647750082660122,-0.7488876173558631,-0.5520441226242369,5
-1.4000769578379373,1.1265256747162888,0,0,-0.07981867885106399,-0.11609516052041308,1.3931930675625472,0.5205874296753175,-0.16948903957285053,-0.15336346852652216,-0.1479358829460012,-0.20900799509517137,0.28397113242426336,0.0035177376630911605,-0.2893035880392824,-0.17250339093184638,-0.6265264669200789,-0.4205491937686266,5
0.9694387419520125,0.21894489093577996,0,0,-0.27512329528034224,-0.11533439933935757,-0.3560385947259937,-0.13843974194518405,-0.9070218359230589,-0.918214479955796,-0.8823996204043141,-0.9157038146827475,0.6379742999824871,-0.581900771175692,0.3502993036974936,-0.9174761621215982,2.106654893816892,-0.49549575424094394,7
0.5010461036214411,0.5331074699367254,0,0,-0.7308334029138921,-0.12725262267452722,-0.6840194839650036,-0.14700974842033943,-0.9710707367414775,-0.9372564144310402,-1.0150111172399032,-0.9401781296272895,1.0972216233996184,-1.088512966642533,0.7512443826985044,-1.0519851232189963,-1.8651544328831187,0.8829091994428392,7
-1.179656892741198,-1.8580188257926926,0,0,-0.29682391237924505,-0.10240703196973065,-0.4341288199861984,-0.1325276974101701,0.8941110501914891,0.871727232184108,0.9894627500404948,0.7913796616474771,-0.9311206104687538,1.365741595997291,-1.387129543807164,0.9811696474344332,-0.6233628995050442,-0.4597935068829153,2
1.3965026180769453,0.1316775078799618,0,0,-0.7308334029138921,-0.12725262267452722,-0.6840194839650036,-0.14700974842033943,-0.9710707367414775,-0.9372564144310402,-1.0150111172399032,-0.9401781296272895,1.0972216233996184,-1.088512966642533,0.7512443826985044,-1.0519851232189963,-1.8651544328831187,0.8829091994428392,7
-0.38063415676551704,-0.13012464128749274,0,0,-0.4487271110246354,-0.1227727225047078,-0.5278381282173656,-0.14328943352543252,-0.7973623518368128,-0.7214478418014426,-0.8211942988123258,-0.8331030055307889,1.3364129235072895,-0.8126907583860523,0.04481733260742788,-0.8528084026155627,0.5171625680386172,0.08450280946769602,1
0.5010461036214411,1.1614326279386162,0,0,0.7447992633247676,-0.07946114416399885,0.5966676893909211,-0.08014379196103442,0.5515463131035558,0.5384934716967605,0.6171304935039152,0.4793321591830286,-0.5675499293692872,0.8872745956781471,-0.9384527390170695,0.603509895415522,-0.6188200282050574,-0.47774019768689535,5
0.032653465290869564,-0.060310734842838186,0,0,-0.535529059910694,-0.11634871760769752,-0.48098372149307433,-0.1363138421333558,-0.9312827803443822,-0.9340827588755855,-0.9206529380792104,-0.9310002614542522,0.7336508303586201,-0.6944812629975292,0.44576240301675807,-0.9562768252749467,2.4247456821107933,-0.4972787249217524,3
-0.5597254596566179,-1.072612378290329,0,0,-0.4487272047707201,-0.11605486987123728,-0.4185114462641641,-0.13315857809261955,0.6282109360440217,0.5892718817504311,0.7344405250985651,0.5313399982485589,-0.8641471976457825,1.2193871081059489,-1.2057496301846882,0.722498451103588,-0.5435705925924804,-0.4718171064522255,2
-0.7801455247533574,-0.1126711646763291,0,0,-0.5572295871695989,-0.12251914259529083,-0.2310935382405302,-0.10841148983860206,-0.4499455505852952,-0.34695643712959967,-0.46161315811324083,-0.5302333563712316,1.2981423182455458,-0.44680416883079455,-0.5375077029744617,-0.4906689000273206,-0.20313357311652694,-0.03593764940407193,1
0.5285986117585335,0.9868978618269799,0,0,-0.036417874322813105,-0.1002041552979768,1.8929732372791077,0.9999765473760872,-0.17531166120321795,-0.15336346852652216,-0.18108874740030262,-0.18759293613420217,0.34137707476042684,-0.18223998290605123,-0.03155317090468917,-0.20613062131202695,-0.8255527116805222,-0.5516295023555978,5
-0.6974880003420801,1.597769543217707,0,0,-0.5572294934235144,-0.12556209431932278,-0.5434562328682179,-0.14481742075284965,-0.7895988537094738,-0.791268260593898,-0.9130022662815148,-0.6311899134333784,0.6284066400561642,-1.465657613992382,1.8586165547489943,-0.7907273350516936,0.7664455253054587,2.171258410786171,4
-0.2979766323542397,1.6152230198288706,0,0,-0.3836257011157424,-0.11237597680026942,-0.0749122387181859,-0.1264815849655571,-0.5896886531268791,-0.6262381637126416,-0.701333910928634,-0.41398039549000226,0.15002404845170927,-1.2236095537890648,1.9254407560616977,-0.6070708871593264,0.016647093206892345,2.4665584976027457,4
1.7271327157220546,0.8472700489376708,0,0,-0.3619252949455301,-0.11567251060182093,-0.3091841739453789,-0.13425439833864652,-0.5499006862490543,-0.5849806537737776,-0.6707312650514334,-0.36503170502698956,0.1308887630426116,-1.2517546780110544,1.992264957374401,-0.565683462222619,-0.07864396524775977,2.4472477268200747,4
-0.7112642544106264,-0.1126711646763291,0,0,-0.12321999117060672,-0.10527573888015149,-0.5122199785862784,-0.13312499833490066,-0.9361349702767198,-0.9309091033201309,-0.9334040401455109,-0.9340595510288221,0.8101920581038811,-0.7507715114415091,0.46485503319062765,-0.9692103757793301,2.355553684307358,-0.4722385852958451,3
-0.38063415676551704,-1.351868004068947,0,0,-0.07981867885106399,-0.09029612502132044,-0.059294426438860806,-0.12173679194429318,0.6621762288878317,0.5829245483604591,0.8007464146710991,0.5649922573588851,-1.256420892967767,1.4614350163256076,-1.2248421486667103,0.7897530748267314,-0.4409577416993011,-0.5097074333396814,2
-1.689378293277408,-0.47919417351076543,0,0,0.7664997632410646,0.17577466615707593,-0.028057733599630593,-0.012281205110583256,-0.8342389895581773,-0.8769569557354819,-0.7905916529351252,-0.8361622945546865,0.2935388612376827,-0.39614294928411037,0.3789382102957354,-0.8243545654318744,1.7301542781461723,-0.6251312975378959,3
0.9143337256778277,-1.3344145274577834,0,0,-0.5572292160913472,-0.11846181680280495,-0.3716572222720773,-0.14010050829193488,2.5855841797208257,2.7473577222980072,2.3436302604564365,2.691198335469815,-0.6440909848968074,0.5213880719824746,-0.2415719911254071,2.3547131887136925,-1.349042650030748,-0.5810436658236205,6
1.3413976018027605,-0.16503159450982,0,0,-0.622330997078492,-0.1258156743428504,-0.5590744190457461,-0.14568106440117815,-0.8284163574470805,-0.7627053603091767,-0.8466965190113196,-0.8606366094992286,1.2694393642992383,-0.8014327309881931,0.0925488865629005,-0.8812622048786548,0.7641391297377698,0.032359975549306606,1
0.6663611524439957,-0.18248507112098364,0,0,-0.535529059910694,-0.12040598292153226,-0.3091841739453789,-0.12787669818567243,2.5166830784893404,2.6235850782298136,2.32832885718587,2.6116567823014294,-1.0842031520681468,0.8197263704975277,-0.3083961924381103,2.3391928461614326,-1.236860764009548,-0.6114521285532191,6
-0.0775565672575002,1.0043513384381435,1,0,-0.42702679469442095,-0.11012898494637376,0.23745038843914923,-0.11810743658380271,-0.410157609909294,-0.46438174780782115,-0.563621947101256,-0.16923721851097848,-0.1561407764204645,-1.3530771171044227,2.4504879784471036,-0.4001339952797633,-0.07988190377973498,2.42210652026851,4
-0.821474286958996,-0.8457171823452018,0,0,-0.49212813819983736,-0.11972976313526147,-0.4809837552282505,-0.14348874130768305,-0.4120984837860831,-0.33426188460125755,-0.3927571876755469,-0.5057590386733293,1.039815706896116,-0.21038512739252885,-0.6807023218824764,-0.42082770774811706,-0.04721264532953184,-0.1459832261538122,1
-0.8490267950960885,0.6029213763813799,1,0,-0.3402249747092287,-0.10319597483289476,-0.1530027900850941,-0.12380147879251073,-0.38977846040483144,-0.46755537165845645,-0.504966919827936,-0.17229647724791172,-0.38576437354737725,-1.0828839423047474,2.221376296077141,-0.40272068023781066,-0.07003358162842593,2.5811872847315103,4
0.5699273739641721,0.2014914143246163,0,0,-0.5572295520148173,-0.12104122556888139,-0.6215469388546837,-0.13976872560583986,-0.9341940963999307,-0.9150408246859703,-0.9385044841853096,-0.9371188403280557,0.9345715424263216,-0.7958037020908975,0.41712347923515514,-0.974383799240339,2.3728515638831875,-0.33398588957113207,7
-0.2842003782856935,-1.4391353871247654,0,0,-0.5789298644389449,-0.11977311012442297,-0.44974743628722325,-0.1364824532095138,1.966444915190438,1.8904707137563683,1.9534464279761705,2.0334510989641963,-2.2897271661477445,1.5289834441511052,-0.3083961924381103,1.9589464324648724,-0.8429794896062601,-0.6729219127063252,6
0.9418862338149201,0.5331074699367254,0,0,-0.058118647665190294,-0.06901392959572789,-0.12176654704821337,-0.11352693068906046,-0.23353792991053973,-0.3215672463842147,-0.10713236276039712,-0.29772735200796097,-0.6058205862963527,0.6452264341523907,-0.48977619197739225,-0.13111603583633116,0.11183837204607593,-0.5347923478135755,2
0.29440229259324774,1.3534208706614161,0,0,-0.4921281889789666,-0.11977311286307887,-0.38727489398816806,-0.1326516652220291,-0.6915846102637803,-0.6897112691091555,-0.8543471862186174,-0.4904625797870387,0.5805684007007589,-1.6457863816560585,2.2118300797945323,-0.6717386164008454,0.623239763693591,2.1182650488666486,4
-0.4908441893138868,-1.2296936677908017,0,0,0.09378477362715103,-0.08803236346445645,0.11250550062956696,-0.0929987546782143,-0.261680627325806,-0.28665698414662144,-0.13518476710850663,-0.3864467915215626,-0.0126260497433618,0.6227105617370624,-1.0434623209610399,-0.15956982645922457,0.20442300106184846,-0.37071019400834676,1
