dataset_name,seed,subset_type,file_name,number_of_features,proportion_of_numeric_features,number_of_instances,number_of_classes,ratio_of_instances_to_features,ratio_of_classes_to_features,ratio_of_instances_to_classes,ratio_of_min_to_max_instances_per_class,proportion_of_features_with_outliers,average_mutual_information,minimum_mutual_information,maximum_mutual_information,equivalent_number_of_features,noise_to_signal_ratio_of_features
Agaricus Lepiota,3343457092,features,Data\Input\Subsets\Agaricus Lepiota\3343457092_20260528_183135.csv,16,0.5,8124,2,507.75,0.125,4062.0,0.9306083650190116,0.25,0.1528549021506032,0.0098184487013197,0.6296933985296416,1.16515590506087,-0.7168470367314422
Agaricus Lepiota,3019454163,features,Data\Input\Subsets\Agaricus Lepiota\3019454163_20260528_183136.csv,14,0.7142857142857143,8124,2,580.2857142857143,0.1428571428571428,4062.0,0.9306083650190116,0.2857142857142857,0.1646663748194309,0.0052102297135727,0.6289489142322715,1.1789997090985245,-0.6996085931480374
Agaricus Lepiota,3358867399,features,Data\Input\Subsets\Agaricus Lepiota\3358867399_20260528_183136.csv,18,0.5555555555555556,8124,2,451.3333333333333,0.1111111111111111,4062.0,0.9306083650190116,0.2777777777777778,0.1444403952523063,0.0052102297135727,0.6289489142322715,1.1553928260134334,-0.7336459579840108
Agaricus Lepiota,1417593125,features,Data\Input\Subsets\Agaricus Lepiota\1417593125_20260528_183136.csv,11,0.4545454545454545,8124,2,738.5454545454545,0.1818181818181818,4062.0,0.9306083650190116,0.2727272727272727,0.1333269608890263,0.0052102297135727,0.3373516409562647,1.1426235304677108,-0.5278175947122828
Agaricus Lepiota,323501216,features,Data\Input\Subsets\Agaricus Lepiota\323501216_20260528_183137.csv,13,0.4615384615384615,8124,2,624.9230769230769,0.1538461538461538,4062.0,0.9306083650190116,0.2307692307692307,0.1210845907757381,0.0052102297135727,0.3359267731048483,1.1287203876623062,-0.5600652838784114
Agaricus Lepiota,1491135366,features,Data\Input\Subsets\Agaricus Lepiota\1491135366_20260528_183137.csv,18,0.6111111111111112,8124,2,451.3333333333333,0.1111111111111111,4062.0,0.9306083650190116,0.2777777777777778,0.1492145017189873,0.0052102297135727,0.6276405543939957,1.1609219822642176,-0.7421679350021021
Agaricus Lepiota,633354518,features,Data\Input\Subsets\Agaricus Lepiota\633354518_20260528_183137.csv,15,0.6,8124,2,541.6,0.1333333333333333,4062.0,0.9306083650190116,0.2666666666666666,0.1747542429693982,0.0052102297135727,0.6295543313187866,1.190953495450063,-0.7358190625729695
Agaricus Lepiota,3657231526,instances,Data\Input\Subsets\Agaricus Lepiota\3657231526_20260528_183138.csv,21,0.5714285714285714,334,2,15.904761904761903,0.0952380952380952,167.0,0.930635838150289,0.3333333333333333,0.1324296439512808,0.0,0.6227432569250541,1.1415986948902812,-0.7509902849913719
Agaricus Lepiota,1047136087,instances,Data\Input\Subsets\Agaricus Lepiota\1047136087_20260528_183138.csv,21,0.5714285714285714,1663,2,79.19047619047619,0.0952380952380952,831.5,0.9314750290360048,0.2857142857142857,0.1447449003215686,0.0039340153920043,0.6340079929095095,1.1557447025573204,-0.7721713623489398
Agaricus Lepiota,3195705393,instances,Data\Input\Subsets\Agaricus Lepiota\3195705393_20260528_183138.csv,21,0.5714285714285714,2217,2,105.57142857142856,0.0952380952380952,1108.5,0.931184668989547,0.238095238095238,0.1475731114132946,0.0067059180392142,0.6239472591682115,1.1590180191776054,-0.7765394425875455
Agaricus Lepiota,102350252,instances,Data\Input\Subsets\Agaricus Lepiota\102350252_20260528_183138.csv,21,0.5714285714285714,3426,2,163.14285714285714,0.0952380952380952,1713.0,0.9301408450704224,0.2857142857142857,0.1404038280367449,0.005471945218125,0.631458992902957,1.1507384054714134,-0.7651359513527624
Agaricus Lepiota,1915252817,instances,Data\Input\Subsets\Agaricus Lepiota\1915252817_20260528_183138.csv,21,0.5714285714285714,4405,2,209.7619047619048,0.0952380952380952,2202.5,0.9303242769500438,0.238095238095238,0.1451208696088455,0.0049585336050841,0.627954419906663,1.1561793087635883,-0.7727688571774944
Agaricus Lepiota,2376520247,instances,Data\Input\Subsets\Agaricus Lepiota\2376520247_20260528_183139.csv,21,0.5714285714285714,5678,2,270.3809523809524,0.0952380952380952,2839.0,0.930635838150289,0.2857142857142857,0.1450862380654838,0.0050298351819952,0.6246715641163274,1.1561392691830432,-0.7727126408493762
Agaricus Lepiota,1368497363,instances,Data\Input\Subsets\Agaricus Lepiota\1368497363_20260528_183139.csv,21,0.5714285714285714,7087,2,337.4761904761905,0.0952380952380952,3543.5,0.930536638518115,0.2857142857142857,0.1441848307033572,0.0053916144495131,0.6276821871059023,1.155097586295004,-0.7712923297062821
Agaricus Lepiota,288863345,instances,Data\Input\Subsets\Agaricus Lepiota\288863345_20260528_183140.csv,21,0.5714285714285714,7158,2,340.85714285714283,0.0952380952380952,3579.0,0.93042071197411,0.2857142857142857,0.1443156316386851,0.0052705632939937,0.6282084217547482,1.1552486840213327,-0.7715003592264605
Agaricus Lepiota,2065521201,full,,21,0.5714285714285714,8124,2,386.8571428571428,0.0952380952380952,4062.0,0.9306083650190116,0.2857142857142857,0.1438921034189366,0.0052102297135727,0.6281293668227831,1.1547595072002288,-0.7708265993851068
Ann thyroid,3961129730,features,Data\Input\Subsets\Ann thyroid\3961129730_20260528_183143.csv,19,1.0,7129,3,375.2105263157895,0.1578947368421052,2376.333333333333,0.0251705837755875,0.8947368421052632,0.0255724264743264,0.0,0.2357702732008625,1.0259022060595648,-0.3566838306885454
Ann thyroid,616739963,features,Data\Input\Subsets\Ann thyroid\616739963_20260528_183144.csv,18,1.0,7129,3,396.05555555555554,0.1666666666666666,2376.333333333333,0.0251705837755875,0.8888888888888888,0.0262779833242113,0.0,0.2359323396950791,1.0266262938008568,-0.3391765149864739
Ann thyroid,2457631660,features,Data\Input\Subsets\Ann thyroid\2457631660_20260528_183144.csv,20,1.0,7129,3,356.45,0.15,2376.333333333333,0.0251705837755875,0.9,0.0282504219615069,0.0,0.2351386496442458,1.0286532495345575,-0.4467835670283293
Ann thyroid,4095911610,features,Data\Input\Subsets\Ann thyroid\4095911610_20260528_183145.csv,12,1.0,7129,3,594.0833333333334,0.25,2376.333333333333,0.0251705837755875,0.9166666666666666,0.0183950999752715,0.0,0.1066579759591992,1.0185653320367067,0.4160109384653973
Ann thyroid,3358462597,features,Data\Input\Subsets\Ann thyroid\3358462597_20260528_183145.csv,12,1.0,7129,3,594.0833333333334,0.25,2376.333333333333,0.0251705837755875,0.9166666666666666,0.0372195750866821,0.0,0.2356648355006599,1.0379208973902485,-0.3001622743278077
Ann thyroid,3692951717,features,Data\Input\Subsets\Ann thyroid\3692951717_20260528_183146.csv,14,1.0,7129,3,509.2142857142857,0.2142857142857142,2376.333333333333,0.0251705837755875,0.8571428571428571,0.0143346646641047,0.0,0.0902297800544504,1.0144378986546934,0.5575228733687184
Ann thyroid,4123607450,features,Data\Input\Subsets\Ann thyroid\4123607450_20260528_183146.csv,13,1.0,7129,3,548.3846153846154,0.2307692307692307,2376.333333333333,0.0251705837755875,0.8461538461538461,0.0142956355788297,0.0,0.0909392371184096,1.0143983068440616,0.6819116770945624
Ann thyroid,1642850339,instances,Data\Input\Subsets\Ann thyroid\1642850339_20260528_183147.csv,21,1.0,854,3,40.66666666666666,0.1428571428571428,284.6666666666667,0.0253164556962025,0.8571428571428571,0.0286849400457466,0.0,0.2260147830360852,1.0291003150958935,-0.4807587895958443
Ann thyroid,1984699523,instances,Data\Input\Subsets\Ann thyroid\1984699523_20260528_183147.csv,21,1.0,1597,3,76.04761904761905,0.1428571428571428,532.3333333333334,0.0250507786052809,0.8571428571428571,0.0270103380176851,0.0,0.2257213087166456,1.0273784237649035,-0.4479056413048146
Ann thyroid,687496161,instances,Data\Input\Subsets\Ann thyroid\687496161_20260528_183147.csv,21,1.0,2649,3,126.14285714285714,0.1428571428571428,883.0,0.0253061224489795,0.8571428571428571,0.0274394190206191,0.0,0.2314529783980603,1.0278193469184749,-0.4563013120879447
Ann thyroid,796844370,instances,Data\Input\Subsets\Ann thyroid\796844370_20260528_183147.csv,21,1.0,3407,3,162.23809523809524,0.1428571428571428,1135.6666666666667,0.0250634517766497,0.8571428571428571,0.028987026208066,0.0,0.2395953796452903,1.029411239021266,-0.486925538144986
Ann thyroid,2811279679,instances,Data\Input\Subsets\Ann thyroid\2811279679_20260528_183148.csv,21,1.0,4458,3,212.28571428571428,0.1428571428571428,1486.0,0.0252182347235693,0.8571428571428571,0.02747538282257,0.0,0.2365978791214393,1.027856311874605,-0.4581238483828814
Ann thyroid,1750869421,instances,Data\Input\Subsets\Ann thyroid\1750869421_20260528_183148.csv,21,1.0,5260,3,250.47619047619048,0.1428571428571428,1753.3333333333333,0.0250719276613234,0.9047619047619048,0.0262594685648127,0.0,0.2307649878052406,1.0266072862379956,-0.4333146701830039
Ann thyroid,3332487923,instances,Data\Input\Subsets\Ann thyroid\3332487923_20260528_183149.csv,21,1.0,5568,3,265.1428571428572,0.1428571428571428,1856.0,0.025237817899437,0.9047619047619048,0.0263355470089914,0.0,0.2326967950282044,1.026685391894156,-0.4347964134218035
Ann thyroid,3498068960,instances,Data\Input\Subsets\Ann thyroid\3498068960_20260528_183150.csv,21,1.0,6265,3,298.3333333333333,0.1428571428571428,2088.333333333333,0.0251897860593512,0.9047619047619048,0.0275760852178552,0.0,0.2359139649682416,1.027959824679126,-0.4604415010918321
Ann thyroid,3650928494,full,,21,1.0,7129,3,339.4761904761905,0.1428571428571428,2376.333333333333,0.0251705837755875,0.9047619047619048,0.0270286346044552,0.0,0.2338156570924747,1.027397221455346,-0.4493107421531078
Balance Scale,1287481636,classes,Data\Input\Subsets\Balance Scale\1287481636_20260528_183150.csv,4,0.25,500,4,125.0,1.0,125.0,1.0,0.0,0.0290261803234786,0.0,0.1161047212939147,1.0294515454968027,10.940034355799693
Balance Scale,4164078283,classes,Data\Input\Subsets\Balance Scale\4164078283_20260528_183150.csv,4,0.25,375,3,93.75,0.75,125.0,1.0,0.0,0.023079323522363,0.0,0.0923172940894521,1.0233477118728451,10.900395256425014
Balance Scale,2433980817,classes,Data\Input\Subsets\Balance Scale\2433980817_20260528_183150.csv,4,0.25,375,3,93.75,0.75,125.0,1.0,0.0,0.0140964184168858,0.0,0.0563856736675435,1.01419624142041,18.48389044964957
Balance Scale,2413724534,classes,Data\Input\Subsets\Balance Scale\2413724534_20260528_183150.csv,4,0.25,250,2,62.5,0.5,125.0,1.0,0.0,0.0060008341423029,0.0,0.0240033365692116,1.006018875216616,27.87711791905736
Balance Scale,2239044247,classes,Data\Input\Subsets\Balance Scale\2239044247_20260528_183150.csv,4,0.25,250,2,62.5,0.5,125.0,1.0,0.0,0.0344258088463118,0.0,0.1377032353852474,1.0350252358111438,4.033630318276489
Balance Scale,1904675452,features,Data\Input\Subsets\Balance Scale\1904675452_20260528_183150.csv,3,0.3333333333333333,625,5,208.3333333333333,1.6666666666666667,125.0,1.0,0.0,0.0312734874954577,0.0,0.0938204624863731,1.0317676408522891,16.15444445467173
Balance Scale,1149594675,features,Data\Input\Subsets\Balance Scale\1149594675_20260528_183150.csv,2,0.5,625,5,312.5,2.5,125.0,1.0,0.0,0.0,0.0,0.0,1.0,inf
Balance Scale,3766030213,features,Data\Input\Subsets\Balance Scale\3766030213_20260528_183150.csv,3,0.3333333333333333,625,5,208.3333333333333,1.6666666666666667,125.0,1.0,0.0,0.0312734874954577,0.0,0.0938204624863731,1.0317676408522891,16.15444445467173
Balance Scale,1471551627,instances,Data\Input\Subsets\Balance Scale\1471551627_20260528_183150.csv,4,0.25,103,5,25.75,1.25,20.6,0.9523809523809524,0.0,0.0761733413365216,0.0,0.1349143329108205,1.079149619182794,4.281224897198224
Balance Scale,613540668,instances,Data\Input\Subsets\Balance Scale\613540668_20260528_183150.csv,4,0.25,212,5,53.0,1.25,42.4,0.9767441860465116,0.0,0.0419794052898727,0.0189965958127076,0.1012617414581725,1.0428730008624465,8.584290527801034
Balance Scale,4081336930,instances,Data\Input\Subsets\Balance Scale\4081336930_20260528_183150.csv,4,0.25,271,5,67.75,1.25,54.2,0.9818181818181818,0.0,0.0496616468442108,0.013068399003947,0.109812703352,1.0509154556524487,7.101879829073668
Balance Scale,4172805269,instances,Data\Input\Subsets\Balance Scale\4172805269_20260528_183150.csv,4,0.25,396,5,99.0,1.25,79.2,0.9875,0.0,0.0364259540447026,0.0062895210719254,0.0959415838078629,1.03709750829884,10.045868480820992
Balance Scale,2530794180,instances,Data\Input\Subsets\Balance Scale\2530794180_20260528_183150.csv,4,0.25,408,5,102.0,1.25,81.6,0.9878048780487804,0.0,0.02391385418328,0.0,0.0868916612573378,1.0242020833652008,15.825182834750624
Balance Scale,2990017953,instances,Data\Input\Subsets\Balance Scale\2990017953_20260528_183150.csv,4,0.25,531,5,132.75,1.25,106.2,0.9906542056074766,0.0,0.0227735172887906,0.0,0.0881187995047039,1.023034813609001,16.667789434425767
Balance Scale,1007268913,instances,Data\Input\Subsets\Balance Scale\1007268913_20260528_183150.csv,4,0.25,562,5,140.5,1.25,112.4,0.991150442477876,0.0,0.0241551825915845,0.000844537821051,0.0924512520790806,1.0244492822506184,15.657175055194047
Balance Scale,3925076729,full,,4,0.25,625,5,156.25,1.25,125.0,1.0,0.0,0.0234551156215932,0.0,0.0938204624863731,1.0237323501252142,16.15444445467173
Car evaluation,2903257547,classes,Data\Input\Subsets\Car evaluation\2903257547_20260528_183153.csv,6,1.0,1344,3,224.0,0.5,448.0,0.0537190082644628,0.0,0.0508007046637812,0.0,0.0846379620270467,1.0521131911354005,0.2909681223242341
Car evaluation,3812274549,classes,Data\Input\Subsets\Car evaluation\3812274549_20260528_183153.csv,6,1.0,134,2,22.33333333333333,0.3333333333333333,67.0,0.9420289855072465,0.0,0.0837725073232545,0.0,0.2393853973816342,1.0873814943423183,0.3781402415041022
Car evaluation,3772102763,classes,Data\Input\Subsets\Car evaluation\3772102763_20260528_183153.csv,6,1.0,1663,3,277.1666666666667,0.5,554.3333333333334,0.0570247933884297,0.0,0.067678387697435,0.0025042895255817,0.158671469182023,1.0700211211777308,0.7284340642056562
Car evaluation,206314115,features,Data\Input\Subsets\Car evaluation\206314115_20260528_183153.csv,4,1.0,1728,4,432.0,1.0,432.0,0.0537190082644628,0.0,0.0394152293320939,0.0115224190532947,0.0664255190528135,1.0402023165022438,4.30097102066736
Car evaluation,1240130516,features,Data\Input\Subsets\Car evaluation\1240130516_20260528_183153.csv,3,1.0,1728,4,576.0,1.3333333333333333,432.0,0.0537190082644628,0.0,0.1262144112510556,0.0655941298278002,0.1685525799930745,1.1345253972163547,1.207238580669772
Car evaluation,1967781947,features,Data\Input\Subsets\Car evaluation\1967781947_20260528_183153.csv,3,1.0,1728,4,576.0,1.3333333333333333,432.0,0.0537190082644628,0.0,0.1043497013084555,0.0,0.1685525799930745,1.1099885515015162,1.669727986344287
Car evaluation,2416487703,features,Data\Input\Subsets\Car evaluation\2416487703_20260528_183153.csv,5,1.0,1728,4,345.6,0.8,432.0,0.0537190082644628,0.0,0.0513583316656544,0.0,0.1489743858278274,1.0527000414663932,2.2546070977942563
Car evaluation,700614227,features,Data\Input\Subsets\Car evaluation\700614227_20260528_183153.csv,4,1.0,1728,4,432.0,1.0,432.0,0.0537190082644628,0.0,0.0971646878789995,0.0071155519984473,0.164405209618879,1.1020418516120984,1.1503592819912385
Car evaluation,1289566210,features,Data\Input\Subsets\Car evaluation\1289566210_20260528_183153.csv,5,1.0,1728,4,345.6,0.8,432.0,0.0537190082644628,0.0,0.0739032201926487,0.0,0.1869294860386592,1.0767025973837314,1.2617578819188895
Car evaluation,806145203,instances,Data\Input\Subsets\Car evaluation\806145203_20260528_183153.csv,6,1.0,344,4,57.333333333333336,0.6666666666666666,86.0,0.0539419087136929,0.0,0.0724980724658876,0.0055918326451203,0.1776404776127427,1.075190733621341,0.9241208635577292
Car evaluation,1126560463,instances,Data\Input\Subsets\Car evaluation\1126560463_20260528_183153.csv,6,1.0,468,4,78.0,0.6666666666666666,117.0,0.0518292682926829,0.0,0.0897057578525697,0.0,0.1880551495917111,1.0938523788756167,0.5492605513692232
Car evaluation,3599858963,instances,Data\Input\Subsets\Car evaluation\3599858963_20260528_183153.csv,6,1.0,818,4,136.33333333333334,0.6666666666666666,204.5,0.0541012216404886,0.0,0.0637792352820442,0.0,0.1596613551442205,1.0658570691509712,1.180854252095529
Car evaluation,3504410743,instances,Data\Input\Subsets\Car evaluation\3504410743_20260528_183154.csv,6,1.0,948,4,158.0,0.6666666666666666,237.0,0.0527108433734939,0.0,0.095242124416994,0.0,0.2219581466558302,1.099925141621223,0.4604151110912414
Car evaluation,353183589,instances,Data\Input\Subsets\Car evaluation\353183589_20260528_183154.csv,6,1.0,1304,4,217.3333333333333,0.6666666666666666,326.0,0.0536692223439211,0.0,0.0787712493702299,0.0061109479291292,0.2009560003046466,1.0819567954621143,0.7681677390290367
Car evaluation,3252412601,instances,Data\Input\Subsets\Car evaluation\3252412601_20260528_183154.csv,6,1.0,1475,4,245.8333333333333,0.6666666666666666,368.75,0.0532429816069699,0.0,0.0792694188097711,0.0078663224547794,0.1850769226501123,1.082495927550933,0.7559699700489199
Car evaluation,2221904327,full,,6,1.0,1728,4,288.0,0.6666666666666666,432.0,0.0537190082644628,0.0,0.0791735431143658,0.008708082437471,0.1711156780655647,1.0823921474761784,0.7593334022416793
Dry Bean,897734242,classes,Data\Input\Subsets\Dry Bean\897734242_20260528_183154.csv,16,1.0,6182,2,386.375,0.125,3091.0,0.7433728144388043,0.9375,0.257481456531345,0.0,0.4999720731862003,1.293667821669193,-0.834387694410338
Dry Bean,167171150,classes,Data\Input\Subsets\Dry Bean\167171150_20260528_183155.csv,16,1.0,7558,4,472.375,0.25,1889.5,0.1472081218274111,0.8125,0.7377215457503664,0.1047070331909649,1.067764621983757,2.091165457556245,-0.8970202030097834
Dry Bean,3787265179,classes,Data\Input\Subsets\Dry Bean\3787265179_20260528_183155.csv,16,1.0,6839,4,427.4375,0.25,1709.75,0.6521953626048347,0.6875,0.7038634882893406,0.270809749609568,0.9787701313393032,2.0215478660290915,-0.8779911695143746
Dry Bean,3685977759,classes,Data\Input\Subsets\Dry Bean\3685977759_20260528_183156.csv,16,1.0,9656,5,603.5,0.3125,1931.2,0.1472081218274111,1.0,0.6453482099959894,0.0302355235761653,1.095747953793416,1.90665082857181,-0.8593221709587007
Dry Bean,3013555001,classes,Data\Input\Subsets\Dry Bean\3013555001_20260528_183157.csv,16,1.0,11516,6,719.75,0.375,1919.3333333333333,0.1472081218274111,1.0,0.7257535486877197,0.1393238402995087,1.0970608863237532,2.066287561738572,-0.8570331538104456
Dry Bean,680191783,features,Data\Input\Subsets\Dry Bean\680191783_20260528_183158.csv,8,1.0,13543,7,1692.875,0.875,1934.7142857142856,0.1472081218274111,1.0,0.8041097742664454,0.2306055083836176,1.055377684179339,2.234706220068708,-0.714932817467415
Dry Bean,2776538981,features,Data\Input\Subsets\Dry Bean\2776538981_20260528_183159.csv,15,1.0,13543,7,902.8666666666668,0.4666666666666667,1934.7142857142856,0.1472081218274111,1.0,0.8018564303452944,0.1972740855601413,1.0551070068661277,2.2296763275593108,-0.8475369244852042
Dry Bean,2712631053,features,Data\Input\Subsets\Dry Bean\2712631053_20260528_183200.csv,14,1.0,13543,7,967.3571428571428,0.5,1934.7142857142856,0.1472081218274111,1.0,0.7755834056485547,0.1972456705535092,1.0371274345899275,2.1718588323566976,-0.8311130831116614
Dry Bean,751609287,features,Data\Input\Subsets\Dry Bean\751609287_20260528_183200.csv,8,1.0,13543,7,1692.875,0.875,1934.7142857142856,0.1472081218274111,1.0,0.8508971138550301,0.2306055083836176,1.055377684179339,2.3417467233037508,-0.7306074917112689
Dry Bean,2363171313,features,Data\Input\Subsets\Dry Bean\2363171313_20260528_183201.csv,10,1.0,13543,7,1354.3,0.7,1934.7142857142856,0.1472081218274111,1.0,0.7918446685699057,0.2306161324676181,1.055107554879607,2.2074647135577217,-0.768413865097016
Dry Bean,2771109370,instances,Data\Input\Subsets\Dry Bean\2771109370_20260528_183201.csv,16,1.0,1656,7,103.5,0.4375,236.57142857142856,0.1474654377880184,1.0,0.8015093549968393,0.2019992405137887,1.0760471647941856,2.2289025961502973,-0.8569977122243706
Dry Bean,801041472,instances,Data\Input\Subsets\Dry Bean\801041472_20260528_183202.csv,16,1.0,2930,7,183.125,0.4375,418.57142857142856,0.1473272490221642,0.9375,0.7933542279603716,0.1828335861671703,1.0457448953713362,2.2107995290629527,-0.855526059049043
Dry Bean,3195394058,instances,Data\Input\Subsets\Dry Bean\3195394058_20260528_183202.csv,16,1.0,6195,7,387.1875,0.4375,885.0,0.1473489519112207,1.0,0.8046341645692808,0.2029569668449928,1.05942592759513,2.2358783856494693,-0.8575558829265049
Dry Bean,3212966016,instances,Data\Input\Subsets\Dry Bean\3212966016_20260528_183203.csv,16,1.0,10173,7,635.8125,0.4375,1453.2857142857142,0.1471471471471471,1.0,0.8065979791165878,0.2133992425821067,1.0686924732465068,2.2402735503809152,-0.8579095626109247
Dry Bean,3135969831,instances,Data\Input\Subsets\Dry Bean\3135969831_20260528_183204.csv,16,1.0,12188,7,761.75,0.4375,1741.142857142857,0.1472892510184895,1.0,0.802102127956092,0.1945776992820271,1.058979109287166,2.230224221011144,-0.8571055606697531
Dry Bean,2555033788,full,,16,1.0,13543,7,846.4375,0.4375,1934.7142857142856,0.1472081218274111,1.0,0.8027190186666631,0.1972648556996969,1.0551059572483257,2.2316004500633912,-0.8572194613142481
Glass Identification,3487583150,classes,Data\Input\Subsets\Glass Identification\3487583150_20260528_183204.csv,9,1.0,135,4,15.0,0.4444444444444444,33.75,0.1710526315789473,0.8888888888888888,0.262005316723587,0.077281637711803,0.397929325767175,1.2995334516711692,-0.5164995748545408
Glass Identification,2784330809,classes,Data\Input\Subsets\Glass Identification\2784330809_20260528_183204.csv,9,1.0,128,4,14.22222222222222,0.4444444444444444,32.0,0.1884057971014492,0.8888888888888888,0.2811576080276056,0.0,0.5148811539175957,1.324662364906199,-0.5376691795212571
Glass Identification,466960853,classes,Data\Input\Subsets\Glass Identification\466960853_20260528_183204.csv,9,1.0,162,3,18.0,0.3333333333333333,54.0,0.2236842105263158,1.0,0.089131173496204,0.0,0.2595016227944127,1.0932240489421037,0.1907120109705046
Glass Identification,84787042,classes,Data\Input\Subsets\Glass Identification\84787042_20260528_183204.csv,9,1.0,175,4,19.444444444444443,0.4444444444444444,43.75,0.1710526315789473,1.0,0.125106632211038,0.0,0.2824983439565005,1.1332692896342318,0.0202826267870063
Glass Identification,826265242,classes,Data\Input\Subsets\Glass Identification\826265242_20260528_183204.csv,9,1.0,114,3,12.666666666666666,0.3333333333333333,38.0,0.1184210526315789,0.8888888888888888,0.2688218346012989,0.0356795002337479,0.4063950422616103,1.308422004750527,-0.6614920343673731
Glass Identification,2445884433,features,Data\Input\Subsets\Glass Identification\2445884433_20260528_183204.csv,8,1.0,213,6,26.625,0.75,35.5,0.1184210526315789,0.875,0.2769547216580498,0.0869694938075418,0.4173575877025612,1.3191066427211318,-0.3182675326621028
Glass Identification,1266969517,features,Data\Input\Subsets\Glass Identification\1266969517_20260528_183204.csv,6,1.0,213,6,35.5,1.0,35.5,0.1184210526315789,1.0,0.2818489330278074,0.0846079144301357,0.3907254468473233,1.325578453736955,-0.1068074484274888
Glass Identification,1044192441,features,Data\Input\Subsets\Glass Identification\1044192441_20260528_183204.csv,5,1.0,213,6,42.6,1.2,35.5,0.1184210526315789,0.8,0.2605988316514368,0.0444165236459781,0.4245722773635205,1.297706962036933,0.1592317558160891
Glass Identification,3053459324,features,Data\Input\Subsets\Glass Identification\3053459324_20260528_183204.csv,8,1.0,213,6,26.625,0.75,35.5,0.1184210526315789,0.875,0.3032322646522739,0.0869694938075418,0.4173575877025612,1.3542289674371313,-0.3773451979018916
Glass Identification,781444047,features,Data\Input\Subsets\Glass Identification\781444047_20260528_183205.csv,8,1.0,213,6,26.625,0.75,35.5,0.1184210526315789,0.875,0.2663964954161338,0.0781901165869167,0.4037119221365581,1.305252482728318,-0.2912480870219889
Glass Identification,2153360541,instances,Data\Input\Subsets\Glass Identification\2153360541_20260528_183205.csv,9,1.0,88,3,9.77777777777778,0.3333333333333333,29.33333333333333,0.3947368421052631,1.0,0.2528173500259,0.0338581682995766,0.4962425619265993,1.2876480664687102,-0.5469269202172079
Glass Identification,662514310,instances,Data\Input\Subsets\Glass Identification\662514310_20260528_183205.csv,9,1.0,126,4,14.0,0.4444444444444444,31.5,0.22,1.0,0.2500578855998181,0.0281274755700779,0.48504558757908,1.284099745420429,-0.4522196838888214
Glass Identification,1024952247,instances,Data\Input\Subsets\Glass Identification\1024952247_20260528_183205.csv,9,1.0,148,5,16.444444444444443,0.5555555555555556,29.6,0.1818181818181818,0.8888888888888888,0.2701624899077728,0.0469805695736185,0.4250692066108854,1.3101773240304455,-0.4253173817957753
Glass Identification,1921785078,instances,Data\Input\Subsets\Glass Identification\1921785078_20260528_183205.csv,9,1.0,168,5,18.666666666666668,0.5555555555555556,33.6,0.1774193548387097,1.0,0.2470818991894619,0.078964194723865,0.4173545226283544,1.280283962703476,-0.3712515986757577
Glass Identification,2554903021,instances,Data\Input\Subsets\Glass Identification\2554903021_20260528_183205.csv,9,1.0,183,5,20.33333333333333,0.5555555555555556,36.6,0.1764705882352941,1.0,0.258375460415515,0.05182788464877,0.4892491713489786,1.2948248828581252,-0.3998817106698518
Glass Identification,2758370753,full,,9,1.0,213,6,23.666666666666668,0.6666666666666666,35.5,0.1184210526315789,0.8888888888888888,0.2731478806611578,0.0290969214292196,0.4027946675951539,1.314094559628986,-0.3855700264151311
Indian Engineering Student Placement,2110793989,features,Data\Input\Subsets\Indian Engineering Student Placement\2110793989_20260528_183205.csv,12,0.6666666666666666,3994,2,332.8333333333333,0.1666666666666666,1997.0,0.1671537112799532,0.25,0.0192423126127939,2.012468265089052e-07,0.0537166960697754,1.0194286391088432,0.7788777953681222
Indian Engineering Student Placement,879781880,features,Data\Input\Subsets\Indian Engineering Student Placement\879781880_20260528_183205.csv,15,0.6,3994,2,266.26666666666665,0.1333333333333333,1997.0,0.1671537112799532,0.2,0.0188270520123186,0.0,0.0752745028982728,1.0190053984436935,0.4544910213679482
Indian Engineering Student Placement,4065998540,features,Data\Input\Subsets\Indian Engineering Student Placement\4065998540_20260528_183206.csv,21,0.7142857142857143,3994,2,190.1904761904762,0.0952380952380952,1997.0,0.1671537112799532,0.2857142857142857,0.0211472612173692,0.0,0.059402469442487,1.021372449113643,-0.075065025838453
Indian Engineering Student Placement,2695216473,features,Data\Input\Subsets\Indian Engineering Student Placement\2695216473_20260528_183206.csv,16,0.625,3994,2,249.625,0.125,1997.0,0.1671537112799532,0.1875,0.0164017157533189,2.012468265089052e-07,0.0484997355573977,1.0165369623065623,0.5652199053399898
Indian Engineering Student Placement,1682471515,features,Data\Input\Subsets\Indian Engineering Student Placement\1682471515_20260528_183206.csv,15,0.7333333333333333,3994,2,266.26666666666665,0.1333333333333333,1997.0,0.1671537112799532,0.3333333333333333,0.0245892090160433,0.0,0.0676692924637276,1.0248940168159282,0.1136502232698155
Indian Engineering Student Placement,700168228,features,Data\Input\Subsets\Indian Engineering Student Placement\700168228_20260528_183206.csv,21,0.6666666666666666,3994,2,190.1904761904762,0.0952380952380952,1997.0,0.1671537112799532,0.238095238095238,0.0201372082226468,0.0,0.0628722662918792,1.0203413296430064,-0.028671636534134
Indian Engineering Student Placement,657650482,features,Data\Input\Subsets\Indian Engineering Student Placement\657650482_20260528_183207.csv,14,0.7857142857142857,3994,2,285.2857142857143,0.1428571428571428,1997.0,0.1671537112799532,0.3571428571428571,0.0219641845897193,0.0,0.0709470389339914,1.0222071730455211,0.3358002042673263
Indian Engineering Student Placement,1871690252,instances,Data\Input\Subsets\Indian Engineering Student Placement\1871690252_20260528_183207.csv,22,0.6818181818181818,581,2,26.40909090909091,0.0909090909090909,290.5,0.1666666666666666,0.2272727272727272,0.0262964151123895,0.0,0.0911220375931858,1.0266452165336315,-0.2910953545714191
Indian Engineering Student Placement,2892984950,instances,Data\Input\Subsets\Indian Engineering Student Placement\2892984950_20260528_183207.csv,22,0.6818181818181818,778,2,35.36363636363637,0.0909090909090909,389.0,0.1664167916041979,0.2727272727272727,0.0202131018763496,0.0,0.0822022048788095,1.0204187700131162,-0.0784843451069006
Indian Engineering Student Placement,408701284,instances,Data\Input\Subsets\Indian Engineering Student Placement\408701284_20260528_183207.csv,22,0.6818181818181818,1449,2,65.86363636363636,0.0909090909090909,724.5,0.1676067687348912,0.2727272727272727,0.0186799678678068,0.0,0.0850182582947711,1.018855529928322,0.000952970210548
Indian Engineering Student Placement,2196664355,instances,Data\Input\Subsets\Indian Engineering Student Placement\2196664355_20260528_183207.csv,22,0.6818181818181818,1942,2,88.27272727272727,0.0909090909090909,971.0,0.1670673076923076,0.2727272727272727,0.0200995854303057,0.0,0.056626919633627,1.0203029422751688,-0.0713440627250511
Indian Engineering Student Placement,2810372831,instances,Data\Input\Subsets\Indian Engineering Student Placement\2810372831_20260528_183207.csv,22,0.6818181818181818,2155,2,97.95454545454544,0.0909090909090909,1077.5,0.1673889490790899,0.2727272727272727,0.0200393987770472,0.0,0.0594677244228636,1.020241535503716,-0.0675972502461403
Indian Engineering Student Placement,2711420955,instances,Data\Input\Subsets\Indian Engineering Student Placement\2711420955_20260528_183208.csv,22,0.6818181818181818,2881,2,130.95454545454547,0.0909090909090909,1440.5,0.1673419773095624,0.2727272727272727,0.0192522685066065,0.0,0.0626639336094041,1.0194387884826468,-0.0296213754058695
Indian Engineering Student Placement,1532130927,instances,Data\Input\Subsets\Indian Engineering Student Placement\1532130927_20260528_183208.csv,22,0.6818181818181818,3037,2,138.04545454545453,0.0909090909090909,1518.5,0.1671790930053804,0.2727272727272727,0.0189601113504196,0.0,0.0781385007607349,1.019140995648569,-0.0151812736794385
Indian Engineering Student Placement,145700777,instances,Data\Input\Subsets\Indian Engineering Student Placement\145700777_20260528_183208.csv,22,0.6818181818181818,3594,2,163.36363636363637,0.0909090909090909,1797.0,0.1672620980837934,0.2727272727272727,0.0213129154454344,0.0,0.0716775969438279,1.0215416577929477,-0.1236663252775159
Indian Engineering Student Placement,1251870613,full,,22,0.6818181818181818,3994,2,181.54545454545453,0.0909090909090909,1997.0,0.1671537112799532,0.2727272727272727,0.0202689315549826,0.0,0.059402469442487,1.0204757412554453,-0.0788484458525486
Led24,21945515,classes,Data\Input\Subsets\Led24\21945515_20260528_183211.csv,24,1.0,2879,9,119.95833333333331,0.375,319.8888888888889,0.8783382789317508,0.0416666666666666,0.0817658397027964,0.0,0.3516752664977849,1.0852016689305335,0.1191925353018816
Led24,3960834358,classes,Data\Input\Subsets\Led24\3960834358_20260528_183211.csv,24,1.0,1938,6,80.75,0.25,323.0,0.9014925373134328,0.1666666666666666,0.0783927550812145,0.0,0.3328265253107756,1.0815473584837374,-0.0479432720707723
Led24,2123841821,classes,Data\Input\Subsets\Led24\2123841821_20260528_183212.csv,24,1.0,1249,4,52.04166666666666,0.1666666666666666,312.25,0.94375,0.0833333333333333,0.0746710839392666,0.0,0.3856193383964561,1.0775296757752697,-0.2266079561025291
Led24,560636566,classes,Data\Input\Subsets\Led24\560636566_20260528_183212.csv,24,1.0,1621,5,67.54166666666667,0.2083333333333333,324.2,0.913946587537092,0.0416666666666666,0.0715470148899261,0.0,0.3675079038870708,1.0741686514350706,-0.062979787613943
Led24,2069023756,classes,Data\Input\Subsets\Led24\2069023756_20260528_183212.csv,24,1.0,1615,5,67.29166666666667,0.2083333333333333,323.0,0.8783382789317508,0.0833333333333333,0.0869711447130866,0.0,0.3647818649156176,1.0908652020357426,-0.2294017640947654
Led24,2086146280,features,Data\Input\Subsets\Led24\2086146280_20260528_183212.csv,17,1.0,3199,10,188.1764705882353,0.5882352941176471,319.9,0.8783382789317508,0.0588235294117647,0.0675097397423336,0.0,0.3528255677707244,1.0698406795197148,1.0055808442905363
Led24,949139504,features,Data\Input\Subsets\Led24\949139504_20260528_183213.csv,17,1.0,3199,10,188.1764705882353,0.5882352941176471,319.9,0.8783382789317508,0.0588235294117647,0.0660067029771098,0.0,0.3447841266003988,1.0682338774892244,1.0512498689294836
Led24,978010710,features,Data\Input\Subsets\Led24\978010710_20260528_183213.csv,18,1.0,3199,10,177.72222222222223,0.5555555555555556,319.9,0.8783382789317508,0.0555555555555555,0.0999480865719088,0.0,0.3574467914706676,1.105113546353858,0.2794064582597511
Led24,35578937,features,Data\Input\Subsets\Led24\35578937_20260528_183214.csv,20,1.0,3199,10,159.95,0.5,319.9,0.8783382789317508,0.05,0.0736859567398558,0.0,0.3604637150715115,1.0764686946699682,0.5618553357735708
Led24,3774660965,features,Data\Input\Subsets\Led24\3774660965_20260528_183214.csv,15,1.0,3199,10,213.26666666666668,0.6666666666666666,319.9,0.8783382789317508,0.0,0.0622783636940782,0.0,0.3522972431780782,1.0642585544417746,1.463922682598619
Led24,2275564684,instances,Data\Input\Subsets\Led24\2275564684_20260528_183214.csv,24,1.0,517,10,21.541666666666668,0.4166666666666667,51.7,0.8888888888888888,0.0416666666666666,0.0871037536385219,0.0,0.3478595520261409,1.091009870089905,0.1010954907017595
Led24,1125367658,instances,Data\Input\Subsets\Led24\1125367658_20260528_183214.csv,24,1.0,1037,10,43.208333333333336,0.4166666666666667,103.7,0.8807339449541285,0.0416666666666666,0.088100209017518,0.0,0.3575621564024231,1.0920975545680194,0.0886131548422301
Led24,1127740765,instances,Data\Input\Subsets\Led24\1127740765_20260528_183215.csv,24,1.0,1661,10,69.20833333333333,0.4166666666666667,166.1,0.88,0.0833333333333333,0.0901316081869398,0.0,0.3446454025466998,1.094318295475241,0.0640697703651686
Led24,1081659111,instances,Data\Input\Subsets\Led24\1081659111_20260528_183215.csv,24,1.0,2202,10,91.75,0.4166666666666667,220.2,0.8793103448275862,0.0416666666666666,0.0846969284943305,0.0,0.3639066803624877,1.0883871575732993,0.1323455991721745
Led24,699360686,instances,Data\Input\Subsets\Led24\699360686_20260528_183216.csv,24,1.0,2879,10,119.95833333333331,0.4166666666666667,287.9,0.8811881188118812,0.0416666666666666,0.0868314527210318,0.0,0.3538360609201825,1.0907128275456028,0.1045134502262437
Led24,371290070,full,,24,1.0,3199,10,133.29166666666666,0.4166666666666667,319.9,0.8783382789317508,0.0416666666666666,0.0833121438462385,0.0,0.3465019143360943,1.0868810188259037,0.1511607571293305
Led7,4141790047,classes,Data\Input\Subsets\Led7\4141790047_20260528_183218.csv,7,1.0,299,9,42.71428571428572,1.2857142857142858,33.22222222222222,0.7435897435897436,0.0,0.0690948683688812,0.0449249331360275,0.1090332722209916,1.0715378593754878,3.533817854631049
Led7,2470822133,classes,Data\Input\Subsets\Led7\2470822133_20260528_183218.csv,7,1.0,104,3,14.857142857142858,0.4285714285714285,34.666666666666664,0.8205128205128205,0.0,0.042543744706451,0.0,0.1124541755486689,1.0434617013011251,2.675901344591807
Led7,2501665436,classes,Data\Input\Subsets\Led7\2501665436_20260528_183218.csv,7,1.0,136,4,19.428571428571427,0.5714285714285714,34.0,0.7435897435897436,0.0,0.0951855280150436,0.0,0.219469890920541,1.0998628915773732,1.0711470477137568
Led7,3156255007,classes,Data\Input\Subsets\Led7\3156255007_20260528_183218.csv,7,1.0,275,8,39.285714285714285,1.1428571428571428,34.375,0.7435897435897436,0.0,0.0615289138905618,0.0,0.1759021881331359,1.0634612448863217,3.819114906866184
Led7,3067815109,classes,Data\Input\Subsets\Led7\3067815109_20260528_183218.csv,7,1.0,203,6,29.0,0.8571428571428571,33.833333333333336,0.7837837837837838,0.0,0.0718838538138375,0.0,0.1468898929706981,1.0745305341923972,2.553934675875797
Led7,23681642,features,Data\Input\Subsets\Led7\23681642_20260528_183218.csv,3,1.0,336,10,112.0,3.333333333333333,33.6,0.7435897435897436,0.0,0.0599910724514359,0.0242158184322773,0.1027890649042322,1.0618270669903378,11.76931671496994
Led7,3456112951,features,Data\Input\Subsets\Led7\3456112951_20260528_183218.csv,4,1.0,336,10,84.0,2.5,33.6,0.7435897435897436,0.0,0.0393288688627145,0.0,0.085927676433859,1.040112488020812,13.60844844426742
Led7,2708923610,features,Data\Input\Subsets\Led7\2708923610_20260528_183218.csv,3,1.0,336,10,112.0,3.333333333333333,33.6,0.7435897435897436,0.0,0.0703538726924016,0.0242158184322773,0.1121574922375732,1.0728877797727532,9.888455388267888
Led7,651862396,features,Data\Input\Subsets\Led7\651862396_20260528_183218.csv,4,1.0,336,10,84.0,2.5,33.6,0.7435897435897436,0.0,0.0418502047061135,0.0,0.0848079840526327,1.0427382697658036,12.728337942117433
Led7,1913283269,features,Data\Input\Subsets\Led7\1913283269_20260528_183218.csv,3,1.0,336,10,112.0,3.333333333333333,33.6,0.7435897435897436,0.0,0.0363755338938105,0.0230074967738569,0.0529683340177982,1.03704521900421,20.059347374512065
Led7,290750247,instances,Data\Input\Subsets\Led7\290750247_20260528_183219.csv,7,1.0,134,10,19.142857142857142,1.4285714285714286,13.4,0.8,0.0,0.0598986988003339,0.0,0.1387365492005923,1.0617289866774091,4.484745186868101
Led7,1217341246,instances,Data\Input\Subsets\Led7\1217341246_20260528_183219.csv,7,1.0,153,10,21.857142857142858,1.4285714285714286,15.3,0.7222222222222222,0.0,0.0479602577817658,0.0,0.1023765948030215,1.0491289597838638,5.844508210411289
Led7,1208550132,instances,Data\Input\Subsets\Led7\1208550132_20260528_183219.csv,7,1.0,223,10,31.857142857142858,1.4285714285714286,22.3,0.7307692307692307,0.0,0.0600484276424882,0.0029641458299898,0.1180340119437057,1.0618879700311656,4.465435206578592
Led7,579564000,instances,Data\Input\Subsets\Led7\579564000_20260528_183219.csv,7,1.0,276,10,39.42857142857143,1.4285714285714286,27.6,0.75,0.0,0.0507017739628763,0.0041311709615903,0.0789602589352402,1.0520091099884654,5.47512811241197
Led7,1316971433,instances,Data\Input\Subsets\Led7\1316971433_20260528_183219.csv,7,1.0,302,10,43.142857142857146,1.4285714285714286,30.2,0.7428571428571429,0.0,0.0607969275034859,0.0050360965879963,0.1596758136566172,1.0626830905658118,4.400704169387741
Led7,2476328178,full,,7,1.0,336,10,48.0,1.4285714285714286,33.6,0.7435897435897436,0.0,0.050621640623407,0.0191294127533669,0.0991238732487373,1.0519248123629,5.485467435631081
Liver Cirrhosis,351052729,classes,Data\Input\Subsets\Liver Cirrhosis\351052729_20260528_183219.csv,18,0.6111111111111112,165,3,9.166666666666666,0.1666666666666666,55.0,0.1276595744680851,0.5,0.0695554325094312,0.0002039865772658,0.2144923479882408,1.0720314849531525,-0.2980058030109991
Liver Cirrhosis,1825279860,classes,Data\Input\Subsets\Liver Cirrhosis\1825279860_20260528_183219.csv,18,0.6111111111111112,217,3,12.055555555555555,0.1666666666666666,72.33333333333333,0.1081081081081081,0.5555555555555556,0.0430460486578017,0.0,0.1217402481425523,1.04398596789634,0.1168887083275724
Liver Cirrhosis,402500942,classes,Data\Input\Subsets\Liver Cirrhosis\402500942_20260528_183219.csv,18,0.6111111111111112,264,3,14.666666666666666,0.1666666666666666,88.0,0.5315315315315315,0.5555555555555556,0.0364903163698136,0.000956942399853,0.1058995445110206,1.03716426045398,0.6242506957301154
Liver Cirrhosis,1692758365,features,Data\Input\Subsets\Liver Cirrhosis\1692758365_20260528_183219.csv,15,0.6666666666666666,276,4,18.4,0.2666666666666666,69.0,0.1081081081081081,0.5333333333333333,0.0506335953154426,0.0003252063507837,0.1337593830516323,1.0519373878752445,0.5790698276062994
Liver Cirrhosis,406100345,features,Data\Input\Subsets\Liver Cirrhosis\406100345_20260528_183219.csv,15,0.5333333333333333,276,4,18.4,0.2666666666666666,69.0,0.1081081081081081,0.4666666666666667,0.0435846803235305,0.0,0.1337593830516323,1.0445484432671497,0.834451509850298
Liver Cirrhosis,1784638402,features,Data\Input\Subsets\Liver Cirrhosis\1784638402_20260528_183219.csv,9,0.6666666666666666,276,4,30.666666666666668,0.4444444444444444,69.0,0.1081081081081081,0.5555555555555556,0.0404104518921454,0.000638751501286,0.0792028409482051,1.0412380646291062,2.297578509277688
Liver Cirrhosis,2194315979,features,Data\Input\Subsets\Liver Cirrhosis\2194315979_20260528_183219.csv,12,0.5833333333333334,276,4,23.0,0.3333333333333333,69.0,0.1081081081081081,0.4166666666666667,0.0488501430445892,0.0002531737558681,0.1337593830516323,1.0500629797076222,1.0458993987198506
Liver Cirrhosis,3655614747,features,Data\Input\Subsets\Liver Cirrhosis\3655614747_20260528_183219.csv,14,0.5,276,4,19.714285714285715,0.2857142857142857,69.0,0.1081081081081081,0.5,0.0465298842425387,0.0022577984714441,0.1337593830516323,1.0476293862114046,0.8410744574024739
Liver Cirrhosis,2885359160,features,Data\Input\Subsets\Liver Cirrhosis\2885359160_20260528_183219.csv,9,0.5555555555555556,276,4,30.666666666666668,0.4444444444444444,69.0,0.1081081081081081,0.4444444444444444,0.0588853162833193,0.0151195832469879,0.1337593830516323,1.0606535940685675,1.262985853189459
Liver Cirrhosis,2557108133,instances,Data\Input\Subsets\Liver Cirrhosis\2557108133_20260528_183219.csv,18,0.6111111111111112,98,3,5.444444444444445,0.1666666666666666,32.666666666666664,0.5365853658536586,0.4444444444444444,0.047442994925941,0.0,0.2704116430077203,1.0485864246707253,0.2502203173596948
Liver Cirrhosis,3448509777,instances,Data\Input\Subsets\Liver Cirrhosis\3448509777_20260528_183219.csv,18,0.6111111111111112,143,3,7.944444444444445,0.1666666666666666,47.66666666666666,0.5333333333333333,0.5555555555555556,0.045929871489314,0.0,0.1181204871292085,1.0470009837626193,0.2907710071027977
Liver Cirrhosis,2450386269,instances,Data\Input\Subsets\Liver Cirrhosis\2450386269_20260528_183219.csv,18,0.6111111111111112,153,3,8.5,0.1666666666666666,51.0,0.53125,0.5555555555555556,0.0310658455308237,0.0,0.1462196865257627,1.031553424833184,0.9074075831985536
Liver Cirrhosis,3175232663,instances,Data\Input\Subsets\Liver Cirrhosis\3175232663_20260528_183220.csv,18,0.6111111111111112,188,3,10.444444444444445,0.1666666666666666,62.66666666666666,0.5316455696202531,0.5555555555555556,0.0288971459534995,0.0,0.0952250243999233,1.0293187194349536,1.0510522595057843
Liver Cirrhosis,1051429789,instances,Data\Input\Subsets\Liver Cirrhosis\1051429789_20260528_183220.csv,18,0.6111111111111112,217,4,12.055555555555555,0.2222222222222222,54.25,0.1149425287356321,0.5,0.0515516387023382,0.0041775669018731,0.120867750273301,1.052903555461636,0.2974703918341633
Liver Cirrhosis,1897522034,instances,Data\Input\Subsets\Liver Cirrhosis\1897522034_20260528_183220.csv,18,0.6111111111111112,248,4,13.77777777777778,0.2222222222222222,62.0,0.11,0.5,0.0419623965985536,0.0,0.1294848480437673,1.042855263108338,0.5899111673028465
Liver Cirrhosis,3274221301,full,,18,0.6111111111111112,276,4,15.333333333333334,0.2222222222222222,69.0,0.1081081081081081,0.5,0.0445363348808831,0.0,0.1337593830516323,1.0455429656994055,0.4960440510669165
Magic,4165854753,features,Data\Input\Subsets\Magic\4165854753_20260528_183223.csv,9,1.0,18905,2,2100.555555555556,0.2222222222222222,9452.5,0.5330035679532923,0.7777777777777778,0.0619060021060179,0.0082284358483537,0.1215888174105339,1.0638623392085809,0.1594680330318398
Magic,13091940,features,Data\Input\Subsets\Magic\13091940_20260528_183224.csv,9,1.0,18905,2,2100.555555555556,0.2222222222222222,9452.5,0.5330035679532923,0.7777777777777778,0.052878573576356,0.0091132879874482,0.1212040178221238,1.054301617271704,0.3574123816158355
Magic,2021449297,features,Data\Input\Subsets\Magic\2021449297_20260528_183225.csv,5,1.0,18905,2,3781.0,0.4,9452.5,0.5330035679532923,0.6,0.0764604967343936,0.0187818983797687,0.1212703174102252,1.079459547317693,0.6897674015815812
Magic,3834275117,features,Data\Input\Subsets\Magic\3834275117_20260528_183226.csv,7,1.0,18905,2,2700.714285714286,0.2857142857142857,9452.5,0.5330035679532923,0.7142857142857143,0.0481979619225998,0.0089985703530195,0.1212457795091521,1.0493783717238243,0.9147290782898616
Magic,4123693375,features,Data\Input\Subsets\Magic\4123693375_20260528_183226.csv,5,1.0,18905,2,3781.0,0.4,9452.5,0.5330035679532923,1.0,0.0479754253607506,0.0092166756359919,0.0942668705048408,1.049144872650906,1.6930549113216202
Magic,3078116620,features,Data\Input\Subsets\Magic\3078116620_20260528_183227.csv,9,1.0,18905,2,2100.555555555556,0.2222222222222222,9452.5,0.5330035679532923,0.7777777777777778,0.0557030989783235,0.0082284358483537,0.1212040178221238,1.0572837285129069,0.2885823555824331
Magic,3471838329,features,Data\Input\Subsets\Magic\3471838329_20260528_183228.csv,9,1.0,18905,2,2100.555555555556,0.2222222222222222,9452.5,0.5330035679532923,0.7777777777777778,0.052878573576356,0.0091132879874482,0.1212040178221238,1.054301617271704,0.3574123816158355
Magic,1192714877,instances,Data\Input\Subsets\Magic\1192714877_20260528_183228.csv,10,1.0,916,2,91.6,0.2,458.0,0.5317725752508361,0.8,0.0539549533860521,0.0,0.1502025020700337,1.055437057218556,0.1966868120748504
Magic,3781131834,instances,Data\Input\Subsets\Magic\3781131834_20260528_183228.csv,10,1.0,3371,2,337.1,0.2,1685.5,0.5329695316052752,0.8,0.0479854360272617,0.0022268497680337,0.1059926749943898,1.0491553753429177,0.3462275519676666
Magic,1523583911,instances,Data\Input\Subsets\Magic\1523583911_20260528_183229.csv,10,1.0,5254,2,525.4,0.2,2627.0,0.5331193463670849,0.8,0.0559305806855047,0.0046762128343356,0.1313998477714055,1.057524268578639,0.1550626829153059
Magic,1219227124,instances,Data\Input\Subsets\Magic\1219227124_20260528_183229.csv,10,1.0,9404,2,940.4,0.2,4702.0,0.5330942288881644,0.8,0.0565797076491428,0.0077804539003423,0.1228915596651027,1.0582109589465791,0.1417990134224863
Magic,2933248481,instances,Data\Input\Subsets\Magic\2933248481_20260528_183230.csv,10,1.0,10030,2,1003.0,0.2,5015.0,0.5329359620968974,0.8,0.0528641545182087,0.0041702028638088,0.1253418597633402,1.054286415344979,0.221970116796524
Magic,2514104748,instances,Data\Input\Subsets\Magic\2514104748_20260528_183230.csv,10,1.0,12337,2,1233.7,0.2,6168.5,0.532927435387674,0.8,0.0560627147228294,0.0005389775490081,0.1220340569993823,1.057664012762093,0.1522486740384732
Magic,2748525262,instances,Data\Input\Subsets\Magic\2748525262_20260528_183231.csv,10,1.0,16466,2,1646.6,0.2,8233.0,0.5330043757564472,0.8,0.0558214786730672,0.0094072332938941,0.1196862598707764,1.057408896846494,0.1572650995521039
Magic,1745803898,instances,Data\Input\Subsets\Magic\1745803898_20260528_183232.csv,10,1.0,17014,2,1701.4,0.2,8507.0,0.5330690214453054,0.8,0.057110789743626,0.0088856557331511,0.1212893838752982,1.058773105098727,0.1311694335343534
Magic,3024204716,full,,10,1.0,18905,2,1890.5,0.2,9452.5,0.5330035679532923,0.8,0.0567974134102342,0.0080496813827162,0.1214296724414825,1.0584413626479887,0.1373797426066663
Mobile Price Classification,1245780941,classes,Data\Input\Subsets\Mobile Price Classification\1245780941_20260528_183232.csv,19,0.6842105263157895,1073,3,56.47368421052632,0.1578947368421052,357.6666666666667,0.8803191489361702,0.1052631578947368,0.0045552922751783,0.0,0.0319971797575528,1.0045656833912333,11.6763085171661
Mobile Price Classification,2030071511,classes,Data\Input\Subsets\Mobile Price Classification\2030071511_20260528_183232.csv,19,0.6842105263157895,1504,4,79.15789473684211,0.2105263157894736,376.0,0.7956730769230769,0.1578947368421052,0.0065534933418493,0.0,0.0343462930328368,1.006575014466503,10.107341611620653
Mobile Price Classification,1554921028,classes,Data\Input\Subsets\Mobile Price Classification\1554921028_20260528_183233.csv,19,0.6842105263157895,1505,4,79.21052631578948,0.2105263157894736,376.25,0.7956730769230769,0.1052631578947368,0.0057796034927381,0.0,0.0253175656801465,1.0057963376243533,11.594566144889995
Mobile Price Classification,3432611718,classes,Data\Input\Subsets\Mobile Price Classification\3432611718_20260528_183233.csv,19,0.6842105263157895,2634,7,138.6315789473684,0.3684210526315789,376.2857142857143,0.7956730769230769,0.1578947368421052,0.0050396878691262,0.0,0.0194873346114419,1.0050524084563208,19.30241085092916
Mobile Price Classification,307029732,classes,Data\Input\Subsets\Mobile Price Classification\307029732_20260528_183233.csv,19,0.6842105263157895,1084,3,57.05263157894737,0.1578947368421052,361.3333333333333,0.8779840848806366,0.1052631578947368,0.0060978246705227,0.0,0.0506347834735985,1.0061164542507672,8.466909858598786
Mobile Price Classification,951169351,features,Data\Input\Subsets\Mobile Price Classification\951169351_20260528_183233.csv,13,0.6923076923076923,3000,8,230.7692307692308,0.6153846153846154,375.0,0.7956730769230769,0.1538461538461538,0.0061285503232042,0.0,0.0211358289135641,1.0061473683104225,25.07915990340168
Mobile Price Classification,3942510223,features,Data\Input\Subsets\Mobile Price Classification\3942510223_20260528_183233.csv,14,0.6428571428571429,3000,8,214.28571428571428,0.5714285714285714,375.0,0.7956730769230769,0.0714285714285714,0.0022395854700085,0.0,0.0068771714084365,1.0022420952147937,65.2672623361363
Mobile Price Classification,3842565220,features,Data\Input\Subsets\Mobile Price Classification\3842565220_20260528_183234.csv,18,0.7222222222222222,3000,8,166.66666666666666,0.4444444444444444,375.0,0.7956730769230769,0.1111111111111111,0.0047480229629135,0.0,0.0190078315603821,1.0047593126848229,23.311367610181605
Mobile Price Classification,2900995000,features,Data\Input\Subsets\Mobile Price Classification\2900995000_20260528_183234.csv,9,0.8888888888888888,3000,8,333.3333333333333,0.8888888888888888,375.0,0.7956730769230769,0.1111111111111111,0.0052246140196357,0.0,0.0189344234965198,1.005238286115567,43.1873528797146
Mobile Price Classification,214362266,features,Data\Input\Subsets\Mobile Price Classification\214362266_20260528_183234.csv,9,0.5555555555555556,3000,8,333.3333333333333,0.8888888888888888,375.0,0.7956730769230769,0.1111111111111111,0.003141659459637,0.0,0.0166349380493531,1.0031465996438214,72.48405080562769
Mobile Price Classification,169740754,instances,Data\Input\Subsets\Mobile Price Classification\169740754_20260528_183234.csv,19,0.6842105263157895,673,8,35.421052631578945,0.4210526315789473,84.125,0.7956989247311828,0.0526315789473684,0.0090902784180022,0.0,0.0282464914928097,1.009131720476963,11.029857638339932
Mobile Price Classification,1494649510,instances,Data\Input\Subsets\Mobile Price Classification\1494649510_20260528_183234.csv,19,0.6842105263157895,1136,8,59.78947368421053,0.4210526315789473,142.0,0.7911392405063291,0.1052631578947368,0.0052419106415057,0.0,0.0614579484915882,1.0052556734924625,19.861050291570777
Mobile Price Classification,3627642646,instances,Data\Input\Subsets\Mobile Price Classification\3627642646_20260528_183234.csv,19,0.6842105263157895,1799,8,94.6842105263158,0.4210526315789473,224.875,0.7991967871485943,0.1052631578947368,0.0051659707992065,0.0,0.0466886246224191,1.0051793374336575,20.16919382281913
Mobile Price Classification,534615132,instances,Data\Input\Subsets\Mobile Price Classification\534615132_20260528_183235.csv,19,0.6842105263157895,2168,8,114.10526315789474,0.4210526315789473,271.0,0.7940199335548173,0.1052631578947368,0.007417917655997,0.0,0.0280282551227601,1.0074454985626262,13.741850088240067
Mobile Price Classification,713840213,instances,Data\Input\Subsets\Mobile Price Classification\713840213_20260528_183235.csv,19,0.6842105263157895,2700,8,142.10526315789474,0.4210526315789473,337.5,0.7946666666666666,0.1052631578947368,0.0039610105452672,0.0,0.0225136871687485,1.0039688657155836,26.60772439852052
Mobile Price Classification,3095703679,full,,19,0.6842105263157895,3000,8,157.89473684210526,0.4210526315789473,375.0,0.7956730769230769,0.1052631578947368,0.0045348540075376,0.0,0.0190078315603821,1.0045451520187472,23.114474092858305
Mofn_3_7_10,2586612182,features,Data\Input\Subsets\Mofn_3_7_10\2586612182_20260528_183237.csv,5,1.0,1024,2,204.8,0.4,512.0,0.2929292929292929,0.0,0.031157939335538,0.0008353477463298,0.05034678589212,1.031648428887418,2.434689872057896
Mofn_3_7_10,1387657914,features,Data\Input\Subsets\Mofn_3_7_10\1387657914_20260528_183238.csv,5,1.0,1024,2,204.8,0.4,512.0,0.2929292929292929,0.0,0.0193032647018869,0.0,0.0385069934300863,1.0194907773077857,4.54402896726094
Mofn_3_7_10,705724958,features,Data\Input\Subsets\Mofn_3_7_10\705724958_20260528_183238.csv,7,1.0,1024,2,146.28571428571428,0.2857142857142857,512.0,0.2929292929292929,0.0,0.0336572893818514,0.0,0.0570600353914185,1.034230104347354,1.2711670792664411
Mofn_3_7_10,1395167153,features,Data\Input\Subsets\Mofn_3_7_10\1395167153_20260528_183238.csv,7,1.0,1024,2,146.28571428571428,0.2857142857142857,512.0,0.2929292929292929,0.0,0.0346605304642394,0.0,0.0570600353914185,1.0352682071232835,1.2054286705240251
Mofn_3_7_10,2593027556,features,Data\Input\Subsets\Mofn_3_7_10\2593027556_20260528_183238.csv,5,1.0,1024,2,204.8,0.4,512.0,0.2929292929292929,0.0,0.0287606363087525,0.0,0.0531329374549995,1.0291782170924126,2.72098369177593
Mofn_3_7_10,1962903517,features,Data\Input\Subsets\Mofn_3_7_10\1962903517_20260528_183238.csv,8,1.0,1024,2,128.0,0.25,512.0,0.2929292929292929,0.0,0.0248177443352122,0.0,0.0426490409352404,1.0251282680634977,1.6950943149909483
Mofn_3_7_10,2465702746,features,Data\Input\Subsets\Mofn_3_7_10\2465702746_20260528_183238.csv,9,1.0,1024,2,113.77777777777776,0.2222222222222222,512.0,0.2929292929292929,0.0,0.0324514250015159,0.0,0.0641009228895106,1.0329837147428969,0.8321033953048923
Mofn_3_7_10,72963746,instances,Data\Input\Subsets\Mofn_3_7_10\72963746_20260528_183238.csv,10,1.0,164,2,16.4,0.2,82.0,0.2913385826771653,0.0,0.0360803838805656,0.0,0.1159262459756926,1.0367391802599768,0.4797982766477617
Mofn_3_7_10,237787516,instances,Data\Input\Subsets\Mofn_3_7_10\237787516_20260528_183238.csv,10,1.0,244,2,24.4,0.2,122.0,0.291005291005291,0.0,0.0322677872678405,0.0,0.0809134306424923,1.0327940373710924,0.6538792227127923
Mofn_3_7_10,2386017355,instances,Data\Input\Subsets\Mofn_3_7_10\2386017355_20260528_183238.csv,10,1.0,375,2,37.5,0.2,187.5,0.293103448275862,0.0,0.0257185380812882,0.0,0.0703705242689958,1.0260521132308,1.0810559256362708
Mofn_3_7_10,1767553333,instances,Data\Input\Subsets\Mofn_3_7_10\1767553333_20260528_183238.csv,10,1.0,527,2,52.7,0.2,263.5,0.2916666666666667,0.0,0.0241386304778064,0.0,0.0582413670663042,1.0244323255898733,1.2128818251651334
Mofn_3_7_10,2275896258,instances,Data\Input\Subsets\Mofn_3_7_10\2275896258_20260528_183238.csv,10,1.0,654,2,65.4,0.2,327.0,0.2924901185770751,0.0,0.0309313467111118,0.0,0.0598533607966655,1.0314146914450215,0.7288817778644442
Mofn_3_7_10,4253678773,instances,Data\Input\Subsets\Mofn_3_7_10\4253678773_20260528_183238.csv,10,1.0,765,2,76.5,0.2,382.5,0.2922297297297297,0.0,0.0349951629393565,0.0,0.0871380129419616,1.0356146994564035,0.527567374560094
Mofn_3_7_10,3850415931,instances,Data\Input\Subsets\Mofn_3_7_10\3850415931_20260528_183238.csv,10,1.0,821,2,82.1,0.2,410.5,0.2929133858267717,0.0,0.026042410997157,0.0,0.0536922849626555,1.026384477539539,1.0546392934966191
Mofn_3_7_10,4031631017,instances,Data\Input\Subsets\Mofn_3_7_10\4031631017_20260528_183238.csv,10,1.0,921,2,92.1,0.2,460.5,0.2935393258426966,0.0,0.0259424435608484,0.0,0.0564811109893874,1.0262818776430622,1.064326612450485
Mofn_3_7_10,3223688099,full,,10,1.0,1024,2,102.4,0.2,512.0,0.2929292929292929,0.0,0.0265489598530806,0.0,0.0586383146306113,1.0269045231255027,1.0154811951615694
Mushroom,3322314718,classes,Data\Input\Subsets\Mushroom\3322314718_20260528_183239.csv,22,0.0,4220,4,191.8181818181818,0.1818181818181818,1055.0,0.010204081632653,0.0,0.1071165839964212,0.0,0.3530834380540363,1.1130640123661664,-0.7523049860222274
Mushroom,4064288571,classes,Data\Input\Subsets\Mushroom\4064288571_20260528_183239.csv,22,0.0,7468,7,339.45454545454544,0.3181818181818182,1066.857142857143,0.010204081632653,0.0,0.2788488084604638,0.0,0.6453425035849076,1.3216075128890068,-0.7742466168266818
Mushroom,1639707236,classes,Data\Input\Subsets\Mushroom\1639707236_20260528_183239.csv,22,0.0,2992,3,136.0,0.1363636363636363,997.3333333333334,0.1185185185185185,0.0,0.1761718980028682,0.0,0.4958851225777917,1.1926430539901356,-0.8031970403784453
Mushroom,2346585100,classes,Data\Input\Subsets\Mushroom\2346585100_20260528_183239.csv,22,0.0,7548,8,343.09090909090907,0.3636363636363636,943.5,0.010204081632653,0.0,0.2838254743583677,0.0,0.6171436772767928,1.3282011053735143,-0.7670007011147066
Mushroom,3416325279,classes,Data\Input\Subsets\Mushroom\3416325279_20260528_183239.csv,22,0.0,1460,5,66.36363636363636,0.2272727272727272,292.0,0.0625,0.0,0.4597782160216297,0.0,1.2280741566579547,1.583722701719998,-0.8630745933205528
Mushroom,873608147,features,Data\Input\Subsets\Mushroom\873608147_20260528_183239.csv,11,0.0,8124,9,738.5454545454545,0.8181818181818182,902.6666666666666,0.010204081632653,0.0,0.3569372713509158,0.0251562359381695,0.6598973310110031,1.428946231175754,-0.5905326910524982
Mushroom,3053653606,features,Data\Input\Subsets\Mushroom\3053653606_20260528_183239.csv,20,0.0,8124,9,406.2,0.45,902.6666666666666,0.010204081632653,0.0,0.3301072315060242,0.0209398332964979,0.6598973310110031,1.3911172920684032,-0.7564888875260791
Mushroom,2468484,features,Data\Input\Subsets\Mushroom\2468484_20260528_183239.csv,11,0.0,8124,9,738.5454545454545,0.8181818181818182,902.6666666666666,0.010204081632653,0.0,0.3169085102541589,0.0209398332964979,0.6280433159496361,1.3728769620152113,-0.5388128143169493
Mushroom,2327511938,features,Data\Input\Subsets\Mushroom\2327511938_20260528_183239.csv,19,0.0,8124,9,427.578947368421,0.4736842105263157,902.6666666666666,0.010204081632653,0.0,0.3199193295137184,0.0209398332964979,0.6598973310110031,1.3770166752504018,-0.7355097075256473
Mushroom,2510984322,features,Data\Input\Subsets\Mushroom\2510984322_20260528_183239.csv,21,0.0,8124,9,386.8571428571428,0.4285714285714285,902.6666666666666,0.010204081632653,0.0,0.294931579567365,0.0,0.6598973310110031,1.3430344645434862,-0.7404247701639349
Mushroom,2588389919,instances,Data\Input\Subsets\Mushroom\2588389919_20260528_183239.csv,22,0.0,1638,8,74.45454545454545,0.3636363636363636,204.75,0.0546218487394958,0.0,0.3025316712829759,0.0,0.6647277029404861,1.3532805358732591,-0.7615047640836304
Mushroom,3873121529,instances,Data\Input\Subsets\Mushroom\3873121529_20260528_183239.csv,22,0.0,1771,8,80.5,0.3636363636363636,221.375,0.0544041450777202,0.0,0.2956010891210435,0.0,0.6471682084591908,1.3439339400185308,-0.7559812300185614
Mushroom,3167976938,instances,Data\Input\Subsets\Mushroom\3167976938_20260528_183239.csv,22,0.0,3870,9,175.9090909090909,0.4090909090909091,430.0,0.0101130279595478,0.0,0.3044995492274209,0.0,0.6649731334319245,1.3559462488310614,-0.7600596388182865
Mushroom,3129551059,instances,Data\Input\Subsets\Mushroom\3129551059_20260528_183239.csv,22,0.0,5623,9,255.5909090909091,0.4090909090909091,624.7777777777778,0.0102375102375102,0.0,0.3055366818983782,0.0,0.6573256208420106,1.3573532744958074,-0.7608198749041312
Mushroom,232696218,instances,Data\Input\Subsets\Mushroom\232696218_20260528_183240.csv,22,0.0,6832,9,310.54545454545456,0.4090909090909091,759.1111111111111,0.0101112234580384,0.0,0.3056623406469301,0.0,0.6624364670930277,1.357523848526459,-0.7609550909769756
Mushroom,1640177299,full,,22,0.0,8124,9,369.27272727272725,0.4090909090909091,902.6666666666666,0.010204081632653,0.0,0.3053477410288832,0.0,0.6598973310110031,1.3570968392142275,-0.7606759043465481
Nursery,1441186112,classes,Data\Input\Subsets\Nursery\1441186112_20260528_183243.csv,8,0.125,4372,2,546.5,0.25,2186.0,0.0811078140454995,0.0,0.0392510069962019,0.0059513194508348,0.0959779716303406,1.0400315060738552,-0.1514806134285941
Nursery,1054852361,classes,Data\Input\Subsets\Nursery\1054852361_20260528_183243.csv,8,0.125,8692,3,1086.5,0.375,2897.333333333333,0.0759259259259259,0.0,0.1122653434740494,0.0033218321290121,0.726456888047945,1.1188096901123972,-0.0790265085027267
Nursery,3781359383,classes,Data\Input\Subsets\Nursery\3781359383_20260528_183243.csv,8,0.125,8914,3,1114.25,0.375,2971.333333333333,0.0759259259259259,0.0,0.1023783156819294,0.0019952649775006,0.7126405800045716,1.1078024915170783,0.0075957551072664
Nursery,2973070003,features,Data\Input\Subsets\Nursery\2973070003_20260528_183243.csv,5,0.2,12958,4,2591.6,0.8,3239.5,0.0759259259259259,0.0,0.1658565651764115,0.0028969627758662,0.6645051449782055,1.1804037785724055,0.4331166126168204
Nursery,1079823435,features,Data\Input\Subsets\Nursery\1079823435_20260528_183243.csv,6,0.0,12958,4,2159.6666666666665,0.6666666666666666,3239.5,0.0759259259259259,0.0,0.1257651529414058,0.0028969627758662,0.6645051449782055,1.1340158167293517,0.5749712414152114
Nursery,3340019398,features,Data\Input\Subsets\Nursery\3340019398_20260528_183243.csv,7,0.1428571428571428,12958,4,1851.142857142857,0.5714285714285714,3239.5,0.0759259259259259,0.0,0.1251429606939838,0.0028969627758662,0.6645051449782055,1.1333104603361233,0.3566872270821488
Nursery,2550112444,features,Data\Input\Subsets\Nursery\2550112444_20260528_183243.csv,6,0.1666666666666666,12958,4,2159.6666666666665,0.6666666666666666,3239.5,0.0759259259259259,0.0,0.1458390720644187,0.00364921934032,0.6645051449782055,1.157009977840805,0.3581854043024027
Nursery,1208141779,features,Data\Input\Subsets\Nursery\1208141779_20260528_183243.csv,6,0.0,12958,4,2159.6666666666665,0.6666666666666666,3239.5,0.0759259259259259,0.0,0.0156224986684249,0.0028969627758662,0.0503926314433687,1.0157451678680476,11.678925648125556
Nursery,994456120,features,Data\Input\Subsets\Nursery\994456120_20260528_183243.csv,7,0.1428571428571428,12958,4,1851.142857142857,0.5714285714285714,3239.5,0.0759259259259259,0.0,0.0324065495334471,0.0028969627758662,0.1331108547235806,1.03293736015529,4.239059967107565
Nursery,81031099,instances,Data\Input\Subsets\Nursery\81031099_20260528_183244.csv,8,0.125,249,3,31.125,0.375,83.0,0.9411764705882352,0.0,0.1090342919231093,0.0090568004439317,0.6463141663354752,1.1152005920587074,0.2590898673977957
Nursery,1526091048,instances,Data\Input\Subsets\Nursery\1526091048_20260528_183244.csv,8,0.125,2632,4,329.0,0.5,658.0,0.0763968072976054,0.0,0.111723533213413,0.002125786966952,0.6627145170214882,1.1182036717309085,0.3300915567630171
Nursery,824197044,instances,Data\Input\Subsets\Nursery\824197044_20260528_183244.csv,8,0.125,5564,4,695.5,0.5,1391.0,0.076010781671159,0.0,0.1111520545129802,0.0026194772868257,0.6633161565371993,1.1175648247108876,0.3366024163477105
Nursery,2916491630,instances,Data\Input\Subsets\Nursery\2916491630_20260528_183244.csv,8,0.125,6592,4,824.0,0.5,1648.0,0.0759781619654231,0.0,0.1119183402440302,0.0029870203601473,0.66289591776543,1.1184215268869928,0.3274305142539045
Nursery,2433663258,instances,Data\Input\Subsets\Nursery\2433663258_20260528_183244.csv,8,0.125,10025,4,1253.125,0.5,2506.25,0.0760023937761819,0.0,0.1118482930838814,0.0028010564852288,0.6653670832979438,1.1183431873789471,0.3282756385244982
Nursery,389617236,instances,Data\Input\Subsets\Nursery\389617236_20260528_183244.csv,8,0.125,11578,4,1447.25,0.5,2894.5,0.0759067357512953,0.0,0.1112253470018044,0.0031025317629908,0.6644736098986055,1.1176467368200476,0.3356242969046102
Nursery,2718320939,full,,8,0.125,12958,4,1619.75,0.5,3239.5,0.0759259259259259,0.0,0.1114188739640419,0.0028969627758662,0.6645051449782055,1.117863052528665,0.3333232423361107
Obesity Levels,3699315849,classes,Data\Input\Subsets\Obesity Levels\3699315849_20260528_183244.csv,16,0.5,606,2,37.875,0.125,303.0,0.8703703703703703,0.25,0.3043376116124179,0.0117347378409398,0.6915692964229888,1.3557266879075194,-0.8581461216061463
Obesity Levels,3569654040,classes,Data\Input\Subsets\Obesity Levels\3569654040_20260528_183244.csv,16,0.5,1218,4,76.125,0.25,304.5,0.7606837606837606,0.25,0.2286474314520537,0.0020129655358525,1.1433840516973,1.2568988178903782,-0.6228074835613874
Obesity Levels,2870910106,classes,Data\Input\Subsets\Obesity Levels\2870910106_20260528_183244.csv,16,0.5,1521,5,95.0625,0.3125,304.2,0.7606837606837606,0.125,0.3300556741588042,0.0095444931553445,1.2308614067921737,1.3910455716000267,-0.6961485729077233
Obesity Levels,3698786544,classes,Data\Input\Subsets\Obesity Levels\3698786544_20260528_183244.csv,16,0.5,839,3,52.4375,0.1875,279.6666666666667,0.9206896551724136,0.1875,0.1849344087219567,0.0039730392875952,0.7326832277508775,1.2031395220806382,-0.6289127699584277
Obesity Levels,4231282929,classes,Data\Input\Subsets\Obesity Levels\4231282929_20260528_183244.csv,16,0.5,1170,4,73.125,0.25,292.5,0.8240740740740741,0.125,0.3667293520585939,0.0120156769768389,1.1271229687184892,1.4430073192996418,-0.76417849609687
Obesity Levels,549014030,features,Data\Input\Subsets\Obesity Levels\549014030_20260528_183244.csv,9,0.5555555555555556,2087,7,231.88888888888889,0.7777777777777778,298.1428571428572,0.7606837606837606,0.3333333333333333,0.2438033157427828,0.0075279236642195,0.5854758110962135,1.2760933183387375,-0.1150496402697042
Obesity Levels,2627121342,features,Data\Input\Subsets\Obesity Levels\2627121342_20260528_183245.csv,13,0.4615384615384615,2087,7,160.53846153846155,0.5384615384615384,298.1428571428572,0.7606837606837606,0.1538461538461538,0.2317382580085621,0.0075279236642195,0.586162079646634,1.2607896840342394,-0.3554450663378008
Obesity Levels,2894848910,features,Data\Input\Subsets\Obesity Levels\2894848910_20260528_183245.csv,15,0.5333333333333333,2087,7,139.13333333333333,0.4666666666666667,298.1428571428572,0.7606837606837606,0.2666666666666666,0.2979330144347226,0.0075279236642195,1.2553187749026784,1.3470715505080073,-0.5654986426139362
Obesity Levels,2155445163,features,Data\Input\Subsets\Obesity Levels\2155445163_20260528_183245.csv,15,0.4666666666666667,2087,7,139.13333333333333,0.4666666666666667,298.1428571428572,0.7606837606837606,0.2666666666666666,0.2848961465152453,0.0075279236642195,1.2492759552356525,1.3296239348718155,-0.5456158296086974
Obesity Levels,3167219296,features,Data\Input\Subsets\Obesity Levels\3167219296_20260528_183245.csv,14,0.5,2087,7,149.07142857142858,0.5,298.1428571428572,0.7606837606837606,0.2142857142857142,0.2704015960681014,0.0075279236642195,1.2543914850810547,1.3104906329552983,-0.4870633383917159
Obesity Levels,1061817276,instances,Data\Input\Subsets\Obesity Levels\1061817276_20260528_183245.csv,16,0.5,417,7,26.0625,0.4375,59.57142857142857,0.7714285714285715,0.125,0.2758428351272424,0.0230764892422537,1.202790857691428,1.3176407609105334,-0.5600150733839452
Obesity Levels,3814218121,instances,Data\Input\Subsets\Obesity Levels\3814218121_20260528_183245.csv,16,0.5,856,7,53.5,0.4375,122.28571428571428,0.7569444444444444,0.125,0.2780770130692543,0.0111437188989234,1.215279947023032,1.3205878958200612,-0.5635865146483663
Obesity Levels,2003976658,instances,Data\Input\Subsets\Obesity Levels\2003976658_20260528_183246.csv,16,0.5,1081,7,67.5625,0.4375,154.42857142857142,0.7582417582417582,0.1875,0.2792892415616657,0.0113820697800408,1.2594089665975456,1.3221897207868836,-0.5654806739387482
Obesity Levels,1971163924,instances,Data\Input\Subsets\Obesity Levels\1971163924_20260528_183246.csv,16,0.5,1556,7,97.25,0.4375,222.28571428571428,0.7595419847328244,0.25,0.2805304022192177,0.0096387763103131,1.246360953912888,1.3238317894748726,-0.5673996643185147
Obesity Levels,875890518,instances,Data\Input\Subsets\Obesity Levels\875890518_20260528_183246.csv,16,0.5,1799,7,112.4375,0.4375,257.0,0.759075907590759,0.25,0.2830035070123877,0.0076454900944285,1.2508293662727177,1.3271098159995605,-0.5711736481900251
Obesity Levels,2712931647,full,,16,0.5,2087,7,130.4375,0.4375,298.1428571428572,0.7606837606837606,0.25,0.2856896928670613,0.0075279236642195,1.2553187749026784,1.330679471847988,-0.5751980784983874
Online shopper,722646911,features,Data\Input\Subsets\Online shopper\722646911_20260528_183247.csv,14,0.8571428571428571,12205,2,871.7857142857143,0.1428571428571428,6102.5,0.1852966883558318,0.8571428571428571,0.013941643820402,0.0,0.043389443744487,1.0140392817533863,1.2211600105591998
Online shopper,2455472303,features,Data\Input\Subsets\Online shopper\2455472303_20260528_183248.csv,14,0.8571428571428571,12205,2,871.7857142857143,0.1428571428571428,6102.5,0.1852966883558318,0.8571428571428571,0.0240476826609242,0.0,0.1645018296116058,1.0243391599429876,0.2877174974391767
Online shopper,3244236182,features,Data\Input\Subsets\Online shopper\3244236182_20260528_183248.csv,15,0.8666666666666667,12205,2,813.6666666666666,0.1333333333333333,6102.5,0.1852966883558318,0.8666666666666667,0.0244547676149499,0.0007363553354271,0.1640143817635013,1.0247562378901385,0.1818628065247105
Online shopper,3681794383,features,Data\Input\Subsets\Online shopper\3681794383_20260528_183249.csv,9,0.7777777777777778,12205,2,1356.111111111111,0.2222222222222222,6102.5,0.1852966883558318,0.7777777777777778,0.0123466180314781,0.0,0.0394563686267688,1.01242315217482,2.9014975886010688
Online shopper,364979528,features,Data\Input\Subsets\Online shopper\364979528_20260528_183250.csv,15,0.8,12205,2,813.6666666666666,0.1333333333333333,6102.5,0.1852966883558318,0.8,0.0217649751181972,0.0,0.1653860334339005,1.0220035599762918,0.3279215863724974
Online shopper,74616879,features,Data\Input\Subsets\Online shopper\74616879_20260528_183250.csv,15,0.8,12205,2,813.6666666666666,0.1333333333333333,6102.5,0.1852966883558318,0.8,0.0224586882434041,0.0,0.1653860334339005,1.0227127832301537,0.2869042026442751
Online shopper,1042855740,features,Data\Input\Subsets\Online shopper\1042855740_20260528_183251.csv,10,0.8,12205,2,1220.5,0.2,6102.5,0.1852966883558318,0.8,0.0140926223921575,0.0,0.0416434919056885,1.0141923915137052,2.0763096621106745
Online shopper,738744876,instances,Data\Input\Subsets\Online shopper\738744876_20260528_183251.csv,17,0.8235294117647058,928,2,54.588235294117645,0.1176470588235294,464.0,0.1851851851851851,0.8235294117647058,0.0249864549818057,0.0,0.167309959232242,1.025301232706522,0.0203148621366157
Online shopper,4160034925,instances,Data\Input\Subsets\Online shopper\4160034925_20260528_183251.csv,17,0.8235294117647058,2567,2,151.0,0.1176470588235294,1283.5,0.1851338873499538,0.8235294117647058,0.0227420857082061,0.0,0.172767295301079,1.0230026585131615,0.1208483028184465
Online shopper,692803214,instances,Data\Input\Subsets\Online shopper\692803214_20260528_183252.csv,17,0.8235294117647058,4501,2,264.7647058823529,0.1176470588235294,2250.5,0.1854095338425072,0.8235294117647058,0.0209939258598158,0.0,0.1591912963178046,1.0212158486104668,0.2151079682530265
Online shopper,3156725050,instances,Data\Input\Subsets\Online shopper\3156725050_20260528_183252.csv,17,0.8235294117647058,6024,2,354.3529411764706,0.1176470588235294,3012.0,0.1853600944510035,0.8235294117647058,0.0205813066221506,0.0,0.1566966394780686,1.020794562226932,0.2392992811820815
Online shopper,1498132045,instances,Data\Input\Subsets\Online shopper\1498132045_20260528_183253.csv,17,0.8235294117647058,6421,2,377.7058823529412,0.1176470588235294,3210.5,0.1853424404652021,0.8235294117647058,0.0195005314712457,0.0,0.1636826257091013,1.0196919087974434,0.3079209043776502
Online shopper,3831938186,instances,Data\Input\Subsets\Online shopper\3831938186_20260528_183253.csv,17,0.8235294117647058,7784,2,457.88235294117646,0.1176470588235294,3892.0,0.1853205421044617,0.8235294117647058,0.0209151359869947,0.0,0.1656408443447476,1.0211353903133231,0.219385203951576
Online shopper,541498389,instances,Data\Input\Subsets\Online shopper\541498389_20260528_183254.csv,17,0.8235294117647058,9508,2,559.2941176470588,0.1176470588235294,4754.0,0.1852405883819496,0.8235294117647058,0.0205147830629846,0.0,0.1674750720941653,1.0207266575981293,0.242906807108977
Online shopper,1026982700,instances,Data\Input\Subsets\Online shopper\1026982700_20260528_183254.csv,17,0.8235294117647058,10963,2,644.8823529411765,0.1176470588235294,5481.5,0.1853173316034166,0.8235294117647058,0.0223766543790521,0.0,0.1664325146116665,1.0226288895895297,0.1397316303818572
Online shopper,330507464,full,,17,0.8235294117647058,12205,2,717.9411764705883,0.1176470588235294,6102.5,0.1852966883558318,0.8235294117647058,0.0223065410484862,0.0,0.1649668252617917,1.022557192185649,0.1432486877553189
Page Blocks,3608155466,classes,Data\Input\Subsets\Page Blocks\3608155466_20260528_183258.csv,10,1.0,5031,3,503.1,0.3,1677.0,0.0057271425649417,1.0,0.0352757843578799,0.0209210175680245,0.0693500934162962,1.0359053559027134,-0.5959555523116902
Page Blocks,2213627241,classes,Data\Input\Subsets\Page Blocks\2213627241_20260528_183258.csv,10,1.0,5344,4,534.4,0.4,1336.0,0.0057271425649417,1.0,0.103614877655582,0.0415061810536347,0.2138264718686984,1.1091732052639929,-0.6552643871933943
Page Blocks,1350166651,classes,Data\Input\Subsets\Page Blocks\1350166651_20260528_183258.csv,10,1.0,5316,3,531.6,0.3,1772.0,0.0233176518715483,1.0,0.0917410639111161,0.0291362374784804,0.1901452493646387,1.0960809704131038,-0.6444720920667634
Page Blocks,2156051683,classes,Data\Input\Subsets\Page Blocks\2156051683_20260528_183258.csv,10,1.0,341,2,34.1,0.2,170.5,0.0894568690095846,0.9,0.1580480248555222,0.0437893270183304,0.2721026226613967,1.1712224411455656,-0.8203734672145332
Page Blocks,3553554837,classes,Data\Input\Subsets\Page Blocks\3553554837_20260528_183259.csv,10,1.0,5378,4,537.8,0.4,1344.5,0.012681529965228,1.0,0.1135165640263299,0.0372190973728741,0.2062160819161849,1.1202104439339953,-0.6605628450801909
Page Blocks,795885667,features,Data\Input\Subsets\Page Blocks\795885667_20260528_183259.csv,9,1.0,5406,5,600.6666666666666,0.5555555555555556,1081.2,0.0057271425649417,1.0,0.1316547436457668,0.0578579687402798,0.228459523875983,1.1407144123724815,-0.6491266083466845
Page Blocks,1009017429,features,Data\Input\Subsets\Page Blocks\1009017429_20260528_183259.csv,6,1.0,5406,5,901.0,0.8333333333333334,1081.2,0.0057271425649417,1.0,0.1408124975071253,0.0751115679192802,0.225498191703523,1.1512087732320493,-0.5079185379703192
Page Blocks,2233709813,features,Data\Input\Subsets\Page Blocks\2233709813_20260528_183259.csv,6,1.0,5406,5,901.0,0.8333333333333334,1081.2,0.0057271425649417,1.0,0.1355917220273637,0.0560649567599531,0.225498191703523,1.1452142323884398,-0.4889716082271353
Page Blocks,467450381,features,Data\Input\Subsets\Page Blocks\467450381_20260528_183300.csv,6,1.0,5406,5,901.0,0.8333333333333334,1081.2,0.0057271425649417,1.0,0.1434932065937004,0.0751115679192802,0.225498191703523,1.1542989691585832,-0.5171114975390132
Page Blocks,1936826761,features,Data\Input\Subsets\Page Blocks\1936826761_20260528_183300.csv,7,1.0,5406,5,772.2857142857143,0.7142857142857143,1081.2,0.0057271425649417,1.0,0.130591225329979,0.0512689065334319,0.2230594409153004,1.1395018865878184,-0.5452031801396978
Page Blocks,925775506,instances,Data\Input\Subsets\Page Blocks\925775506_20260528_183300.csv,10,1.0,875,4,87.5,0.4,218.75,0.0125628140703517,1.0,0.1023259603958418,0.0357216154077772,0.1922639674086401,1.1077444937189656,-0.6259468439382257
Page Blocks,2431301597,instances,Data\Input\Subsets\Page Blocks\2431301597_20260528_183300.csv,10,1.0,1610,4,161.0,0.4,402.5,0.0129870129870129,1.0,0.1178309507267641,0.0341231352468416,0.2208291537718367,1.1250539057456168,-0.6718052394151238
Page Blocks,1271336093,instances,Data\Input\Subsets\Page Blocks\1271336093_20260528_183300.csv,10,1.0,3194,5,319.4,0.5,638.8,0.0055382485289027,1.0,0.1242330777805105,0.0509094345017531,0.2093606058599655,1.1322797494968029,-0.6659381685282205
Page Blocks,2487847201,instances,Data\Input\Subsets\Page Blocks\2487847201_20260528_183300.csv,10,1.0,4191,5,419.1,0.5,838.2,0.0058047493403693,1.0,0.121853196678876,0.0530434452207324,0.220295128941528,1.129588262299315,-0.6586652373257847
Page Blocks,3783993899,instances,Data\Input\Subsets\Page Blocks\3783993899_20260528_183301.csv,10,1.0,4865,5,486.5,0.5,973.0,0.0056818181818181,1.0,0.1275022090730742,0.0528418061782702,0.2291137606300612,1.135987377717519,-0.6741657429641863
Page Blocks,1197466998,full,,10,1.0,5406,5,540.6,0.5,1081.2,0.0057271425649417,1.0,0.1261824721437316,0.0600575017315998,0.2284402531976803,1.1344891620665936,-0.6705189628884639
Parity5,3071982024,features,Data\Input\Subsets\Parity5\3071982024_20260528_183303.csv,5,1.0,1024,2,204.8,0.4,512.0,1.0,0.0,0.0037399011489593,0.0,0.0147778160067639,1.0037469033056647,36.06767387436573
Parity5,3265290571,features,Data\Input\Subsets\Parity5\3265290571_20260528_183303.csv,7,1.0,1024,2,146.28571428571428,0.2857142857142857,512.0,1.0,0.0,0.010221690404213,0.0,0.0330263029607311,1.010274110336102,8.68734347045619
Parity5,355401114,features,Data\Input\Subsets\Parity5\355401114_20260528_183303.csv,6,1.0,1024,2,170.66666666666666,0.3333333333333333,512.0,1.0,0.0,0.0027314504509223,0.0,0.0163887027055338,1.0027351842605032,41.29420674803603
Parity5,959741018,features,Data\Input\Subsets\Parity5\959741018_20260528_183303.csv,8,1.0,1024,2,128.0,0.25,512.0,1.0,0.0,0.0083916053676282,0.0,0.0286826472132668,1.00842691358305,9.325008597786574
Parity5,897567095,features,Data\Input\Subsets\Parity5\897567095_20260528_183303.csv,8,1.0,1024,2,128.0,0.25,512.0,1.0,0.0,0.0048062744659698,0.0,0.0236302133650132,1.004817843129723,17.027143098768
Parity5,1902437782,features,Data\Input\Subsets\Parity5\1902437782_20260528_183304.csv,5,1.0,1024,2,204.8,0.4,512.0,1.0,0.0,0.0021021914481464,0.0,0.0052703830911204,1.00210440260174,64.94520029763169
Parity5,2801208046,features,Data\Input\Subsets\Parity5\2801208046_20260528_183304.csv,9,1.0,1024,2,113.77777777777776,0.2222222222222222,512.0,1.0,0.0,0.0067211678484469,0.0,0.023180514425396,1.0067438055859956,10.458775488451142
Parity5,3759666057,instances,Data\Input\Subsets\Parity5\3759666057_20260528_183304.csv,10,1.0,104,2,10.4,0.2,52.0,1.0,0.0,0.0133012964675163,0.0,0.0703960057188302,1.0133901522399575,4.211124962538111
Parity5,365516380,instances,Data\Input\Subsets\Parity5\365516380_20260528_183304.csv,10,1.0,222,2,22.2,0.2,111.0,1.0,0.0,0.0208262534487607,0.0,0.0513387175851565,1.0210446332413707,2.3282375164851943
Parity5,2817814367,instances,Data\Input\Subsets\Parity5\2817814367_20260528_183304.csv,10,1.0,351,2,35.1,0.2,175.5,0.9943181818181818,0.0,0.0140356968861096,0.0,0.0411564389050738,1.0141346597418093,3.938430401926128
Parity5,103967888,instances,Data\Input\Subsets\Parity5\103967888_20260528_183304.csv,10,1.0,501,2,50.1,0.2,250.5,0.99601593625498,0.0,0.0059762188684146,0.0,0.0257182421220192,1.0059941120912428,10.598390283161812
Parity5,3191169646,instances,Data\Input\Subsets\Parity5\3191169646_20260528_183304.csv,10,1.0,630,2,63.0,0.2,315.0,1.0,0.0,0.0062097008811211,0.0,0.0269255283395994,1.006229021043745,10.162328006285549
Parity5,1721889015,instances,Data\Input\Subsets\Parity5\1721889015_20260528_183304.csv,10,1.0,776,2,77.6,0.2,388.0,1.0,0.0,0.0084386817390343,0.0,0.0448289473585812,1.0084743877804176,7.21392726963133
Parity5,1134507177,instances,Data\Input\Subsets\Parity5\1134507177_20260528_183304.csv,10,1.0,873,2,87.3,0.2,436.5,0.9977116704805492,0.0,0.0013334122009322,0.0,0.0069556048713839,1.0013343015902447,50.982914511976986
Parity5,2476345443,instances,Data\Input\Subsets\Parity5\2476345443_20260528_183304.csv,10,1.0,921,2,92.1,0.2,460.5,0.9978308026030368,0.0,0.0082993777405399,0.0,0.0276345380822373,1.0083339130503934,7.351789890450469
Parity5,505404755,full,,10,1.0,1024,2,102.4,0.2,512.0,1.0,0.0,0.0024425351747773,0.0,0.0092636293005892,1.0024455205939864,27.37818622706752
Pendigits,3817622778,classes,Data\Input\Subsets\Pendigits\3817622778_20260528_183308.csv,16,1.0,9937,9,621.0625,0.5625,1104.111111111111,0.9222027972027972,0.3125,0.5157481283050502,0.2469701499574013,0.8279192897551151,1.6748910666143215,-0.7338285868097868
Pendigits,2744555048,classes,Data\Input\Subsets\Pendigits\2744555048_20260528_183308.csv,16,1.0,4397,4,274.8125,0.25,1099.25,0.9222027972027972,0.25,0.3383839465680312,0.1105052961561381,0.576153417098664,1.4026789538009767,-0.7440991429110113
Pendigits,2803047720,classes,Data\Input\Subsets\Pendigits\2803047720_20260528_183308.csv,16,1.0,4397,4,274.8125,0.25,1099.25,0.9222027972027972,0.4375,0.4130626299563993,0.0708995973106709,0.612766957575037,1.5114396843712683,-0.7903614089001729
Pendigits,901636867,classes,Data\Input\Subsets\Pendigits\901636867_20260528_183309.csv,16,1.0,5453,5,340.8125,0.3125,1090.6,0.9222027972027972,0.3125,0.409861730080903,0.1595363060417991,0.7636531821529442,1.5066094519430493,-0.7546950852907198
Pendigits,912723802,classes,Data\Input\Subsets\Pendigits\912723802_20260528_183310.csv,16,1.0,9848,9,615.5,0.5625,1094.2222222222222,0.9222027972027972,0.125,0.4914236309893237,0.2273496610628145,0.838185094401148,1.6346416908239223,-0.7206544935838582
Pendigits,1280754019,features,Data\Input\Subsets\Pendigits\1280754019_20260528_183310.csv,14,1.0,10992,10,785.1428571428571,0.7142857142857143,1099.2,0.9222027972027972,0.2142857142857142,0.4904678210725482,0.2564480429146942,0.8152787444793042,1.633080030529547,-0.6647830806774212
Pendigits,3375424967,features,Data\Input\Subsets\Pendigits\3375424967_20260528_183311.csv,13,1.0,10992,10,845.5384615384615,0.7692307692307693,1099.2,0.9222027972027972,0.2307692307692307,0.5182139350535956,0.2506911101353002,0.8384924424428943,1.67902612033598,-0.6583259104166188
Pendigits,2929702611,features,Data\Input\Subsets\Pendigits\2929702611_20260528_183312.csv,9,1.0,10992,10,1221.3333333333333,1.1111111111111112,1099.2,0.9222027972027972,0.2222222222222222,0.4492815717654259,0.2547002984789732,0.7101748440536388,1.5671858703722217,-0.4307495658382292
Pendigits,3527594162,features,Data\Input\Subsets\Pendigits\3527594162_20260528_183313.csv,12,1.0,10992,10,916.0,0.8333333333333334,1099.2,0.9222027972027972,0.25,0.4764400631654803,0.2540419584931732,0.8433672314363378,1.6103315076371811,-0.5973988919679892
Pendigits,2824658690,features,Data\Input\Subsets\Pendigits\2824658690_20260528_183313.csv,13,1.0,10992,10,845.5384615384615,0.7692307692307693,1099.2,0.9222027972027972,0.0769230769230769,0.489928975381778,0.2506911101353002,0.8494932737087715,1.6322002894360483,-0.6386001168212513
Pendigits,1175992054,instances,Data\Input\Subsets\Pendigits\1175992054_20260528_183314.csv,16,1.0,929,10,58.0625,0.625,92.9,0.9175257731958762,0.1875,0.5061830782304577,0.2443142107208471,0.8702589078148657,1.658947024035592,-0.7158020376806394
Pendigits,3068716808,instances,Data\Input\Subsets\Pendigits\3068716808_20260528_183314.csv,16,1.0,2840,10,177.5,0.625,284.0,0.9254237288135592,0.1875,0.4939957710340091,0.2514299049344561,0.8487389068931046,1.638851630131296,-0.7087734676696915
Pendigits,1962348377,instances,Data\Input\Subsets\Pendigits\1962348377_20260528_183314.csv,16,1.0,6570,10,410.625,0.625,657.0,0.9210526315789472,0.1875,0.5058769844720792,0.2499299701824862,0.841567857907489,1.6584393084143094,-0.7156204293264069
Pendigits,1106641463,instances,Data\Input\Subsets\Pendigits\1106641463_20260528_183315.csv,16,1.0,7286,10,455.375,0.625,728.6,0.9221635883905012,0.1875,0.5066778061277316,0.2400520171541873,0.8485614990717725,1.6597679544603294,-0.7160693661608124
Pendigits,3634609209,instances,Data\Input\Subsets\Pendigits\3634609209_20260528_183316.csv,16,1.0,9892,10,618.25,0.625,989.2,0.9213592233009708,0.1875,0.5067506244965951,0.2428886751669661,0.8319808082564313,1.659888820456044,-0.7161119524775573
Pendigits,2195686317,full,,16,1.0,10992,10,687.0,0.625,1099.2,0.9222027972027972,0.1875,0.5064312456823612,0.2427724472747203,0.8402438304532094,1.659358771780471,-0.7159308904565912
Pima Indians Diabetes,4239750145,features,Data\Input\Subsets\Pima Indians Diabetes\4239750145_20260528_183316.csv,7,1.0,768,2,109.71428571428572,0.2857142857142857,384.0,0.536,1.0,0.0407193622745783,0.012996442930879,0.0751527518006691,1.0415597635633669,1.2691887121056264
Pima Indians Diabetes,875606433,features,Data\Input\Subsets\Pima Indians Diabetes\875606433_20260528_183316.csv,7,1.0,768,2,109.71428571428572,0.2857142857142857,384.0,0.536,1.0,0.0522470860110555,0.012996442930879,0.1230653911602532,1.0536360490814565,0.768518099134962
Pima Indians Diabetes,765050574,features,Data\Input\Subsets\Pima Indians Diabetes\765050574_20260528_183316.csv,6,1.0,768,2,128.0,0.3333333333333333,384.0,0.536,1.0,0.0591537277618337,0.0114204674284261,0.1125499674484766,1.0609383238786083,0.8223687250600409
Pima Indians Diabetes,374185908,features,Data\Input\Subsets\Pima Indians Diabetes\374185908_20260528_183316.csv,5,1.0,768,2,153.6,0.4,384.0,0.536,1.0,0.0365322373861609,0.0042793216869905,0.0829685304284071,1.0372077403452515,2.540978965106084
Pima Indians Diabetes,2448243229,features,Data\Input\Subsets\Pima Indians Diabetes\2448243229_20260528_183316.csv,7,1.0,768,2,109.71428571428572,0.2857142857142857,384.0,0.536,1.0,0.0386863935931295,0.0010886740159439,0.1080881416898511,1.0394444560896483,1.3884345025642963
Pima Indians Diabetes,1393707356,features,Data\Input\Subsets\Pima Indians Diabetes\1393707356_20260528_183316.csv,6,1.0,768,2,128.0,0.3333333333333333,384.0,0.536,1.0,0.0424008324711699,0.0114204674284261,0.0884587588220531,1.043312588512237,1.5424006360530569
Pima Indians Diabetes,1588262665,features,Data\Input\Subsets\Pima Indians Diabetes\1588262665_20260528_183316.csv,6,1.0,768,2,128.0,0.3333333333333333,384.0,0.536,1.0,0.0279510731159891,0.0,0.0752746753220288,1.0283453694559437,2.856735768123901
Pima Indians Diabetes,1360423181,instances,Data\Input\Subsets\Pima Indians Diabetes\1360423181_20260528_183316.csv,8,1.0,145,2,18.125,0.25,72.5,0.5425531914893617,0.625,0.0469199660228826,7.308949036666235e-06,0.1273574269032178,1.0480381270635153,0.7276957834157236
Pima Indians Diabetes,1618173150,instances,Data\Input\Subsets\Pima Indians Diabetes\1618173150_20260528_183317.csv,8,1.0,188,2,23.5,0.25,94.0,0.5409836065573771,0.75,0.0359903550813781,0.0,0.1089408404092799,1.0366458480778624,1.250959679863341
Pima Indians Diabetes,1047941077,instances,Data\Input\Subsets\Pima Indians Diabetes\1047941077_20260528_183317.csv,8,1.0,320,2,40.0,0.25,160.0,0.5384615384615384,0.875,0.0602075025888566,0.0175926430376853,0.1328706983332619,1.062056903239212,0.3441984204524685
Pima Indians Diabetes,1338845869,instances,Data\Input\Subsets\Pima Indians Diabetes\1338845869_20260528_183317.csv,8,1.0,394,2,49.25,0.25,197.0,0.5330739299610895,0.875,0.0496066290744129,0.0134876121882987,0.1201475724403642,1.0508576382183403,0.6278598312642906
Pima Indians Diabetes,4101422447,instances,Data\Input\Subsets\Pima Indians Diabetes\4101422447_20260528_183317.csv,8,1.0,501,2,62.625,0.25,250.5,0.5368098159509203,1.0,0.054262879534804,0.0014741027769435,0.1300306565677318,1.055762103929458,0.4904597514508225
Pima Indians Diabetes,2915712133,instances,Data\Input\Subsets\Pima Indians Diabetes\2915712133_20260528_183317.csv,8,1.0,557,2,69.625,0.25,278.5,0.5344352617079889,1.0,0.0488470774572825,0.0,0.1330378136681296,1.0500597606528146,0.6541021045410711
Pima Indians Diabetes,1743448,instances,Data\Input\Subsets\Pima Indians Diabetes\1743448_20260528_183317.csv,8,1.0,599,2,74.875,0.25,299.5,0.5358974358974359,0.875,0.0543268059994483,0.0,0.1337492344181561,1.0558295972255485,0.4881518721034211
Pima Indians Diabetes,3434767085,instances,Data\Input\Subsets\Pima Indians Diabetes\3434767085_20260528_183317.csv,8,1.0,683,2,85.375,0.25,341.5,0.5348314606741573,1.0,0.0460301840447232,0.0,0.0992285797258305,1.0471060163747734,0.7556136908459052
Pima Indians Diabetes,507585196,full,,8,1.0,768,2,96.0,0.25,384.0,0.536,1.0,0.0422849406154624,0.0,0.114633676515985,1.0431916840863256,0.9120265136034434
Ring,2474287190,features,Data\Input\Subsets\Ring\2474287190_20260528_183320.csv,19,1.0,7400,2,389.4736842105263,0.1052631578947368,3700.0,0.9807280513918628,1.0,0.0868781085539107,0.070802651384777,0.1042617299002515,1.090763716848136,-0.5801135652010484
Ring,1719443940,features,Data\Input\Subsets\Ring\1719443940_20260528_183321.csv,12,1.0,7400,2,616.6666666666666,0.1666666666666666,3700.0,0.9807280513918628,1.0,0.0841295724541169,0.0704891357333981,0.1090998151550588,1.087769829684272,-0.3134599545136292
Ring,2686065831,features,Data\Input\Subsets\Ring\2686065831_20260528_183321.csv,15,1.0,7400,2,493.3333333333333,0.1333333333333333,3700.0,0.9807280513918628,1.0,0.0849791322780622,0.0726885919987596,0.101522812130864,1.0886943478904276,-0.4562587877653921
Ring,1883869717,features,Data\Input\Subsets\Ring\1883869717_20260528_183322.csv,16,1.0,7400,2,462.5,0.125,3700.0,0.9807280513918628,1.0,0.0872823470339528,0.0733452740961939,0.1045142909761378,1.0912047346472966,-0.5036941392318686
Ring,1683669108,features,Data\Input\Subsets\Ring\1683669108_20260528_183323.csv,15,1.0,7400,2,493.3333333333333,0.1333333333333333,3700.0,0.9807280513918628,1.0,0.0870188756408876,0.0733316040669107,0.1059562078172151,1.0909172712865884,-0.4690042124859689
Ring,2121068921,features,Data\Input\Subsets\Ring\2121068921_20260528_183323.csv,19,1.0,7400,2,389.4736842105263,0.1052631578947368,3700.0,0.9807280513918628,1.0,0.0867602426949597,0.070802651384777,0.1042617299002515,1.0906351606220808,-0.5795431394649948
Ring,2707157406,features,Data\Input\Subsets\Ring\2707157406_20260528_183324.csv,19,1.0,7400,2,389.4736842105263,0.1052631578947368,3700.0,0.9807280513918628,1.0,0.0868781085539107,0.070802651384777,0.1042617299002515,1.090763716848136,-0.5801135652010484
Ring,2097779829,instances,Data\Input\Subsets\Ring\2097779829_20260528_183324.csv,20,1.0,640,2,32.0,0.1,320.0,0.9814241486068112,1.0,0.0836031036656392,0.0370045330095398,0.1260875090244992,1.0871973035416918,-0.5854799617394129
Ring,1335643979,instances,Data\Input\Subsets\Ring\1335643979_20260528_183324.csv,20,1.0,1626,2,81.3,0.1,813.0,0.9805115712545676,1.0,0.0851684047766501,0.0665798939890098,0.1123835636121417,1.088900427291818,-0.5931010051039682
Ring,2877438279,instances,Data\Input\Subsets\Ring\2877438279_20260528_183325.csv,20,1.0,2639,2,131.95,0.1,1319.5,0.9812312312312312,1.0,0.0864593908420739,0.0443747110930559,0.1254153915797891,1.090307090365932,-0.5991746520703222
Ring,1644693049,instances,Data\Input\Subsets\Ring\1644693049_20260528_183325.csv,20,1.0,3034,2,151.7,0.1,1517.0,0.9804177545691906,1.0,0.0879461085653992,0.0760991657026377,0.1081862663660069,1.0919292748074292,-0.6059528355358428
Ring,335496335,instances,Data\Input\Subsets\Ring\335496335_20260528_183325.csv,20,1.0,4383,2,219.15,0.1,2191.5,0.9805693628558518,1.0,0.0836647883411644,0.0713807704969533,0.1079789400709381,1.0872643690230277,-0.5857880780671718
Ring,1085657079,instances,Data\Input\Subsets\Ring\1085657079_20260528_183326.csv,20,1.0,5111,2,255.55,0.1,2555.5,0.9810077519379844,1.0,0.0852633148992186,0.071508783681456,0.0989506668809967,1.089003779869362,-0.5935525003869615
Ring,3426908875,instances,Data\Input\Subsets\Ring\3426908875_20260528_183327.csv,20,1.0,5899,2,294.95,0.1,2949.5,0.980859637340497,1.0,0.0856313464907431,0.0683339275400833,0.1050937765142041,1.089404641423977,-0.5952997793508988
Ring,1640699983,instances,Data\Input\Subsets\Ring\1640699983_20260528_183327.csv,20,1.0,6660,2,333.0,0.1,3330.0,0.9809637120761452,1.0,0.0871050562432443,0.0707153962907012,0.1064770185900958,1.0910112912454395,-0.6021465128181794
Ring,1619084151,full,,20,1.0,7400,2,370.0,0.1,3700.0,0.9807280513918628,1.0,0.0860025629873833,0.0749565452473424,0.1029871154600083,1.089809121468578,-0.5970469821379285
Salaries 2023,1364305213,classes,Data\Input\Subsets\Salaries 2023\1364305213_20260528_183327.csv,10,0.3,1030,3,103.0,0.3,343.3333333333333,0.144578313253012,0.2,0.1157711217993468,0.0127313789056807,0.5239583174737745,1.122738872270655,-0.2613289438984134
Salaries 2023,152358394,classes,Data\Input\Subsets\Salaries 2023\152358394_20260528_183328.csv,10,0.3,1650,2,165.0,0.2,825.0,0.0617760617760617,0.2,0.0219048003328133,0.0004145507358481,0.1293595365999438,1.022146471834512,0.0131803970734587
Salaries 2023,2238370161,classes,Data\Input\Subsets\Salaries 2023\2238370161_20260528_183328.csv,10,0.3,2218,2,221.8,0.2,1109.0,0.4272844272844273,0.2,0.0778158238644665,0.0,0.3264288742396125,1.0809235600119451,-0.215675541342719
Salaries 2023,1546592828,features,Data\Input\Subsets\Salaries 2023\1546592828_20260528_183328.csv,7,0.2857142857142857,2584,4,369.1428571428572,0.5714285714285714,646.0,0.0617760617760617,0.1428571428571428,0.1491681351303796,0.0132431633107522,0.5675229547078426,1.1608681555201512,-0.0295529572301694
Salaries 2023,1136650319,features,Data\Input\Subsets\Salaries 2023\1136650319_20260528_183328.csv,5,0.2,2584,4,516.8,0.8,646.0,0.0617760617760617,0.2,0.185651774100829,0.0132431633107522,0.5675229547078426,1.204002922369443,0.091633445677745
Salaries 2023,927815369,features,Data\Input\Subsets\Salaries 2023\927815369_20260528_183328.csv,7,0.2857142857142857,2584,4,369.1428571428572,0.5714285714285714,646.0,0.0617760617760617,0.2857142857142857,0.156657711229422,0.0132431633107522,0.5675229547078426,1.1695952060721109,-0.0759486112958101
Salaries 2023,731966382,features,Data\Input\Subsets\Salaries 2023\731966382_20260528_183328.csv,7,0.2857142857142857,2584,4,369.1428571428572,0.5714285714285714,646.0,0.0617760617760617,0.1428571428571428,0.1282067409549402,0.0132431633107522,0.5675229547078426,1.1367879990410257,0.1291120461727116
Salaries 2023,3336989261,features,Data\Input\Subsets\Salaries 2023\3336989261_20260528_183328.csv,5,0.2,2584,4,516.8,0.8,646.0,0.0617760617760617,0.2,0.0596983244942399,0.0132431633107522,0.1333562063165652,1.061516264781157,2.394796882070425
Salaries 2023,1833683171,features,Data\Input\Subsets\Salaries 2023\1833683171_20260528_183328.csv,9,0.3333333333333333,2584,4,287.1111111111111,0.4444444444444444,646.0,0.0617760617760617,0.2222222222222222,0.1442212747198051,0.0189630774282565,0.5675229547078426,1.1551396834575278,-0.219318115122398
Salaries 2023,451104934,instances,Data\Input\Subsets\Salaries 2023\451104934_20260528_183328.csv,10,0.3,112,3,11.2,0.3,37.333333333333336,0.1714285714285714,0.2,0.1738205632162029,0.0,0.7094945294071561,1.1898420452343883,-0.490328234194289
Salaries 2023,1270702031,instances,Data\Input\Subsets\Salaries 2023\1270702031_20260528_183328.csv,10,0.3,530,4,53.0,0.4,132.5,0.0626959247648902,0.2,0.1508647725846592,0.0191254814874756,0.6882430618035495,1.162839399682761,-0.3282878467783329
Salaries 2023,1582871274,instances,Data\Input\Subsets\Salaries 2023\1582871274_20260528_183328.csv,10,0.3,939,4,93.9,0.4,234.75,0.0619469026548672,0.2,0.1449022639546294,0.0055524321481519,0.6443501692928887,1.1559265890533903,-0.3007845177279589
Salaries 2023,2914243815,instances,Data\Input\Subsets\Salaries 2023\2914243815_20260528_183328.csv,10,0.3,1726,4,172.6,0.4,431.5,0.0616570327552986,0.2,0.1353113740782023,0.0121797760217607,0.6038760808471323,1.1448932189268746,-0.251356387148403
Salaries 2023,850190284,instances,Data\Input\Subsets\Salaries 2023\850190284_20260528_183328.csv,10,0.3,1882,4,188.2,0.4,470.5,0.0618374558303886,0.2,0.1405579060775514,0.0147074181456157,0.6058160791131165,1.1509157226504003,-0.2789531689869962
Salaries 2023,3051754365,instances,Data\Input\Subsets\Salaries 2023\3051754365_20260528_183328.csv,10,0.3,2325,4,232.5,0.4,581.25,0.0615164520743919,0.2,0.1371574174563807,0.0129247565175144,0.5820718150607671,1.147008693500537,-0.2613483660982475
Salaries 2023,2239980683,full,,10,0.3,2584,4,258.4,0.4,646.0,0.0617760617760617,0.2,0.1311234635788998,0.0132431633107522,0.5675229547078426,1.1401085345028692,-0.2272028196695433
Schizo,793485198,features,Data\Input\Subsets\Schizo\793485198_20260528_183331.csv,9,1.0,340,3,37.77777777777778,0.3333333333333333,113.33333333333331,0.31,0.0,0.0364753803440844,0.0056362635744202,0.0618362590885237,1.0371487694575876,1.9249957402868727
Schizo,2803867391,features,Data\Input\Subsets\Schizo\2803867391_20260528_183331.csv,10,1.0,340,3,34.0,0.3,113.33333333333331,0.31,0.0,0.0419818115449471,0.0,0.0805269789540299,1.0428755102839156,1.2872118992723292
Schizo,2989179374,features,Data\Input\Subsets\Schizo\2989179374_20260528_183331.csv,9,1.0,340,3,37.77777777777778,0.3333333333333333,113.33333333333331,0.31,0.0,0.0357804232453394,0.0056362635744202,0.0644303965224832,1.0364282459532594,1.9818074369952423
Schizo,909830407,features,Data\Input\Subsets\Schizo\909830407_20260528_183331.csv,7,1.0,340,3,48.57142857142857,0.4285714285714285,113.33333333333331,0.31,0.0,0.038075144457288,0.0,0.078524759074916,1.0388092907060302,2.602698981833764
Schizo,2016482665,features,Data\Input\Subsets\Schizo\2016482665_20260528_183331.csv,9,1.0,340,3,37.77777777777778,0.3333333333333333,113.33333333333331,0.31,0.0,0.0351251386384816,0.0056362635744202,0.054927891077426,1.0357493129490414,2.0374351893633538
Schizo,1959928901,features,Data\Input\Subsets\Schizo\1959928901_20260528_183331.csv,11,1.0,340,3,30.90909090909091,0.2727272727272727,113.33333333333331,0.31,0.0,0.0316475876179374,0.0120073735542065,0.0662561533603922,1.0321536974605123,1.758254151306446
Schizo,413705466,features,Data\Input\Subsets\Schizo\413705466_20260528_183331.csv,6,1.0,340,3,56.66666666666666,0.5,113.33333333333331,0.31,0.0,0.0428860578395706,0.0,0.0901117605018977,1.0438189530878883,2.731643948164953
Schizo,4267172001,instances,Data\Input\Subsets\Schizo\4267172001_20260528_183331.csv,12,1.0,114,3,9.5,0.25,38.0,0.3134328358208955,0.0,0.0371857597333927,0.0,0.0972291957669102,1.03788580032183,1.153852554541065
Schizo,1608937120,instances,Data\Input\Subsets\Schizo\1608937120_20260528_183331.csv,12,1.0,146,3,12.166666666666666,0.25,48.66666666666666,0.313953488372093,0.0,0.065110250733637,0.0,0.1393662339659174,1.0672766859355554,0.2286882844238619
Schizo,2955177460,instances,Data\Input\Subsets\Schizo\2955177460_20260528_183331.csv,12,1.0,189,3,15.75,0.25,63.0,0.3153153153153153,0.0,0.0891811237840942,0.0,0.1478664210258704,1.0932786571619133,-0.1013495487535788
Schizo,3185932981,instances,Data\Input\Subsets\Schizo\3185932981_20260528_183331.csv,12,1.0,192,3,16.0,0.25,64.0,0.3097345132743362,0.0,0.0481538232332818,0.0,0.1163231619815252,1.0493320545600948,0.661187270330567
Schizo,3727478411,instances,Data\Input\Subsets\Schizo\3727478411_20260528_183332.csv,12,1.0,233,3,19.416666666666668,0.25,77.66666666666667,0.3138686131386861,0.0,0.034905767055527,0.0,0.0979496426538824,1.0355221239030372,1.294113414045685
Schizo,1297350676,instances,Data\Input\Subsets\Schizo\1297350676_20260528_183332.csv,12,1.0,255,3,21.25,0.25,85.0,0.3066666666666666,0.0,0.0581431034836428,0.0,0.1001036823870025,1.0598666554691034,0.3755485033626704
Schizo,2347367336,instances,Data\Input\Subsets\Schizo\2347367336_20260528_183332.csv,12,1.0,304,3,25.33333333333333,0.25,101.33333333333331,0.3072625698324022,0.0,0.0365776745735603,0.0009582263191727,0.0653986372070656,1.0372548692184154,1.1856004041788408
Schizo,1469502064,instances,Data\Input\Subsets\Schizo\1469502064_20260528_183332.csv,12,1.0,306,3,25.5,0.25,102.0,0.3111111111111111,0.0,0.0490363027825211,0.0,0.1085177773014609,1.0502584773530672,0.6320577502346209
Schizo,2984543012,full,,12,1.0,340,3,28.33333333333333,0.25,113.33333333333331,0.31,0.0,0.0379656553862275,0.0,0.0834060630774546,1.038695558668103,1.107635131932168
Segmentation,587120062,classes,Data\Input\Subsets\Segmentation\587120062_20260528_183335.csv,18,0.8888888888888888,892,3,49.55555555555556,0.1666666666666666,297.3333333333333,0.9733333333333334,0.2777777777777778,0.6553288477509506,0.0002836306904812,1.0934655341336983,1.92577570026814,-0.9068718948641284
Segmentation,3610436921,classes,Data\Input\Subsets\Segmentation\3610436921_20260528_183335.csv,18,0.8888888888888888,1488,5,82.66666666666667,0.2777777777777778,297.6,0.9733333333333334,0.6111111111111112,0.7770238529814255,0.0174168464355666,1.3029697283066553,2.1749895348838693,-0.8849322689860836
Segmentation,3137595842,classes,Data\Input\Subsets\Segmentation\3137595842_20260528_183335.csv,18,0.8888888888888888,1189,4,66.05555555555556,0.2222222222222222,297.25,0.9733333333333334,0.6666666666666666,0.5345011486044782,0.0145564315636341,0.933439466653567,1.706596691732024,-0.8559155625508996
Segmentation,3608520681,classes,Data\Input\Subsets\Segmentation\3608520681_20260528_183335.csv,18,0.8888888888888888,1487,5,82.61111111111111,0.2777777777777778,297.4,0.9733333333333334,0.6111111111111112,0.7826101640183301,0.014083896066206,1.2478819973438562,2.187173703519808,-0.8857534705545309
Segmentation,343575605,classes,Data\Input\Subsets\Segmentation\343575605_20260528_183335.csv,18,0.8888888888888888,1192,4,66.22222222222223,0.2222222222222222,298.0,0.9733333333333334,0.3888888888888889,0.6084643795561008,0.0013381234588916,1.0461419192784036,1.8376073635781245,-0.8734312386980727
Segmentation,2179473725,features,Data\Input\Subsets\Segmentation\2179473725_20260528_183335.csv,9,0.8888888888888888,2086,7,231.77777777777777,0.7777777777777778,298.0,0.9733333333333334,0.7777777777777778,0.8033066125233611,0.0177633836163828,1.198895717300038,2.232912110102404,-0.7308527684971936
Segmentation,1832137384,features,Data\Input\Subsets\Segmentation\1832137384_20260528_183336.csv,16,0.875,2086,7,130.375,0.4375,298.0,0.9733333333333334,0.75,0.7359253730937387,0.0177633836163828,1.1880189935010728,2.087412734618993,-0.834742945037276
Segmentation,2606548713,features,Data\Input\Subsets\Segmentation\2606548713_20260528_183336.csv,9,0.8888888888888888,2086,7,231.77777777777777,0.7777777777777778,298.0,0.9733333333333334,0.7777777777777778,0.7705903978027396,0.0188272685682096,1.1916637710339073,2.161041751524062,-0.7194258435803835
Segmentation,3605036227,features,Data\Input\Subsets\Segmentation\3605036227_20260528_183336.csv,16,0.875,2086,7,130.375,0.4375,298.0,0.9733333333333334,0.75,0.7119620941170447,0.0177633836163828,1.1880189935010728,2.0379860587347345,-0.8291807094299859
Segmentation,2733807589,features,Data\Input\Subsets\Segmentation\2733807589_20260528_183336.csv,9,0.7777777777777778,2086,7,231.77777777777777,0.7777777777777778,298.0,0.9733333333333334,0.6666666666666666,0.7720080246609355,0.0177633836163828,1.1860538399661416,2.164107474865156,-0.7199410577325044
Segmentation,2808949248,instances,Data\Input\Subsets\Segmentation\2808949248_20260528_183336.csv,18,0.8888888888888888,165,7,9.166666666666666,0.3888888888888889,23.571428571428573,0.9583333333333334,0.6111111111111112,0.7307847812813355,0.0231827591777961,1.2065172240362356,2.0767097312615235,-0.8520852475365295
Segmentation,269781168,instances,Data\Input\Subsets\Segmentation\269781168_20260528_183336.csv,18,0.8888888888888888,606,7,33.666666666666664,0.3888888888888889,86.57142857142857,0.9770114942528736,0.6111111111111112,0.6928176542784694,0.023166385685706,1.149277924307546,1.999341056012692,-0.8439645056442986
Segmentation,390455545,instances,Data\Input\Subsets\Segmentation\390455545_20260528_183336.csv,18,0.8888888888888888,1011,7,56.16666666666666,0.3888888888888889,144.42857142857142,0.9793103448275862,0.6666666666666666,0.7052288591256284,0.0166568473709001,1.1691438937291456,2.024309913710111,-0.8467098382483979
Segmentation,2228993723,instances,Data\Input\Subsets\Segmentation\2228993723_20260528_183337.csv,18,0.8888888888888888,1402,7,77.88888888888889,0.3888888888888889,200.28571428571428,0.9702970297029704,0.7777777777777778,0.717574185561065,0.0206510586774951,1.1917276605151494,2.049455576746708,-0.8493490994072822
Segmentation,1583401175,instances,Data\Input\Subsets\Segmentation\1583401175_20260528_183337.csv,18,0.8888888888888888,1877,7,104.27777777777776,0.3888888888888889,268.1428571428572,0.974074074074074,0.7777777777777778,0.7235204975358686,0.0181268133352298,1.2057553048470482,2.061678583875668,-0.8505861727027366
Segmentation,72416737,full,,18,0.8888888888888888,2086,7,115.88888888888889,0.3888888888888889,298.0,0.9733333333333334,0.7777777777777778,0.724897247559034,0.0177633836163828,1.1935259570501366,2.064518954705435,-0.8508700705261315
Smartphone battery,3748640667,features,Data\Input\Subsets\Smartphone battery\3748640667_20260528_183337.csv,9,1.0,5000,3,555.5555555555555,0.3333333333333333,1666.6666666666667,0.5311827956989247,0.6666666666666666,0.0269068112309371,0.0,0.0775681851834075,1.027272068083343,3.377067447347591
Smartphone battery,4077287810,features,Data\Input\Subsets\Smartphone battery\4077287810_20260528_183337.csv,12,0.8333333333333334,5000,3,416.6666666666667,0.25,1666.6666666666667,0.5311827956989247,0.5,0.0624575861150464,0.0,0.5274631672836505,1.0644493105298112,0.4142348617259
Smartphone battery,3917169807,features,Data\Input\Subsets\Smartphone battery\3917169807_20260528_183338.csv,12,0.9166666666666666,5000,3,416.6666666666667,0.25,1666.6666666666667,0.5311827956989247,0.6666666666666666,0.024085112542798,0.0,0.1022574562781799,1.0243775015542995,2.6673980869380847
Smartphone battery,1473159853,features,Data\Input\Subsets\Smartphone battery\1473159853_20260528_183338.csv,13,0.8461538461538461,5000,3,384.61538461538464,0.2307692307692307,1666.6666666666667,0.5311827956989247,0.5384615384615384,0.0601490842632466,0.0,0.5385832414310838,1.0619948614654282,0.3555502080831998
Smartphone battery,332758832,features,Data\Input\Subsets\Smartphone battery\332758832_20260528_183338.csv,11,0.9090909090909092,5000,3,454.54545454545456,0.2727272727272727,1666.6666666666667,0.5311827956989247,0.5454545454545454,0.0609240419744321,0.0,0.5274631672836505,1.06281818155048,0.5816361632177722
Smartphone battery,1907328639,features,Data\Input\Subsets\Smartphone battery\1907328639_20260528_183338.csv,10,0.8,5000,3,500.0,0.3,1666.6666666666667,0.5311827956989247,0.6,0.0183616616117827,0.0,0.0767571959074655,1.0185312734483318,4.772660287332461
Smartphone battery,970741844,features,Data\Input\Subsets\Smartphone battery\970741844_20260528_183339.csv,13,0.9230769230769232,5000,3,384.61538461538464,0.2307692307692307,1666.6666666666667,0.5311827956989247,0.6153846153846154,0.0642053575071279,0.0,0.5299304475634636,1.0663113513198894,0.2699112169884898
Smartphone battery,3568343437,instances,Data\Input\Subsets\Smartphone battery\3568343437_20260528_183339.csv,14,0.8571428571428571,675,3,48.21428571428572,0.2142857142857142,225.0,0.5318471337579618,0.5,0.0619842303980262,0.0012711687063476,0.5202214111823538,1.0639455665976347,0.2214272737144147
Smartphone battery,687826384,instances,Data\Input\Subsets\Smartphone battery\687826384_20260528_183339.csv,14,0.8571428571428571,771,3,55.07142857142857,0.2142857142857142,257.0,0.5292479108635098,0.2857142857142857,0.0576805232424869,0.0,0.5516803393022183,1.059376495473928,0.3121126961195511
Smartphone battery,3369045874,instances,Data\Input\Subsets\Smartphone battery\3369045874_20260528_183339.csv,14,0.8571428571428571,1382,3,98.71428571428572,0.2142857142857142,460.6666666666667,0.5303265940902022,0.5714285714285714,0.0541641028105688,0.0,0.507865309662185,1.0556578243575423,0.397589498463331
Smartphone battery,414437482,instances,Data\Input\Subsets\Smartphone battery\414437482_20260528_183339.csv,14,0.8571428571428571,2397,3,171.21428571428572,0.2142857142857142,799.0,0.5309417040358745,0.5714285714285714,0.0587539387767436,0.0,0.5394053968547368,1.0605142571971042,0.288513683000002
Smartphone battery,2133059066,instances,Data\Input\Subsets\Smartphone battery\2133059066_20260528_183339.csv,14,0.8571428571428571,2686,3,191.8571428571429,0.2142857142857142,895.3333333333334,0.5308246597277823,0.5714285714285714,0.0586159896882462,0.0,0.5451446933399489,1.0603679703122886,0.2916139178294235
Smartphone battery,2682028985,instances,Data\Input\Subsets\Smartphone battery\2682028985_20260528_183340.csv,14,0.8571428571428571,3606,3,257.57142857142856,0.2142857142857142,1202.0,0.5313059033989267,0.5714285714285714,0.0558129602575912,0.0,0.5318161189601365,1.057399889436547,0.3564974486262656
Smartphone battery,4042235382,instances,Data\Input\Subsets\Smartphone battery\4042235382_20260528_183340.csv,14,0.8571428571428571,4026,3,287.57142857142856,0.2142857142857142,1342.0,0.530982905982906,0.5714285714285714,0.0570096435087974,0.0,0.5266718198985116,1.058666019601347,0.3280346023863339
Smartphone battery,578908511,instances,Data\Input\Subsets\Smartphone battery\578908511_20260528_183340.csv,14,0.8571428571428571,4500,3,321.42857142857144,0.2142857142857142,1500.0,0.5315487571701721,0.5714285714285714,0.0574509009145593,0.0,0.5259895912742947,1.0591332669033096,0.3179286102949604
Smartphone battery,884347636,full,,14,0.8571428571428571,5000,3,357.1428571428572,0.2142857142857142,1666.6666666666667,0.5311827956989247,0.5714285714285714,0.0596323331285627,0.0,0.5299304475634636,1.061446216184482,0.2696328273462085
Statlog Vehicle Silhouettes,268215196,classes,Data\Input\Subsets\Statlog Vehicle Silhouettes\268215196_20260528_183340.csv,18,1.0,416,2,23.11111111111111,0.1111111111111111,208.0,0.9170506912442395,0.3888888888888889,0.1626788554070997,0.0,0.341366409352881,1.176658751409594,-0.7636069292811996
Statlog Vehicle Silhouettes,87042726,classes,Data\Input\Subsets\Statlog Vehicle Silhouettes\87042726_20260528_183341.csv,18,1.0,629,3,34.94444444444444,0.1666666666666666,209.66666666666663,0.9128440366972476,0.6111111111111112,0.227462828909882,0.040916033812979,0.4448055844562286,1.2554107738998117,-0.731850452603932
Statlog Vehicle Silhouettes,2272982439,classes,Data\Input\Subsets\Statlog Vehicle Silhouettes\2272982439_20260528_183341.csv,18,1.0,435,2,24.166666666666668,0.1111111111111111,217.5,0.9954128440366972,0.4444444444444444,0.1486738807111637,0.0373112744745809,0.2794349875413,1.1602945330735503,-0.7409899458073149
Statlog Vehicle Silhouettes,2990488374,features,Data\Input\Subsets\Statlog Vehicle Silhouettes\2990488374_20260528_183341.csv,10,1.0,846,4,84.6,0.4,211.5,0.9128440366972476,0.5,0.2410211651542899,0.0219679386634035,0.4158594165849263,1.2725479686973022,-0.4250930239283303
Statlog Vehicle Silhouettes,685935369,features,Data\Input\Subsets\Statlog Vehicle Silhouettes\685935369_20260528_183341.csv,17,1.0,846,4,49.76470588235294,0.2352941176470588,211.5,0.9128440366972476,0.5294117647058824,0.2171842428643959,0.0780819717901035,0.4209399521923744,1.2425730162609567,-0.6247026260213777
Statlog Vehicle Silhouettes,85912027,features,Data\Input\Subsets\Statlog Vehicle Silhouettes\85912027_20260528_183341.csv,11,1.0,846,4,76.9090909090909,0.3636363636363636,211.5,0.9128440366972476,0.6363636363636364,0.2008797042223795,0.0426357669703598,0.4129961948250864,1.2224777040716548,-0.3729184621643093
Statlog Vehicle Silhouettes,4180598007,features,Data\Input\Subsets\Statlog Vehicle Silhouettes\4180598007_20260528_183341.csv,10,1.0,846,4,84.6,0.4,211.5,0.9128440366972476,0.4,0.2642288140154804,0.0874967275423252,0.4190275013313427,1.3024261755717768,-0.4755880438535171
Statlog Vehicle Silhouettes,2728179306,features,Data\Input\Subsets\Statlog Vehicle Silhouettes\2728179306_20260528_183341.csv,17,1.0,846,4,49.76470588235294,0.2352941176470588,211.5,0.9128440366972476,0.5882352941176471,0.2095418498716075,0.0584867500255663,0.4155257924486646,1.2331129796508706,-0.6110148112823959
Statlog Vehicle Silhouettes,3762064148,features,Data\Input\Subsets\Statlog Vehicle Silhouettes\3762064148_20260528_183341.csv,12,1.0,846,4,70.5,0.3333333333333333,211.5,0.9128440366972476,0.4166666666666667,0.1941970832768877,0.0418008841901884,0.413422322140569,1.214335584610538,-0.4053946516172416
Statlog Vehicle Silhouettes,1269426574,instances,Data\Input\Subsets\Statlog Vehicle Silhouettes\1269426574_20260528_183341.csv,18,1.0,132,4,7.333333333333333,0.2222222222222222,33.0,0.9117647058823528,0.2222222222222222,0.2102109146818144,0.0990437258229932,0.3712238610063325,1.2339382882142358,-0.6338073714815499
Statlog Vehicle Silhouettes,1846683580,instances,Data\Input\Subsets\Statlog Vehicle Silhouettes\1846683580_20260528_183341.csv,18,1.0,280,4,15.555555555555555,0.2222222222222222,70.0,0.9166666666666666,0.5,0.188307367561156,0.0,0.4333349914890045,1.207204513837469,-0.5911896462099765
Statlog Vehicle Silhouettes,3934255588,instances,Data\Input\Subsets\Statlog Vehicle Silhouettes\3934255588_20260528_183341.csv,18,1.0,402,4,22.33333333333333,0.2222222222222222,100.5,0.903846153846154,0.3888888888888889,0.2035827585276779,0.0175161444670837,0.3959687279932899,1.2257865977377087,-0.6219036545978665
Statlog Vehicle Silhouettes,3768081456,instances,Data\Input\Subsets\Statlog Vehicle Silhouettes\3768081456_20260528_183342.csv,18,1.0,589,4,32.72222222222222,0.2222222222222222,147.25,0.9078947368421052,0.5555555555555556,0.2051186300351073,0.0049499943109854,0.4255229018741309,1.2276706949426035,-0.6247217463578983
Statlog Vehicle Silhouettes,1370463447,instances,Data\Input\Subsets\Statlog Vehicle Silhouettes\1370463447_20260528_183342.csv,18,1.0,706,4,39.22222222222222,0.2222222222222222,176.5,0.912087912087912,0.5555555555555556,0.2210022982492926,0.0415787780824814,0.4081912617646528,1.247326297227551,-0.6516775233788732
Statlog Vehicle Silhouettes,607518363,instances,Data\Input\Subsets\Statlog Vehicle Silhouettes\607518363_20260528_183342.csv,18,1.0,761,4,42.27777777777778,0.2222222222222222,190.25,0.9132653061224488,0.5555555555555556,0.2138875326964127,0.0405341128451555,0.4084256305533575,1.2384833580766157,-0.6400870350532613
Statlog Vehicle Silhouettes,2741037598,full,,18,1.0,846,4,47.0,0.2222222222222222,211.5,0.9128440366972476,0.5555555555555556,0.2141404343395518,0.0287786110224335,0.426188283022449,1.2387966121624403,-0.6405143359530958
Students Performance,3260395522,classes,Data\Input\Subsets\Students Performance\3260395522_20260528_183342.csv,13,0.3846153846153846,660,2,50.76923076923077,0.1538461538461538,330.0,0.6879795396419437,0.1538461538461538,0.0527901237473871,0.0,0.5667849281785775,1.0542083685979502,-0.015019646740096
Students Performance,1701929146,classes,Data\Input\Subsets\Students Performance\1701929146_20260528_183342.csv,13,0.3846153846153846,790,3,60.76923076923077,0.2307692307692307,263.3333333333333,0.2584541062801932,0.1538461538461538,0.0788180000410317,0.0,0.6837734576122427,1.0820073788504754,-0.0472331584398636
Students Performance,3718907450,classes,Data\Input\Subsets\Students Performance\3718907450_20260528_183342.csv,13,0.3846153846153846,1602,2,123.23076923076924,0.1538461538461538,801.0,0.3228736581337737,0.0769230769230769,0.0668075008274203,3.710334567363915e-09,0.4732542057910107,1.0690896594904071,-0.3601294260707779
Students Performance,1203825596,classes,Data\Input\Subsets\Students Performance\1203825596_20260528_183342.csv,13,0.3846153846153846,1978,4,152.15384615384616,0.3076923076923077,494.5,0.088356729975227,0.0,0.099870318815997,0.0,0.7878061017764515,1.1050276074950096,-0.1912828563229963
Students Performance,24336406,classes,Data\Input\Subsets\Students Performance\24336406_20260528_183342.csv,13,0.3846153846153846,2016,3,155.07692307692307,0.2307692307692307,672.0,0.3228736581337737,0.0,0.0881899089041206,0.0,0.759902652291875,1.092195519988501,-0.1719411884050372
Students Performance,2021845773,features,Data\Input\Subsets\Students Performance\2021845773_20260528_183342.csv,12,0.3333333333333333,2392,5,199.3333333333333,0.4166666666666667,478.4,0.088356729975227,0.0,0.125594834309404,0.0,0.9830098180647528,1.1338226891538568,-0.1182126749878417
Students Performance,3496548771,features,Data\Input\Subsets\Students Performance\3496548771_20260528_183342.csv,9,0.5555555555555556,2392,5,265.77777777777777,0.5555555555555556,478.4,0.088356729975227,0.0,0.1620179230082682,0.0,0.983574199335656,1.1758813164626916,-0.088595212803439
Students Performance,3391632537,features,Data\Input\Subsets\Students Performance\3391632537_20260528_183343.csv,12,0.4166666666666667,2392,5,199.3333333333333,0.4166666666666667,478.4,0.088356729975227,0.0,0.1232349106813121,0.0,0.983574199335656,1.1311501089825562,-0.1013266259637177
Students Performance,3635906086,features,Data\Input\Subsets\Students Performance\3635906086_20260528_183343.csv,9,0.4444444444444444,2392,5,265.77777777777777,0.5555555555555556,478.4,0.088356729975227,0.0,0.1668837840673503,0.0,0.9830098180647528,1.181616934614418,-0.1151692091198879
Students Performance,3304188122,features,Data\Input\Subsets\Students Performance\3304188122_20260528_183343.csv,7,0.5714285714285714,2392,5,341.7142857142857,0.7142857142857143,478.4,0.088356729975227,0.0,0.2093381635418534,0.0,0.9830098180647528,1.232861836971907,-0.0930769804039985
Students Performance,3417230640,instances,Data\Input\Subsets\Students Performance\3417230640_20260528_183343.csv,13,0.3846153846153846,360,5,27.692307692307693,0.3846153846153846,72.0,0.0879120879120879,0.0,0.1261987738962501,0.0034097262525212,1.0126033423932217,1.134507656378893,-0.1893244160150742
Students Performance,127433389,instances,Data\Input\Subsets\Students Performance\127433389_20260528_183343.csv,13,0.3846153846153846,1008,5,77.53846153846153,0.3846153846153846,201.6,0.088235294117647,0.0,0.1194776477091905,0.0,0.9942374769611022,1.1269080548091317,-0.1443174813207198
Students Performance,2863212588,instances,Data\Input\Subsets\Students Performance\2863212588_20260528_183343.csv,13,0.3846153846153846,1023,5,78.6923076923077,0.3846153846153846,204.6,0.0888030888030888,0.0,0.1189391925918663,0.0007132415006782,0.9655240112442176,1.1263014287353792,-0.1403688238903018
Students Performance,2125686777,instances,Data\Input\Subsets\Students Performance\2125686777_20260528_183343.csv,13,0.3846153846153846,1613,5,124.07692307692308,0.3846153846153846,322.6,0.0881272949816401,0.0,0.1145535748031985,0.0,0.9784871255956868,1.1213727167772896,-0.1079108490524263
Students Performance,338926871,instances,Data\Input\Subsets\Students Performance\338926871_20260528_183343.csv,13,0.3846153846153846,2010,5,154.6153846153846,0.3846153846153846,402.0,0.0884086444007858,0.0,0.1175132829495849,0.0,0.994221808302454,1.1246965691323407,-0.1301813729676038
Students Performance,3913853955,full,,13,0.3846153846153846,2392,5,184.0,0.3846153846153846,478.4,0.088356729975227,0.0,0.1138812599000003,0.0,0.983574199335656,1.1206190545653172,-0.1023205986390527
Students Performance Burnout,3173287624,classes,Data\Input\Subsets\Students Performance Burnout\3173287624_20260528_183343.csv,19,0.7368421052631579,1961,4,103.21052631578948,0.2105263157894736,490.25,0.9044834307992202,0.4736842105263157,0.0320393767496638,0.0,0.2057648949783876,1.032558163288933,1.275959154617677
Students Performance Burnout,435166167,classes,Data\Input\Subsets\Students Performance Burnout\435166167_20260528_183343.csv,19,0.7368421052631579,2494,5,131.26315789473685,0.2631578947368421,498.8,0.9337231968810916,0.5263157894736842,0.0261191972613423,0.0,0.1777435148120369,1.0264632927951127,2.2425202293140734
Students Performance Burnout,1604684730,classes,Data\Input\Subsets\Students Performance Burnout\1604684730_20260528_183344.csv,19,0.7368421052631579,1494,3,78.63157894736842,0.1578947368421052,498.0,0.8838095238095238,0.5263157894736842,0.0244822330996626,0.0,0.1569272661801395,1.024784383703442,1.3589674824558842
Students Performance Burnout,1075317471,classes,Data\Input\Subsets\Students Performance Burnout\1075317471_20260528_183344.csv,19,0.7368421052631579,4495,9,236.57894736842104,0.4736842105263157,499.44444444444446,0.8838095238095238,0.5263157894736842,0.0345947699761609,0.0,0.2555858461056659,1.0352001296191204,2.341869629163659
Students Performance Burnout,1919316664,classes,Data\Input\Subsets\Students Performance Burnout\1919316664_20260528_183344.csv,19,0.7368421052631579,1978,4,104.10526315789474,0.2105263157894736,494.5,0.9188118811881189,0.5263157894736842,0.0361121624879418,0.0,0.2410730127634464,1.0367721269108343,1.019513471277688
Students Performance Burnout,4249685096,features,Data\Input\Subsets\Students Performance Burnout\4249685096_20260528_183344.csv,10,0.8,5000,10,500.0,1.0,500.0,0.8838095238095238,0.7,0.0634957712190645,0.0,0.2516379828816415,1.0655549797933552,2.625485148987382
Students Performance Burnout,2971531511,features,Data\Input\Subsets\Students Performance Burnout\2971531511_20260528_183345.csv,11,0.7272727272727273,5000,10,454.54545454545456,0.9090909090909092,500.0,0.8838095238095238,0.5454545454545454,0.0341972395218184,0.0,0.2016008410767371,1.0347886878269972,5.119658641169388
Students Performance Burnout,826134920,features,Data\Input\Subsets\Students Performance Burnout\826134920_20260528_183345.csv,10,0.7,5000,10,500.0,1.0,500.0,0.8838095238095238,0.5,0.0185947294021868,0.0,0.1687626530501411,1.0187686879474536,11.380012131348698
Students Performance Burnout,2188059189,features,Data\Input\Subsets\Students Performance Burnout\2188059189_20260528_183345.csv,13,0.6923076923076923,5000,10,384.61538461538464,0.7692307692307693,500.0,0.8838095238095238,0.4615384615384615,0.0368380176985205,0.0,0.2514937763923908,1.0375249465473102,3.806969078315984
Students Performance Burnout,3632935016,features,Data\Input\Subsets\Students Performance Burnout\3632935016_20260528_183345.csv,11,0.8181818181818182,5000,10,454.54545454545456,0.9090909090909092,500.0,0.8838095238095238,0.4545454545454545,0.0389550390243978,0.0,0.2520370004098313,1.0397237356057374,4.372230078187436
Students Performance Burnout,635838226,instances,Data\Input\Subsets\Students Performance Burnout\635838226_20260528_183346.csv,19,0.7368421052631579,982,10,51.68421052631579,0.5263157894736842,98.2,0.883495145631068,0.5263157894736842,0.0430130278902456,0.0,0.2565345831005921,1.043951495247522,1.8167982641539948
Students Performance Burnout,4258843940,instances,Data\Input\Subsets\Students Performance Burnout\4258843940_20260528_183346.csv,19,0.7368421052631579,1915,10,100.78947368421052,0.5263157894736842,191.5,0.8855721393034826,0.5263157894736842,0.0401354367118121,0.0,0.2413027915469388,1.040951747727544,2.018785583550496
Students Performance Burnout,1755656216,instances,Data\Input\Subsets\Students Performance Burnout\1755656216_20260528_183346.csv,19,0.7368421052631579,2983,10,157.0,0.5263157894736842,298.3,0.8849840255591054,0.5263157894736842,0.0332691984493109,0.0,0.2522920156552346,1.033828806896684,2.64181654940288
Students Performance Burnout,575032363,instances,Data\Input\Subsets\Students Performance Burnout\575032363_20260528_183347.csv,19,0.7368421052631579,3573,10,188.05263157894737,0.5263157894736842,357.3,0.8826666666666667,0.5263157894736842,0.0351135363233779,0.0,0.2301478148411906,1.0357372959288569,2.4504828274645414
Students Performance Burnout,2367725493,instances,Data\Input\Subsets\Students Performance Burnout\2367725493_20260528_183347.csv,19,0.7368421052631579,4160,10,218.94736842105263,0.5263157894736842,416.0,0.8832951945080092,0.5263157894736842,0.0364015363937777,0.0,0.2564711726768869,1.0370721851230749,2.3284153266907976
Students Performance Burnout,483307991,full,,19,0.7368421052631579,5000,10,263.1578947368421,0.5263157894736842,500.0,0.8838095238095238,0.5263157894736842,0.036082479559688,0.0,0.2537554050094766,1.0367413529349088,2.3578474181692
Twonorm,1340044708,features,Data\Input\Subsets\Twonorm\1340044708_20260528_183351.csv,10,1.0,7400,2,740.0,0.2,3700.0,0.9983796921415068,1.0,0.0907611720998599,0.075392975630733,0.1067699764430629,1.0950074556957607,-0.2362958346437073
Twonorm,297346057,features,Data\Input\Subsets\Twonorm\297346057_20260528_183352.csv,12,1.0,7400,2,616.6666666666666,0.1666666666666666,3700.0,0.9983796921415068,1.0,0.0930774735162271,0.079326913820046,0.105294816738616,1.0975467627812856,-0.3794176456204332
Twonorm,1011526532,features,Data\Input\Subsets\Twonorm\1011526532_20260528_183352.csv,15,1.0,7400,2,493.3333333333333,0.1333333333333333,3700.0,0.9983796921415068,1.0,0.0891120506466002,0.0761611061336269,0.1019855554802362,1.093203143582918,-0.4814417378096265
Twonorm,2215678972,features,Data\Input\Subsets\Twonorm\2215678972_20260528_183353.csv,13,1.0,7400,2,569.2307692307693,0.1538461538461538,3700.0,0.9983796921415068,1.0,0.0918407170985518,0.080188510052604,0.106642354748194,1.096190203818131,-0.4194406327767649
Twonorm,2584819560,features,Data\Input\Subsets\Twonorm\2584819560_20260528_183353.csv,11,1.0,7400,2,672.7272727272727,0.1818181818181818,3700.0,0.9983796921415068,1.0,0.0921409480848739,0.074950842304942,0.1070705070549393,1.0965193634937147,-0.3161200152792551
Twonorm,1344886121,features,Data\Input\Subsets\Twonorm\1344886121_20260528_183354.csv,19,1.0,7400,2,389.4736842105263,0.1052631578947368,3700.0,0.9983796921415068,1.0,0.0908307078249216,0.0761484831867518,0.1057735083442361,1.0950836004805011,-0.5983581529967754
Twonorm,437728458,features,Data\Input\Subsets\Twonorm\437728458_20260528_183355.csv,17,1.0,7400,2,435.2941176470589,0.1176470588235294,3700.0,0.9983796921415068,1.0,0.0908951508981464,0.0765717074660246,0.1063672802835959,1.0951541733070946,-0.5514244288749164
Twonorm,1845927417,instances,Data\Input\Subsets\Twonorm\1845927417_20260528_183355.csv,20,1.0,593,2,29.65,0.1,296.5,0.9966329966329966,1.0,0.0887361970893321,0.0391854929243826,0.1377751173302761,1.0927923364990737,-0.6094346042409885
Twonorm,657084445,instances,Data\Input\Subsets\Twonorm\657084445_20260528_183355.csv,20,1.0,1786,2,89.3,0.1,893.0,0.9977628635346756,1.0,0.0886834153132195,0.0637719386437765,0.1183889490001603,1.0927346585008175,-0.6092017029833835
Twonorm,160582535,instances,Data\Input\Subsets\Twonorm\160582535_20260528_183355.csv,20,1.0,2733,2,136.65,0.1,1366.5,0.9978070175438596,1.0,0.0924763511452316,0.0715802398141631,0.1179706724728373,1.0968872011274575,-0.625230359162704
Twonorm,1292262273,instances,Data\Input\Subsets\Twonorm\1292262273_20260528_183356.csv,20,1.0,3042,2,152.1,0.1,1521.0,0.9986859395532196,1.0,0.0911159344558101,0.0666161894180696,0.1130084764746368,1.095395992035485,-0.6196346069589913
Twonorm,3221103227,instances,Data\Input\Subsets\Twonorm\3221103227_20260528_183356.csv,20,1.0,3905,2,195.25,0.1,1952.5,0.9984646878198568,1.0,0.0914036146192977,0.0677100508862287,0.108176990087293,1.0957111610653227,-0.6208317973276627
Twonorm,1803743075,instances,Data\Input\Subsets\Twonorm\1803743075_20260528_183356.csv,20,1.0,5196,2,259.8,0.1,2598.0,0.9984615384615384,1.0,0.0913924920685518,0.0751550672233931,0.1039285969313541,1.0956989740301066,-0.6207856528705228
Twonorm,1571245130,instances,Data\Input\Subsets\Twonorm\1571245130_20260528_183357.csv,20,1.0,5859,2,292.95,0.1,2929.5,0.9982946793997272,1.0,0.0922417447014625,0.0778926175541794,0.1033352576361497,1.0966298945060613,-0.6242770457845569
Twonorm,3339029603,instances,Data\Input\Subsets\Twonorm\3339029603_20260528_183358.csv,20,1.0,6488,2,324.4,0.1,3244.0,0.9981521404373268,1.0,0.0905986096736775,0.0774171198575177,0.1114240725876538,1.0948294630949216,-0.6174628090632022
Twonorm,4199094756,full,,20,1.0,7400,2,370.0,0.1,3700.0,0.9983796921415068,1.0,0.0907726510984775,0.0767555067908343,0.105129781917181,1.0950200253569742,-0.6181962058699586
Vehicle,3247814958,classes,Data\Input\Subsets\Vehicle\3247814958_20260528_183401.csv,18,1.0,416,2,23.11111111111111,0.1111111111111111,208.0,0.9170506912442395,0.3888888888888889,0.1642756508864237,0.0153869118598046,0.3314387530343177,1.1785391356795591,-0.7659047219524231
Vehicle,648516184,classes,Data\Input\Subsets\Vehicle\648516184_20260528_183401.csv,18,1.0,429,2,23.83333333333333,0.1111111111111111,214.5,0.976958525345622,0.2222222222222222,0.0271444806306058,0.0,0.0938341887905045,1.0275162482349862,0.4184984351894986
Vehicle,3942912394,classes,Data\Input\Subsets\Vehicle\3942912394_20260528_183401.csv,18,1.0,435,2,24.166666666666668,0.1111111111111111,217.5,0.9954128440366972,0.4444444444444444,0.1495706829246436,0.0422054609223077,0.2843771984245622,1.1613355545044906,-0.7425429292220566
Vehicle,1413575196,features,Data\Input\Subsets\Vehicle\1413575196_20260528_183401.csv,13,1.0,846,4,65.07692307692308,0.3076923076923077,211.5,0.9128440366972476,0.6153846153846154,0.2491508655557417,0.064571743269306,0.4254581079279553,1.282935569258109,-0.5721938657557212
Vehicle,2671493152,features,Data\Input\Subsets\Vehicle\2671493152_20260528_183401.csv,14,1.0,846,4,60.42857142857143,0.2857142857142857,211.5,0.9128440366972476,0.5,0.2138637925316236,0.036797924911776,0.4169435200929698,1.2384539566266053,-0.537206276454694
Vehicle,2836256063,features,Data\Input\Subsets\Vehicle\2836256063_20260528_183401.csv,10,1.0,846,4,84.6,0.4,211.5,0.9128440366972476,0.7,0.1863152836799007,0.0363473999806918,0.4261432897017168,1.2048020549284015,-0.2562888750115384
Vehicle,2629118220,features,Data\Input\Subsets\Vehicle\2629118220_20260528_183401.csv,11,1.0,846,4,76.9090909090909,0.3636363636363636,211.5,0.9128440366972476,0.5454545454545454,0.2280195561194473,0.1030088020155459,0.4056159650348849,1.2561098898271956,-0.4475563588161687
Vehicle,4169619474,features,Data\Input\Subsets\Vehicle\4169619474_20260528_183401.csv,12,1.0,846,4,70.5,0.3333333333333333,211.5,0.9128440366972476,0.5,0.2228956855957398,0.0745920501372796,0.4191099672318343,1.2496902062471242,-0.4819521784455016
Vehicle,587106814,features,Data\Input\Subsets\Vehicle\587106814_20260528_183401.csv,15,1.0,846,4,56.4,0.2666666666666666,211.5,0.9128440366972476,0.5333333333333333,0.1919110653027387,0.0233105050006425,0.3868380965224911,1.2115627622059333,-0.5186494361870585
Vehicle,2273219404,instances,Data\Input\Subsets\Vehicle\2273219404_20260528_183401.csv,18,1.0,215,4,11.944444444444445,0.2222222222222222,53.75,0.9272727272727272,0.3888888888888889,0.1751819065918699,0.0077759454094952,0.3777269492447075,1.1914629318620686,-0.5605125283827306
Vehicle,1421724996,instances,Data\Input\Subsets\Vehicle\1421724996_20260528_183402.csv,18,1.0,275,4,15.27777777777778,0.2222222222222222,68.75,0.9154929577464788,0.4444444444444444,0.1891135055425165,0.0007483620958885,0.3932799420084376,1.2081780796087929,-0.5929133988710329
Vehicle,1810822089,instances,Data\Input\Subsets\Vehicle\1810822089_20260528_183402.csv,18,1.0,410,4,22.77777777777778,0.2222222222222222,102.5,0.9056603773584906,0.5,0.2016537623704888,0.0503200237373544,0.3937610248198471,1.223424339227435,-0.6182786432139167
Vehicle,3412609808,instances,Data\Input\Subsets\Vehicle\3412609808_20260528_183402.csv,18,1.0,526,4,29.22222222222222,0.2222222222222222,131.5,0.9185185185185184,0.5555555555555556,0.2060506611887201,0.0271074993337778,0.4123699436425729,1.2288154556701287,-0.6263857244579271
Vehicle,637091910,instances,Data\Input\Subsets\Vehicle\637091910_20260528_183402.csv,18,1.0,684,4,38.0,0.2222222222222222,171.0,0.9147727272727272,0.5,0.2029679811290758,0.018539915370066,0.4109135715531617,1.225033243438236,-0.6207265472637972
Vehicle,2720179148,instances,Data\Input\Subsets\Vehicle\2720179148_20260528_183402.csv,18,1.0,760,4,42.22222222222222,0.2222222222222222,190.0,0.9132653061224488,0.5555555555555556,0.1937146059175543,0.0267620729952762,0.392268877171267,1.2137498365007937,-0.6026061483669417
Vehicle,992227465,full,,18,1.0,846,4,47.0,0.2222222222222222,211.5,0.9128440366972476,0.5555555555555556,0.2099808936306125,0.0625451070713829,0.4176046808283582,1.2336544890732022,-0.6333932344660549
Vowel,1860023989,classes,Data\Input\Subsets\Vowel\1860023989_20260528_183405.csv,12,1.0,450,5,37.5,0.4166666666666667,90.0,1.0,0.4166666666666667,0.2520942838297008,0.0,0.715975087659074,1.286717348205253,-0.4679775201615518
Vowel,3681750972,classes,Data\Input\Subsets\Vowel\3681750972_20260528_183405.csv,12,1.0,450,5,37.5,0.4166666666666667,90.0,1.0,0.1666666666666666,0.2798968817752194,0.0,0.8384142656734868,1.3229933805744558,-0.5208241507174614
Vowel,1583012626,classes,Data\Input\Subsets\Vowel\1583012626_20260528_183405.csv,12,1.0,630,7,52.5,0.5833333333333334,90.0,1.0,0.5833333333333334,0.2428644687601881,0.0,0.6822944615218436,1.274895824197146,-0.3323058744831723
Vowel,2169347511,classes,Data\Input\Subsets\Vowel\2169347511_20260528_183405.csv,12,1.0,540,6,45.0,0.5,90.0,1.0,0.0833333333333333,0.2713071201578448,0.0,0.7961500294535155,1.3116778512390763,-0.4496521542985369
Vowel,2419333968,classes,Data\Input\Subsets\Vowel\2419333968_20260528_183405.csv,12,1.0,540,6,45.0,0.5,90.0,1.0,0.4166666666666667,0.2200531364704559,0.0,0.7591345844703312,1.2461429444659318,-0.3214671170006953
Vowel,1361392120,features,Data\Input\Subsets\Vowel\1361392120_20260528_183405.csv,7,1.0,990,11,141.42857142857142,1.5714285714285714,90.0,1.0,0.4285714285714285,0.32590581029309,0.0,0.7780648518589235,1.3852848831505444,0.0510903970523269
Vowel,239389909,features,Data\Input\Subsets\Vowel\239389909_20260528_183405.csv,9,1.0,990,11,110.0,1.2222222222222223,90.0,1.0,0.2222222222222222,0.3055041002998014,0.0,0.7779070052078882,1.357309050476739,-0.1278912203559676
Vowel,3737099978,features,Data\Input\Subsets\Vowel\3737099978_20260528_183406.csv,7,1.0,990,11,141.42857142857142,1.5714285714285714,90.0,1.0,0.4285714285714285,0.2763934485100237,0.0,0.779904547159465,1.3183664713217864,0.2393798383763108
Vowel,3596048680,features,Data\Input\Subsets\Vowel\3596048680_20260528_183406.csv,8,1.0,990,11,123.75,1.375,90.0,1.0,0.375,0.2497372277526107,0.0,0.7773071942060836,1.2836880547699094,0.2002091630356177
Vowel,1632901375,features,Data\Input\Subsets\Vowel\1632901375_20260528_183406.csv,9,1.0,990,11,110.0,1.2222222222222223,90.0,1.0,0.3333333333333333,0.3237893913093387,0.0,0.7785558776249912,1.3823561402426945,-0.1771416382380302
Vowel,4152437049,instances,Data\Input\Subsets\Vowel\4152437049_20260528_183406.csv,12,1.0,240,11,20.0,0.9166666666666666,21.818181818181817,0.9545454545454546,0.25,0.2571763197826813,0.0,0.8496228748228574,1.293273136295806,-0.2230565542394178
Vowel,3803151898,instances,Data\Input\Subsets\Vowel\3803151898_20260528_183406.csv,12,1.0,381,11,31.75,0.9166666666666666,34.63636363636363,0.9714285714285714,0.3333333333333333,0.265246444758462,0.0,0.7400930820105551,1.3037522390955707,-0.246675868713541
Vowel,2703946333,instances,Data\Input\Subsets\Vowel\2703946333_20260528_183406.csv,12,1.0,631,11,52.583333333333336,0.9166666666666666,57.36363636363637,0.9827586206896552,0.3333333333333333,0.2764139608173577,0.0,0.8099309512420061,1.3183935143373813,-0.2770926622658039
Vowel,4121618128,instances,Data\Input\Subsets\Vowel\4121618128_20260528_183406.csv,12,1.0,787,11,65.58333333333333,0.9166666666666666,71.54545454545455,0.9861111111111112,0.4166666666666667,0.2857014179556021,0.0,0.8188891743447204,1.3306950742740846,-0.300589445996728
Vowel,3723573332,instances,Data\Input\Subsets\Vowel\3723573332_20260528_183406.csv,12,1.0,838,11,69.83333333333333,0.9166666666666666,76.18181818181819,0.987012987012987,0.3333333333333333,0.2852232089100288,0.0,0.7933224862297901,1.3300588759826797,-0.2994134601381774
Vowel,3313389471,full,,12,1.0,990,11,82.5,0.9166666666666666,90.0,1.0,0.4166666666666667,0.2775911059698528,0.0,0.7780587065253357,1.3199463686600217,-0.2801476640673337
Waveform_21,3233952934,features,Data\Input\Subsets\Waveform_21\3233952934_20260528_183410.csv,18,1.0,5000,3,277.77777777777777,0.1666666666666666,1666.6666666666667,0.9711084905660378,1.0,0.1510523161621603,0.0,0.2620562304903659,1.1630575031951538,-0.5959707227694331
Waveform_21,1754264339,features,Data\Input\Subsets\Waveform_21\1754264339_20260528_183410.csv,15,1.0,5000,3,333.3333333333333,0.2,1666.6666666666667,0.9711084905660378,1.0,0.1484306432591746,0.012014407029222,0.2574252094657381,1.1600123403090845,-0.5066014123530782
Waveform_21,676129922,features,Data\Input\Subsets\Waveform_21\676129922_20260528_183410.csv,17,1.0,5000,3,294.11764705882354,0.1764705882352941,1666.6666666666667,0.9711084905660378,1.0,0.1538360958408942,0.0,0.2585369024230881,1.1662997097383216,-0.5799455792412392
Waveform_21,2953447452,features,Data\Input\Subsets\Waveform_21\2953447452_20260528_183411.csv,12,1.0,5000,3,416.6666666666667,0.25,1666.6666666666667,0.9711084905660378,1.0,0.166488783797106,0.0011528001591898,0.2772395725899137,1.1811502877748012,-0.4501471204446848
Waveform_21,612180933,features,Data\Input\Subsets\Waveform_21\612180933_20260528_183411.csv,11,1.0,5000,3,454.54545454545456,0.2727272727272727,1666.6666666666667,0.9711084905660378,1.0,0.1655575368397892,0.0024918583568585,0.2600404523203641,1.180050857163337,-0.3967864492181913
Waveform_21,1437251677,features,Data\Input\Subsets\Waveform_21\1437251677_20260528_183412.csv,20,1.0,5000,3,250.0,0.15,1666.6666666666667,0.9711084905660378,1.0,0.1614333539203755,0.003029129573612,0.2677464368358977,1.1751941334665943,-0.6597567914137972
Waveform_21,1460159767,features,Data\Input\Subsets\Waveform_21\1460159767_20260528_183412.csv,20,1.0,5000,3,250.0,0.15,1666.6666666666667,0.9711084905660378,1.0,0.1685829310113442,0.003029129573612,0.274100055533756,1.183626382107667,-0.6741864554068968
Waveform_21,3920311652,instances,Data\Input\Subsets\Waveform_21\3920311652_20260528_183412.csv,21,1.0,612,3,29.142857142857142,0.1428571428571428,204.0,0.9758454106280192,0.4761904761904761,0.1701404279437255,0.0,0.2690939260688509,1.1854713129309815,-0.6925351185336287
Waveform_21,778982647,instances,Data\Input\Subsets\Waveform_21\778982647_20260528_183412.csv,21,1.0,1267,3,60.333333333333336,0.1428571428571428,422.3333333333333,0.9697674418604652,0.7142857142857143,0.1652967374870433,0.011831957607979,0.2694918426194481,1.179743140791441,-0.6835342410015567
Waveform_21,3209993401,instances,Data\Input\Subsets\Waveform_21\3209993401_20260528_183413.csv,21,1.0,1369,3,65.19047619047619,0.1428571428571428,456.3333333333333,0.9719827586206896,0.8095238095238095,0.1585516605100459,0.0,0.2443913952909664,1.1718124590908705,-0.6700674920729107
Waveform_21,2537774286,instances,Data\Input\Subsets\Waveform_21\2537774286_20260528_183413.csv,21,1.0,2021,3,96.23809523809524,0.1428571428571428,673.6666666666666,0.9722627737226276,0.7142857142857143,0.1608329865717497,0.0,0.2728786333224711,1.1744887970322329,-0.674747258669239
Waveform_21,1373262104,instances,Data\Input\Subsets\Waveform_21\1373262104_20260528_183413.csv,21,1.0,2653,3,126.33333333333331,0.1428571428571428,884.3333333333334,0.9711111111111111,0.9047619047619048,0.1629079542420048,0.0,0.2748913497106746,1.176928353440199,-0.678892183451094
Waveform_21,1042065407,instances,Data\Input\Subsets\Waveform_21\1042065407_20260528_183413.csv,21,1.0,3177,3,151.28571428571428,0.1428571428571428,1059.0,0.9703153988868276,0.8571428571428571,0.1637012913113576,0.003635731410077,0.2636339365946381,1.1778624247986818,-0.6804492210674916
Waveform_21,1399627892,instances,Data\Input\Subsets\Waveform_21\1399627892_20260528_183414.csv,21,1.0,4176,3,198.8571428571429,0.1428571428571428,1392.0,0.9717514124293786,0.9523809523809524,0.1613724292642659,0.0032748566394968,0.2687463483204007,1.1751225373491574,-0.6758355185822267
Waveform_21,3542903560,instances,Data\Input\Subsets\Waveform_21\3542903560_20260528_183414.csv,21,1.0,4500,3,214.28571428571428,0.1428571428571428,1500.0,0.9705304518664049,0.9523809523809524,0.1589991787347831,0.0,0.2618410841706495,1.172336983880735,-0.6709990490252461
Waveform_21,2792721700,full,,21,1.0,5000,3,238.0952380952381,0.1428571428571428,1666.6666666666667,0.9711084905660378,1.0,0.1608454503946349,0.0,0.2679931931597745,1.174503435743807,-0.6747744515535283
White Wine Quality,3683008552,classes,Data\Input\Subsets\White Wine Quality\3683008552_20260528_183417.csv,11,1.0,1995,3,181.3636363636364,0.2727272727272727,665.0,0.1114893617021276,0.9090909090909092,0.0852788452984444,0.0056854673664905,0.2594472818987032,1.0890206926641528,-0.0855874859793615
White Wine Quality,416949941,classes,Data\Input\Subsets\White Wine Quality\416949941_20260528_183417.csv,11,1.0,993,4,90.27272727272728,0.3636363636363636,248.25,0.0290275761973875,0.9090909090909092,0.0509873934502318,0.0004317367437081,0.1204107077019627,1.0523096272058974,0.5826287524073785
White Wine Quality,464439825,classes,Data\Input\Subsets\White Wine Quality\464439825_20260528_183419.csv,11,1.0,2173,6,197.54545454545453,0.5454545454545454,362.1666666666667,0.0042553191489361,0.9090909090909092,0.082882421070473,0.0049446243185555,0.2422222291516307,1.0864140616358224,0.2174226928544876
White Wine Quality,2402278946,classes,Data\Input\Subsets\White Wine Quality\2402278946_20260528_183419.csv,11,1.0,2786,6,253.27272727272728,0.5454545454545454,464.3333333333333,0.0027964205816554,0.9090909090909092,0.0353504135252237,0.0022134525172228,0.0809631558694079,1.0359826675416872,1.5203711153621324
White Wine Quality,1785848408,classes,Data\Input\Subsets\White Wine Quality\1785848408_20260528_183420.csv,11,1.0,2628,4,238.9090909090909,0.3636363636363636,657.0,0.0111856823266219,0.9090909090909092,0.0270993141354059,0.0,0.082730943607078,1.0274698399753497,1.6824538045257642
White Wine Quality,3101657681,features,Data\Input\Subsets\White Wine Quality\3101657681_20260528_183420.csv,6,1.0,3961,7,660.1666666666666,1.1666666666666667,565.8571428571429,0.0027964205816554,0.8333333333333334,0.0647154116748477,0.0066475498567108,0.1555509307245617,1.0668553665955522,2.341099080247966
White Wine Quality,794266950,features,Data\Input\Subsets\White Wine Quality\794266950_20260528_183420.csv,10,1.0,3961,7,396.1,0.7,565.8571428571429,0.0027964205816554,0.9,0.0536483477818688,0.0038374555511127,0.1675420043091082,1.055113503906114,1.418198636466978
White Wine Quality,630153168,features,Data\Input\Subsets\White Wine Quality\630153168_20260528_183420.csv,5,1.0,3961,7,792.2,1.4,565.8571428571429,0.0027964205816554,0.8,0.0627188113560284,0.0363875662490915,0.1308005479430498,1.0647274078789095,3.1369521727184893
White Wine Quality,93430243,features,Data\Input\Subsets\White Wine Quality\93430243_20260528_183420.csv,9,1.0,3961,7,440.1111111111111,0.7777777777777778,565.8571428571429,0.0027964205816554,0.8888888888888888,0.0525954840368774,0.0013082796481067,0.1640333351172094,1.0540031977541138,1.7406738605555172
White Wine Quality,3871441959,features,Data\Input\Subsets\White Wine Quality\3871441959_20260528_183421.csv,7,1.0,3961,7,565.8571428571429,1.0,565.8571428571429,0.0027964205816554,0.8571428571428571,0.0451788825786841,0.0087319868862993,0.157890339137078,1.0462149928065816,3.102180805660315
White Wine Quality,2588936,instances,Data\Input\Subsets\White Wine Quality\2588936_20260528_183421.csv,11,1.0,442,5,40.18181818181818,0.4545454545454545,88.4,0.0746268656716417,0.9090909090909092,0.0496061590722041,0.0,0.1769128828185162,1.0508571443130452,1.3160896964920168
White Wine Quality,2346331460,instances,Data\Input\Subsets\White Wine Quality\2346331460_20260528_183421.csv,11,1.0,1458,5,132.54545454545453,0.4545454545454545,291.6,0.0740181268882175,0.9090909090909092,0.0491977432453665,0.0,0.1529157367270275,1.0504280452549504,1.337609832056036
White Wine Quality,3463681171,instances,Data\Input\Subsets\White Wine Quality\3463681171_20260528_183421.csv,11,1.0,1882,6,171.0909090909091,0.5454545454545454,313.6666666666667,0.0117647058823529,0.9090909090909092,0.0472090535663221,0.007947314388605,0.1469679457771251,1.0483411456284348,1.4848123488962677
White Wine Quality,788441623,instances,Data\Input\Subsets\White Wine Quality\788441623_20260528_183421.csv,11,1.0,2968,6,269.8181818181818,0.5454545454545454,494.6666666666667,0.0111856823266219,0.9090909090909092,0.0496928004320517,0.0,0.1485702546159664,1.050948195949396,1.3586188410296758
White Wine Quality,1092301206,instances,Data\Input\Subsets\White Wine Quality\1092301206_20260528_183421.csv,11,1.0,3560,6,323.6363636363636,0.5454545454545454,593.3333333333334,0.0111870727159726,0.9090909090909092,0.0523537120538554,0.011602860688034,0.1491024957460678,1.053748400113588,1.2391643389408462
White Wine Quality,3214133554,full,,11,1.0,3961,7,360.09090909090907,0.6363636363636364,565.8571428571429,0.0027964205816554,0.9090909090909092,0.0501861666559762,0.0,0.1447781398390302,1.0514668262191806,1.350020299855473
Wine Quality Red,2638114253,classes,Data\Input\Subsets\Wine Quality Red\2638114253_20260528_183424.csv,11,1.0,605,3,55.0,0.2727272727272727,201.66666666666663,0.0317757009345794,1.0,0.019548178289526,0.0,0.0534519276178686,1.0197404950300044,0.9644420585055457
Wine Quality Red,3770965531,classes,Data\Input\Subsets\Wine Quality Red\3770965531_20260528_183424.csv,11,1.0,588,2,53.45454545454545,0.1818181818181818,294.0,0.0990654205607476,1.0,0.009346885037566,0.0,0.0385423419942734,1.009390703583418,1.945585023396178
Wine Quality Red,4293242364,classes,Data\Input\Subsets\Wine Quality Red\4293242364_20260528_183424.csv,11,1.0,184,2,16.727272727272727,0.1818181818181818,92.0,0.1017964071856287,0.9090909090909092,0.0063851133063202,0.0,0.0433315055614857,1.0064055415981288,3.3857097828360043
Wine Quality Red,2248645940,classes,Data\Input\Subsets\Wine Quality Red\2248645940_20260528_183424.csv,11,1.0,1342,5,122.0,0.4545454545454545,268.4,0.0173310225303292,1.0,0.053275097125859,0.0,0.150874256734282,1.054719755586597,0.967491444013
Wine Quality Red,521182805,classes,Data\Input\Subsets\Wine Quality Red\521182805_20260528_183424.csv,11,1.0,1129,3,102.63636363636364,0.2727272727272727,376.3333333333333,0.0294627383015597,0.9090909090909092,0.0298049468678353,0.0,0.1269081614777554,1.0302535601700362,1.31850065814923
Wine Quality Red,2693936546,features,Data\Input\Subsets\Wine Quality Red\2693936546_20260528_183424.csv,7,1.0,1359,6,194.14285714285717,0.8571428571428571,226.5,0.0173310225303292,1.0,0.0648025124830708,0.0059894253040515,0.1639719868927069,1.0669482946072335,1.6582197311831537
Wine Quality Red,196868681,features,Data\Input\Subsets\Wine Quality Red\196868681_20260528_183425.csv,6,1.0,1359,6,226.5,1.0,226.5,0.0173310225303292,1.0,0.044926321909035,0.0130025196351111,0.096179601538155,1.0459507934119938,3.473306404616113
Wine Quality Red,4254075082,features,Data\Input\Subsets\Wine Quality Red\4254075082_20260528_183425.csv,6,1.0,1359,6,226.5,1.0,226.5,0.0173310225303292,1.0,0.0439345307314376,0.0130025196351111,0.096179601538155,1.0449139428974747,3.574288155255676
Wine Quality Red,4112328447,features,Data\Input\Subsets\Wine Quality Red\4112328447_20260528_183425.csv,10,1.0,1359,6,135.9,0.6,226.5,0.0173310225303292,1.0,0.0430986013002106,0.0,0.0959145756414057,1.044040833559246,1.7978059259739778
Wine Quality Red,2111505937,features,Data\Input\Subsets\Wine Quality Red\2111505937_20260528_183425.csv,8,1.0,1359,6,169.875,0.75,226.5,0.0173310225303292,1.0,0.0728364737188599,0.0,0.1790092615651026,1.0755546410826806,1.0693876975763073
Wine Quality Red,865214549,instances,Data\Input\Subsets\Wine Quality Red\865214549_20260528_183425.csv,11,1.0,161,3,14.636363636363637,0.2727272727272727,53.66666666666666,0.2876712328767123,0.6363636363636364,0.05915352268574,0.0,0.2846309955737938,1.0609381063055436,0.5201588004768974
Wine Quality Red,2854230006,instances,Data\Input\Subsets\Wine Quality Red\2854230006_20260528_183425.csv,11,1.0,425,4,38.63636363636363,0.3636363636363636,106.25,0.092391304347826,0.9090909090909092,0.0413797969500855,0.0,0.1386505543857599,1.042247872948475,1.454245537908575
Wine Quality Red,2311113157,instances,Data\Input\Subsets\Wine Quality Red\2311113157_20260528_183425.csv,11,1.0,591,4,53.72727272727273,0.3636363636363636,147.75,0.09375,1.0,0.0587396832005559,0.0025524408278529,0.1552489705947075,1.0604991390630716,0.7319748279231917
Wine Quality Red,2264176830,instances,Data\Input\Subsets\Wine Quality Red\2264176830_20260528_183425.csv,11,1.0,1086,5,98.72727272727272,0.4545454545454545,217.2,0.0301724137931034,1.0,0.0549205146582345,0.0057458573332618,0.1722500822059089,1.0564566385211287,0.9403574128008564
Wine Quality Red,3195296076,instances,Data\Input\Subsets\Wine Quality Red\3195296076_20260528_183425.csv,11,1.0,1117,5,101.54545454545456,0.4545454545454545,223.4,0.0292887029288702,1.0,0.0552604020215658,0.0111390412401406,0.2014286562792087,1.0568157758121255,0.925842491817403
Wine Quality Red,1646787061,full,,11,1.0,1359,6,123.54545454545456,0.5454545454545454,226.5,0.0173310225303292,1.0,0.0534682231238719,0.0,0.1704740743640445,1.0549234690625695,1.0501815687552178
Yeast,1112363014,classes,Data\Input\Subsets\Yeast\1112363014_20260528_183425.csv,8,1.0,950,7,118.75,0.875,135.71428571428572,0.01141552511415525,1.0,0.10081185375545282,0.004063268828378597,0.369682532606348,1.106068519547166,0.7145102702840361
Yeast,2249726174,classes,Data\Input\Subsets\Yeast\2249726174_20260528_183425.csv,8,1.0,779,7,97.375,0.875,111.28571428571429,0.045662100456621,1.0,0.15738948794651625,0.017721148070563686,0.4457522471485533,1.1704514018461982,0.0702393586694834
Yeast,2427030754,classes,Data\Input\Subsets\Yeast\2427030754_20260528_183425.csv,8,1.0,294,3,36.75,0.375,98.0,0.08196721311475409,0.75,0.04259842823511362,0.0,0.10773614437394996,1.0435187630291307,0.6739227612471107
Yeast,2597452924,classes,Data\Input\Subsets\Yeast\2597452924_20260528_183426.csv,8,1.0,484,5,60.5,0.625,96.8,0.020491803278688523,0.875,0.16678805085034648,0.0036652195844992796,0.42929814467885286,1.1815038200384986,-0.14089213027161274
Yeast,3162925008,classes,Data\Input\Subsets\Yeast\3162925008_20260528_183426.csv,8,1.0,1339,7,167.375,0.875,191.28571428571428,0.01141552511415525,1.0,0.09662128318866031,0.0,0.2731260255146952,1.1014431595817433,0.9364112703221278
Yeast,1472173752,features,Data\Input\Subsets\Yeast\1472173752_20260528_183426.csv,4,1.0,1453,10,363.25,2.5,145.3,0.01141552511415525,1.0,0.15646570503113388,0.028436215365923445,0.31566104005385,1.169370658101048,1.7727880007180394
Yeast,3750867256,features,Data\Input\Subsets\Yeast\3750867256_20260528_183426.csv,4,1.0,1453,10,363.25,2.5,145.3,0.01141552511415525,1.0,0.22080563886307836,0.10496528135297778,0.29865055199844504,1.247081022922067,0.964833106926424
Yeast,2593404709,features,Data\Input\Subsets\Yeast\2593404709_20260528_183426.csv,5,1.0,1453,10,290.6,2.0,145.3,0.01141552511415525,1.0,0.13093145001756357,0.011019852260860663,0.29417029542138273,1.1398896392189535,1.6508297548130333
Yeast,3670521534,features,Data\Input\Subsets\Yeast\3670521534_20260528_183426.csv,4,1.0,1453,10,363.25,2.5,145.3,0.01141552511415525,1.0,0.09768342419747778,0.027418091811338918,0.22099943628849328,1.1026136690434247,3.44134952269024
Yeast,3843447149,features,Data\Input\Subsets\Yeast\3843447149_20260528_183426.csv,7,1.0,1453,10,207.57142857142858,1.4285714285714286,145.3,0.01141552511415525,1.0,0.12488702356527405,0.012615499879531367,0.3219225417172371,1.1330204412258804,0.9850911970505202
Yeast,1043313277,instances,Data\Input\Subsets\Yeast\1043313277_20260528_183426.csv,8,1.0,168,4,21.0,0.5,42.0,0.3620689655172414,0.875,0.08087958260778699,0.0,0.33498065224689144,1.0842403273127663,1.0241346956997528
Yeast,194421039,instances,Data\Input\Subsets\Yeast\194421039_20260528_183426.csv,8,1.0,586,8,73.25,1.0,73.25,0.06666666666666667,1.0,0.13564697520226993,0.0,0.3174727150739338,1.145277510858879,0.5370007245819882
Yeast,1682974618,instances,Data\Input\Subsets\Yeast\1682974618_20260528_183426.csv,8,1.0,732,9,91.5,1.125,81.33333333333333,0.04524886877828054,1.0,0.13269418510352743,0.0,0.3010703418721552,1.1419007346736454,0.6199501064932609
Yeast,3090128537,instances,Data\Input\Subsets\Yeast\3090128537_20260528_183426.csv,8,1.0,995,9,124.375,1.125,110.55555555555556,0.046511627906976744,1.0,0.11058591458454653,0.0,0.30151256303592566,1.1169323057050324,0.9425414746065717
Yeast,3253849751,instances,Data\Input\Subsets\Yeast\3253849751_20260528_183426.csv,8,1.0,1302,9,162.75,1.125,144.66666666666666,0.04568527918781726,1.0,0.12346348287388997,0.0010945831408606388,0.3285753475847857,1.131408687993961,0.739808917426701
Yeast,3000893275,full,,8,1.0,1453,10,181.625,1.25,145.3,0.01141552511415525,1.0,0.13001135032256456,0.01960054208056805,0.2965549476203373,1.138841309467476,0.6684936675060383
