{
    "batch_size": 64,
    "learning_rate": 0.0051,
    "number_of_epochs": 120,
    "number_of_hidden_layers": 2,
    "number_of_neurons_in_layers": [
        80,
        48,
        96,
        208,
        176,
        96
    ],
    "dropout_layers": [
        0.346561260243566,
        0.20693883255344445,
        0.06842280526002023,
        0.36024646256306614,
        0.1288023135328305,
        0.05
    ],
    "prune_amount": 0.18,
    "prune_epoch_interval": 9,
    "weight_decay": 0.0029,
    "weight_perturbation_amount": 0.0001,
    "weight_perturbation_interval": 18
}