{
    "batch_size": 256,
    "learning_rate": 0.0068,
    "number_of_epochs": 160,
    "number_of_hidden_layers": 4,
    "number_of_neurons_in_layers": [
        48,
        48,
        80,
        16,
        16,
        192
    ],
    "dropout_layers": [
        0.12966863974267812,
        0.05,
        0.39342272716131954,
        0.05,
        0.05,
        0.4718295862105625
    ],
    "prune_amount": 0.07,
    "prune_epoch_interval": 15,
    "weight_decay": 0.0012,
    "weight_perturbation_amount": 0.0001,
    "weight_perturbation_interval": 13
}