fixed acidity,volatile acidity,citric acid,residual sugar,chlorides,free sulfur dioxide,total sulfur dioxide,density,pH,sulphates,alcohol,target
-0.7055534581920611,0.8511903570344691,-1.4042442364297165,-0.17284036131014882,-0.019499392564869433,0.08725627477860208,-0.6350115576240145,0.610947322230338,0.9068226887384724,-0.7818874197527113,-0.8641084435794321,2
-0.060390428837310516,-1.3742876883859703,0.6644418698417709,-0.09898319882140527,-0.7494810578347446,-1.143376905342844,-1.1094779086823823,-1.6863227416252848,0.13318759096721203,0.26241704367315205,2.157266978991704,4
0.9953308919250092,-1.3186507372504597,0.6644418698417709,0.27030261362231217,0.20992341651994872,-0.5753923606714073,-0.6350115576240145,2.1012138507736497,1.100231463181286,1.55244020437569,-0.6809947816054245,2
-0.060390428837310516,1.407559868389579,-1.4042442364297165,-0.24669752379889204,0.02221384545055205,-0.29140008833568903,-0.6350115576240145,0.5948072515241061,0.39106595689096546,-1.2118951399868905,-0.7725516125924282,1
-0.9988093806260386,-0.4840964702177947,-0.938789862518632,-0.24669752379889204,-0.5200582487499267,-0.6700564514499802,-0.8722447331531984,-1.212880667575418,0.7134139142956558,0.20098736935398356,0.7839145141866425,3
-0.5882510892184699,-0.9013736037341272,1.1298962437528555,-0.02512603633266172,0.0013572264428413092,2.1698662719072033,1.7373201976678245,-0.05079557672570685,0.3265963654100257,0.7538544382265001,0.5092440212256295,2
-0.7055534581920611,0.3504577968148698,-1.3525270837729293,-0.17284036131014882,-0.16549572561884435,1.03389718256433,-0.1308910596244987,-0.6425981692880404,0.7134139142956558,-0.47473904815686935,0.23457352826461653,3
-0.6469022737052652,1.713563099634889,-1.4042442364297165,-0.39441184877637914,1.628173509044278,-1.143376905342844,-1.0798237617412343,-0.3305568023006716,0.5200051398528422,-0.8433170940718797,-0.4063242886444115,2
-0.0017392443505141611,1.7970185263381555,-0.6802040992346959,-0.02512603633266172,0.10564032148139502,-0.29140008833568903,0.19530455672812919,0.29352593167418545,0.3265963654100257,-0.7204577454335427,-0.31476745765740777,2
-0.060390428837310516,-1.0961029327084155,0.2507046485874733,0.1964454511335686,-0.4366317727190837,-1.143376905342844,-1.0501696148000863,-1.0568599840817037,-0.06022118347560449,0.6309950895881631,2.157266978991704,4
2.402959319608102,-0.9848290304373938,1.1298962437528555,0.048731126156081835,-0.1863523446265551,1.03389718256433,0.640116760845349,1.4556110225238368,-1.2206738301324922,0.5695654152689946,-0.040096964696394795,3
-1.1747629340864252,-0.7622812258953496,-0.5767697939211216,-0.8375548237088402,-0.16549572561884435,-0.48072826989283457,-0.7239739984474585,-0.6425981692880404,0.19765718244814898,-0.5975983967952057,-1.0472221055534396,2
0.3501678625702588,1.2128305394152903,-0.4733354886075473,-0.02512603633266172,-0.22806558264197657,-0.10207190677854347,0.017379675081241247,0.3742262852054046,-0.7049170982849853,-1.1504654656677222,-0.6809947816054245,3
-0.5295999047316741,0.628642552492425,-1.0422241678322062,-0.5421261737538661,0.2516366545353702,-0.7647205422285529,-0.7239739984474585,-0.31979675516316375,-0.06022118347560449,-0.47473904815686935,-0.7725516125924282,2
-0.6469022737052652,-0.20591171454023988,-0.16303257266682422,-0.24669752379889204,-0.3740619156959515,-1.0487128145642712,-0.3384700882125346,-0.3735969908506432,0.13318759096721203,-1.0890357913485538,-0.9556652745664358,2
0.056911940136281154,-1.5411985417925034,0.6127247171849837,-0.39441184877637914,-0.9789038669195647,-1.143376905342844,-1.1094779086823823,-1.5249220345628465,-0.25362995791841814,0.32384671799232057,1.882596486030691,4
0.29151667808346343,-0.37282256794677265,0.9230276331257068,0.048731126156081835,-0.4783450107345052,-0.8593846330071256,-0.8722447331531984,-1.0730000547879355,0.06871799948627223,0.8152841125456687,3.2559489508357524,3
-0.5295999047316741,-0.20591171454023988,-0.4216183359507601,0.3441597761110557,-0.22806558264197657,-0.007407815999970696,-0.3088159412713866,-0.05079557672570685,0.39106595689096546,-0.9047467683910483,0.05145986629060898,2
2.344308135121307,-1.4299246395214813,1.1298962437528555,0.41801693859979927,-0.1863523446265551,1.1285612733429027,-0.04192861880105473,1.4018107868363574,-0.7049170982849853,0.8767137868648371,-0.22321062667040398,3
0.1742143091098718,-0.31718561681126195,1.026461938439281,-0.09898319882140527,-0.2906354396651088,-0.8593846330071256,-0.5460491168005706,0.6486074872115856,-1.4785521960562455,-1.2118951399868905,-0.8641084435794321,2
-0.8815070116524475,0.9068273081699796,-1.4042442364297165,2.264446000818386,0.7521955107204275,0.46591263789289317,0.3139211444927211,1.6170117295863349,0.9712922802194093,0.3852763923114891,-0.22321062667040398,2
-0.8228558271656516,-0.6510073236243279,0.19898749593068613,-0.39441184877637914,-0.1863523446265551,0.46591263789289317,0.10634211590468522,-0.007755388175735246,1.0357618717003492,-0.6590280711143742,-0.8641084435794321,3
-0.3536463512712876,-0.20591171454023988,-0.05959826735324975,-0.4682690112651227,-0.5409148677576374,-0.6700564514499802,-0.4867408229182746,-0.05079557672570685,0.5200051398528422,-0.1061610022418583,-0.7725516125924282,2
-0.3536463512712876,-0.5397334213533058,-0.11131542001003698,0.048731126156081835,-0.31149205867281954,1.2232253641214754,0.46219187919846105,-0.29289663731942406,0.39106595689096546,-0.47473904815686935,0.05145986629060898,3
-0.6469022737052652,-1.0404659815729045,-0.31818403063718576,-0.02512603633266172,-0.26977882065739806,2.3591944534643488,0.610462613904201,-0.4489173208131383,0.39106595689096546,-0.7204577454335427,-0.31476745765740777,3
-0.060390428837310516,0.18354694340833735,-0.2147497253236113,0.6395884260660296,-0.20720896363426583,-0.19673599755711624,1.6780119037855286,0.4872067801491472,-0.18916036643748121,-0.22902035088019532,-0.9556652745664358,2
1.875098659226942,-1.9306571997410804,1.23333054906643,1.0827314009984905,0.3350631305662129,-1.143376905342844,-0.7239739984474585,1.5632114938988553,-0.18916036643748121,1.9210182502907005,-0.31476745765740777,3
0.056911940136281154,0.5173686502214029,-0.7836384045482704,-0.5421261737538661,-0.3323486776805303,2.0752021811286303,-0.04192861880105473,-0.8900792534504816,0.4555355483719024,1.429580855737353,1.241698669121663,3
2.5202616885816926,-0.7622812258953496,1.1298962437528555,-0.02512603633266172,-0.16549572561884435,-0.7647205422285529,-0.8129364392709024,1.3480105511488778,-1.5430217875371854,0.9995731355031735,-0.13165379568339858,3
2.1097033971741244,-0.8179181770308607,1.1298962437528555,0.12258828864482539,0.20992341651994872,-0.38606417911426183,-0.1605452065656467,1.9936133793986908,-0.9627954642087387,-0.2904500251993638,-0.13165379568339858,2
-0.8815070116524475,-0.2615486656757509,-0.11131542001003698,-0.39441184877637914,-0.2489222016496873,1.2232253641214754,0.4028835853161651,-0.750198640663059,0.19765718244814898,-0.3518796995185323,-0.040096964696394795,2
-0.5882510892184699,0.3226393212471143,-0.4733354886075473,-0.09898319882140527,-0.20720896363426583,-0.10207190677854347,0.3732294383750171,-0.16915609523817354,0.004248408005335306,-0.7204577454335427,-0.5894379506184191,2
-0.5882510892184699,0.739916454763447,-1.4042442364297165,-0.39441184877637914,-0.08206924958800137,-0.9540487237856985,-0.7239739984474585,0.8638084299615033,1.9383361524334832,1.8595885759715318,-0.4978811196314153,3
-1.9372283324147668,-0.7066442747598386,1.1816133964096427,1.304302888464721,-0.874620771881009,1.2232253641214754,0.9663123771979769,-3.494010660724809,1.1647010546622258,0.016698346396478714,2.8897216268877357,3
-1.057460565112834,0.4895501746536474,-1.4042442364297165,-0.4682690112651227,-0.4783450107345052,-0.6700564514499802,-0.8722447331531984,0.2720058373991698,0.9712922802194093,-0.044731327922689794,-1.138778936540445,2
-0.2949951667844923,0.3504577968148698,-0.4733354886075473,-0.17284036131014882,-0.2489222016496873,0.08725627477860208,0.19530455672812919,0.4334065444616678,0.7778835057765957,-0.41330937383770083,-0.4063242886444115,2
-1.1161117495996293,-0.31718561681126195,0.6644418698417709,-0.09898319882140527,-0.353205296688241,-0.7647205422285529,-0.8425905862120504,-0.21219628378820488,1.6159881950287929,0.4467060666306576,0.14301669727761276,3
2.1683545816609198,-0.4284595190822837,1.4401991596935788,-0.39441184877637914,-0.31149205867281954,0.8445690010071844,0.04703382202238924,1.6170117295863349,-1.3496130130943689,0.6309950895881631,-0.13165379568339858,3
-1.2920653030600162,-0.2615486656757509,-0.938789862518632,-0.6159833362426096,-0.20720896363426583,0.18192036555717486,-0.5163949698594226,-1.4388416574628435,0.9068226887384724,-0.7204577454335427,0.6923576831996371,3
-0.5295999047316741,1.1850120638475348,-1.0422241678322062,-0.6159833362426096,-0.040356011572580175,-0.10207190677854347,0.017379675081241247,-0.9008393005879894,-1.2206738301324922,-1.0890357913485538,-0.4063242886444115,2
-1.8785771479279714,-0.09463781226921782,-0.4733354886075473,-0.3205546862876356,-0.9580472479118518,-0.007407815999970696,1.5890494629620846,-2.3104054756001418,0.9712922802194093,1.3067215070990161,2.248823809978708,4
0.4088190470570541,-0.7622812258953496,0.6644418698417709,-0.9114119861975835,-0.9163340098964304,0.8445690010071844,0.07668796896353723,-1.0299598662379639,-0.7049170982849853,1.061002809822342,0.4176871902386257,3
-0.0017392443505141611,-0.5397334213533058,0.14727034327389887,0.6395884260660296,-0.1863523446265551,-0.8593846330071256,-0.3977783820948306,0.6378474400740777,0.3265963654100257,-0.2904500251993638,0.05145986629060898,2
-0.23634398229769646,-1.0961029327084155,0.7161590224985579,-0.7636976612200965,-0.6660545818039039,-0.9540487237856985,-0.3681242351536826,-1.471121798875367,-0.12469077495654142,0.32384671799232057,0.5092440212256295,3
-0.6469022737052652,0.6564610280601805,-1.4042442364297165,-0.4682690112651227,0.18906679751223596,-0.10207190677854347,-0.24950764738909065,0.029904776805512304,0.39106595689096546,-0.47473904815686935,-1.138778936540445,3
-0.8228558271656516,1.3241044416863124,-0.4733354886075473,-0.09898319882140527,3.234133172638004,-1.0013807691749848,0.017379675081241247,-0.3090367080256559,0.5844747313337791,-0.3518796995185323,-0.13165379568339858,3
1.8164474747401467,0.5451871257891584,2.0090878389182376,2.7075889757508476,0.0013572264428413092,-0.9540487237856985,-0.6943198515063105,1.1328096083989603,-1.2851434216134319,2.0438775989290376,2.6150511339267246,3
0.4088190470570541,1.518833770660601,-0.7836384045482704,-0.09898319882140527,-0.10292586859571211,-0.7647205422285529,-0.5757032637417185,0.8960885713740268,0.13318759096721203,-0.044731327922689794,-0.040096964696394795,3
0.4088190470570541,0.07227304113731528,1.1298962437528555,0.27030261362231217,0.12649694048910576,2.3591944534643488,1.8559367854324165,0.8100081942740238,-1.4785521960562455,-0.2904500251993638,-1.138778936540445,2
0.9953308919250092,0.3504577968148698,0.19898749593068613,-0.24669752379889204,0.04307046445826279,0.9392330917857571,0.43253773225731307,1.4556110225238368,-0.833856281246862,-0.1675906765610268,-0.22321062667040398,3
1.4645403678193738,-1.4855615906569923,0.9230276331257068,0.565731263577286,-0.5826281057730589,0.3712485471143204,0.04703382202238924,0.2720058373991698,-1.1562042386515552,-0.7204577454335427,-0.7725516125924282,2
1.4645403678193738,2.0195663308801994,0.14727034327389887,0.048731126156081835,0.9190484627821134,-0.8593846330071256,0.3732294383750171,0.6270873929365699,-2.0587785193846893,3.211041410993238,-0.22321062667040398,2
-1.2334141185732204,-0.37282256794677265,0.09555319061711165,-0.3205546862876356,-0.2906354396651088,1.5072176364571936,1.5000870221386406,-0.4919575093631099,0.13318759096721203,-0.22902035088019532,-0.5894379506184191,2
-1.057460565112834,0.7955534058989581,-1.4042442364297165,1.304302888464721,-0.6451979627961909,-0.48072826989283457,-0.8129364392709024,-0.9761596305504845,0.9068226887384724,-0.5975983967952057,1.241698669121663,1
-0.4122975357580834,-0.6510073236243279,0.3024218012442606,-0.02512603633266172,-0.20720896363426583,-0.9540487237856985,-0.7239739984474585,-0.5349976979130815,-0.06022118347560449,-0.47473904815686935,0.6923576831996371,2
-0.2949951667844923,0.12790999227282632,-1.4042442364297165,-0.6159833362426096,-0.3740619156959515,-0.8593846330071256,-0.9018988800943464,-0.05617560029449063,-0.3180995493993579,-0.1061610022418583,-0.9556652745664358,3
-0.6469022737052652,0.6008240769246694,-1.0422241678322062,0.048731126156081835,-0.22806558264197657,-0.007407815999970696,1.1442372588448648,0.42264649732416,1.2936402376240996,-0.7204577454335427,-0.6809947816054245,2
-0.7055534581920611,0.739916454763447,-1.4042442364297165,-0.09898319882140527,-0.7494810578347446,-0.9540487237856985,-1.0798237617412343,-1.8907636372377543,0.2621267739290888,0.016698346396478714,2.0657101480046984,4
0.9953308919250092,-0.4840964702177947,1.1298962437528555,0.12258828864482539,-0.22806558264197657,-0.48072826989283457,-0.8425905862120504,-0.21219628378820488,-0.5115083238421716,-0.1675906765610268,1.0585850071476537,4
0.9953308919250092,-0.9848290304373938,0.9230276331257068,-0.02512603633266172,0.08478370247368427,0.3712485471143204,1.2035455527271608,1.33725050401137,-1.0272650556896785,-1.396184162944396,-0.9556652745664358,2
-0.7055534581920611,0.3504577968148698,-1.300809931116142,-0.17284036131014882,-0.12378248760342488,0.7499049102286115,1.3814704343740487,0.4011264030491443,1.5515186035478532,-0.7818874197527113,-0.6809947816054245,3
-0.7055534581920611,1.0459196860087572,-1.4042442364297165,-0.13591178006577687,-0.353205296688241,0.46591263789289317,-0.012274471859906742,-0.20143623665069704,-0.12469077495654142,-1.273324814306059,-0.9556652745664358,2
-1.1747629340864252,-0.31718561681126195,-1.4042442364297165,-0.8375548237088402,-0.6869112008116124,1.03389718256433,-0.42743252903597856,-2.4180059469751005,0.9068226887384724,-1.0890357913485538,1.6994828240566835,3
1.0539820764118046,2.2699326109899993,-0.26646687798039853,0.6395884260660296,0.35591974957392364,-0.48072826989283457,1.1442372588448648,2.3164147935235673,0.7778835057765957,-0.1061610022418583,0.7839145141866425,1
-0.0017392443505141611,-1.2630137861149486,1.1298962437528555,0.9350170760210035,0.04307046445826279,-0.48072826989283457,-0.6943198515063105,-0.9223593948630051,-0.25362995791841814,-0.1061610022418583,1.5163691620826742,4
-0.5295999047316741,-0.9291920793018827,0.14727034327389887,-0.5421261737538661,-0.2906354396651088,0.08725627477860208,-0.6943198515063105,-1.3473812567941166,-0.4470387323612318,0.26241704367315205,0.8754713451736462,5
-0.7055534581920611,1.1571935882797793,-0.5767697939211216,-0.4682690112651227,0.2516366545353702,-0.10207190677854347,0.877349936374533,-0.05079557672570685,-0.25362995791841814,-0.1061610022418583,-1.0472221055534396,2
-0.7642046426788563,0.07227304113731528,-0.938789862518632,-0.39441184877637914,-0.1446391066111336,-0.5753923606714073,-0.9315530270354944,-1.0245798426692398,0.7778835057765957,-0.41330937383770083,0.96702817616065,3
-0.0017392443505141611,1.2962859661185568,0.09555319061711165,1.2304457259759776,-0.26977882065739806,-0.38606417911426183,-0.9315530270354944,-0.10459581241318629,0.9068226887384724,0.13955769503481574,0.96702817616065,3
-0.8228558271656516,-0.7622812258953496,-0.16303257266682422,-0.3205546862876356,0.2933498925507914,-1.143376905342844,-1.1984403495058262,-1.1160402433379668,0.8423530972575326,-0.47473904815686935,0.8754713451736462,1
0.46747023154384937,0.8511903570344691,-0.8353555572050576,0.1964454511335686,0.10564032148139502,-0.48072826989283457,-0.10123691268335071,1.1758497969489319,0.004248408005335306,-0.6590280711143742,-0.8641084435794321,3
-0.3536463512712876,0.5173686502214029,-1.1973756258025678,0.9350170760210035,-0.08206924958800137,0.8445690010071844,-0.07158276574220272,0.5948072515241061,0.19765718244814898,-0.7818874197527113,-0.8641084435794321,2
1.6991451057665552,-1.3742876883859703,1.491916312350366,-0.4682690112651227,-0.26977882065739806,0.08725627477860208,0.3732294383750171,0.702407722899065,-0.9627954642087387,-0.47473904815686935,-0.5894379506184191,3
0.29151667808346343,-1.5968354929280144,0.4058561065578348,-0.6159833362426096,-0.6869112008116124,-0.29140008833568903,-0.6053574106828665,-1.4818818460128151,-1.0917346471706155,-0.41330937383770083,0.7839145141866425,4
1.1126332608985998,0.6564610280601805,0.457573259214622,-0.5421261737538661,-0.7286244388270339,-1.0487128145642712,-0.9908613209177903,0.8100081942740238,-0.8983258727278017,-1.4576138372635645,-0.4063242886444115,3
1.4645403678193738,-1.1517398838439266,0.8713104804689196,-0.689840498731353,-0.5200582487499267,-0.007407815999970696,-0.3088159412713866,0.9714089013365219,-0.5759779153231085,0.7538544382265001,-0.4063242886444115,3
0.11556312462307647,-1.1517398838439266,0.7678761751553451,-0.17284036131014882,-0.26977882065739806,-0.38606417911426183,-0.8425905862120504,-1.2666809032628974,-1.0917346471706155,0.32384671799232057,1.241698669121663,4
-0.8815070116524475,0.628642552492425,-1.249092778459355,-0.17284036131014882,-0.26977882065739806,-0.19673599755711624,-0.4867408229182746,-0.6694982871318398,0.3265963654100257,-0.47473904815686935,-0.040096964696394795,3
0.4088190470570541,1.6301076729316224,-1.1456584731457808,-0.09898319882140527,-0.1446391066111336,0.9392330917857571,1.4407787282563447,0.7777280528615601,0.3265963654100257,-0.7818874197527113,-0.4063242886444115,2
0.6434237850042364,-0.5397334213533058,-0.16303257266682422,0.1964454511335686,0.08478370247368427,-0.19673599755711624,-0.07158276574220272,0.702407722899065,-0.7693866897659251,0.4467060666306576,-0.4063242886444115,3
-0.6469022737052652,0.5730056013569139,-1.249092778459355,-0.24669752379889204,-0.16549572561884435,0.08725627477860208,1.2035455527271608,0.40650642661786834,1.4225794205859765,-0.47473904815686935,-0.5894379506184191,3
-0.7642046426788563,-1.6524724440635254,0.6644418698417709,-0.689840498731353,-0.5200582487499267,0.46591263789289317,0.580808466963053,-0.8039988763505383,1.2291706461431628,-0.1675906765610268,0.6008008522126332,2
2.930819979989262,-1.3186507372504597,2.474542212829322,0.1964454511335686,-0.08206924958800137,0.6552408194500388,-0.1308910596244987,1.0252091370240013,-1.7364305619799991,0.13955769503481574,0.8754713451736462,4
1.347237998845782,-1.3742876883859703,0.6127247171849837,9.576305087203991,-0.3949185347036622,-0.9540487237856985,-0.7239739984474585,3.1772185645233577,-1.2206738301324922,0.016698346396478714,-1.138778936540445,2
-0.3536463512712876,-1.4855615906569923,-0.05959826735324975,-0.39441184877637914,-0.7494810578347446,0.27658445633574763,0.877349936374533,-0.8577991120380178,-1.0272650556896785,0.8152841125456687,0.4176871902386257,3
-0.0017392443505141611,0.07227304113731528,-0.16303257266682422,0.6395884260660296,-0.2489222016496873,-0.007407815999970696,1.9152450793147124,0.4872067801491472,-0.25362995791841814,-0.2904500251993638,-0.9556652745664358,2
-0.9401581961392428,0.2948208456793588,-0.9905070151754191,-0.5421261737538661,0.18906679751223596,-0.10207190677854347,0.521500173080757,-0.4273972265381226,-0.18916036643748121,-0.7204577454335427,-1.138778936540445,2
0.29151667808346343,-0.7066442747598386,0.6644418698417709,-0.24669752379889204,-0.1863523446265551,0.27658445633574763,0.13599626284583322,0.702407722899065,0.8423530972575326,-0.1061610022418583,-1.138778936540445,2
-0.17769279781090114,0.5173686502214029,0.4058561065578348,0.1964454511335686,-0.040356011572580175,1.1285612733429027,0.13599626284583322,0.16440536602421088,0.004248408005335306,-0.22902035088019532,0.3261303592516219,2
-0.17769279781090114,-0.7622812258953496,0.14727034327389887,-0.4682690112651227,-0.2906354396651088,1.5072176364571936,1.0849289649625689,0.25586576669293787,0.5200051398528422,-0.2904500251993638,-1.3218925985144525,2
-0.2949951667844923,0.2948208456793588,-1.300809931116142,-0.39441184877637914,-0.31149205867281954,-0.6700564514499802,-0.8722447331531984,0.05680489464925202,0.3265963654100257,-0.5361687224760379,-0.8641084435794321,4
-0.7055534581920611,1.0737381615765127,-1.4042442364297165,-0.5421261737538661,0.7313388917127167,-0.9540487237856985,-0.9908613209177903,-0.22833635449443676,0.9068226887384724,-0.47473904815686935,-0.5894379506184191,2
-0.2949951667844923,-0.039000861133706786,-0.11131542001003698,-0.4682690112651227,-0.1446391066111336,-0.19673599755711624,-0.27916179433023863,0.9176086656489827,0.7778835057765957,-0.044731327922689794,-1.3218925985144525,3
-0.0017392443505141611,0.07227304113731528,0.04383603796032471,-0.4682690112651227,-0.22806558264197657,-0.48072826989283457,-0.21985350044794266,0.5948072515241061,0.5200051398528422,-0.2904500251993638,-0.4063242886444115,3
0.29151667808346343,0.739916454763447,-0.05959826735324975,-0.6159833362426096,-0.2906354396651088,-1.143376905342844,-0.7239739984474585,0.21820560171169032,-1.0272650556896785,0.508135740949826,-1.138778936540445,2
-0.11904161332410583,-1.3186507372504597,0.457573259214622,-0.24669752379889204,-0.8329075338655875,1.791209908792912,0.1656504097869812,-0.9115993477254972,-0.25362995791841814,2.1667369475673746,1.7910396550436871,4
-1.585321225493994,0.5173686502214029,-1.249092778459355,-0.7636976612200965,-0.16549572561884435,-0.9540487237856985,-1.0205154678589383,-0.9223593948630051,2.2606841098381767,-0.22902035088019532,-0.31476745765740777,1
-0.17769279781090114,0.2948208456793588,-0.5767697939211216,-0.39441184877637914,0.6687690346895845,-1.2380409961214167,-1.1984403495058262,-1.1590804318879384,-0.5759779153231085,-0.47473904815686935,0.6923576831996371,3
-1.526670041007198,0.40609474795038086,-1.4042442364297165,-0.8375548237088402,-0.5200582487499267,-0.48072826989283457,-0.8722447331531984,-2.574026630468815,0.9068226887384724,-0.5975983967952057,1.607925993069678,3
-0.7055534581920611,-0.9291920793018827,0.14727034327389887,-0.689840498731353,-0.16549572561884435,1.791209908792912,0.669770907786497,0.12674520104296333,0.8423530972575326,-0.9661764427102167,-0.9556652745664358,2
-0.11904161332410583,0.7955534058989581,1.4401991596935788,-0.5421261737538661,0.6061991776664503,1.5072176364571936,2.7752153406080042,0.05680489464925202,-0.8983258727278017,-0.22902035088019532,-0.9556652745664358,2
-1.1161117495996293,-0.7622812258953496,0.3024218012442606,0.565731263577286,-0.874620771881009,-0.38606417911426183,0.1656504097869812,-2.019884202887669,0.3265963654100257,-0.22902035088019532,1.607925993069678,3
0.5261214160306447,1.2684674905508013,-0.4733354886075473,-0.24669752379889204,1.2527543669054846,-0.5753923606714073,1.6483577568443806,0.11060513033673146,-2.8324136171559497,4.316775548738271,-0.22321062667040398,3
-0.3536463512712876,-1.3742876883859703,0.14727034327389887,-0.39441184877637914,-0.5409148677576374,0.18192036555717486,-0.3977783820948306,-0.8039988763505383,-0.18916036643748121,1.4910105300565215,0.7839145141866425,4
-0.5882510892184699,-1.2351953105471931,0.6127247171849837,-0.9852691486863271,-0.6034847247807696,-0.8593846330071256,-1.0798237617412343,-1.8208233308439834,-0.12469077495654142,-0.8433170940718797,0.96702817616065,3
-0.060390428837310516,-0.7066442747598386,0.19898749593068613,-0.4682690112651227,-0.12378248760342488,-0.7647205422285529,-0.6943198515063105,-0.3735969908506432,-0.4470387323612318,0.20098736935398356,0.14301669727761276,3
3.165424717936443,-0.6231888480565724,2.112522144231812,0.27030261362231217,-0.061212630580290625,0.08725627477860208,-0.1308910596244987,2.5316157362736047,-1.6074913790181224,0.8767137868648371,-0.4063242886444115,3
1.1712844453853963,-0.5397334213533058,0.8713104804689196,-0.09898319882140527,2.629291221414392,-1.0487128145642712,-1.0501696148000863,1.4556110225238368,-0.7693866897659251,-0.1675906765610268,-0.8641084435794321,3
-0.17769279781090114,-0.039000861133706786,-1.249092778459355,-0.6159833362426096,-0.3740619156959515,-0.5753923606714073,-0.3681242351536826,-0.5080975800693418,0.19765718244814898,-0.5361687224760379,-0.4063242886444115,2
-0.23634398229769646,-0.7066442747598386,0.09555319061711165,-0.5421261737538661,1.4404639379748814,-1.4273691776785624,-0.10123691268335071,0.3258060730866492,-0.06022118347560449,1.6138698786948587,-0.8641084435794321,3
0.46747023154384937,0.40609474795038086,-1.4042442364297165,-0.4682690112651227,-0.6243413437884824,-1.0487128145642712,-1.1094779086823823,0.5410070158366267,-0.833856281246862,-0.1675906765610268,-0.040096964696394795,3
-0.5882510892184699,0.9068273081699796,0.2507046485874733,-0.24669752379889204,-0.3949185347036622,1.791209908792912,1.6780119037855286,-0.20143623665069704,0.13318759096721203,-0.9047467683910483,-0.8641084435794321,2
0.6434237850042364,-1.2630137861149486,1.491916312350366,0.1964454511335686,-0.16549572561884435,-0.9540487237856985,-0.9018988800943464,-0.15839604810072544,-1.0272650556896785,1.6138698786948587,1.1501418381346575,5
0.9953308919250092,-0.9848290304373938,1.026461938439281,-0.39441184877637914,-0.5617714867653482,-0.9540487237856985,-1.0798237617412343,-0.4542973443818623,-0.5115083238421716,-0.8433170940718797,1.4248123310956704,3
-0.8228558271656516,-0.6510073236243279,0.3024218012442606,-0.24669752379889204,-0.1446391066111336,0.560576728671466,-0.3384700882125346,-0.9653995834129767,0.6489443228147189,0.5695654152689946,0.6008008522126332,3
0.7020749694910317,-0.37282256794677265,-0.16303257266682422,0.12258828864482539,0.08478370247368427,-0.19673599755711624,-0.10123691268335071,0.702407722899065,-1.2206738301324922,0.508135740949826,-0.4063242886444115,3
0.8780285229514186,-1.2630137861149486,0.6127247171849837,-0.6159833362426096,-0.5409148677576374,-1.2380409961214167,-1.1391320556235303,-1.019199819100456,-1.0917346471706155,-0.5361687224760379,0.96702817616065,4
-0.0017392443505141611,0.40609474795038086,-0.7319212518914832,0.048731126156081835,-0.061212630580290625,-0.9540487237856985,-0.6943198515063105,0.9176086656489827,0.004248408005335306,-0.41330937383770083,-1.138778936540445,3
0.760726153977827,-0.15027476340472884,0.457573259214622,0.1964454511335686,0.5853425586587395,0.9392330917857571,0.22495870366927717,0.2827658845366776,-0.833856281246862,0.13955769503481574,0.4176871902386257,2
-0.9401581961392428,-1.3742876883859703,0.04383603796032471,-0.09898319882140527,-1.5837458181431736,1.8858739995714848,1.5593953160209366,-3.2572896236998754,-0.3180995493993579,-1.6419028602210697,1.1501418381346575,4
-0.2949951667844923,0.4617316990858919,0.09555319061711165,-0.689840498731353,0.5436293206433203,-0.6700564514499802,-0.5460491168005706,0.37960630877412865,-0.3180995493993579,5.54536903512164,-1.2303357675274487,2
-1.3507164875468116,-1.0961029327084155,0.2507046485874733,7.656018862496661,-0.7077678198193231,-0.9540487237856985,1.9448992262558604,-0.5242376507755736,-0.06022118347560449,-0.5975983967952057,0.96702817616065,1
-1.1161117495996293,0.18354694340833735,-0.6284869465779088,-0.5421261737538661,-0.20720896363426583,0.08725627477860208,0.521500173080757,-2.019884202887669,0.13318759096721203,-0.3518796995185323,0.05145986629060898,3
-0.47094872024487877,-0.8179181770308607,1.0781790910960682,0.048731126156081835,-0.31149205867281954,0.560576728671466,1.0849289649625689,0.2720058373991698,0.06871799948627223,0.26241704367315205,-0.7725516125924282,1
-1.1161117495996293,-0.5953703724888169,-0.938789862518632,-0.17284036131014882,-0.7077678198193231,1.6965458180143393,0.49184602613960904,0.29352593167418545,0.6489443228147189,0.13955769503481574,-0.040096964696394795,3
-0.8228558271656516,0.12790999227282632,-0.6284869465779088,-0.24669752379889204,-0.2489222016496873,0.27658445633574763,-0.21985350044794266,-0.31979675516316375,0.6489443228147189,-0.41330937383770083,-0.31476745765740777,2
0.056911940136281154,0.40609474795038086,-0.8870727098618447,-0.24669752379889204,-0.061212630580290625,-0.19673599755711624,1.8855909323735645,-0.15839604810072544,-1.0272650556896785,0.016698346396478714,-0.5894379506184191,2
-0.4122975357580834,0.07227304113731528,-0.7319212518914832,-0.02512603633266172,0.18906679751223596,0.7499049102286115,0.551154320021905,0.6217073693678458,0.5200051398528422,-0.2904500251993638,-0.9556652745664358,2
2.5202616885816926,-1.2073768349794376,2.3193907548589605,-0.24669752379889204,-0.3323486776805303,-0.9540487237856985,-0.5460491168005706,1.0790093727114807,-2.7679440256750127,0.9995731355031735,-0.5894379506184191,5
-0.5882510892184699,-0.7622812258953496,0.19898749593068613,-0.09898319882140527,-0.2906354396651088,-0.6700564514499802,-0.04192861880105473,-0.2659965194756843,0.6489443228147189,-0.7204577454335427,-0.9556652745664358,3
1.347237998845782,2.7428466956418425,0.8195933278121323,0.27030261362231217,-0.2489222016496873,0.9392330917857571,1.2035455527271608,0.9176086656489827,-1.4785521960562455,-0.5361687224760379,-0.31476745765740777,3
-0.4122975357580834,-0.09463781226921782,-0.16303257266682422,-0.09898319882140527,0.06392708346597353,-0.7647205422285529,-0.27916179433023863,0.702407722899065,1.0357618717003492,0.016698346396478714,-0.7725516125924282,3
0.9366797074382139,0.3504577968148698,-1.0422241678322062,0.6395884260660296,0.2933498925507914,1.5072176364571936,0.6994250547276449,1.859112790180052,0.004248408005335306,0.32384671799232057,-0.5894379506184191,2
-0.47094872024487877,0.5730056013569139,-0.7836384045482704,1.8951601883746687,0.4810594636201881,3.2111712704715036,1.8559367854324165,0.8638084299615033,-0.3180995493993579,0.6924247639073317,-0.9556652745664358,2
-1.2334141185732204,-0.9291920793018827,-0.16303257266682422,-0.24669752379889204,0.1473535594968165,0.27658445633574763,-0.1605452065656467,-1.126800290475415,1.6804577865097299,-0.5361687224760379,1.1501418381346575,3
-1.1161117495996293,-1.2073768349794376,-0.938789862518632,-0.8375548237088402,-0.45748839172679445,-0.10207190677854347,-0.5757032637417185,-1.1321803140441988,0.7134139142956558,0.26241704367315205,-0.4063242886444115,4
-0.8228558271656516,-0.20591171454023988,-0.4216183359507601,-0.6159833362426096,-0.1863523446265551,-0.29140008833568903,-0.6350115576240145,-0.658738239994332,0.4555355483719024,-0.1061610022418583,-0.5894379506184191,3
-0.47094872024487877,-0.5953703724888169,0.19898749593068613,-0.689840498731353,-0.16549572561884435,-0.10207190677854347,-0.1605452065656467,0.5948072515241061,0.004248408005335306,-0.1061610022418583,-1.3218925985144525,2
1.1712844453853963,0.3504577968148698,0.7678761751553451,0.1964454511335686,0.04307046445826279,1.791209908792912,0.758733348609941,1.240410079773919,-0.18916036643748121,0.26241704367315205,-0.8641084435794321,3
-0.17769279781090114,0.5173686502214029,0.3024218012442606,0.12258828864482539,0.0013572264428413092,-0.007407815999970696,-0.3088159412713866,0.2720058373991698,0.004248408005335306,-0.47473904815686935,0.23457352826461653,3
-0.17769279781090114,-1.3742876883859703,0.8713104804689196,-0.5421261737538661,-0.1446391066111336,1.1285612733429027,0.610462613904201,-0.9062193241567732,0.3265963654100257,0.016698346396478714,0.6923576831996371,2
0.29151667808346343,-1.2630137861149486,0.5610075645281964,-0.17284036131014882,-0.5826281057730589,0.27658445633574763,0.7290792016687929,-0.680258334269288,0.5200051398528422,0.3852763923114891,1.241698669121663,3
0.5847726005174411,-0.7622812258953496,0.6644418698417709,0.048731126156081835,-0.31149205867281954,-0.5753923606714073,-0.6350115576240145,0.9176086656489827,0.19765718244814898,0.5695654152689946,-0.22321062667040398,3
2.1683545816609198,0.5730056013569139,1.1816133964096427,-0.8375548237088402,-0.353205296688241,-0.9540487237856985,-0.6350115576240145,0.6539875107803096,-1.5430217875371854,-0.3518796995185323,-0.040096964696394795,1
0.9366797074382139,1.0737381615765127,1.4401991596935788,-0.6159833362426096,1.0024749388129564,0.7499049102286115,0.13599626284583322,0.44416659159911587,0.2621267739290888,1.736729227333195,-0.4063242886444115,2
1.347237998845782,-0.9291920793018827,1.5436334650071526,-0.17284036131014882,-0.019499392564869433,-0.9540487237856985,-0.8129364392709024,0.035284800374236355,-1.0917346471706155,0.3852763923114891,0.6008008522126332,4
-0.060390428837310516,-1.3742876883859703,1.6987849229775145,0.3441597761110557,0.3350631305662129,-0.5753923606714073,-0.7536281453886065,0.8530483828239954,0.5200051398528422,0.13955769503481574,0.14301669727761276,2
0.46747023154384937,1.3241044416863124,-1.1973756258025678,-0.689840498731353,-0.20720896363426583,-1.143376905342844,-0.9908613209177903,0.702407722899065,-0.12469077495654142,-0.7204577454335427,-0.6809947816054245,1
-0.4122975357580834,-0.20591171454023988,-0.05959826735324975,-0.689840498731353,3.0881368395840285,-0.5753923606714073,1.2035455527271608,0.05680489464925202,-1.2851434216134319,0.8767137868648371,-1.0472221055534396,2
-0.5882510892184699,-0.9848290304373938,-0.16303257266682422,-0.39441184877637914,-0.4366317727190837,1.1285612733429027,0.017379675081241247,-0.5027175565006177,0.7778835057765957,-0.7204577454335427,-0.4063242886444115,1
-0.11904161332410583,0.739916454763447,2.215956449545386,-0.24669752379889204,0.20992341651994872,0.8445690010071844,2.4193655773142284,0.2720058373991698,-1.4785521960562455,-0.7818874197527113,-1.3218925985144525,2
2.6375640575552843,0.4895501746536474,2.0090878389182376,2.412160325795873,-0.10292586859571211,-0.8593846330071256,-0.1605452065656467,2.96201762177344,-1.5430217875371854,0.4467060666306576,-0.4063242886444115,4
-1.8199259634411755,-1.0404659815729045,-1.4042442364297165,-0.5421261737538661,-0.791194295850166,1.03389718256433,0.46219187919846105,-2.7408073610999772,2.3896232928000534,0.8152841125456687,3.2559489508357524,3
-0.5295999047316741,0.6008240769246694,-0.8870727098618447,-0.09898319882140527,-0.16549572561884435,-0.007407815999970696,-0.42743252903597856,0.3580862144991727,1.7449273779906698,0.20098736935398356,0.3261303592516219,4
-1.057460565112834,-0.7066442747598386,-0.8870727098618447,-0.39441184877637914,-0.2489222016496873,1.3178894549000482,-0.012274471859906742,-0.6210780750130844,0.3265963654100257,-1.0890357913485538,-0.9556652745664358,3
-0.17769279781090114,0.2948208456793588,0.04383603796032471,0.4918741010885428,-0.45748839172679445,0.46591263789289317,1.9745533731970084,0.3258060730866492,-0.5759779153231085,-0.7204577454335427,-0.9556652745664358,3
-1.2920653030600162,0.9902827348732461,-0.8870727098618447,0.1964454511335686,-0.1446391066111336,-0.29140008833568903,-0.5757032637417185,-0.2068162602194211,1.8738665609525464,0.016698346396478714,-0.22321062667040398,2
2.6962152420420797,-0.9848290304373938,1.1298962437528555,2.412160325795873,-0.45748839172679445,-1.0487128145642712,-0.3681242351536826,2.5316157362736047,-0.7049170982849853,0.016698346396478714,1.4248123310956704,4
1.288586814358987,-1.5968354929280144,1.026461938439281,-0.3205546862876356,-0.45748839172679445,-0.9540487237856985,-0.6943198515063105,0.5948072515241061,-1.0272650556896785,1.4910105300565215,0.5092440212256295,4
0.9366797074382139,-0.15027476340472884,1.1816133964096427,8.320733324895352,2.441581650344996,3.021843088914358,1.0256206710802729,3.0803781402859665,-0.9627954642087387,0.5695654152689946,-1.50500626048846,2
-0.23634398229769646,1.0737381615765127,-1.3525270837729293,-0.4682690112651227,-0.2489222016496873,-0.8593846330071256,-0.45708667597712654,-0.007755388175735246,0.5200051398528422,-0.7204577454335427,-0.7725516125924282,2
-0.47094872024487877,-0.7066442747598386,-0.7836384045482704,0.3441597761110557,0.08478370247368427,1.2232253641214754,0.1656504097869812,0.003004658961772587,0.39106595689096546,0.26241704367315205,-0.13165379568339858,3
0.6434237850042364,-0.6510073236243279,1.0781790910960682,1.5258743759309512,-0.3323486776805303,-0.5753923606714073,-0.8129364392709024,0.3258060730866492,0.19765718244814898,0.8152841125456687,1.607925993069678,4
-1.4093676720336068,-1.8750202486055694,-0.31818403063718576,-0.6159833362426096,-0.8954773908887197,3.873819905921513,2.5972904589611163,-1.7670230951565038,0.06871799948627223,-1.3347544886252274,-0.8641084435794321,2
-0.9988093806260386,0.2948208456793588,-1.300809931116142,-0.39441184877637914,-0.5409148677576374,1.9805380903500576,0.1656504097869812,-1.5894823173878336,0.2621267739290888,0.6309950895881631,1.0585850071476537,4
0.5847726005174411,-0.7622812258953496,0.8713104804689196,-0.3205546862876356,0.3976329875893451,1.6965458180143393,2.3007489895496365,0.5948072515241061,-1.0917346471706155,3.4567601082699118,-0.8641084435794321,2
1.0539820764118046,-1.3742876883859703,0.974744785782494,-0.5421261737538661,-0.791194295850166,-1.0487128145642712,-1.0205154678589383,0.37960630877412865,-1.7364305619799991,0.8152841125456687,-0.22321062667040398,3
-0.8228558271656516,-0.9291920793018827,-0.11131542001003698,-0.09898319882140527,0.20992341651994872,-1.0487128145642712,-0.9315530270354944,-0.15839604810072544,0.6489443228147189,-0.3518796995185323,-0.31476745765740777,3
-1.057460565112834,1.9639293797446886,-1.249092778459355,2.264446000818386,-0.1863523446265551,0.6552408194500388,-0.012274471859906742,-0.5242376507755736,1.7449273779906698,-0.9661764427102167,0.6923576831996371,1
0.4088190470570541,-0.4840964702177947,1.1298962437528555,-0.09898319882140527,-0.20720896363426583,0.9392330917857571,2.1821324017850445,0.5948072515241061,-0.5115083238421716,-0.47473904815686935,-1.138778936540445,2
0.3501678625702588,-1.2073768349794376,0.457573259214622,0.048731126156081835,-0.6660545818039039,-0.5753923606714073,-0.24950764738909065,-0.5780378864631128,0.5844747313337791,0.20098736935398356,1.241698669121663,2
-0.47094872024487877,0.4617316990858919,-0.05959826735324975,-0.4682690112651227,-0.31149205867281954,0.7499049102286115,1.2035455527271608,-0.3090367080256559,-0.06022118347560449,-0.7818874197527113,-0.5894379506184191,2
2.1683545816609198,-0.8735551281663717,2.5262593654861094,1.2304457259759776,-0.45748839172679445,-0.8593846330071256,-0.27916179433023863,1.9936133793986908,-0.5759779153231085,-0.3518796995185323,2.3403806409657113,4
-0.3536463512712876,2.6593912689385752,-0.6284869465779088,-0.3205546862876356,0.2933498925507914,-0.48072826989283457,-0.45708667597712654,-0.3520768965756275,-0.5115083238421716,-1.0890357913485538,-0.4063242886444115,2
1.5818427367929644,-1.8193832974700583,1.0781790910960682,-0.39441184877637914,5.319795073409074,-0.9540487237856985,-0.8722447331531984,0.6486074872115856,-0.06022118347560449,0.32384671799232057,0.05145986629060898,2
-0.5882510892184699,0.12790999227282632,-1.249092778459355,-0.689840498731353,-0.3323486776805303,0.08725627477860208,-0.1605452065656467,-0.5887979336005609,0.39106595689096546,-1.0890357913485538,-1.3218925985144525,1
1.5231915523061692,-0.8735551281663717,1.5953506176639398,1.0827314009984905,-0.353205296688241,0.08725627477860208,0.521500173080757,1.428710904680097,-0.5759779153231085,0.7538544382265001,-0.31476745765740777,2
0.46747023154384937,-0.039000861133706786,0.3024218012442606,-0.9114119861975835,-0.3740619156959515,-0.6700564514499802,-0.5163949698594226,0.5948072515241061,-0.4470387323612318,-0.3518796995185323,-1.0472221055534396,2
-0.2949951667844923,0.5730056013569139,1.0781790910960682,-0.6159833362426096,0.2516366545353702,-0.19673599755711624,1.4407787282563447,-0.31979675516316375,-0.7693866897659251,-0.22902035088019532,-0.8641084435794321,2
0.29151667808346343,-1.5968354929280144,1.3884820070367916,-0.02512603633266172,-0.10292586859571211,0.8445690010071844,0.28426699755157314,0.8638084299615033,0.5200051398528422,-0.7204577454335427,-1.138778936540445,2
0.5261214160306447,-0.5397334213533058,1.2850477017232171,-0.17284036131014882,-0.10292586859571211,-0.19673599755711624,-0.7239739984474585,0.4872067801491472,0.2621267739290888,-0.2904500251993638,0.7839145141866425,3
-1.2334141185732204,0.9624642593054906,-0.6284869465779088,1.8951601883746687,-0.2489222016496873,-0.29140008833568903,-0.6053574106828665,-0.2552364723381765,1.4870490120669162,-0.3518796995185323,1.3332555001086668,3
-0.11904161332410583,1.0737381615765127,-0.938789862518632,0.1964454511335686,-0.08206924958800137,0.18192036555717486,0.04703382202238924,1.4556110225238368,0.7778835057765957,0.3852763923114891,0.6008008522126332,3
1.875098659226942,-1.2630137861149486,1.6987849229775145,-0.39441184877637914,-0.4366317727190837,-0.38606417911426183,-0.6053574106828665,0.7562079585865444,-1.2851434216134319,1.9210182502907005,-0.31476745765740777,3
-0.0017392443505141611,-1.4855615906569923,0.5092904118714092,-0.8375548237088402,-0.2489222016496873,-0.7647205422285529,-0.7239739984474585,0.37960630877412865,-0.3180995493993579,0.26241704367315205,-0.7725516125924282,3
1.1126332608985998,-1.6524724440635254,0.5092904118714092,-0.24669752379889204,-0.6451979627961909,-0.19673599755711624,-0.3384700882125346,-0.2982766608881481,-0.5115083238421716,-1.0276061170293853,-1.0472221055534396,1
-0.2949951667844923,0.628642552492425,-1.4042442364297165,-0.4682690112651227,-0.3323486776805303,1.03389718256433,0.22495870366927717,-0.2659965194756843,0.004248408005335306,-0.1675906765610268,0.5092440212256295,2
-0.8228558271656516,0.2948208456793588,-1.3525270837729293,-0.4682690112651227,-0.16549572561884435,2.264530362685776,0.19530455672812919,0.0729449653554839,0.5844747313337791,0.4467060666306576,-0.6809947816054245,2
-0.2949951667844923,1.9639293797446886,-1.4042442364297165,0.048731126156081835,0.20992341651994872,0.8445690010071844,0.580808466963053,0.05680489464925202,-0.7049170982849853,0.13955769503481574,-0.5894379506184191,2
-0.6469022737052652,1.1015566371442682,-1.1456584731457808,1.5628029571753235,-0.040356011572580175,-1.143376905342844,-1.0798237617412343,-0.2659965194756843,0.6489443228147189,-1.6419028602210697,0.4176871902386257,2
-1.8785771479279714,0.3226393212471143,-1.4042442364297165,-0.6159833362426096,-0.9163340098964304,-0.19673599755711624,1.1442372588448648,-2.181284909950167,1.6159881950287929,1.736729227333195,2.248823809978708,4
1.1712844453853963,-0.15027476340472884,0.7678761751553451,-0.39441184877637914,-0.3949185347036622,0.46591263789289317,0.10634211590468522,0.8100081942740238,-0.9627954642087387,0.3852763923114891,0.96702817616065,3
-0.8815070116524475,0.739916454763447,-1.0422241678322062,-0.689840498731353,-0.3740619156959515,-0.007407815999970696,0.4028835853161651,-0.5242376507755736,-0.12469077495654142,-0.3518796995185323,-1.0472221055534396,2
-0.3536463512712876,0.5730056013569139,-0.9905070151754191,-0.4682690112651227,-0.2489222016496873,-0.10207190677854347,-0.6053574106828665,0.003004658961772587,0.06871799948627223,-0.7204577454335427,-0.8641084435794321,3
-0.0017392443505141611,0.18354694340833735,-0.26646687798039853,-0.09898319882140527,-0.12378248760342488,-0.5753923606714073,1.1442372588448648,0.8638084299615033,0.39106595689096546,-0.22902035088019532,-0.8641084435794321,2
-1.2334141185732204,0.5730056013569139,0.19898749593068613,-0.6159833362426096,0.0013572264428413092,-0.10207190677854347,0.49184602613960904,0.11060513033673146,0.9712922802194093,0.8152841125456687,-1.0472221055534396,2
1.1712844453853963,-1.0404659815729045,1.2850477017232171,0.1964454511335686,1.4821771759903029,-0.10207190677854347,0.818041642492237,1.6708119652738143,-0.833856281246862,-0.1061610022418583,-0.9556652745664358,2
-0.3536463512712876,2.4368434643965315,-0.8870727098618447,-0.3205546862876356,0.5019160826278968,-0.48072826989283457,-0.7536281453886065,-0.21219628378820488,-0.3180995493993579,-0.9661764427102167,-0.8641084435794321,2
0.46747023154384937,-1.2630137861149486,0.3541389539010478,-0.39441184877637914,-0.49920162974221594,-0.38606417911426183,-0.6646657045651625,-0.8255189706254943,-0.3180995493993579,1.1224324841415105,1.1501418381346575,4
0.11556312462307647,0.7120979791956915,1.1298962437528555,2.6337318132621035,0.710482272705006,1.6965458180143393,3.071756810019484,2.3164147935235673,0.004248408005335306,2.9653227137165636,-1.0472221055534396,2
-0.5882510892184699,0.7955534058989581,-1.300809931116142,-0.24669752379889204,-0.3323486776805303,1.412553545678621,1.3221621404917527,-0.5565177921880972,0.06871799948627223,0.13955769503481574,0.5702819085503279,3
-0.7055534581920611,0.8511903570344691,-1.0422241678322062,-0.4682690112651227,-0.26977882065739806,-0.007407815999970696,0.10634211590468522,0.08370501249299174,0.4555355483719024,-0.8433170940718797,-0.8641084435794321,2
1.6404939212797598,-0.7622812258953496,1.3884820070367916,0.12258828864482539,0.1473535594968165,0.46591263789289317,1.5890494629620846,1.8322126723362526,-1.1562042386515552,-0.9047467683910483,-0.8641084435794321,2
0.29151667808346343,0.4617316990858919,-0.4216183359507601,1.0827314009984905,0.12649694048910576,1.3178894549000482,0.640116760845349,0.6324674165053537,-0.5759779153231085,-0.9661764427102167,-0.4063242886444115,3
2.402959319608102,-0.20591171454023988,1.5953506176639398,0.3441597761110557,0.31420651155850216,1.1285612733429027,1.5297411690797886,2.2088143221486085,-0.9627954642087387,2.105307273248206,0.96702817616065,3
0.29151667808346343,0.9624642593054906,-1.4042442364297165,-0.6159833362426096,-0.3949185347036622,-0.7647205422285529,-0.8425905862120504,0.16978538959293493,0.004248408005335306,-0.7818874197527113,-0.4063242886444115,3
1.347237998845782,-1.2073768349794376,1.1298962437528555,-0.02512603633266172,-0.4366317727190837,-0.9540487237856985,-0.7832822923297544,1.0790093727114807,-0.3180995493993579,1.2452918327798475,0.23457352826461653,3
0.760726153977827,-0.8179181770308607,0.19898749593068613,-0.02512603633266172,0.16821017850452724,-0.007407815999970696,0.04703382202238924,0.8100081942740238,-0.7693866897659251,0.26241704367315205,-0.4063242886444115,4
0.46747023154384937,-1.3742876883859703,0.974744785782494,4.775589525435665,0.5436293206433203,-1.2380409961214167,-1.1391320556235303,1.245790103342643,-0.833856281246862,-0.3518796995185323,0.4176871902386257,3
2.4616105040948972,0.18354694340833735,1.1298962437528555,-0.09898319882140527,-0.49920162974221594,-1.0487128145642712,-0.6053574106828665,1.7246122009612936,-1.4785521960562455,1.3067215070990161,0.4176871902386257,2
-1.2334141185732204,0.40609474795038086,-0.9905070151754191,-0.39441184877637914,0.04307046445826279,1.5072176364571936,-0.10123691268335071,-0.9653995834129767,0.9068226887384724,-0.47473904815686935,0.05145986629060898,2
-0.4122975357580834,1.1850120638475348,-1.4042442364297165,-0.4682690112651227,0.2516366545353702,-0.9540487237856985,-1.0501696148000863,-0.7986188527817546,0.3265963654100257,-0.41330937383770083,0.5092440212256295,2
-0.2949951667844923,1.6022891973638669,-1.3525270837729293,0.048731126156081835,-0.2906354396651088,3.021843088914358,1.2628538466094568,-0.26061649590690056,0.4555355483719024,-0.22902035088019532,0.3261303592516219,2
-0.8228558271656516,1.1850120638475348,-1.249092778459355,-0.17284036131014882,-0.7077678198193231,-0.8593846330071256,-0.9315530270354944,-0.8685591591755256,0.9068226887384724,-0.1675906765610268,0.96702817616065,3
1.6404939212797598,-0.5953703724888169,1.026461938439281,0.08565970740045345,-0.061212630580290625,-0.6700564514499802,-0.3977783820948306,0.3580862144991727,-0.4470387323612318,0.6924247639073317,1.5163691620826742,4
-0.8815070116524475,2.1308402331512215,-1.0939413204889936,-0.39441184877637914,-0.5826281057730589,-1.143376905342844,-1.0798237617412343,-0.4166371794006148,1.4225794205859765,-0.1061610022418583,0.4176871902386257,1
-0.4122975357580834,-1.2073768349794376,0.3541389539010478,-0.02512603633266172,-0.12378248760342488,0.9392330917857571,-0.3681242351536826,-1.6863227416252848,-0.5759779153231085,-0.41330937383770083,1.882596486030691,4
-0.6469022737052652,-0.2615486656757509,-1.0422241678322062,2.190588838329643,0.02221384545055205,-0.5753923606714073,-0.8722447331531984,0.07832498892420796,0.39106595689096546,0.13955769503481574,0.6923576831996371,4
-1.3507164875468116,-0.09463781226921782,-1.4042442364297165,-0.3205546862876356,-0.49920162974221594,2.264530362685776,0.19530455672812919,-0.9115993477254972,1.4870490120669162,1.675299553014027,0.23457352826461653,3
0.9366797074382139,1.1850120638475348,-0.4216183359507601,2.412160325795873,0.4810594636201881,1.6018817272357666,0.847695789433385,1.1220495612614523,-1.0917346471706155,-0.6590280711143742,-0.9556652745664358,2
1.2299356298721915,-1.5968354929280144,0.974744785782494,-0.5421261737538661,-0.26977882065739806,-0.9540487237856985,-0.7832822923297544,0.4872067801491472,-0.38256914088029487,2.228166621886543,0.3261303592516219,4
-0.4122975357580834,1.46319681952509,-0.31818403063718576,-0.17284036131014882,-0.019499392564869433,0.46591263789289317,0.610462613904201,-0.6425981692880404,-1.2206738301324922,-1.3347544886252274,-1.138778936540445,2
0.9953308919250092,-1.1517398838439266,1.647067770320727,-0.24669752379889204,-0.22806558264197657,-1.2380409961214167,-0.9612071739766423,1.4556110225238368,-0.7049170982849853,0.7538544382265001,-0.7725516125924282,2
-0.17769279781090114,1.1015566371442682,-0.16303257266682422,0.1964454511335686,-0.10292586859571211,-0.5753923606714073,0.43253773225731307,0.08370501249299174,0.2621267739290888,-0.5975983967952057,-0.4063242886444115,3
0.9953308919250092,-1.2073768349794376,1.026461938439281,0.048731126156081835,-0.061212630580290625,-0.19673599755711624,-0.42743252903597856,1.590111611742595,0.3265963654100257,0.8767137868648371,0.05145986629060898,4
-1.2334141185732204,-0.5397334213533058,-0.26646687798039853,-0.5421261737538661,-0.20720896363426583,0.46591263789289317,0.25461285061042516,-0.19605621308191326,1.3581098291050395,-0.3518796995185323,-0.8641084435794321,3
0.760726153977827,0.18354694340833735,-0.2147497253236113,0.6395884260660296,0.2933498925507914,1.9805380903500576,1.3221621404917527,1.5632114938988553,-0.06022118347560449,-0.044731327922689794,-0.31476745765740777,2
-0.23634398229769646,-0.9848290304373938,0.974744785782494,0.7873027510435167,-0.20720896363426583,-0.10207190677854347,-0.3088159412713866,0.3258060730866492,0.2621267739290888,1.2452918327798475,2.157266978991704,5
0.7020749694910317,1.9917478553124441,-0.007881114696462521,-0.17284036131014882,-0.08206924958800137,1.412553545678621,2.893831928372596,0.5948072515241061,-0.4470387323612318,-0.7818874197527113,-0.9556652745664358,2
0.8780285229514186,-1.5411985417925034,1.1298962437528555,0.12258828864482539,0.0013572264428413092,-0.10207190677854347,-0.42743252903597856,0.8100081942740238,0.7134139142956558,1.4910105300565215,-0.4063242886444115,3
-0.8228558271656516,-0.2615486656757509,-0.36990118329397287,-0.4682690112651227,-0.12378248760342488,-0.6700564514499802,-0.7239739984474585,-0.4542973443818623,0.5200051398528422,-1.396184162944396,-1.27611418302095,1
-1.1161117495996293,-0.9291920793018827,1.3367648543800044,-0.24669752379889204,2.962997125537764,0.27658445633574763,-0.3681242351536826,-1.7724031187252878,0.39106595689096546,1.675299553014027,1.7910396550436871,3
-0.060390428837310516,-0.5397334213533058,0.09555319061711165,-0.689840498731353,-0.1446391066111336,1.03389718256433,-0.07158276574220272,-0.3574569201444113,-0.38256914088029487,-0.7204577454335427,-0.13165379568339858,2
0.3501678625702588,-2.2644789065541464,0.9230276331257068,-0.5421261737538661,-0.26977882065739806,-0.5753923606714073,-0.7832822923297544,-0.6318381221505922,0.6489443228147189,0.6309950895881631,1.3332555001086668,4
0.3501678625702588,1.2406490149830458,-0.6802040992346959,-0.02512603633266172,-0.040356011572580175,-0.6700564514499802,-0.5163949698594226,0.8315282885490395,0.19765718244814898,-0.1061610022418583,0.05145986629060898,2
0.5847726005174411,-0.8179181770308607,1.0781790910960682,0.9350170760210035,0.9190484627821134,-1.2380409961214167,-1.0798237617412343,-0.4973375329318339,-0.5115083238421716,-0.5361687224760379,2.523494302939719,3
0.7020749694910317,0.23918389454384775,-0.007881114696462521,-0.17284036131014882,-0.12378248760342488,0.6552408194500388,2.864177781431448,0.605567298661614,-0.25362995791841814,-0.6590280711143742,-0.9556652745664358,2
-0.23634398229769646,-0.15027476340472884,0.3024218012442606,-0.39441184877637914,-0.08206924958800137,-0.10207190677854347,2.8345236344903,0.05680489464925202,-0.7049170982849853,-0.6590280711143742,-0.8641084435794321,2
0.3501678625702588,0.6008240769246694,0.5092904118714092,-0.6159833362426096,3.6512655527922186,-1.0487128145642712,0.43253773225731307,0.21820560171169032,-1.9943089279037525,2.6581743421207227,-1.0472221055534396,2
-0.3536463512712876,0.4617316990858919,-0.4733354886075473,-0.09898319882140527,-0.10292586859571211,-0.9540487237856985,-0.8129364392709024,-0.21219628378820488,-0.12469077495654142,-0.3518796995185323,-0.22321062667040398,3
1.347237998845782,2.7706651712095973,0.8195933278121323,0.1964454511335686,-0.16549572561884435,0.46591263789289317,1.0849289649625689,0.9714089013365219,-1.6074913790181224,-0.5361687224760379,-0.31476745765740777,2
-0.0017392443505141611,-0.5953703724888169,0.5610075645281964,-0.02512603633266172,0.12649694048910576,0.7499049102286115,0.3732294383750171,0.6486074872115856,0.004248408005335306,0.26241704367315205,0.3261303592516219,3
-0.47094872024487877,0.01663609000180425,-1.0939413204889936,0.048731126156081835,-0.040356011572580175,0.3712485471143204,-0.10123691268335071,-0.10459581241318629,0.4555355483719024,-0.41330937383770083,0.23457352826461653,3
-0.7055534581920611,0.40609474795038086,-1.4042442364297165,-0.5421261737538661,-0.2906354396651088,-0.007407815999970696,-0.3977783820948306,0.2720058373991698,1.0357618717003492,0.26241704367315205,-0.4978811196314153,3
0.7020749694910317,1.1571935882797793,-0.8870727098618447,-0.3205546862876356,-0.1863523446265551,-0.9540487237856985,-0.4867408229182746,1.0252091370240013,-0.5115083238421716,-0.5975983967952057,-0.31476745765740777,3
2.7548664265288747,-1.1517398838439266,1.9573706862614506,0.048731126156081835,0.10564032148139502,-0.10207190677854347,-0.012274471859906742,1.5632114938988553,-1.6719609704990621,-0.2904500251993638,0.14301669727761276,2
0.29151667808346343,-0.8735551281663717,1.0781790910960682,-0.3205546862876356,0.18906679751223596,2.1698662719072033,2.893831928372596,0.4334065444616678,-1.7364305619799991,2.2895962962057115,-1.0472221055534396,2
0.23286549359666708,0.07227304113731528,-0.05959826735324975,-0.02512603633266172,0.18906679751223596,-0.8593846330071256,-0.4867408229182746,0.4872067801491472,-0.25362995791841814,-0.3518796995185323,-1.0472221055534396,3
0.29151667808346343,-1.0961029327084155,0.7161590224985579,2.486017488284617,-0.31149205867281954,-0.8593846330071256,-1.0205154678589383,-0.061555623863214684,-0.06022118347560449,-0.22902035088019532,1.5163691620826742,4
-0.8815070116524475,0.8511903570344691,-0.31818403063718576,-0.3205546862876356,-0.3740619156959515,-0.6700564514499802,-0.7239739984474585,-0.664118263563056,0.4555355483719024,-0.3518796995185323,-0.13165379568339858,2
-0.8228558271656516,1.7413815752026445,-0.31818403063718576,1.1565885634872337,-0.2906354396651088,-0.007407815999970696,0.521500173080757,0.9283687127864906,1.4225794205859765,0.3852763923114891,-1.0930005210469422,3
-0.2949951667844923,0.23918389454384775,0.19898749593068613,-0.5421261737538661,-0.3949185347036622,0.9392330917857571,2.1524782548438965,-0.2390964016319446,-0.12469077495654142,-0.7818874197527113,-1.0472221055534396,2
2.1097033971741244,-0.8735551281663717,2.164239296888599,-0.17284036131014882,-0.20720896363426583,-0.38606417911426183,-0.6943198515063105,-0.48119746222560206,-1.9943089279037525,-0.044731327922689794,2.157266978991704,3
-0.9988093806260386,0.4617316990858919,-1.4042442364297165,-0.689840498731353,-0.3949185347036622,-1.143376905342844,-1.1687862025646782,-1.471121798875367,0.13318759096721203,-1.7647622088594066,-0.040096964696394795,1
-0.7055534581920611,-0.9848290304373938,0.09555319061711165,-0.02512603633266172,0.16821017850452724,0.3712485471143204,0.1656504097869812,-0.2659965194756843,0.7134139142956558,-0.044731327922689794,0.5092440212256295,3
0.8193773384646224,0.9068273081699796,0.2507046485874733,-0.02512603633266172,0.0013572264428413092,0.560576728671466,1.2925079935506048,0.6486074872115856,-0.12469077495654142,-0.22902035088019532,-0.31476745765740777,2
0.23286549359666708,-0.5953703724888169,0.9230276331257068,-0.09898319882140527,-0.3323486776805303,1.5072176364571936,0.3435752914338691,-0.2821365901819162,0.13318759096721203,0.6924247639073317,1.4248123310956704,3
-0.5882510892184699,0.684279503627936,-1.4042442364297165,-0.9852691486863271,-0.4783450107345052,-0.10207190677854347,-0.7832822923297544,-1.126800290475415,0.5200051398528422,-1.1504654656677222,-0.4063242886444115,4
2.8721687955024655,-0.37282256794677265,1.2850477017232171,-0.24669752379889204,-0.353205296688241,-0.38606417911426183,-0.3681242351536826,2.1012138507736497,-1.3496130130943689,-0.5975983967952057,-1.3218925985144525,3
0.4088190470570541,-0.7066442747598386,0.7161590224985579,-0.39441184877637914,-0.6243413437884824,-0.10207190677854347,-0.21985350044794266,-1.3742813746378562,-0.5759779153231085,-0.3518796995185323,1.607925993069678,3
-1.1747629340864252,0.12790999227282632,-0.6284869465779088,-0.5421261737538661,-0.22806558264197657,0.9392330917857571,-0.3681242351536826,-1.9122837315127104,0.06871799948627223,0.9995731355031735,1.0585850071476537,3
-0.5882510892184699,2.1308402331512215,-0.8870727098618447,-0.5421261737538661,-0.2906354396651088,0.3712485471143204,0.25461285061042516,0.01376470609928042,0.2621267739290888,-0.5975983967952057,-1.138778936540445,2
0.46747023154384937,-0.7066442747598386,1.1816133964096427,-0.5421261737538661,-0.353205296688241,-0.8593846330071256,-0.9315530270354944,-1.1160402433379668,-0.6404475068040483,0.20098736935398356,1.882596486030691,5
-0.0017392443505141611,-1.3742876883859703,1.0781790910960682,-0.3205546862876356,0.10564032148139502,-0.9540487237856985,-1.0501696148000863,-1.4065615160503797,-0.3180995493993579,-0.22902035088019532,1.7910396550436871,4
-1.2920653030600162,0.40609474795038086,-0.9905070151754191,-0.5421261737538661,-0.353205296688241,-0.19673599755711624,-0.07158276574220272,-1.7939232130002436,0.4555355483719024,-0.7204577454335427,0.5092440212256295,2
-0.7055534581920611,-0.039000861133706786,-1.249092778459355,0.048731126156081835,-0.2489222016496873,0.46591263789289317,1.3221621404917527,0.40650642661786834,1.2291706461431628,-0.3518796995185323,-0.5894379506184191,2
-0.8228558271656516,1.3241044416863124,-1.300809931116142,-0.17284036131014882,-0.5200582487499267,1.791209908792912,0.46219187919846105,0.4334065444616678,1.6804577865097299,0.7538544382265001,-0.4978811196314153,2
-0.47094872024487877,3.2713977314291967,-0.8870727098618447,0.41801693859979927,-0.040356011572580175,-1.0487128145642712,-1.0501696148000863,-0.48119746222560206,1.4870490120669162,-0.3518796995185323,0.6923576831996371,1
-0.9988093806260386,-0.039000861133706786,-0.9905070151754191,-0.09898319882140527,-0.3740619156959515,-0.29140008833568903,-0.6350115576240145,-1.6755626944877768,0.5844747313337791,0.3852763923114891,1.882596486030691,4
-1.1161117495996293,-0.8735551281663717,-0.11131542001003698,-0.4682690112651227,-0.2906354396651088,0.46591263789289317,0.04703382202238924,0.37960630877412865,1.6804577865097299,-0.22902035088019532,-0.5894379506184191,3
-0.9988093806260386,-0.7622812258953496,1.1298962437528555,-0.6159833362426096,-0.3740619156959515,0.6552408194500388,3.012448516137188,-2.4180059469751005,-1.2206738301324922,-0.9661764427102167,0.96702817616065,3
0.46747023154384937,-1.3742876883859703,1.0781790910960682,-0.5421261737538661,-0.4366317727190837,0.9392330917857571,-0.04192861880105473,0.003004658961772587,0.06871799948627223,2.35102597052488,0.14301669727761276,3
-0.7055534581920611,-0.5397334213533058,0.7678761751553451,2.190588838329643,-0.3740619156959515,1.2232253641214754,2.4193655773142284,0.3258060730866492,0.7134139142956558,0.3852763923114891,0.05145986629060898,2
-0.7642046426788563,0.628642552492425,-1.300809931116142,-0.3205546862876356,-0.4366317727190837,-0.6700564514499802,-0.7239739984474585,0.16440536602421088,1.0357618717003492,0.07812802071564723,-0.9556652745664358,3
0.8780285229514186,0.739916454763447,0.6127247171849837,0.4918741010885428,-0.10292586859571211,0.46591263789289317,0.3435752914338691,1.1866098440864397,0.39106595689096546,0.32384671799232057,0.96702817616065,4
0.5261214160306447,0.2948208456793588,-0.36990118329397287,0.3441597761110557,-0.1446391066111336,-0.10207190677854347,2.0042075201381566,0.702407722899065,-0.5115083238421716,-0.41330937383770083,-0.8641084435794321,2
-0.8228558271656516,-0.039000861133706786,-0.11131542001003698,0.048731126156081835,-0.1446391066111336,-0.5753923606714073,-0.3088159412713866,0.08370501249299174,0.9712922802194093,-0.9661764427102167,0.5092440212256295,2
-0.23634398229769646,-0.8735551281663717,-0.2147497253236113,-0.5421261737538661,-0.22806558264197657,0.6552408194500388,0.04703382202238924,-0.21219628378820488,-0.18916036643748121,0.07812802071564723,-1.0472221055534396,2
-0.5882510892184699,-0.2615486656757509,0.2507046485874733,-0.3205546862876356,-0.5409148677576374,1.412553545678621,0.19530455672812919,0.3150460259492011,-0.06022118347560449,-0.044731327922689794,-0.4063242886444115,4
-0.4122975357580834,-0.09463781226921782,-0.6284869465779088,0.1964454511335686,0.46020284461247735,1.6018817272357666,0.758733348609941,-0.6425981692880404,-0.8983258727278017,-0.1675906765610268,-0.22321062667040398,3
-0.0017392443505141611,-1.0404659815729045,0.6644418698417709,-0.09898319882140527,-0.4783450107345052,0.7499049102286115,0.017379675081241247,-0.6210780750130844,0.19765718244814898,1.2452918327798475,0.5092440212256295,3
0.6434237850042364,-1.0961029327084155,1.647067770320727,0.1964454511335686,-0.1863523446265551,-0.6700564514499802,-0.5163949698594226,0.4872067801491472,-1.2206738301324922,-0.7204577454335427,1.4248123310956704,3
-0.8815070116524475,1.6857446240671334,-0.938789862518632,-0.5421261737538661,-0.2906354396651088,-1.143376905342844,-0.6646657045651625,-0.7286785463880433,0.4555355483719024,-1.273324814306059,-0.7725516125924282,2
0.4088190470570541,-0.4284595190822837,1.1298962437528555,0.048731126156081835,-0.08206924958800137,0.46591263789289317,0.818041642492237,1.0790093727114807,0.2621267739290888,-0.5361687224760379,-0.6809947816054245,2
-0.9401581961392428,-0.5953703724888169,-0.007881114696462521,4.480160875480691,-0.41577515371137297,0.7499049102286115,2.98279436919604,-1.019199819100456,-0.9627954642087387,-0.5361687224760379,0.7839145141866425,3
-0.11904161332410583,1.9082924286091776,-1.4042442364297165,0.565731263577286,0.16821017850452724,0.9392330917857571,0.4028835853161651,1.9129130258675315,1.8738665609525464,0.3852763923114891,-0.5894379506184191,1
-0.3536463512712876,0.2948208456793588,-0.8870727098618447,-0.5421261737538661,0.2933498925507914,1.1285612733429027,1.8262826384912685,-0.5618978157568212,-1.4785521960562455,-1.0276061170293853,-0.5894379506184191,3
-0.23634398229769646,-1.9306571997410804,0.6644418698417709,-0.5421261737538661,-0.5409148677576374,-0.8593846330071256,-0.8129364392709024,-1.395801468912872,-0.18916036643748121,0.26241704367315205,0.6008008522126332,2
-1.3507164875468116,0.07227304113731528,-1.0939413204889936,-0.5421261737538661,-0.791194295850166,2.0752021811286303,1.2331996996683088,-2.331925569875098,-0.06022118347560449,-0.9661764427102167,0.09723828178411167,3
0.46747023154384937,-1.3186507372504597,0.3024218012442606,-0.35748326753200754,-0.5200582487499267,-0.29140008833568903,-0.6053574106828665,-0.8255189706254943,-0.3180995493993579,1.1224324841415105,1.1501418381346575,4
-0.6469022737052652,0.40609474795038086,-1.1973756258025678,-0.02512603633266172,-0.2489222016496873,0.18192036555717486,1.2035455527271608,0.40650642661786834,1.4225794205859765,-0.6590280711143742,-0.8641084435794321,2
-0.8228558271656516,-0.4284595190822837,-0.8353555572050576,-0.09898319882140527,-0.9371906289041412,-0.9540487237856985,-1.0501696148000863,-1.6970827887627926,-0.06022118347560449,-0.044731327922689794,0.8754713451736462,3
-0.9988093806260386,0.2948208456793588,-1.300809931116142,-0.09898319882140527,-0.3949185347036622,0.27658445633574763,-0.21985350044794266,-1.5195420109940627,0.4555355483719024,0.016698346396478714,1.9741533170176948,3
-0.9988093806260386,0.739916454763447,-1.4042442364297165,0.3441597761110557,0.564485939651031,0.46591263789289317,-0.4867408229182746,-0.21757630735692893,0.9068226887384724,-0.1675906765610268,-0.13165379568339858,2
0.056911940136281154,-0.7622812258953496,-0.8870727098618447,-0.6159833362426096,-0.26977882065739806,-0.9540487237856985,-0.6646657045651625,-0.475817438656878,-1.4140826045753088,-1.396184162944396,-0.6809947816054245,3
-0.060390428837310516,-1.0961029327084155,0.6127247171849837,-0.02512603633266172,-0.2906354396651088,1.2232253641214754,0.017379675081241247,-0.760958687800507,0.06871799948627223,1.3681511814181846,1.7910396550436871,4
1.4058891833325775,-0.7066442747598386,1.0781790910960682,-0.3205546862876356,0.7730521297281382,-0.10207190677854347,0.04703382202238924,0.702407722899065,-1.8009001534609388,0.9381434611840057,-0.6809947816054245,3
-0.7055534581920611,1.2406490149830458,-1.3525270837729293,-0.24669752379889204,-0.6034847247807696,-0.48072826989283457,-0.8722447331531984,-2.2996454284626338,0.5200051398528422,-1.5804731859019012,2.157266978991704,3
-0.0017392443505141611,0.01663609000180425,-1.4042442364297165,-0.8375548237088402,-0.3740619156959515,-0.9540487237856985,-0.9908613209177903,-0.4112571558318907,-0.38256914088029487,-0.1061610022418583,-0.4063242886444115,3
-0.7055534581920611,-0.37282256794677265,-0.6802040992346959,0.1964454511335686,-0.2489222016496873,-0.10207190677854347,-0.3088159412713866,-0.24447642520066865,0.3265963654100257,-1.0276061170293853,0.23457352826461653,2
1.1712844453853963,-1.4299246395214813,1.491916312350366,-0.8375548237088402,-0.8537641528732982,-1.2380409961214167,-1.1687862025646782,-1.0676200312192115,-0.9627954642087387,-0.9047467683910483,1.241698669121663,3
0.1742143091098718,1.518833770660601,-0.8353555572050576,-0.17284036131014882,-0.08206924958800137,-0.38606417911426183,-0.4867408229182746,0.6486074872115856,0.5844747313337791,-1.0890357913485538,-0.4978811196314153,2
-1.7026235944675845,1.1850120638475348,-1.4042442364297165,-0.9852691486863271,-0.9789038669195647,-0.007407815999970696,-0.04192861880105473,-2.213565051362631,4.517119811671015,-0.41330937383770083,1.882596486030691,3
-0.4122975357580834,-0.5397334213533058,0.6644418698417709,0.12258828864482539,-0.12378248760342488,-0.9540487237856985,-1.0798237617412343,-0.7071584521130276,0.8423530972575326,-0.7204577454335427,1.607925993069678,3
1.347237998845782,-0.4840964702177947,2.112522144231812,1.1565885634872337,0.5436293206433203,-0.9540487237856985,-0.6943198515063105,0.16440536602421088,-1.6074913790181224,0.016698346396478714,2.706607964913728,3
0.4088190470570541,-0.9291920793018827,1.2850477017232171,-0.3205546862876356,0.4810594636201881,-1.0487128145642712,-1.1094779086823823,-0.5457577450505893,0.004248408005335306,-0.22902035088019532,0.7839145141866425,3
-0.4122975357580834,-0.7066442747598386,0.09555319061711165,-0.4682690112651227,-0.20720896363426583,1.2232253641214754,0.551154320021905,0.21820560171169032,0.9068226887384724,-0.41330937383770083,-0.8641084435794321,3
-0.2949951667844923,0.40609474795038086,-0.05959826735324975,-0.39441184877637914,-0.16549572561884435,1.412553545678621,2.4786738711965244,-0.2552364723381765,-0.6404475068040483,-0.8433170940718797,-0.4978811196314153,2
1.0539820764118046,-0.8179181770308607,1.1816133964096427,-0.09898319882140527,0.3350631305662129,-0.9540487237856985,-1.0205154678589383,-0.14225597739443382,-0.5759779153231085,-0.044731327922689794,1.0585850071476537,4
-0.17769279781090114,0.3504577968148698,-1.1456584731457808,-0.39441184877637914,0.02221384545055205,-0.38606417911426183,-0.45708667597712654,0.3527061909303889,0.3265963654100257,-0.2904500251993638,-0.4063242886444115,2
-0.8228558271656516,0.8790088326022246,-1.4042442364297165,-0.02512603633266172,0.35591974957392364,0.560576728671466,-0.3088159412713866,-0.05079557672570685,0.9712922802194093,-0.5361687224760379,0.14301669727761276,3
-1.3507164875468116,-1.2073768349794376,1.026461938439281,0.7873027510435167,-0.4366317727190837,0.18192036555717486,-0.1605452065656467,-0.6479781928568241,0.5200051398528422,0.016698346396478714,0.5092440212256295,3
-0.4122975357580834,-0.039000861133706786,-0.7836384045482704,0.3441597761110557,-0.4366317727190837,-0.38606417911426183,0.1656504097869812,0.21820560171169032,0.3265963654100257,-0.5361687224760379,-1.2303357675274487,2
-0.8815070116524475,-0.9291920793018827,0.2507046485874733,-0.5421261737538661,-0.4366317727190837,-1.143376905342844,-1.1687862025646782,-2.0952045328501643,0.3265963654100257,-0.6590280711143742,2.157266978991704,4
-1.1747629340864252,-0.7622812258953496,-0.9905070151754191,-0.6159833362426096,-0.45748839172679445,-1.2380409961214167,-0.8129364392709024,-0.6963984049755795,0.19765718244814898,-0.47473904815686935,-0.9556652745664358,2
-0.6469022737052652,0.4617316990858919,-0.9905070151754191,1.0827314009984905,-0.12378248760342488,0.9392330917857571,1.7966284915501205,-0.15301602453194166,-0.38256914088029487,-0.9047467683910483,-0.9556652745664358,2
0.46747023154384937,1.3797413928218234,-0.26646687798039853,-0.24669752379889204,-0.1863523446265551,-0.38606417911426183,0.017379675081241247,0.4872067801491472,-0.833856281246862,-0.9047467683910483,-0.7725516125924282,2
-0.47094872024487877,-0.20591171454023988,-0.36990118329397287,0.048731126156081835,5.090372264324259,-0.7647205422285529,-0.9908613209177903,0.05680489464925202,-0.6404475068040483,1.4910105300565215,0.05145986629060898,3
0.056911940136281154,1.0459196860087572,-0.36990118329397287,-0.09898319882140527,-0.2489222016496873,-0.5753923606714073,-0.27916179433023863,0.3527061909303889,0.004248408005335306,-0.1061610022418583,-0.9556652745664358,2
-0.5295999047316741,0.8511903570344691,-0.5767697939211216,-0.5421261737538661,-0.20720896363426583,-0.38606417911426183,-0.24950764738909065,0.5410070158366267,1.2291706461431628,0.26241704367315205,-0.4978811196314153,3
0.3501678625702588,0.3504577968148698,0.6127247171849837,-0.17284036131014882,0.1473535594968165,-1.0487128145642712,-0.7536281453886065,1.0252091370240013,0.39106595689096546,-0.47473904815686935,-0.13165379568339858,2
-0.2949951667844923,0.23918389454384775,-0.938789862518632,-0.17284036131014882,-0.4783450107345052,1.6965458180143393,-0.07158276574220272,-1.3581413039316244,0.9712922802194093,0.508135740949826,2.0657101480046984,5
-0.9988093806260386,-0.15027476340472884,-1.4042442364297165,-0.5421261737538661,-0.5409148677576374,0.46591263789289317,-0.5757032637417185,-1.7078428359003004,0.8423530972575326,-0.6590280711143742,1.6994828240566835,3
1.6991451057665552,0.7955534058989581,1.4401991596935788,-0.17284036131014882,-0.08206924958800137,-0.9540487237856985,-1.0205154678589383,1.778412436648773,-0.8983258727278017,0.32384671799232057,-0.8641084435794321,3
-0.9401581961392428,0.9624642593054906,-0.9905070151754191,0.8980884947766319,-0.4366317727190837,-0.7647205422285529,-0.9315530270354944,-1.8046832601377514,0.7778835057765957,-0.8433170940718797,1.9741533170176948,2
-0.7642046426788563,0.07227304113731528,-1.4042442364297165,-0.3205546862876356,-0.1863523446265551,2.1698662719072033,0.22495870366927717,-0.5887979336005609,0.5200051398528422,1.1224324841415105,0.8754713451736462,3
-0.2949951667844923,0.01663609000180425,0.3024218012442606,-0.09898319882140527,-0.16549572561884435,0.7499049102286115,2.864177781431448,-0.07769569456944657,-0.06022118347560449,-0.3518796995185323,-0.8641084435794321,2
-0.8815070116524475,-0.15027476340472884,-0.8353555572050576,-0.7636976612200965,-0.26977882065739806,-0.007407815999970696,0.04703382202238924,-0.6694982871318398,0.3265963654100257,0.8152841125456687,-0.8641084435794321,2
1.875098659226942,-0.6510073236243279,1.2850477017232171,0.3441597761110557,-0.16549572561884435,1.2232253641214754,0.22495870366927717,1.8322126723362526,-0.3180995493993579,1.3681511814181846,0.5092440212256295,2
0.9953308919250092,-0.6510073236243279,0.9230276331257068,2.7075889757508476,-0.353205296688241,-0.9540487237856985,-0.9908613209177903,0.1751654131617187,-0.6404475068040483,-1.0276061170293853,1.241698669121663,4
-0.060390428837310516,0.6008240769246694,-0.8870727098618447,-0.3205546862876356,-0.31149205867281954,0.8445690010071844,0.3732294383750171,-0.16915609523817354,-0.12469077495654142,0.5695654152689946,0.4176871902386257,3
0.11556312462307647,-0.37282256794677265,0.19898749593068613,-0.20976894255452044,-0.20720896363426583,1.5072176364571936,0.3139211444927211,0.702407722899065,0.13318759096721203,-0.7204577454335427,-0.5894379506184191,2
-0.060390428837310516,-1.4855615906569923,0.3541389539010478,-0.02512603633266172,-0.31149205867281954,-0.007407815999970696,-0.012274471859906742,-0.40587713226310695,0.5844747313337791,0.7538544382265001,0.7839145141866425,4
2.4616105040948972,-0.8735551281663717,1.4401991596935788,0.048731126156081835,-0.10292586859571211,0.8445690010071844,0.610462613904201,1.509411258211376,-1.0272650556896785,0.9995731355031735,-0.040096964696394795,3
0.8780285229514186,3.966859620623084,0.3541389539010478,-0.39441184877637914,-0.1863523446265551,1.5072176364571936,3.071756810019484,0.702407722899065,-1.0272650556896785,-0.7818874197527113,-0.8641084435794321,2
1.0539820764118046,0.684279503627936,0.5092904118714092,1.8951601883746687,0.46020284461247735,-0.48072826989283457,0.521500173080757,3.1772185645233577,0.06871799948627223,-0.1061610022418583,-0.040096964696394795,3
0.056911940136281154,0.7677349303312025,1.7505020756343017,-0.39441184877637914,0.5019160826278968,-0.29140008833568903,1.4111245813151967,0.16440536602421088,-0.9627954642087387,-0.7204577454335427,-1.2303357675274487,2
-0.9988093806260386,1.1571935882797793,-1.300809931116142,3.963160738059487,0.710482272705006,4.915124904485814,2.2710948426084885,1.4556110225238368,1.0357618717003492,-0.7818874197527113,-0.4978811196314153,2
-1.2920653030600162,-1.1517398838439266,-0.11131542001003698,-0.17284036131014882,-0.353205296688241,0.6552408194500388,0.3139211444927211,-0.19605621308191326,0.7134139142956558,1.9210182502907005,0.14301669727761276,2
-0.060390428837310516,-1.0404659815729045,0.5610075645281964,-0.02512603633266172,-0.16549572561884435,-0.38606417911426183,0.28426699755157314,0.5948072515241061,-0.06022118347560449,-1.1504654656677222,-1.3218925985144525,3
-0.5295999047316741,0.5173686502214029,-1.1456584731457808,-0.4682690112651227,-0.41577515371137297,0.7499049102286115,-0.1605452065656467,-0.31979675516316375,0.7134139142956558,-0.5361687224760379,0.96702817616065,3
0.29151667808346343,0.12790999227282632,-1.1973756258025678,-0.24669752379889204,0.6479124156818737,-0.19673599755711624,0.25461285061042516,-0.2659965194756843,-0.6404475068040483,-0.3518796995185323,0.4176871902386257,3
-0.47094872024487877,-0.8179181770308607,1.5436334650071526,-0.17284036131014882,0.3767763685816344,-1.0487128145642712,-1.0501696148000863,-0.3466968730069035,0.3265963654100257,-0.6590280711143742,0.8754713451736462,3
-0.5295999047316741,0.40609474795038086,-0.05959826735324975,-0.3205546862876356,-0.10292586859571211,0.08725627477860208,1.2925079935506048,-0.28751661375064025,-0.12469077495654142,-0.5975983967952057,-0.5894379506184191,3
0.5847726005174411,0.4617316990858919,-0.05959826735324975,0.6395884260660296,0.04307046445826279,0.8445690010071844,1.1738914057860128,1.6439118474300745,-0.4470387323612318,-0.22902035088019532,-0.6809947816054245,2
1.1126332608985998,-0.6510073236243279,0.8195933278121323,-0.24669752379889204,0.46020284461247735,-0.48072826989283457,-0.3088159412713866,0.3150460259492011,-0.9627954642087387,0.07812802071564723,0.3261303592516219,2
-0.7055534581920611,0.684279503627936,-0.4733354886075473,-0.5421261737538661,-0.3740619156959515,-0.29140008833568903,-0.21985350044794266,0.16440536602421088,0.8423530972575326,-0.3518796995185323,-1.2303357675274487,2
-0.5295999047316741,-0.039000861133706786,-0.7319212518914832,-0.09898319882140527,-0.20720896363426583,1.6965458180143393,0.4028835853161651,-0.760958687800507,0.7778835057765957,-0.41330937383770083,0.3261303592516219,3
0.46747023154384937,-0.8735551281663717,0.2507046485874733,-0.3205546862876356,-0.49920162974221594,-1.143376905342844,-0.9612071739766423,-0.5027175565006177,-0.06022118347560449,0.8767137868648371,0.6923576831996371,3
0.5847726005174411,-0.7066442747598386,1.1298962437528555,-0.02512603633266172,-0.061212630580290625,2.0752021811286303,2.804869487549152,0.5948072515241061,-0.5759779153231085,-0.6590280711143742,-0.9556652745664358,2
-0.11904161332410583,0.26700237011160327,-0.26646687798039853,-0.3205546862876356,-0.22806558264197657,-0.38606417911426183,0.521500173080757,0.003004658961772587,-0.12469077495654142,-0.9047467683910483,-1.138778936540445,2
-0.23634398229769646,-1.9306571997410804,0.6644418698417709,-0.24669752379889204,-0.8120509148578767,2.0752021811286303,0.580808466963053,-0.3735969908506432,0.13318759096721203,1.675299553014027,0.7839145141866425,2
-0.9401581961392428,0.7955534058989581,-1.300809931116142,-0.4682690112651227,-0.5617714867653482,0.9392330917857571,-0.1605452065656467,-0.9707796069817007,0.5200051398528422,0.9995731355031735,0.4176871902386257,3
-0.17769279781090114,0.23918389454384775,-0.2147497253236113,0.4918741010885428,-0.31149205867281954,0.08725627477860208,2.1228241079027486,0.029904776805512304,-0.3180995493993579,-0.5361687224760379,-1.0472221055534396,2
-0.5882510892184699,-1.0404659815729045,0.3024218012442606,-0.02512603633266172,-0.49920162974221594,0.46591263789289317,-0.3088159412713866,-0.8039988763505383,0.2621267739290888,0.6924247639073317,1.5163691620826742,4
-0.7642046426788563,0.9068273081699796,-0.9905070151754191,-0.5421261737538661,0.18906679751223596,0.560576728671466,1.2331996996683088,-0.4273972265381226,0.19765718244814898,-0.7204577454335427,-1.138778936540445,3
0.46747023154384937,0.739916454763447,-0.6284869465779088,0.4918741010885428,0.18906679751223596,-0.6700564514499802,0.3435752914338691,1.6492918709987985,-0.18916036643748121,-0.7204577454335427,-0.7725516125924282,2
0.1742143091098718,-0.039000861133706786,0.5610075645281964,-0.7636976612200965,0.16821017850452724,-1.0487128145642712,-0.8722447331531984,-0.018515435313243078,-0.7049170982849853,-0.8433170940718797,-0.9556652745664358,2
-0.8228558271656516,-0.20591171454023988,-0.8870727098618447,-0.17284036131014882,-0.2906354396651088,-0.38606417911426183,-0.5163949698594226,-0.4273972265381226,0.7134139142956558,-0.47473904815686935,-0.22321062667040398,3
-1.057460565112834,0.4617316990858919,-1.4042442364297165,-0.24669752379889204,0.1473535594968165,3.021843088914358,0.3435752914338691,-0.6910183814067957,1.9383361524334832,0.26241704367315205,0.96702817616065,3
0.3501678625702588,0.37827627238262534,0.7161590224985579,3.963160738059487,-0.040356011572580175,1.3178894549000482,1.8262826384912685,1.6708119652738143,-0.25362995791841814,-0.5361687224760379,-1.0472221055534396,2
0.11556312462307647,-0.31718561681126195,-0.007881114696462521,-0.4682690112651227,-0.6243413437884824,0.18192036555717486,-0.27916179433023863,-0.8147589234880462,-0.9627954642087387,1.183862158460679,0.6008008522126332,3
-0.8228558271656516,1.7413815752026445,-0.31818403063718576,1.1565885634872337,-0.2906354396651088,-0.007407815999970696,0.521500173080757,0.9283687127864906,1.4225794205859765,0.3852763923114891,-1.108259992878112,3
-1.585321225493994,2.1586587087189772,-1.4042442364297165,-0.3205546862876356,-0.9789038669195647,0.08725627477860208,0.9070040833156809,-1.7401229773127642,2.3896232928000534,0.4467060666306576,0.8754713451736462,2
0.9953308919250092,-0.8179181770308607,0.5610075645281964,-0.689840498731353,1.6907433660674078,1.03389718256433,1.2628538466094568,1.3157304097364142,-1.0272650556896785,-0.044731327922689794,-1.779676753449473,2
0.5261214160306447,0.5730056013569139,-0.31818403063718576,0.12258828864482539,0.18906679751223596,1.2232253641214754,0.521500173080757,1.1328096083989603,-0.18916036643748121,-0.47473904815686935,-0.7725516125924282,2
-0.2949951667844923,0.18354694340833735,-0.7836384045482704,-0.39441184877637914,-0.12378248760342488,-0.8593846330071256,-0.5757032637417185,0.16440536602421088,0.39106595689096546,-0.9661764427102167,-0.9556652745664358,3
0.11556312462307647,-1.9306571997410804,1.23333054906643,-0.5790547549982379,-0.353205296688241,2.7378508165786397,1.2035455527271608,-0.7824787820755227,0.13318759096721203,0.6309950895881631,1.241698669121663,4
0.4088190470570541,0.01663609000180425,1.1298962437528555,-0.4682690112651227,1.7324566040828318,-0.9540487237856985,-0.6646657045651625,0.4334065444616678,-0.25362995791841814,-0.2904500251993638,-0.9556652745664358,3
-0.17769279781090114,0.40609474795038086,-0.26646687798039853,-0.3205546862876356,-0.16549572561884435,0.8445690010071844,1.7076660507266765,-0.3036566844569319,-0.06022118347560449,-1.0276061170293853,-0.4978811196314153,2
2.578912873068488,0.40609474795038086,1.1298962437528555,0.1964454511335686,-0.26977882065739806,-1.0487128145642712,-0.8425905862120504,1.4556110225238368,-1.0917346471706155,-0.5361687224760379,0.8754713451736462,2
-0.7642046426788563,1.1571935882797793,-1.1456584731457808,-0.39441184877637914,-0.1446391066111336,-0.29140008833568903,0.19530455672812919,-0.05079557672570685,0.5200051398528422,-0.5361687224760379,-0.5894379506184191,2
-0.9988093806260386,0.23918389454384775,-1.300809931116142,-0.3205546862876356,0.564485939651031,-0.9540487237856985,-0.9315530270354944,-0.08307571813823035,0.4555355483719024,0.20098736935398356,-0.8641084435794321,2
1.5818427367929644,-1.4855615906569923,2.112522144231812,0.011802544911709895,-0.061212630580290625,-0.5753923606714073,-0.6646657045651625,0.16440536602421088,-0.833856281246862,-0.2904500251993638,1.241698669121663,2
-0.9401581961392428,1.2406490149830458,-0.7836384045482704,-0.39441184877637914,-0.040356011572580175,-0.38606417911426183,0.9663123771979769,-0.48119746222560206,0.4555355483719024,-0.8433170940718797,-0.31476745765740777,2
-0.5882510892184699,-0.8179181770308607,-0.31818403063718576,-0.39441184877637914,-0.16549572561884435,-0.8593846330071256,-0.3681242351536826,-0.31979675516316375,0.13318759096721203,-1.1504654656677222,-0.8641084435794321,2
-0.6469022737052652,-1.0404659815729045,-0.16303257266682422,-0.39441184877637914,-0.353205296688241,1.3178894549000482,0.13599626284583322,-0.5027175565006177,0.8423530972575326,-0.47473904815686935,-0.31476745765740777,2
1.1126332608985998,-0.20591171454023988,1.8539363809478762,0.27030261362231217,-0.3323486776805303,-0.5753923606714073,-0.6350115576240145,0.05680489464925202,-0.9627954642087387,0.7538544382265001,1.882596486030691,4
-0.9988093806260386,2.4090249888287762,-1.4042442364297165,-0.5421261737538661,-0.12378248760342488,-1.0487128145642712,-0.9315530270354944,-1.664802647350269,1.2291706461431628,-1.3347544886252274,1.3332555001086668,3
-0.47094872024487877,0.2948208456793588,-1.249092778459355,1.1565885634872337,-0.16549572561884435,1.03389718256433,-0.04192861880105473,-0.4166371794006148,-1.8653697449418758,-1.1504654656677222,-1.138778936540445,2
-1.3507164875468116,-0.5953703724888169,-0.4216183359507601,-0.39441184877637914,-0.26977882065739806,0.560576728671466,-0.012274471859906742,-0.7932388292130306,0.5200051398528422,0.7538544382265001,-0.4063242886444115,3
0.46747023154384937,-1.0404659815729045,0.7678761751553451,-0.5421261737538661,-0.6243413437884824,-0.6700564514499802,-0.8722447331531984,-1.492641893150323,-0.833856281246862,-0.6590280711143742,0.8754713451736462,2
-0.8815070116524475,0.5173686502214029,-0.9905070151754191,-0.4682690112651227,-0.41577515371137297,1.1285612733429027,-0.27916179433023863,-0.09921578884446224,0.7134139142956558,0.9995731355031735,-0.8641084435794321,3
-1.8199259634411755,0.6564610280601805,-1.4042442364297165,-0.28362610504326397,-0.16549572561884435,-0.10207190677854347,-0.5757032637417185,-1.212880667575418,3.034319207609434,-0.2904500251993638,1.882596486030691,3
1.0539820764118046,-1.4299246395214813,1.3884820070367916,-0.17284036131014882,-0.4783450107345052,-0.8593846330071256,-0.6350115576240145,-0.7448186170942752,-0.8983258727278017,-0.7818874197527113,1.882596486030691,3
-0.4122975357580834,0.8511903570344691,-1.300809931116142,-0.9114119861975835,-0.3323486776805303,-0.6700564514499802,-0.8129364392709024,-0.10459581241318629,-0.8983258727278017,2.596744667801554,-1.138778936540445,1
-0.6469022737052652,-0.15027476340472884,-0.4733354886075473,-0.3205546862876356,-0.353205296688241,-0.38606417911426183,-0.4867408229182746,0.4925868037178713,1.3581098291050395,0.3852763923114891,-0.7725516125924282,3
0.760726153977827,0.07227304113731528,0.7678761751553451,-0.09898319882140527,-0.1446391066111336,0.8445690010071844,0.13599626284583322,0.16440536602421088,-0.7049170982849853,0.32384671799232057,0.8754713451736462,3
-1.2920653030600162,0.3504577968148698,-1.3525270837729293,-0.3205546862876356,-0.6660545818039039,-1.0487128145642712,-1.0205154678589383,-1.0622400076504277,1.3581098291050395,-0.5975983967952057,0.8754713451736462,2
-0.8815070116524475,0.4617316990858919,-0.36990118329397287,-0.5421261737538661,-0.22806558264197657,-0.48072826989283457,0.521500173080757,0.21820560171169032,1.4870490120669162,-0.47473904815686935,-1.0472221055534396,2
0.8780285229514186,2.5202988910997983,0.2507046485874733,-0.17284036131014882,-0.20720896363426583,1.791209908792912,3.101410956960632,0.702407722899065,-0.38256914088029487,-1.0890357913485538,-0.9556652745664358,2
-0.8228558271656516,0.5730056013569139,0.3024218012442606,3.0768747881945644,3.067280220576318,4.725796722928668,2.0042075201381566,0.6324674165053537,-0.5759779153231085,-0.5975983967952057,-0.8641084435794321,2
-0.2949951667844923,0.3504577968148698,0.3024218012442606,-0.39441184877637914,-0.2906354396651088,0.7499049102286115,2.1524782548438965,0.05680489464925202,-0.38256914088029487,-0.7204577454335427,-0.9556652745664358,2
0.5261214160306447,0.01663609000180425,-0.16303257266682422,0.048731126156081835,-0.20720896363426583,1.1285612733429027,2.7159070467257083,0.6378474400740777,-0.6404475068040483,-0.5361687224760379,-0.8641084435794321,2
0.3501678625702588,0.5173686502214029,-0.4733354886075473,0.9350170760210035,1.836739699121385,3.400499452028649,2.893831928372596,1.0252091370240013,-0.9627954642087387,1.3681511814181846,-1.138778936540445,2
2.4616105040948972,0.40609474795038086,1.1298962437528555,1.304302888464721,0.2516366545353702,-1.0487128145642712,-0.9908613209177903,2.3164147935235673,-0.38256914088029487,0.508135740949826,1.3332555001086668,3
0.4088190470570541,0.739916454763447,-0.5250526412643344,0.3441597761110557,-0.22806558264197657,-1.0487128145642712,-1.0205154678589383,0.4872067801491472,-0.12469077495654142,-0.6590280711143742,-0.040096964696394795,2
1.875098659226942,-0.5953703724888169,1.0781790910960682,0.048731126156081835,-0.22806558264197657,-0.7647205422285529,-0.8129364392709024,0.98216894847397,-1.4140826045753088,-0.7818874197527113,0.5092440212256295,2
-0.7642046426788563,1.2128305394152903,-0.7836384045482704,-0.5421261737538661,0.5436293206433203,-0.10207190677854347,0.49184602613960904,-0.43815727367563045,-0.5759779153231085,-0.41330937383770083,-0.8641084435794321,3
-1.1161117495996293,0.7955534058989581,-0.9905070151754191,-0.3205546862876356,-0.8954773908887197,0.27658445633574763,0.017379675081241247,-0.9653995834129767,1.1647010546622258,-1.0276061170293853,0.8754713451736462,3
-0.5295999047316741,0.4617316990858919,-1.3525270837729293,-0.39441184877637914,-0.2906354396651088,-0.29140008833568903,-0.27916179433023863,0.42264649732416,1.100231463181286,-0.044731327922689794,-0.5894379506184191,2
-0.2949951667844923,-0.6510073236243279,2.112522144231812,-0.6159833362426096,7.906015830365206,0.18192036555717486,0.640116760845349,0.3258060730866492,-1.4785521960562455,4.009627177142429,-1.0472221055534396,2
0.5847726005174411,-1.0961029327084155,0.9230276331257068,-0.7636976612200965,-0.6451979627961909,0.27658445633574763,-0.3088159412713866,-0.9223593948630051,-0.833856281246862,1.429580855737353,0.6008008522126332,4
-0.2949951667844923,0.1000915167050708,-0.7836384045482704,-0.02512603633266172,-0.41577515371137297,-0.48072826989283457,-0.3681242351536826,-0.3735969908506432,0.19765718244814898,-0.2904500251993638,1.0585850071476537,3
-0.6469022737052652,0.18354694340833735,-0.05959826735324975,-0.39441184877637914,-0.10292586859571211,-0.29140008833568903,1.5593953160209366,-0.4489173208131383,-0.3180995493993579,-0.8433170940718797,-0.4978811196314153,2
1.0539820764118046,-1.2073768349794376,0.8713104804689196,-0.17284036131014882,-0.16549572561884435,0.560576728671466,-0.04192861880105473,1.1328096083989603,0.06871799948627223,0.07812802071564723,-0.6809947816054245,3
-1.2920653030600162,-1.7637463463345475,0.6644418698417709,-0.8375548237088402,-0.45748839172679445,2.3118624080750623,3.486914867195556,-2.9560083038499547,-0.38256914088029487,-0.41330937383770083,1.3332555001086668,3
1.6991451057665552,-0.15027476340472884,2.422825060172535,1.932088769619041,0.2516366545353702,-1.0487128145642712,-0.9018988800943464,1.5632114938988553,-0.5759779153231085,-0.22902035088019532,0.6923576831996371,2
1.347237998845782,-0.9291920793018827,1.647067770320727,-0.24669752379889204,1.3361808429363276,-0.9540487237856985,-0.8722447331531984,1.0252091370240013,-1.7364305619799991,2.4124556448440484,-0.9556652745664358,2
-0.5295999047316741,-0.15027476340472884,1.026461938439281,-0.39441184877637914,-0.040356011572580175,0.46591263789289317,0.758733348609941,0.16440536602421088,0.3265963654100257,-0.5361687224760379,-1.2303357675274487,2
1.347237998845782,-1.0404659815729045,1.1298962437528555,0.4918741010885428,-0.20720896363426583,0.3712485471143204,0.9070040833156809,1.3480105511488778,-0.7693866897659251,0.26241704367315205,-0.4063242886444115,3
-1.4680188565204026,0.8511903570344691,-1.300809931116142,-0.5421261737538661,-0.019499392564869433,0.46591263789289317,1.3814704343740487,-1.2344007618504336,1.4870490120669162,-0.8433170940718797,-0.4063242886444115,2
-0.5295999047316741,-0.9291920793018827,0.09555319061711165,0.048731126156081835,-0.019499392564869433,0.9392330917857571,0.7290792016687929,-0.13149593025698572,0.5200051398528422,0.13955769503481574,0.5092440212256295,2
0.760726153977827,-0.8179181770308607,0.7678761751553451,-0.4682690112651227,-0.353205296688241,-1.0487128145642712,-1.0205154678589383,-0.05617560029449063,-1.0272650556896785,0.5695654152689946,0.05145986629060898,3
-0.47094872024487877,0.5730056013569139,-0.007881114696462521,-0.39441184877637914,-0.10292586859571211,0.08725627477860208,1.2925079935506048,-0.28751661375064025,-0.3180995493993579,-0.47473904815686935,-0.5894379506184191,3
1.1126332608985998,-1.0404659815729045,1.0781790910960682,-0.3205546862876356,-0.7494810578347446,-1.0487128145642712,-1.1391320556235303,-1.1375603376129229,-0.7049170982849853,0.20098736935398356,1.5163691620826742,4
2.1097033971741244,-0.8179181770308607,1.23333054906643,-0.39441184877637914,0.6896256536972952,-0.8593846330071256,-0.8129364392709024,1.5632114938988553,-0.4470387323612318,0.6309950895881631,-0.040096964696394795,3
1.288586814358987,-1.3742876883859703,1.23333054906643,-0.6159833362426096,-0.16549572561884435,-0.5753923606714073,-0.6943198515063105,0.8100081942740238,-0.7049170982849853,1.429580855737353,-0.9556652745664358,3
0.7020749694910317,-0.37282256794677265,1.1298962437528555,2.7814461382395907,-0.49920162974221594,-1.0487128145642712,-0.9018988800943464,1.1328096083989603,-0.6404475068040483,0.4467060666306576,0.5092440212256295,3
1.875098659226942,-1.179558359411682,1.3884820070367916,-0.3205546862876356,-0.08206924958800137,-1.0487128145642712,-0.9612071739766423,1.0790093727114807,-2.1232481108656294,0.26241704367315205,-1.138778936540445,3
-0.7055534581920611,-0.2615486656757509,0.04383603796032471,0.1964454511335686,-0.41577515371137297,-0.9540487237856985,-0.9315530270354944,0.06756494178675986,-0.4470387323612318,-0.7818874197527113,-0.13165379568339858,2
0.9366797074382139,0.23918389454384775,-0.11131542001003698,-0.39441184877637914,0.3350631305662129,-0.38606417911426183,1.2331996996683088,-0.21219628378820488,-1.7364305619799991,1.4910105300565215,-0.31476745765740777,2
-0.060390428837310516,2.1586587087189772,-0.007881114696462521,-0.3205546862876356,0.0013572264428413092,-0.8593846330071256,-0.7239739984474585,-0.2659965194756843,-0.3180995493993579,-1.1504654656677222,-0.4063242886444115,1
-0.47094872024487877,-0.5953703724888169,0.2507046485874733,0.12258828864482539,-0.4366317727190837,-0.8593846330071256,-0.6646657045651625,-0.22295633092565298,-0.4470387323612318,-1.3347544886252274,-0.040096964696394795,2
0.056911940136281154,-1.0404659815729045,0.7678761751553451,-0.3205546862876356,-0.3323486776805303,0.6552408194500388,-0.3384700882125346,-1.492641893150323,-1.2851434216134319,0.7538544382265001,1.7910396550436871,3
0.5261214160306447,0.18354694340833735,-0.4733354886075473,-0.689840498731353,-0.20720896363426583,-0.5753923606714073,-0.7832822923297544,-0.5027175565006177,-1.0272650556896785,-1.0276061170293853,-0.4978811196314153,2
0.3501678625702588,-1.3742876883859703,0.9230276331257068,-0.6159833362426096,-0.4366317727190837,-0.8593846330071256,-1.0501696148000863,-1.6970827887627926,-0.38256914088029487,-0.6590280711143742,1.6994828240566835,4
0.6434237850042364,0.8790088326022246,-0.8353555572050576,0.12258828864482539,-0.22806558264197657,-0.9540487237856985,-0.4867408229182746,0.9176086656489827,-0.7693866897659251,0.26241704367315205,-0.31476745765740777,3
0.9366797074382139,-1.5411985417925034,0.974744785782494,-0.6159833362426096,-0.5409148677576374,0.9392330917857571,-0.1605452065656467,-0.4273972265381226,-0.833856281246862,1.061002809822342,0.14301669727761276,3
-0.9401581961392428,-0.2615486656757509,-1.300809931116142,-0.24669752379889204,-0.16549572561884435,1.8858739995714848,1.8855909323735645,-0.7824787820755227,-1.3496130130943689,-0.7818874197527113,-0.6809947816054245,2
-0.3536463512712876,0.2948208456793588,-1.3525270837729293,-0.5421261737538661,0.0013572264428413092,-0.38606417911426183,-0.8722447331531984,-0.5457577450505893,0.06871799948627223,-0.5975983967952057,0.05145986629060898,4
-0.8815070116524475,0.5730056013569139,-0.7836384045482704,0.9350170760210035,0.23078003552765947,-0.007407815999970696,2.3304031364907845,0.11060513033673146,-0.18916036643748121,-0.2904500251993638,-0.8641084435794321,2
1.0539820764118046,-1.2073768349794376,0.4058561065578348,-0.689840498731353,-0.26977882065739806,-0.6700564514499802,-0.5757032637417185,0.01376470609928042,-0.4470387323612318,1.061002809822342,0.6923576831996371,4
1.6404939212797598,-0.9848290304373938,1.0781790910960682,0.41801693859979927,0.04307046445826279,-1.0487128145642712,-0.7832822923297544,1.0252091370240013,-0.8983258727278017,-0.7818874197527113,0.05145986629060898,2
1.8164474747401467,-0.37282256794677265,1.1816133964096427,0.12258828864482539,0.710482272705006,-1.143376905342844,-0.9018988800943464,2.1012138507736497,-1.1562042386515552,0.26241704367315205,-0.22321062667040398,2
-0.23634398229769646,-1.0961029327084155,-0.2147497253236113,-0.6159833362426096,-0.22806558264197657,0.18192036555717486,-0.07158276574220272,-0.2390964016319446,-0.12469077495654142,-0.044731327922689794,-1.0472221055534396,2
0.5261214160306447,-0.6510073236243279,1.1816133964096427,-0.02512603633266172,-0.6869112008116124,-0.38606417911426183,-0.6646657045651625,-0.8039988763505383,0.19765718244814898,0.8152841125456687,2.6150511339267246,4
-0.0017392443505141611,1.407559868389579,-0.8870727098618447,0.048731126156081835,-0.1446391066111336,2.7378508165786397,1.1738914057860128,0.8638084299615033,1.100231463181286,-0.7818874197527113,-0.4063242886444115,2
1.4645403678193738,-1.3186507372504597,0.7678761751553451,-0.689840498731353,-0.08206924958800137,0.27658445633574763,-0.6053574106828665,-0.6694982871318398,-0.18916036643748121,0.4467060666306576,1.3332555001086668,3
0.3501678625702588,-0.2615486656757509,-0.16303257266682422,0.23337403237794055,0.12649694048910576,1.791209908792912,1.7373201976678245,0.8100081942740238,-1.3496130130943689,-0.7818874197527113,-1.138778936540445,2
1.6991451057665552,-0.7066442747598386,1.1816133964096427,-0.39441184877637914,0.23078003552765947,0.27658445633574763,0.07668796896353723,0.610947322230338,-1.3496130130943689,-0.47473904815686935,-0.040096964696394795,2
-1.2920653030600162,-0.8179181770308607,-0.6284869465779088,-0.5421261737538661,-0.3323486776805303,-0.9540487237856985,-0.8425905862120504,-0.6425981692880404,0.7134139142956558,-0.5361687224760379,-0.9556652745664358,2
-0.4122975357580834,0.07227304113731528,-1.300809931116142,-0.6159833362426096,-0.061212630580290625,0.08725627477860208,-0.4867408229182746,-0.43277725010684664,0.39106595689096546,-0.9047467683910483,-0.040096964696394795,3
-0.060390428837310516,0.9624642593054906,-0.2147497253236113,-0.39441184877637914,0.23078003552765947,-0.19673599755711624,0.9959665241391249,0.3258060730866492,-0.7693866897659251,0.26241704367315205,-0.9556652745664358,2
-0.7055534581920611,-0.7622812258953496,-0.7836384045482704,-0.3205546862876356,-0.4783450107345052,-0.19673599755711624,-0.6943198515063105,-2.2458451927751546,-0.06022118347560449,-0.7818874197527113,2.6150511339267246,3
-0.7642046426788563,0.5173686502214029,-0.8870727098618447,-0.8375548237088402,-0.353205296688241,1.03389718256433,0.46219187919846105,-0.3735969908506432,-0.18916036643748121,-0.2904500251993638,-1.138778936540445,2
-0.7055534581920611,-0.5397334213533058,0.7678761751553451,2.190588838329643,-0.353205296688241,1.1285612733429027,2.3897114303730804,0.3258060730866492,0.7134139142956558,0.32384671799232057,0.05145986629060898,2
1.1712844453853963,0.01663609000180425,1.0781790910960682,-0.02512603633266172,-0.5200582487499267,-0.9540487237856985,-0.6646657045651625,1.6708119652738143,-1.2206738301324922,-0.41330937383770083,-1.0472221055534396,3
-1.1161117495996293,0.5730056013569139,-0.31818403063718576,-0.689840498731353,-0.16549572561884435,-0.38606417911426183,-0.45708667597712654,0.1052251067680074,1.7449273779906698,0.016698346396478714,-0.5894379506184191,2
1.6991451057665552,0.739916454763447,-0.16303257266682422,-0.02512603633266172,-0.061212630580290625,-0.007407815999970696,0.1656504097869812,1.4018107868363574,-1.6074913790181224,0.3852763923114891,0.5092440212256295,3
-0.47094872024487877,-0.039000861133706786,0.7678761751553451,-0.17284036131014882,-0.019499392564869433,-0.7647205422285529,-0.27916179433023863,0.2720058373991698,1.7449273779906698,-0.2904500251993638,0.05145986629060898,3
-0.8815070116524475,0.18354694340833735,-0.26646687798039853,-0.5421261737538661,-0.2906354396651088,-0.10207190677854347,-0.6943198515063105,-1.2451608089878816,0.5844747313337791,0.9995731355031735,0.6923576831996371,3
0.8780285229514186,-0.15027476340472884,1.1298962437528555,0.048731126156081835,3.3801295056919787,-1.0487128145642712,-0.8129364392709024,1.240410079773919,0.004248408005335306,0.8152841125456687,0.23457352826461653,3
0.4088190470570541,1.4353783439573344,-0.16303257266682422,-0.6159833362426096,-0.20720896363426583,-0.5753923606714073,-0.7832822923297544,0.12136517747423929,-0.12469077495654142,0.07812802071564723,-0.4063242886444115,2
-0.2949951667844923,0.18354694340833735,-0.4216183359507601,-0.5421261737538661,0.3350631305662129,-0.38606417911426183,-0.012274471859906742,-0.15839604810072544,-0.7693866897659251,1.675299553014027,-0.8641084435794321,2
2.4616105040948972,-0.37282256794677265,1.1298962437528555,1.452017213442208,-0.3740619156959515,0.9392330917857571,0.04703382202238924,0.7562079585865444,-1.6719609704990621,-0.5361687224760379,-0.7725516125924282,1
2.1683545816609198,-0.7622812258953496,2.0090878389182376,0.3441597761110557,0.10564032148139502,-0.38606417911426183,-0.5163949698594226,1.5632114938988553,-0.833856281246862,-0.1675906765610268,0.3261303592516219,4
0.1742143091098718,0.8790088326022246,-0.8870727098618447,-0.689840498731353,0.08478370247368427,-1.2380409961214167,-1.0501696148000863,0.40650642661786834,0.004248408005335306,-0.044731327922689794,-0.8183300280859294,3
-0.11904161332410583,1.1015566371442682,-0.26646687798039853,-0.24669752379889204,-0.3323486776805303,-0.48072826989283457,-0.19019935350679468,0.003004658961772587,0.3265963654100257,-0.6590280711143742,-1.2303357675274487,2
0.4088190470570541,0.2948208456793588,-0.11131542001003698,0.1964454511335686,-0.26977882065739806,-0.6700564514499802,1.6780119037855286,0.5894272279553223,-0.5115083238421716,-0.5361687224760379,-0.6809947816054245,2
-0.7642046426788563,-1.7081093951990365,0.14727034327389887,-0.5421261737538661,-0.4783450107345052,-0.007407815999970696,-0.8129364392709024,0.01376470609928042,1.9383361524334832,0.9995731355031735,-0.4063242886444115,3
2.227005766147715,-0.7066442747598386,1.2850477017232171,-0.39441184877637914,0.08478370247368427,-0.10207190677854347,0.19530455672812919,1.778412436648773,-1.8009001534609388,0.016698346396478714,-0.22321062667040398,2
-0.5295999047316741,0.40609474795038086,-0.05959826735324975,3.5200177631270253,-0.3740619156959515,1.8858739995714848,2.1821324017850445,0.8100081942740238,0.39106595689096546,-1.0276061170293853,-0.9556652745664358,2
-1.2920653030600162,0.01663609000180425,-0.9905070151754191,-0.4682690112651227,-0.22806558264197657,0.7499049102286115,-0.07158276574220272,-0.760958687800507,1.8738665609525464,0.13955769503481574,-0.13165379568339858,3
-0.060390428837310516,-0.7622812258953496,0.5610075645281964,-0.7636976612200965,-0.6243413437884824,-0.5753923606714073,-0.5460491168005706,-0.2659965194756843,-0.3180995493993579,0.508135740949826,-0.5894379506184191,2
-0.2949951667844923,2.1308402331512215,-1.0422241678322062,-0.4682690112651227,-0.6243413437884824,0.560576728671466,-0.012274471859906742,-0.7770987585067987,1.2936402376240996,-1.396184162944396,0.23457352826461653,3
-0.5882510892184699,0.2948208456793588,0.14727034327389887,-0.09898319882140527,-0.2906354396651088,-0.10207190677854347,0.22495870366927717,0.05680489464925202,0.9712922802194093,-0.41330937383770083,-0.22321062667040398,2
0.23286549359666708,-1.3186507372504597,1.2850477017232171,-0.689840498731353,0.5227727016356095,-0.38606417911426183,-0.3088159412713866,0.11060513033673146,-0.38256914088029487,-0.47473904815686935,-0.8641084435794321,2
-0.7642046426788563,-0.15027476340472884,-0.11131542001003698,-0.39441184877637914,-0.3740619156959515,-1.2380409961214167,-0.7536281453886065,-0.21219628378820488,-0.38256914088029487,-0.1675906765610268,-1.138778936540445,2
4.279797223185558,0.8790088326022246,2.5262593654861094,0.8611599135322603,0.2516366545353702,-0.9540487237856985,-0.1308910596244987,3.500019978648354,-2.316656885308443,0.13955769503481574,0.6923576831996371,4
-1.9372283324147668,2.8541205979128645,-0.16303257266682422,-0.689840498731353,-0.791194295850166,1.5072176364571936,1.4407787282563447,-1.7724031187252878,2.7764408416856834,-0.22902035088019532,0.96702817616065,2
0.3501678625702588,-0.8179181770308607,0.6644418698417709,-0.24669752379889204,-0.41577515371137297,-0.38606417911426183,-0.5757032637417185,-0.9869196776879924,-0.25362995791841814,0.5695654152689946,1.9741533170176948,4
-0.11904161332410583,-0.8179181770308607,0.04383603796032471,-0.3205546862876356,-0.45748839172679445,-0.29140008833568903,-0.5163949698594226,0.05680489464925202,-0.5115083238421716,0.4467060666306576,-0.6809947816054245,4
-0.5882510892184699,-1.0961029327084155,1.026461938439281,-0.3205546862876356,-0.22806558264197657,-1.0487128145642712,-1.0798237617412343,-0.48119746222560206,0.13318759096721203,-0.7818874197527113,-0.13165379568339858,3
-0.47094872024487877,-0.6510073236243279,-0.6284869465779088,0.8611599135322603,0.3350631305662129,1.2232253641214754,1.3814704343740487,0.6270873929365699,-1.0917346471706155,-0.47473904815686935,-1.2303357675274487,2
1.347237998845782,1.6857446240671334,0.5092904118714092,0.048731126156081835,-0.040356011572580175,0.9392330917857571,0.669770907786497,0.7562079585865444,-0.9627954642087387,-0.8433170940718797,-0.4978811196314153,2
0.29151667808346343,0.40609474795038086,0.09555319061711165,-0.24669752379889204,0.20992341651994872,-1.0487128145642712,-0.9612071739766423,1.1328096083989603,0.3265963654100257,-1.0276061170293853,-1.2303357675274487,2
0.3501678625702588,0.3504577968148698,1.1816133964096427,-0.39441184877637914,5.194655359362812,1.03389718256433,0.9959665241391249,-0.15839604810072544,-1.7364305619799991,5.8525174067174826,-0.8641084435794321,3
0.29151667808346343,0.8790088326022246,-0.05959826735324975,-0.689840498731353,0.0013572264428413092,-0.007407815999970696,-0.7239739984474585,0.1321252246117471,0.06871799948627223,-1.1504654656677222,-0.9556652745664358,2
-0.3536463512712876,0.739916454763447,-1.1973756258025678,-0.689840498731353,-1.020617104934984,-1.143376905342844,-1.1391320556235303,-0.2659965194756843,0.5844747313337791,-1.1504654656677222,-0.9556652745664358,2
0.11556312462307647,-0.8735551281663717,-0.36990118329397287,0.1964454511335686,0.04307046445826279,0.18192036555717486,0.3139211444927211,0.702407722899065,0.19765718244814898,0.26241704367315205,-0.7725516125924282,3
-0.5882510892184699,-0.039000861133706786,0.2507046485874733,-0.3205546862876356,-0.3740619156959515,3.3058353612500766,0.669770907786497,-1.3527612803629003,0.19765718244814898,0.9995731355031735,2.248823809978708,3
-0.9401581961392428,2.8541205979128645,-0.9905070151754191,-0.17284036131014882,-0.4366317727190837,0.27658445633574763,-0.45708667597712654,-0.11535585955069412,1.3581098291050395,-0.5361687224760379,0.5092440212256295,1
0.9953308919250092,0.18354694340833735,-0.16303257266682422,-0.24669752379889204,-0.1863523446265551,0.27658445633574763,0.3139211444927211,1.2942103154613984,-0.833856281246862,-0.5975983967952057,-0.31476745765740777,3
-0.0017392443505141611,0.4895501746536474,-0.26646687798039853,0.048731126156081835,-0.019499392564869433,-0.9540487237856985,-0.8425905862120504,0.8100081942740238,-0.3180995493993579,-0.2904500251993638,-1.0472221055534396,2
-0.9401581961392428,-0.6510073236243279,0.8195933278121323,0.1964454511335686,-0.2489222016496873,0.560576728671466,0.19530455672812919,-0.5242376507755736,0.7134139142956558,3.0881820623549006,0.14301669727761276,3
-0.23634398229769646,-1.2073768349794376,0.2507046485874733,-0.4682690112651227,-0.45748839172679445,-0.19673599755711624,-0.3384700882125346,-1.6432825530753132,0.6489443228147189,-0.5975983967952057,1.9741533170176948,3
-0.2949951667844923,-1.1517398838439266,0.8713104804689196,0.12258828864482539,0.3350631305662129,-0.7647205422285529,-0.9018988800943464,0.33656612022415705,0.13318759096721203,0.7538544382265001,0.5092440212256295,4
-0.8228558271656516,-0.7066442747598386,-0.6802040992346959,-0.09898319882140527,-0.061212630580290625,0.46591263789289317,-0.21985350044794266,0.05680489464925202,0.7778835057765957,-0.1675906765610268,-0.6809947816054245,3
-1.2334141185732204,-0.09463781226921782,-0.6802040992346959,-0.4682690112651227,-0.6660545818039039,-0.10207190677854347,-0.3977783820948306,-1.471121798875367,1.100231463181286,-0.5361687224760379,0.96702817616065,3
-0.9988093806260386,1.9639293797446886,-1.1973756258025678,-0.24669752379889204,-0.45748839172679445,-0.38606417911426183,-0.8129364392709024,-0.17991614237568138,1.4225794205859765,-0.5975983967952057,-0.4978811196314153,2
1.2299356298721915,0.26700237011160327,1.7505020756343017,0.048731126156081835,-0.2489222016496873,-0.48072826989283457,-0.6943198515063105,1.778412436648773,-0.9627954642087387,0.20098736935398356,-1.3218925985144525,2
-0.0017392443505141611,0.9902827348732461,-0.7836384045482704,0.048731126156081835,0.08478370247368427,-0.38606417911426183,-0.5757032637417185,1.4556110225238368,1.2936402376240996,0.3852763923114891,-0.4063242886444115,2
-0.47094872024487877,0.40609474795038086,0.2507046485874733,0.12258828864482539,0.31420651155850216,-0.29140008833568903,1.5000870221386406,1.4448509753863887,0.9068226887384724,-0.22902035088019532,-0.8641084435794321,2
-0.8228558271656516,0.4339132235181364,-0.7836384045482704,6.031161287744304,-0.31149205867281954,2.264530362685776,1.0552748180214209,1.4018107868363574,0.9068226887384724,-0.8433170940718797,-0.9556652745664358,3
-0.23634398229769646,0.07227304113731528,0.3541389539010478,-0.02512603633266172,-0.2489222016496873,-0.7647205422285529,-0.9018988800943464,-2.3373055934438813,-0.7049170982849853,0.3852763923114891,2.431937471952715,5
-0.5295999047316741,0.2948208456793588,-1.4042442364297165,-0.39441184877637914,-0.49920162974221594,-0.8593846330071256,-1.0798237617412343,-0.5780378864631128,0.9068226887384724,-0.47473904815686935,0.7839145141866425,3
0.4088190470570541,-0.37282256794677265,-0.2147497253236113,0.1964454511335686,0.08478370247368427,1.1285612733429027,1.6780119037855286,0.8638084299615033,-1.3496130130943689,-0.5975983967952057,-1.138778936540445,2
-0.4122975357580834,-0.5397334213533058,0.09555319061711165,-0.3205546862876356,-0.26977882065739806,0.27658445633574763,0.551154320021905,0.26124579026166195,0.5844747313337791,-0.1061610022418583,-0.8641084435794321,2
-1.9372283324147668,2.7428466956418425,-1.1973756258025678,-0.8375548237088402,-0.8954773908887197,2.3591944534643488,1.1145831119037168,-1.5572021759753103,2.8409104331666204,-1.0890357913485538,0.05145986629060898,1
0.056911940136281154,0.3504577968148698,0.09555319061711165,0.048731126156081835,0.4393462256047666,1.412553545678621,2.1228241079027486,0.707787746467789,-1.0272650556896785,-0.9661764427102167,-1.2303357675274487,2
-0.11904161332410583,0.739916454763447,-0.26646687798039853,-0.24669752379889204,-0.3949185347036622,-0.6700564514499802,-0.7239739984474585,0.05680489464925202,-0.06022118347560449,3.333900759631575,-0.13165379568339858,2
-1.2920653030600162,-1.0404659815729045,-0.11131542001003698,-0.5421261737538661,-0.08206924958800137,-1.143376905342844,-0.5757032637417185,-1.105280196200459,0.3265963654100257,-1.3347544886252274,-0.31476745765740777,2
0.29151667808346343,-0.4284595190822837,0.8195933278121323,-0.8375548237088402,-0.2489222016496873,-0.38606417911426183,-0.7832822923297544,-0.6372181457193163,-0.6404475068040483,0.5695654152689946,-0.22321062667040398,3
-0.4122975357580834,1.0459196860087572,-1.4042442364297165,-0.3205546862876356,-0.41577515371137297,1.3178894549000482,-0.3681242351536826,-0.7340585699567673,1.100231463181286,-0.044731327922689794,0.8754713451736462,3
-0.11904161332410583,1.657926148499378,-0.16303257266682422,-0.3205546862876356,-0.08206924958800137,-1.0487128145642712,-1.0205154678589383,0.2720058373991698,0.39106595689096546,0.6924247639073317,0.23457352826461653,3
-0.7642046426788563,0.40609474795038086,0.14727034327389887,1.452017213442208,-0.41577515371137297,0.3712485471143204,1.8559367854324165,1.3157304097364142,-0.06022118347560449,3.1496117366740695,-0.22321062667040398,2
-0.5295999047316741,1.4353783439573344,-0.4216183359507601,1.9690173508634126,0.12649694048910576,0.27658445633574763,1.5000870221386406,0.2343456724179222,-0.9627954642087387,-0.8433170940718797,-0.8030705562547595,3
-0.2949951667844923,-1.0404659815729045,0.5092904118714092,-0.39441184877637914,-0.12378248760342488,0.7499049102286115,0.3139211444927211,-0.15839604810072544,0.19765718244814898,-0.41330937383770083,-0.9556652745664358,3
-0.4122975357580834,-0.37282256794677265,-0.8353555572050576,0.048731126156081835,-0.1863523446265551,-0.38606417911426183,0.04703382202238924,0.05680489464925202,-0.6404475068040483,-0.5361687224760379,-0.4063242886444115,2
-0.8815070116524475,0.7955534058989581,-0.6284869465779088,-0.5421261737538661,0.627055796674163,-0.29140008833568903,-0.8129364392709024,-0.6963984049755795,0.7134139142956558,0.07812802071564723,0.7839145141866425,3
-0.7055534581920611,0.5730056013569139,-1.0939413204889936,-0.39441184877637914,-0.10292586859571211,-0.7647205422285529,-0.5460491168005706,0.9983090191802616,2.3251537013191137,0.4467060666306576,-0.7725516125924282,2
0.5847726005174411,1.3797413928218234,-0.007881114696462521,0.1964454511335686,-0.20720896363426583,0.7499049102286115,0.25461285061042516,0.9176086656489827,0.004248408005335306,0.07812802071564723,0.14301669727761276,3
-0.47094872024487877,0.23918389454384775,-0.9905070151754191,0.048731126156081835,0.02221384545055205,-0.19673599755711624,-0.6053574106828665,-0.4166371794006148,-0.06022118347560449,-0.41330937383770083,-0.040096964696394795,3
0.9953308919250092,-0.20591171454023988,-0.36990118329397287,6.252732775210535,-0.353205296688241,-0.29140008833568903,0.07668796896353723,2.5854159719610843,-0.9627954642087387,0.20098736935398356,-1.138778936540445,3
-0.17769279781090114,-0.2615486656757509,0.3541389539010478,-0.24669752379889204,-0.31149205867281954,-0.007407815999970696,-0.6646657045651625,-1.664802647350269,-0.18916036643748121,0.016698346396478714,1.7910396550436871,3
-0.7642046426788563,0.9068273081699796,-1.4042442364297165,-0.4682690112651227,0.5436293206433203,-1.2380409961214167,-1.1094779086823823,-0.17991614237568138,0.2621267739290888,-0.3518796995185323,-0.6809947816054245,3
-0.4122975357580834,-0.6510073236243279,-0.6802040992346959,0.3441597761110557,-0.019499392564869433,0.46591263789289317,-0.1308910596244987,-0.15839604810072544,0.06871799948627223,-0.5361687224760379,0.05145986629060898,3
0.760726153977827,-1.0961029327084155,1.2850477017232171,-0.24669752379889204,-0.2906354396651088,-0.29140008833568903,-0.6646657045651625,-0.8631791356067419,0.3265963654100257,0.6309950895881631,1.7910396550436871,4
4.279797223185558,0.6564610280601805,1.1298962437528555,1.2304457259759776,0.1473535594968165,-0.5753923606714073,-0.7239739984474585,3.4731198608045544,-2.5100656597512594,0.508135740949826,0.6008008522126332,2
-0.060390428837310516,1.1850120638475348,-0.938789862518632,-0.39441184877637914,-0.4366317727190837,-1.0487128145642712,-1.1094779086823823,-1.3527612803629003,-0.18916036643748121,-0.5361687224760379,1.241698669121663,3
0.9366797074382139,0.01663609000180425,1.5436334650071526,-0.09898319882140527,0.10564032148139502,1.3178894549000482,0.13599626284583322,0.21820560171169032,-0.7693866897659251,0.6309950895881631,1.0585850071476537,4
1.1712844453853963,-0.6510073236243279,0.7678761751553451,-0.09898319882140527,2.6084346024066813,-0.9540487237856985,-0.9908613209177903,1.4556110225238368,-0.7693866897659251,-0.22902035088019532,-0.8641084435794321,3
-0.47094872024487877,-0.039000861133706786,-0.5767697939211216,-0.4682690112651227,-0.061212630580290625,-0.38606417911426183,-0.3681242351536826,0.05680489464925202,0.4555355483719024,-0.22902035088019532,-0.8641084435794321,4
-0.0017392443505141611,0.4617316990858919,0.14727034327389887,-0.3205546862876356,-0.08206924958800137,-0.48072826989283457,0.07668796896353723,0.2720058373991698,0.5844747313337791,-0.2904500251993638,-0.22321062667040398,3
-0.8815070116524475,0.3504577968148698,-1.0939413204889936,2.5598746507733603,-0.5826281057730589,-0.48072826989283457,-0.8722447331531984,-0.2659965194756843,0.6489443228147189,-0.41330937383770083,0.3261303592516219,4
-0.9988093806260386,0.5730056013569139,-1.4042442364297165,1.304302888464721,0.10564032148139502,3.3058353612500766,0.892177009845107,-0.5995579807380688,-0.7049170982849853,-1.273324814306059,-0.8641084435794321,2
0.29151667808346343,0.4617316990858919,-0.6802040992346959,-0.09898319882140527,-0.4366317727190837,-0.5753923606714073,-0.1605452065656467,0.11060513033673146,-0.7693866897659251,-0.41330937383770083,-0.8641084435794321,2
-0.7642046426788563,0.23918389454384775,-1.300809931116142,-0.39441184877637914,-0.3323486776805303,0.08725627477860208,-0.6350115576240145,-0.5080975800693418,0.3265963654100257,-0.2904500251993638,-0.22321062667040398,2
-0.8228558271656516,0.6008240769246694,-0.5250526412643344,-0.09898319882140527,3.192419934622582,-0.9540487237856985,-0.8722447331531984,-0.31979675516316375,0.5844747313337791,-0.41330937383770083,-0.13165379568339858,3
-0.9988093806260386,0.628642552492425,0.19898749593068613,2.6337318132621035,-0.10292586859571211,-0.8593846330071256,0.04703382202238924,0.26124579026166195,0.2621267739290888,0.13955769503481574,-0.13165379568339858,2
1.9924010282005327,-1.3742876883859703,1.026461938439281,-0.6159833362426096,-0.7077678198193231,0.08725627477860208,-0.45708667597712654,0.08908503606171579,-1.0272650556896785,0.07812802071564723,0.14301669727761276,4
-0.9988093806260386,-0.15027476340472884,-1.3525270837729293,-0.7636976612200965,-0.5826281057730589,0.08725627477860208,-0.6350115576240145,-0.8039988763505383,0.5844747313337791,-0.47473904815686935,-0.5894379506184191,3
-0.7642046426788563,0.684279503627936,-1.300809931116142,-0.3205546862876356,-0.45748839172679445,-0.7647205422285529,-0.6646657045651625,0.2720058373991698,1.0357618717003492,0.07812802071564723,-0.8641084435794321,3
-0.0017392443505141611,-0.20591171454023988,0.457573259214622,-0.5421261737538661,2.796144173476078,-0.9540487237856985,-0.9315530270354944,0.702407722899065,-0.833856281246862,-0.3518796995185323,-0.8641084435794321,3
0.056911940136281154,0.5173686502214029,-0.938789862518632,-0.24669752379889204,-0.08206924958800137,-0.48072826989283457,1.7966284915501205,-0.15839604810072544,-1.0272650556896785,0.016698346396478714,-0.5894379506184191,2
0.23286549359666708,0.9624642593054906,-0.16303257266682422,-0.02512603633266172,2.879570649506921,-1.0487128145642712,-0.9612071739766423,1.2942103154613984,0.06871799948627223,-0.3518796995185323,-1.3218925985144525,3
-0.2949951667844923,0.5173686502214029,-1.1456584731457808,-0.17284036131014882,-0.1863523446265551,-0.9540487237856985,-0.8722447331531984,0.3527061909303889,-0.12469077495654142,-0.1675906765610268,-1.0472221055534396,2
-0.2949951667844923,-0.15027476340472884,0.14727034327389887,-0.4682690112651227,-0.26977882065739806,-0.7647205422285529,-0.7536281453886065,-0.4273972265381226,0.004248408005335306,-0.5975983967952057,-0.040096964696394795,3
-1.3507164875468116,-0.15027476340472884,-1.1973756258025678,-0.24669752379889204,0.08478370247368427,-0.29140008833568903,-0.6350115576240145,-0.1207358831194779,0.9712922802194093,-1.1504654656677222,-0.4063242886444115,2
-1.8199259634411755,-0.2615486656757509,-1.1973756258025678,-0.689840498731353,-0.7077678198193231,0.27658445633574763,1.7373201976678245,-2.149004768537644,1.4870490120669162,-0.22902035088019532,1.607925993069678,4
0.46747023154384937,-0.4284595190822837,0.4058561065578348,-0.09898319882140527,-0.16549572561884435,0.6552408194500388,0.9070040833156809,1.0790093727114807,0.4555355483719024,-0.22902035088019532,-0.8641084435794321,2
-0.7642046426788563,0.5173686502214029,-0.4733354886075473,-0.7636976612200965,-0.5409148677576374,-0.8593846330071256,0.07668796896353723,-0.8577991120380178,-1.4785521960562455,-0.3518796995185323,-1.0472221055534396,2
-0.47094872024487877,-0.7066442747598386,-0.4733354886075473,-0.689840498731353,-0.1863523446265551,0.7499049102286115,0.3139211444927211,-0.10459581241318629,0.19765718244814898,-0.47473904815686935,-0.9556652745664358,2
-0.060390428837310516,-0.5953703724888169,1.1298962437528555,0.048731126156081835,-0.08206924958800137,1.5072176364571936,0.22495870366927717,1.1328096083989603,0.19765718244814898,0.5695654152689946,-1.5965630914754654,3
-1.1161117495996293,0.23918389454384775,-0.7836384045482704,-0.17284036131014882,0.6687690346895845,0.8445690010071844,-0.3384700882125346,-0.8093788999192625,1.0357618717003492,0.32384671799232057,0.7839145141866425,4
-0.17769279781090114,1.2128305394152903,1.491916312350366,-0.39441184877637914,0.627055796674163,1.3178894549000482,2.5676363120199683,0.05680489464925202,-0.4470387323612318,0.016698346396478714,-0.9556652745664358,2
-1.3507164875468116,-0.20591171454023988,-1.4042442364297165,-0.17284036131014882,-0.41577515371137297,-0.10207190677854347,-0.42743252903597856,-2.030644250025177,1.7449273779906698,-0.41330937383770083,1.882596486030691,3
-0.8228558271656516,0.07227304113731528,-1.1973756258025678,0.3441597761110557,-0.22806558264197657,-0.8593846330071256,-0.6053574106828665,1.0790093727114807,2.4540928842809904,1.55244020437569,-0.9556652745664358,3
0.8193773384646224,-1.1517398838439266,1.3884820070367916,-0.02512603633266172,0.12649694048910576,1.1285612733429027,1.0552748180214209,0.9176086656489827,-0.18916036643748121,0.9995731355031735,-0.7725516125924282,2
0.6434237850042364,-1.4299246395214813,1.3367648543800044,-0.09898319882140527,-0.2906354396651088,-0.9540487237856985,-0.8722447331531984,-0.2659965194756843,-0.7049170982849853,2.903893039397395,1.4248123310956704,4
0.29151667808346343,-1.4299246395214813,0.6127247171849837,-0.39441184877637914,0.2516366545353702,0.3712485471143204,-0.6053574106828665,-0.664118263563056,-1.0272650556896785,0.20098736935398356,0.6923576831996371,3
1.347237998845782,-1.2073768349794376,1.1298962437528555,-0.24669752379889204,-0.5200582487499267,0.18192036555717486,-0.21985350044794266,0.4872067801491472,-1.0917346471706155,-0.9047467683910483,-0.5894379506184191,3
-1.1747629340864252,-0.9291920793018827,-0.4216183359507601,0.4918741010885428,-0.26977882065739806,-0.10207190677854347,-0.24950764738909065,-0.5887979336005609,1.6159881950287929,-0.8433170940718797,2.0657101480046984,3
-0.3536463512712876,0.01663609000180425,-1.0939413204889936,-0.6159833362426096,-0.2906354396651088,-0.6700564514499802,-0.24950764738909065,-0.29289663731942406,0.2621267739290888,-1.0890357913485538,-0.5894379506184191,3
1.9337498437137375,-0.31718561681126195,0.8713104804689196,-0.689840498731353,1.231897747897774,1.8858739995714848,0.10634211590468522,0.8960885713740268,0.4555355483719024,1.2452918327798475,-0.4978811196314153,1
1.4058891833325775,-0.5397334213533058,0.6127247171849837,-0.24669752379889204,0.3767763685816344,-0.7647205422285529,-0.45708667597712654,1.0252091370240013,-2.703474434194073,-0.9661764427102167,-0.7725516125924282,2
-0.7055534581920611,0.739916454763447,-1.4042442364297165,1.0088742385097471,-0.040356011572580175,0.08725627477860208,-0.07158276574220272,0.4872067801491472,0.9712922802194093,-0.7204577454335427,-0.8641084435794321,2
0.5261214160306447,-0.5397334213533058,1.1298962437528555,-0.09898319882140527,-0.040356011572580175,0.6552408194500388,2.0338616670793046,0.4872067801491472,-0.5115083238421716,-0.1061610022418583,-0.8641084435794321,2
-1.057460565112834,-0.09463781226921782,-0.6284869465779088,0.3441597761110557,-0.49920162974221594,-0.38606417911426183,-0.6053574106828665,-2.0414042971626847,0.13318759096721203,-0.41330937383770083,2.157266978991704,3
-0.2949951667844923,1.1571935882797793,-0.9905070151754191,-0.09898319882140527,0.08478370247368427,-0.5753923606714073,-0.19019935350679468,0.37960630877412865,-0.4470387323612318,0.32384671799232057,-0.5894379506184191,3
1.875098659226942,-1.2073768349794376,1.23333054906643,-0.24669752379889204,-0.1863523446265551,-0.19673599755711624,-0.5757032637417185,0.8100081942740238,-1.8009001534609388,1.675299553014027,-0.5894379506184191,3
-0.23634398229769646,0.1000915167050708,-1.0939413204889936,1.0827314009984905,-0.019499392564869433,1.03389718256433,0.4028835853161651,-0.10459581241318629,0.3265963654100257,0.07812802071564723,0.23457352826461653,3
-0.17769279781090114,0.628642552492425,-0.26646687798039853,-0.09898319882140527,0.12649694048910576,-1.0487128145642712,-0.42743252903597856,-0.3090367080256559,0.39106595689096546,-0.47473904815686935,0.5092440212256295,2
-0.8815070116524475,0.7955534058989581,-1.300809931116142,-0.5421261737538661,-0.791194295850166,-1.0487128145642712,-1.0798237617412343,-0.2659965194756843,1.100231463181286,-0.8433170940718797,-0.8641084435794321,2
-1.585321225493994,0.739916454763447,-1.4042442364297165,-0.02512603633266172,-0.45748839172679445,-0.8593846330071256,-0.9612071739766423,-2.2243250985001386,1.3581098291050395,-0.47473904815686935,2.248823809978708,2
0.29151667808346343,-0.2615486656757509,0.7161590224985579,0.565731263577286,0.08478370247368427,0.9392330917857571,0.13599626284583322,0.8100081942740238,0.004248408005335306,-0.7818874197527113,0.05145986629060898,3
-1.8785771479279714,-0.31718561681126195,-1.300809931116142,-0.9114119861975835,-1.1249001999735375,0.18192036555717486,-0.10123691268335071,-2.47180618266258,3.8079543053806946,-0.22902035088019532,2.157266978991704,3
-0.7642046426788563,-0.5397334213533058,0.457573259214622,-0.689840498731353,0.02221384545055205,-0.19673599755711624,-0.3088159412713866,-0.29289663731942406,0.19765718244814898,-0.5975983967952057,-1.138778936540445,3
2.8721687955024655,-0.8179181770308607,1.4401991596935788,0.12258828864482539,-0.1446391066111336,-1.0487128145642712,-0.9315530270354944,2.1012138507736497,-2.1232481108656294,-0.7204577454335427,-0.9556652745664358,2
-0.6469022737052652,-1.5411985417925034,0.5092904118714092,-0.02512603633266172,-0.5200582487499267,-0.48072826989283457,-0.19019935350679468,-1.2397807854191576,1.3581098291050395,0.8767137868648371,1.7910396550436871,4
-1.8785771479279714,-0.5953703724888169,-1.4042442364297165,-0.5421261737538661,-0.9163340098964304,0.18192036555717486,1.2035455527271608,-2.7569474318062688,2.3896232928000534,0.4467060666306576,2.8897216268877357,4
0.056911940136281154,0.18354694340833735,-1.1973756258025678,-0.39441184877637914,-0.12378248760342488,-0.5753923606714073,-0.7536281453886065,0.4872067801491472,-0.5759779153231085,-1.3347544886252274,-0.7725516125924282,2
-0.9401581961392428,-0.2615486656757509,-0.9905070151754191,-0.3205546862876356,-0.49920162974221594,0.18192036555717486,-0.3977783820948306,-0.6318381221505922,0.13318759096721203,-0.1061610022418583,-0.6809947816054245,2
-1.585321225493994,1.7970185263381555,-1.1456584731457808,-0.8375548237088402,-0.8954773908887197,-0.38606417911426183,1.2035455527271608,-2.3104054756001418,1.6159881950287929,0.9995731355031735,2.248823809978708,5
0.8780285229514186,-0.09463781226921782,-0.4216183359507601,0.4918741010885428,-0.1446391066111336,-0.7647205422285529,-0.5163949698594226,0.9176086656489827,-0.5115083238421716,-0.47473904815686935,0.05145986629060898,3
0.29151667808346343,-0.5953703724888169,-0.31818403063718576,-0.02512603633266172,0.08478370247368427,1.6018817272357666,1.2035455527271608,0.8261482649802557,-0.7693866897659251,-0.8433170940718797,-1.138778936540445,2
-0.5295999047316741,0.9624642593054906,-1.4042442364297165,-0.4682690112651227,-0.2489222016496873,-0.48072826989283457,-0.3977783820948306,0.5948072515241061,1.2936402376240996,-0.5975983967952057,-0.9556652745664358,2
0.46747023154384937,-0.31718561681126195,1.1298962437528555,0.048731126156081835,0.12649694048910576,2.0752021811286303,1.7373201976678245,0.8100081942740238,-1.4785521960562455,-0.41330937383770083,-1.2303357675274487,2
0.056911940136281154,0.18354694340833735,-0.9905070151754191,-0.3205546862876356,0.35591974957392364,-0.007407815999970696,-0.10123691268335071,-0.48119746222560206,-1.1562042386515552,-0.8433170940718797,0.5092440212256295,2
-0.5882510892184699,-0.7066442747598386,0.14727034327389887,-0.6159833362426096,-0.16549572561884435,1.6018817272357666,0.9366582302568289,0.11060513033673146,0.6489443228147189,-0.044731327922689794,-0.8641084435794321,3
0.23286549359666708,1.407559868389579,1.23333054906643,-0.6159833362426096,6.821471641964248,-0.38606417911426183,0.551154320021905,-0.24985644876945243,-1.9943089279037525,3.1496117366740695,-1.138778936540445,2
-0.6469022737052652,-0.8179181770308607,0.5610075645281964,0.1964454511335686,-0.41577515371137297,0.6552408194500388,-0.1605452065656467,-1.6863227416252848,0.19765718244814898,0.3852763923114891,2.248823809978708,4
2.28565695063451,-0.4284595190822837,1.1298962437528555,-0.8375548237088402,-0.26977882065739806,-1.2380409961214167,-1.2280944964469742,0.11060513033673146,-1.1562042386515552,-0.1675906765610268,-0.040096964696394795,2
0.5261214160306447,-0.9291920793018827,0.3541389539010478,-0.689840498731353,-0.5409148677576374,-1.0487128145642712,-1.0501696148000863,-0.013135411744519028,-0.7049170982849853,0.07812802071564723,0.05145986629060898,3
-1.2334141185732204,1.4353783439573344,-1.4042442364297165,-0.3205546862876356,-0.5826281057730589,-0.9540487237856985,-1.0205154678589383,-0.02927548245075091,1.8093969694716066,-0.2904500251993638,-0.4063242886444115,1
-0.2949951667844923,0.40609474795038086,-0.6802040992346959,-0.09898319882140527,-0.040356011572580175,-1.2380409961214167,-0.9612071739766423,0.4334065444616678,0.7134139142956558,-0.3518796995185323,0.3261303592516219,3
0.23286549359666708,-0.2615486656757509,0.14727034327389887,0.1964454511335686,-0.45748839172679445,-0.5753923606714073,-0.5757032637417185,-0.15839604810072544,0.13318759096721203,0.07812802071564723,0.6923576831996371,4
-0.9988093806260386,0.9346457837377351,-1.4042442364297165,-0.3205546862876356,-0.26977882065739806,-0.38606417911426183,0.25461285061042516,0.05680489464925202,1.1647010546622258,0.07812802071564723,-1.138778936540445,2
0.11556312462307647,-1.7637463463345475,1.2850477017232171,-0.4682690112651227,0.04307046445826279,-0.6700564514499802,-0.7239739984474585,-0.11535585955069412,0.3265963654100257,0.07812802071564723,-0.040096964696394795,2
0.11556312462307647,-0.37282256794677265,1.647067770320727,-0.8375548237088402,6.800615022956537,-0.007407815999970696,-0.07158276574220272,0.1751654131617187,-1.8009001534609388,4.193916200099934,-1.138778936540445,2
-0.5882510892184699,3.0210314513193977,-0.938789862518632,-0.6159833362426096,1.8784529371368064,-0.5753923606714073,1.2331996996683088,-0.2659965194756843,-0.06022118347560449,-0.5361687224760379,-1.3218925985144525,2
-0.47094872024487877,0.628642552492425,-1.4042442364297165,-0.09898319882140527,-0.22806558264197657,0.18192036555717486,-0.5460491168005706,-0.10459581241318629,0.06871799948627223,-0.3518796995185323,-0.4063242886444115,3
-0.8815070116524475,1.4353783439573344,-1.4042442364297165,-0.09898319882140527,0.3350631305662129,-0.19673599755711624,-0.5163949698594226,-0.05079557672570685,1.3581098291050395,-0.6590280711143742,0.23457352826461653,3
0.46747023154384937,-0.7066442747598386,1.5436334650071526,1.5258743759309512,-0.16549572561884435,-0.9540487237856985,-0.8129364392709024,-0.09383576527573818,-0.18916036643748121,-0.5361687224760379,1.882596486030691,3
-0.7055534581920611,-1.0404659815729045,0.04383603796032471,-0.39441184877637914,-0.12378248760342488,1.412553545678621,0.610462613904201,0.1321252246117471,0.9068226887384724,-1.0890357913485538,-0.9556652745664358,2
-1.2334141185732204,-0.039000861133706786,-0.9905070151754191,1.3781600509534648,-0.353205296688241,-0.48072826989283457,-0.45708667597712654,-0.12611590668820194,1.6159881950287929,-0.1675906765610268,1.0585850071476537,3
-0.4122975357580834,-0.5953703724888169,-0.11131542001003698,1.0088742385097471,0.3350631305662129,1.1285612733429027,1.2628538466094568,0.616327345799062,-1.0272650556896785,-0.5361687224760379,-1.2303357675274487,2
0.7020749694910317,0.12790999227282632,2.0090878389182376,-0.17284036131014882,6.237486309748348,-0.38606417911426183,-0.3088159412713866,0.8100081942740238,-0.8983258727278017,0.07812802071564723,-0.7725516125924282,2
-1.057460565112834,-0.7622812258953496,-0.2147497253236113,4.258589388014461,-0.7703376768424554,1.1285612733429027,1.2925079935506048,-0.8039988763505383,0.8423530972575326,-0.6590280711143742,1.5163691620826742,3
1.2299356298721915,-0.6510073236243279,1.4401991596935788,0.4918741010885428,-0.2489222016496873,0.560576728671466,0.19530455672812919,1.5632114938988553,-1.0272650556896785,1.429580855737353,-0.4978811196314153,3
-0.23634398229769646,0.2948208456793588,-0.2147497253236113,-0.17284036131014882,-0.2489222016496873,0.6552408194500388,1.3814704343740487,0.08908503606171579,-0.6404475068040483,-0.47473904815686935,-0.8641084435794321,3
-0.9401581961392428,0.5173686502214029,-0.31818403063718576,-0.4682690112651227,-0.1863523446265551,-0.7647205422285529,0.43253773225731307,0.16440536602421088,1.3581098291050395,-0.47473904815686935,-1.0472221055534396,3
-1.4093676720336068,0.4617316990858919,-0.9905070151754191,-0.3205546862876356,-0.353205296688241,-0.007407815999970696,-0.6943198515063105,-1.5787222702503259,1.6159881950287929,0.6924247639073317,0.6008008522126332,3
0.4088190470570541,0.2948208456793588,-0.11131542001003698,-0.39441184877637914,0.3350631305662129,-0.7647205422285529,-0.7832822923297544,0.5356269922678428,-0.25362995791841814,0.3852763923114891,-0.7725516125924282,2
-1.8199259634411755,-1.1517398838439266,-0.11131542001003698,-0.5421261737538661,0.31420651155850216,-0.29140008833568903,0.07668796896353723,-0.5349976979130815,0.4555355483719024,-0.6590280711143742,-1.138778936540445,2
-0.5882510892184699,-0.4284595190822837,0.457573259214622,2.486017488284617,-0.2906354396651088,-0.38606417911426183,1.1738914057860128,0.5948072515241061,0.13318759096721203,1.061002809822342,0.05145986629060898,2
0.6434237850042364,-0.7344627503275941,0.974744785782494,1.5258743759309512,0.12649694048910576,-1.2380409961214167,-1.1094779086823823,-0.1637760716694495,-0.25362995791841814,-0.1061610022418583,1.607925993069678,4
-0.47094872024487877,0.2948208456793588,1.491916312350366,0.41801693859979927,1.3570374619440384,-1.0487128145642712,-0.9908613209177903,-1.0407199133754719,-0.6404475068040483,2.2895962962057115,1.0585850071476537,3
-0.17769279781090114,-1.5411985417925034,0.8195933278121323,-0.6159833362426096,-0.4366317727190837,0.560576728671466,0.07668796896353723,-1.126800290475415,0.4555355483719024,-0.3518796995185323,1.3332555001086668,3
-0.7642046426788563,-0.5397334213533058,0.14727034327389887,-0.39441184877637914,-0.061212630580290625,-0.9540487237856985,-0.24950764738909065,-1.7401229773127642,0.13318759096721203,-1.2118951399868905,1.3332555001086668,3
-0.8815070116524475,0.628642552492425,-1.4042442364297165,0.12258828864482539,0.7313388917127167,-0.10207190677854347,-0.42743252903597856,-0.7071584521130276,0.8423530972575326,-0.1675906765610268,0.7839145141866425,3
0.760726153977827,0.8511903570344691,-0.16303257266682422,-0.24669752379889204,-0.019499392564869433,-1.0487128145642712,-0.5757032637417185,1.1328096083989603,-1.0917346471706155,-0.3518796995185323,-0.22321062667040398,2
-0.2949951667844923,1.6301076729316224,0.09555319061711165,1.304302888464721,-0.10292586859571211,0.46591263789289317,0.49184602613960904,-0.1476360009632176,-0.9627954642087387,-0.7818874197527113,-0.9556652745664358,2
0.8193773384646224,0.12790999227282632,-0.5250526412643344,0.27030261362231217,-0.019499392564869433,0.3712485471143204,0.1656504097869812,1.9936133793986908,-1.0917346471706155,-0.2904500251993638,-0.9556652745664358,2
1.4058891833325775,-0.039000861133706786,0.5610075645281964,0.048731126156081835,-0.45748839172679445,1.2232253641214754,0.25461285061042516,-0.4973375329318339,-1.0272650556896785,0.8152841125456687,1.5163691620826742,4
0.760726153977827,-1.1517398838439266,1.026461938439281,-0.8375548237088402,-0.6660545818039039,-0.6700564514499802,-0.6943198515063105,0.13750524818047116,-0.5759779153231085,0.9995731355031735,-0.13165379568339858,4
2.1097033971741244,0.2948208456793588,2.0090878389182376,-0.02512603633266172,-0.3323486776805303,-0.9540487237856985,-0.3088159412713866,1.3480105511488778,-1.6719609704990621,-0.5975983967952057,-0.4063242886444115,2
-0.2949951667844923,1.2962859661185568,-1.1973756258025678,-0.17284036131014882,0.08478370247368427,-0.10207190677854347,0.19530455672812919,0.16440536602421088,-0.3180995493993579,-0.044731327922689794,-0.5894379506184191,2
-0.2949951667844923,0.01663609000180425,-1.3525270837729293,-0.689840498731353,-0.22806558264197657,-1.2380409961214167,-0.8425905862120504,-0.9115993477254972,-0.9627954642087387,-1.2118951399868905,-0.5894379506184191,2
-0.3536463512712876,-1.9306571997410804,0.3541389539010478,0.12258828864482539,-0.45748839172679445,-0.10207190677854347,0.3139211444927211,-1.0730000547879355,0.39106595689096546,0.7538544382265001,1.241698669121663,3
-1.7026235944675845,1.1850120638475348,-0.938789862518632,-0.6159833362426096,0.02221384545055205,-0.007407815999970696,-0.6350115576240145,-1.4388416574628435,2.3251537013191137,-0.5975983967952057,1.0585850071476537,3
0.3501678625702588,-1.1517398838439266,0.19898749593068613,-0.39441184877637914,0.0013572264428413092,-0.38606417911426183,-0.8425905862120504,-0.5349976979130815,-0.8983258727278017,-0.6590280711143742,-0.040096964696394795,3
1.288586814358987,-0.09463781226921782,1.9056535336046634,-0.09898319882140527,0.3976329875893451,-0.9540487237856985,-0.9612071739766423,0.3258060730866492,-1.4140826045753088,0.016698346396478714,1.241698669121663,4
1.2299356298721915,-1.0961029327084155,1.8539363809478762,0.1964454511335686,-0.08206924958800137,-1.0487128145642712,-0.7536281453886065,1.6708119652738143,-0.3180995493993579,0.508135740949826,0.6923576831996371,4
-0.5295999047316741,0.01663609000180425,-0.7836384045482704,-0.4682690112651227,1.6073168900365673,-1.143376905342844,-1.0501696148000863,0.1751654131617187,-0.3180995493993579,1.2452918327798475,-1.138778936540445,2
-0.8228558271656516,-0.09463781226921782,-0.2147497253236113,-0.39441184877637914,-0.3323486776805303,-0.29140008833568903,-0.7536281453886065,-1.2451608089878816,0.5844747313337791,1.1224324841415105,0.6923576831996371,3
0.46747023154384937,-0.9291920793018827,0.6127247171849837,-0.5421261737538661,-0.5826281057730589,0.46591263789289317,0.22495870366927717,-0.938499465569237,-0.833856281246862,0.9995731355031735,0.5092440212256295,4
-0.9401581961392428,1.8526554774736665,-1.0422241678322062,-0.39441184877637914,0.2516366545353702,0.3712485471143204,0.28426699755157314,-0.384357037988151,1.8738665609525464,0.508135740949826,1.1501418381346575,3
-0.2949951667844923,0.6564610280601805,-1.4042442364297165,2.190588838329643,-0.040356011572580175,-1.0487128145642712,-0.8722447331531984,1.0252091370240013,0.5844747313337791,-0.6590280711143742,-0.7725516125924282,3
0.1742143091098718,-0.31718561681126195,0.14727034327389887,0.3441597761110557,-0.2489222016496873,1.3178894549000482,2.5972904589611163,0.4872067801491472,-0.06022118347560449,-0.7818874197527113,-0.9556652745664358,2
-1.1747629340864252,2.7428466956418425,-1.4042442364297165,-0.39441184877637914,-0.10292586859571211,0.08725627477860208,-0.6943198515063105,-1.2505408325566654,1.8093969694716066,-0.6590280711143742,0.6923576831996371,1
-0.9401581961392428,0.07227304113731528,-0.7319212518914832,-0.39441184877637914,-0.2489222016496873,-0.10207190677854347,-0.3384700882125346,0.3258060730866492,1.9383361524334832,-0.1061610022418583,-0.5894379506184191,2
1.2299356298721915,-0.8179181770308607,0.974744785782494,-0.3205546862876356,0.3350631305662129,-0.9540487237856985,-1.1094779086823823,-0.02927548245075091,-1.2206738301324922,-0.044731327922689794,1.241698669121663,4
0.6434237850042364,0.3504577968148698,-0.6802040992346959,-0.39441184877637914,-0.08206924958800137,0.8445690010071844,0.017379675081241247,0.7562079585865444,-1.0917346471706155,-0.5975983967952057,-0.6809947816054245,2
1.347237998845782,-0.15027476340472884,0.9230276331257068,0.048731126156081835,0.6479124156818737,1.6965458180143393,0.610462613904201,0.20744555457418248,-0.5115083238421716,0.3852763923114891,0.4176871902386257,3
-0.47094872024487877,0.2948208456793588,-0.6802040992346959,-0.24669752379889204,-0.22806558264197657,1.03389718256433,0.3732294383750171,-0.21219628378820488,-0.18916036643748121,-0.41330937383770083,-0.5894379506184191,2
-1.057460565112834,0.5730056013569139,0.3024218012442606,-0.5421261737538661,-0.6034847247807696,-0.007407815999970696,-0.5757032637417185,-0.7448186170942752,0.3265963654100257,-0.1061610022418583,-0.31476745765740777,3
-0.17769279781090114,-0.15027476340472884,0.6127247171849837,0.048731126156081835,-0.12378248760342488,-0.38606417911426183,-0.04192861880105473,0.9714089013365219,0.7778835057765957,-0.22902035088019532,0.23457352826461653,3
-0.17769279781090114,-0.5953703724888169,-0.5250526412643344,-0.39441184877637914,-0.31149205867281954,-0.9540487237856985,-0.8722447331531984,0.2720058373991698,-0.12469077495654142,-0.2904500251993638,-1.138778936540445,3
0.29151667808346343,-0.039000861133706786,0.3541389539010478,0.12258828864482539,-0.019499392564869433,0.7499049102286115,2.2117865487261925,0.8100081942740238,-0.3180995493993579,-0.2904500251993638,-0.8641084435794321,2
1.1126332608985998,-0.9291920793018827,1.9056535336046634,0.27030261362231217,0.710482272705006,-0.5753923606714073,-0.19019935350679468,0.702407722899065,-0.5115083238421716,0.016698346396478714,1.882596486030691,3
-0.47094872024487877,0.4617316990858919,-0.36990118329397287,-0.6159833362426096,-0.2489222016496873,1.8858739995714848,0.3732294383750171,-0.943879489137961,-1.3496130130943689,-1.5804731859019012,-1.0472221055534396,2
0.3501678625702588,1.936110904176933,-0.7319212518914832,0.6765170073104015,0.0013572264428413092,-1.143376905342844,-0.9908613209177903,1.4556110225238368,0.8423530972575326,-0.8433170940718797,0.96702817616065,2
-0.8815070116524475,0.23918389454384775,-1.4042442364297165,-0.02512603633266172,-0.3323486776805303,1.5072176364571936,0.49184602613960904,-0.9600195598442527,0.7778835057765957,-0.5975983967952057,0.6923576831996371,3
-0.23634398229769646,-1.0404659815729045,0.457573259214622,-0.4682690112651227,-0.4783450107345052,-1.0487128145642712,-1.1094779086823823,-1.3473812567941166,-0.25362995791841814,-0.7204577454335427,0.6923576831996371,4
0.23286549359666708,0.5451871257891584,-0.5767697939211216,-0.39441184877637914,0.2724932735430786,-0.29140008833568903,0.04703382202238924,-0.2659965194756843,-1.0917346471706155,-0.5361687224760379,0.5092440212256295,2
0.11556312462307647,-0.8735551281663717,0.2507046485874733,-0.5421261737538661,-0.45748839172679445,0.9392330917857571,0.10634211590468522,-1.1483203847504306,0.4555355483719024,0.3852763923114891,1.241698669121663,3
-1.7612747789543803,1.0459196860087572,-0.4216183359507601,-0.7636976612200965,1.5238904140057243,-0.8593846330071256,0.43253773225731307,-1.4765018224440911,2.0028057439144233,-0.2904500251993638,0.5092440212256295,2
-0.2949951667844923,-0.37282256794677265,-0.05959826735324975,-0.4682690112651227,0.0013572264428413092,0.6552408194500388,0.1656504097869812,0.7562079585865444,0.7778835057765957,0.508135740949826,-1.138778936540445,3
-0.3536463512712876,-1.6524724440635254,0.5092904118714092,-0.5421261737538661,-0.874620771881009,0.6552408194500388,0.3732294383750171,0.21820560171169032,0.6489443228147189,0.32384671799232057,1.5163691620826742,3
-0.5882510892184699,0.3504577968148698,-0.05959826735324975,3.446160600638282,-0.3740619156959515,1.791209908792912,2.1821324017850445,0.7562079585865444,0.39106595689096546,-1.0276061170293853,-0.9556652745664358,2
-0.6469022737052652,2.6315727933708204,-1.4042442364297165,0.3441597761110557,0.2933498925507914,-0.8593846330071256,-0.9315530270354944,-0.4489173208131383,0.7778835057765957,-1.2118951399868905,-0.4063242886444115,2
-0.8815070116524475,0.5730056013569139,-1.0422241678322062,-0.3205546862876356,0.02221384545055205,-0.48072826989283457,-0.10123691268335071,-0.750198640663059,1.0357618717003492,-0.6590280711143742,-0.040096964696394795,3
1.288586814358987,-0.9291920793018827,1.026461938439281,-0.24669752379889204,-0.2906354396651088,-0.6700564514499802,-0.7239739984474585,-0.16915609523817354,-0.5115083238421716,0.6309950895881631,1.4248123310956704,3
0.29151667808346343,2.3812065132610205,-1.1456584731457808,-0.5421261737538661,-0.26977882065739806,-1.0487128145642712,-0.8425905862120504,-0.28751661375064025,-0.06022118347560449,-1.3347544886252274,-0.7725516125924282,1
-0.7055534581920611,0.4617316990858919,-1.300809931116142,-0.02512603633266172,-0.1446391066111336,0.08725627477860208,1.1738914057860128,0.40650642661786834,1.100231463181286,-0.3518796995185323,-0.6809947816054245,3
0.9953308919250092,-1.4855615906569923,1.3884820070367916,-0.4682690112651227,-0.10292586859571211,2.4538585442429217,0.788387495551089,-1.1752205025941704,-2.1232481108656294,-0.1675906765610268,1.241698669121663,5
0.3501678625702588,-0.9848290304373938,0.6644418698417709,0.7873027510435167,0.46020284461247735,-0.38606417911426183,-0.6943198515063105,-0.6479781928568241,-0.5115083238421716,0.26241704367315205,1.4248123310956704,4
-0.7642046426788563,-0.4284595190822837,0.3541389539010478,0.12258828864482539,-0.12378248760342488,-0.007407815999970696,0.7290792016687929,0.702407722899065,1.5515186035478532,-0.3518796995185323,-0.8641084435794321,2
-0.7642046426788563,0.18354694340833735,-0.5250526412643344,-0.6159833362426096,-0.4783450107345052,-0.10207190677854347,-0.6943198515063105,-0.8362790177630022,0.8423530972575326,0.13955769503481574,0.09723828178411167,4
-0.060390428837310516,-1.6524724440635254,0.7678761751553451,-0.4682690112651227,-0.3949185347036622,-0.6700564514499802,-0.9018988800943464,-1.5787222702503259,-0.6404475068040483,-0.7204577454335427,1.6994828240566835,3
0.29151667808346343,-0.4840964702177947,1.1298962437528555,0.1964454511335686,-0.10292586859571211,0.18192036555717486,1.8855909323735645,0.8100081942740238,-0.06022118347560449,-0.3518796995185323,-0.8641084435794321,2
-0.4122975357580834,-0.9291920793018827,0.19898749593068613,-0.6159833362426096,-0.1863523446265551,0.9392330917857571,0.521500173080757,0.25048574312421384,0.9712922802194093,-0.22902035088019532,-0.8641084435794321,3
1.8164474747401467,-1.4855615906569923,0.8713104804689196,0.7873027510435167,-0.353205296688241,-0.9540487237856985,-0.8425905862120504,1.0252091370240013,-1.2206738301324922,0.9995731355031735,-1.0472221055534396,3
1.7577962902533515,-0.8735551281663717,0.7161590224985579,-0.17284036131014882,0.0013572264428413092,-0.9540487237856985,-0.9315530270354944,1.1328096083989603,-1.4140826045753088,0.8767137868648371,-1.0472221055534396,2
0.7020749694910317,0.18354694340833735,0.3024218012442606,-0.09898319882140527,0.02221384545055205,1.791209908792912,0.580808466963053,0.2720058373991698,-0.18916036643748121,0.4467060666306576,1.241698669121663,4
-0.23634398229769646,-1.1517398838439266,1.23333054906643,-0.5421261737538661,5.278081835393655,0.08725627477860208,0.25461285061042516,0.11060513033673146,-1.7364305619799991,2.596744667801554,-1.138778936540445,3
-0.7055534581920611,0.5173686502214029,-1.0939413204889936,-0.9114119861975835,-0.3740619156959515,-1.0487128145642712,-1.0501696148000863,-1.3420012332253926,-0.8983258727278017,-1.0890357913485538,-0.5894379506184191,2
-0.8815070116524475,0.628642552492425,-0.8870727098618447,-0.3205546862876356,-0.061212630580290625,0.18192036555717486,1.5890494629620846,-0.5887979336005609,0.19765718244814898,-0.8433170940718797,-0.22321062667040398,2
2.051052212687329,-1.0961029327084155,1.1298962437528555,0.6395884260660296,0.10564032148139502,3.589827633585795,0.9663123771979769,1.886012908023732,-0.06022118347560449,0.6309950895881631,0.23457352826461653,4
-0.47094872024487877,0.12790999227282632,-0.16303257266682422,-0.39441184877637914,-0.20720896363426583,-0.5753923606714073,-0.5757032637417185,0.8638084299615033,0.9068226887384724,0.7538544382265001,-0.8641084435794321,3
-1.2920653030600162,0.2948208456793588,-0.2147497253236113,-0.02512603633266172,-0.9163340098964304,-0.007407815999970696,0.669770907786497,-1.7078428359003004,0.9712922802194093,-0.044731327922689794,1.882596486030691,3
0.1742143091098718,0.6564610280601805,-0.11131542001003698,-0.39441184877637914,-0.10292586859571211,-0.7647205422285529,-0.5757032637417185,0.7831080764302841,-0.18916036643748121,-0.3518796995185323,-0.4063242886444115,3
-0.9988093806260386,2.047384806447955,-1.1973756258025678,-0.17284036131014882,-0.41577515371137297,-0.8593846330071256,-1.0205154678589383,-0.4704374150880942,1.4225794205859765,-0.47473904815686935,0.3261303592516219,3
1.2299356298721915,-0.039000861133706786,0.9230276331257068,-0.39441184877637914,-0.16549572561884435,-0.9540487237856985,-1.0205154678589383,0.5625271101115826,-0.5759779153231085,0.6309950895881631,0.8754713451736462,3
-0.5882510892184699,-0.20591171454023988,-0.8870727098618447,0.048731126156081835,-0.41577515371137297,-1.143376905342844,-0.9908613209177903,-0.5780378864631128,-0.06022118347560449,-1.1504654656677222,0.05145986629060898,2
0.3501678625702588,-0.5397334213533058,0.9230276331257068,-0.4682690112651227,-0.7494810578347446,-0.9540487237856985,-0.9315530270354944,-1.019199819100456,0.2621267739290888,0.26241704367315205,1.882596486030691,3
-0.11904161332410583,1.9082924286091776,-1.4042442364297165,-0.24669752379889204,-0.08206924958800137,-0.5753923606714073,-0.4867408229182746,-0.07231567100072252,-0.38256914088029487,-0.9661764427102167,-0.5894379506184191,2
-0.23634398229769646,-1.5968354929280144,0.6644418698417709,-0.689840498731353,-0.6660545818039039,-0.48072826989283457,-0.6646657045651625,0.003004658961772587,0.06871799948627223,1.3067215070990161,-1.5965630914754654,3
-0.5882510892184699,-0.4840964702177947,-0.36990118329397287,-0.689840498731353,-0.8120509148578767,0.7499049102286115,0.49184602613960904,-1.7186028830377484,0.4555355483719024,-0.5361687224760379,1.1501418381346575,3
2.1097033971741244,0.2948208456793588,1.5953506176639398,-0.4682690112651227,-0.353205296688241,-1.0487128145642712,-0.8722447331531984,0.702407722899065,-1.4140826045753088,-0.1675906765610268,-0.4063242886444115,3
0.760726153977827,0.40609474795038086,1.1816133964096427,-0.17284036131014882,-0.1863523446265551,1.1285612733429027,0.6994250547276449,1.6170117295863349,1.2291706461431628,-0.5361687224760379,-0.6809947816054245,2
-0.060390428837310516,-0.09463781226921782,-0.16303257266682422,-0.39441184877637914,-0.1863523446265551,-0.007407815999970696,1.1442372588448648,0.5087268744241031,0.19765718244814898,-0.1061610022418583,-0.8641084435794321,3
-0.0017392443505141611,0.2948208456793588,-0.7319212518914832,0.27030261362231217,0.16821017850452724,-0.19673599755711624,0.46219187919846105,0.9176086656489827,-0.8983258727278017,-0.22902035088019532,-1.2303357675274487,3
-0.23634398229769646,1.0737381615765127,-0.5250526412643344,0.048731126156081835,0.16821017850452724,0.3712485471143204,-0.27916179433023863,0.5948072515241061,0.5844747313337791,-0.7818874197527113,-0.8641084435794321,2
-0.7642046426788563,0.40609474795038086,-0.7836384045482704,-0.24669752379889204,-0.10292586859571211,-0.29140008833568903,-0.5757032637417185,-0.05079557672570685,1.3581098291050395,-0.22902035088019532,-0.22321062667040398,4
1.4645403678193738,-0.7066442747598386,0.7161590224985579,-0.24669752379889204,-0.08206924958800137,-0.8593846330071256,-0.9018988800943464,0.9176086656489827,-1.4785521960562455,0.07812802071564723,-1.0472221055534396,3
-0.6469022737052652,-0.9848290304373938,-0.05959826735324975,-0.5421261737538661,-0.10292586859571211,1.6018817272357666,0.818041642492237,0.05680489464925202,0.5844747313337791,-0.47473904815686935,-0.8641084435794321,3
1.7577962902533515,-0.9291920793018827,2.0090878389182376,-0.09898319882140527,0.7313388917127167,-1.2380409961214167,-1.1687862025646782,-0.1476360009632176,-0.7049170982849853,-0.7818874197527113,1.3332555001086668,3
-0.3536463512712876,0.40609474795038086,-1.0939413204889936,-0.39441184877637914,-0.1863523446265551,0.27658445633574763,-0.19019935350679468,0.148265295317979,0.5200051398528422,-0.22902035088019532,-0.31476745765740777,3
-1.4093676720336068,-1.3186507372504597,-0.11131542001003698,8.02530467494038,-0.4366317727190837,5.293781267600105,3.338644132489816,0.27738586096795353,0.13318759096721203,-0.7204577454335427,-0.13165379568339858,3
-1.585321225493994,-0.15027476340472884,-0.938789862518632,-0.17284036131014882,-0.8120509148578767,0.08725627477860208,1.5297411690797886,-1.6110024116627897,2.06727533539536,-0.1675906765610268,2.3403806409657113,2
-0.0017392443505141611,0.8233718814667136,-0.05959826735324975,-0.3205546862876356,-0.08206924958800137,-0.48072826989283457,-0.1308910596244987,0.4872067801491472,0.004248408005335306,-0.7818874197527113,-1.138778936540445,1
1.347237998845782,-0.5953703724888169,1.0781790910960682,0.12258828864482539,-0.4783450107345052,-1.0487128145642712,-0.8722447331531984,0.2720058373991698,-0.6404475068040483,1.3067215070990161,0.7839145141866425,3
-0.23634398229769646,-1.3186507372504597,1.1298962437528555,-0.24669752379889204,0.16821017850452724,0.46591263789289317,0.3435752914338691,0.23972569598670598,0.004248408005335306,0.07812802071564723,-0.31476745765740777,3
-0.4122975357580834,0.5730056013569139,-1.249092778459355,-0.39441184877637914,-0.16549572561884435,1.03389718256433,-0.1308910596244987,-0.4919575093631099,0.8423530972575326,-0.1061610022418583,0.4176871902386257,3
1.9337498437137375,-0.6510073236243279,1.3884820070367916,-0.7636976612200965,0.1473535594968165,0.560576728671466,-0.19019935350679468,0.3527061909303889,-1.8653697449418758,0.6309950895881631,-0.4978811196314153,4
-1.585321225493994,0.4895501746536474,-1.4042442364297165,-0.689840498731353,0.02221384545055205,-0.007407815999970696,0.3435752914338691,-1.288200997537913,1.7449273779906698,-0.8433170940718797,-0.4978811196314153,2
3.0481223489628526,0.01663609000180425,2.6814108234564715,1.6735887009084383,0.6687690346895845,0.6552408194500388,0.877349936374533,2.7468166790235222,-0.833856281246862,0.6924247639073317,2.3403806409657113,2
-0.9988093806260386,-0.15027476340472884,-1.1973756258025678,-0.3205546862876356,-0.41577515371137297,-0.9540487237856985,-0.9908613209177903,-0.6425981692880404,0.5200051398528422,-0.1061610022418583,-0.9556652745664358,3
-0.9401581961392428,0.8233718814667136,-1.0422241678322062,-0.09898319882140527,0.02221384545055205,0.08725627477860208,1.0256206710802729,-0.48119746222560206,0.2621267739290888,-0.7204577454335427,-0.31476745765740777,2
2.1683545816609198,-0.15027476340472884,1.647067770320727,-0.8375548237088402,-0.31149205867281954,0.6552408194500388,-0.1605452065656467,0.702407722899065,-2.5100656597512594,0.13955769503481574,0.05145986629060898,4
0.1742143091098718,0.5730056013569139,-0.5250526412643344,0.27030261362231217,0.23078003552765947,0.46591263789289317,2.1228241079027486,0.702407722899065,-1.4140826045753088,-0.8433170940718797,-1.0472221055534396,2
-0.11904161332410583,1.407559868389579,-0.8870727098618447,0.565731263577286,0.04307046445826279,-1.143376905342844,-1.0205154678589383,0.9983090191802616,0.3265963654100257,-1.0276061170293853,-0.8641084435794321,2
0.7020749694910317,-0.7622812258953496,0.7161590224985579,4.701732362946922,-0.3949185347036622,0.18192036555717486,-0.24950764738909065,1.0198291134552175,-0.12469077495654142,0.9381434611840057,0.4176871902386257,4
-1.1161117495996293,0.01663609000180425,-0.938789862518632,1.0088742385097471,0.7313388917127167,-0.19673599755711624,-0.4867408229182746,0.05680489464925202,1.2291706461431628,0.07812802071564723,0.5092440212256295,1
-0.6469022737052652,-0.9291920793018827,0.974744785782494,-0.3205546862876356,-0.2906354396651088,0.7499049102286115,-0.10123691268335071,-0.7286785463880433,0.5844747313337791,1.183862158460679,0.5092440212256295,4
-2.113181885875153,0.40609474795038086,-0.5250526412643344,-0.17284036131014882,-0.6243413437884824,0.08725627477860208,1.7373201976678245,-1.8800035901002465,3.485606347976004,-0.3518796995185323,2.248823809978708,3
-0.7642046426788563,1.407559868389579,-0.9905070151754191,-0.39441184877637914,0.10564032148139502,-0.5753923606714073,-0.8425905862120504,-0.5887979336005609,0.5844747313337791,-1.1504654656677222,-0.4063242886444115,2
-0.9988093806260386,0.9624642593054906,-0.9905070151754191,0.048731126156081835,0.3767763685816344,-0.19673599755711624,-0.6053574106828665,-0.02389545888196713,0.8423530972575326,-0.47473904815686935,-0.22321062667040398,2
0.11556312462307647,-1.0404659815729045,0.8713104804689196,-0.6159833362426096,-0.1863523446265551,-0.9540487237856985,-1.0501696148000863,-0.3466968730069035,1.3581098291050395,-0.1675906765610268,0.23457352826461653,2
-0.060390428837310516,-1.8193832974700583,0.8195933278121323,-0.02512603633266172,-0.2489222016496873,1.412553545678621,0.10634211590468522,0.01376470609928042,1.4225794205859765,0.9381434611840057,-0.040096964696394795,3
0.7020749694910317,0.3504577968148698,0.8713104804689196,-0.17284036131014882,-0.353205296688241,0.46591263789289317,0.610462613904201,1.3480105511488778,0.9712922802194093,-0.1675906765610268,-0.8641084435794321,2
-0.11904161332410583,1.4353783439573344,1.2850477017232171,-0.39441184877637914,0.710482272705006,1.9805380903500576,3.13106510390178,0.11060513033673146,-0.6404475068040483,0.20098736935398356,-1.0472221055534396,2
-0.6469022737052652,0.9346457837377351,-0.7319212518914832,-0.39441184877637914,-0.2489222016496873,-0.38606417911426183,-0.8129364392709024,-0.664118263563056,-0.12469077495654142,-0.7204577454335427,-0.31476745765740777,2
-0.5882510892184699,0.7955534058989581,-1.300809931116142,-0.24669752379889204,-0.3323486776805303,1.412553545678621,1.3221621404917527,-0.5565177921880972,0.06871799948627223,0.13955769503481574,0.6008008522126332,3
-2.171833070361949,-0.039000861133706786,-0.6284869465779088,-0.3205546862876356,-0.7077678198193231,-0.7647205422285529,0.521500173080757,-1.7724031187252878,3.8079543053806946,-0.5975983967952057,2.431937471952715,1
-0.060390428837310516,0.3504577968148698,-1.4042442364297165,-0.02512603633266172,0.10564032148139502,0.27658445633574763,0.3139211444927211,1.886012908023732,1.2291706461431628,-0.044731327922689794,-1.0472221055534396,3
1.2299356298721915,-1.0404659815729045,1.5953506176639398,0.8611599135322603,1.7950264611059634,-0.9540487237856985,-0.9315530270354944,0.16440536602421088,-0.7693866897659251,0.26241704367315205,0.7839145141866425,3
-0.17769279781090114,-1.2073768349794376,0.9230276331257068,-0.3205546862876356,2.6710044594298137,-1.0487128145642712,-0.9315530270354944,-1.6755626944877768,-1.0272650556896785,0.9381434611840057,1.882596486030691,4
-0.47094872024487877,-1.2073768349794376,0.7161590224985579,-0.09898319882140527,-0.4783450107345052,1.6965458180143393,0.3732294383750171,-0.9546395362754688,0.19765718244814898,1.183862158460679,0.8754713451736462,3
0.056911940136281154,2.8263021223451084,-0.6284869465779088,2.5598746507733603,-0.31149205867281954,-0.48072826989283457,0.19530455672812919,1.240410079773919,0.39106595689096546,-1.0276061170293853,-0.4978811196314153,2
-0.5882510892184699,0.7955534058989581,-1.1456584731457808,0.7873027510435167,0.3976329875893451,-0.9540487237856985,-0.8129364392709024,0.2720058373991698,0.5844747313337791,-0.1675906765610268,-0.31476745765740777,2
-0.3536463512712876,1.2406490149830458,-0.007881114696462521,0.9350170760210035,0.46020284461247735,1.6965458180143393,1.2331996996683088,-0.02927548245075091,-0.4470387323612318,-1.273324814306059,-1.0472221055534396,2
1.1126332608985998,-0.4840964702177947,0.7678761751553451,-0.39441184877637914,-0.353205296688241,-0.8593846330071256,-0.8129364392709024,-0.5565177921880972,-1.0917346471706155,0.8152841125456687,0.6008008522126332,4
0.11556312462307647,-1.3742876883859703,0.4058561065578348,-0.6159833362426096,-0.5617714867653482,-0.9540487237856985,-0.9612071739766423,-0.7824787820755227,-0.06022118347560449,0.508135740949826,1.241698669121663,4
0.5847726005174411,-1.1517398838439266,1.5436334650071526,-0.39441184877637914,-0.2906354396651088,1.03389718256433,0.521500173080757,0.11060513033673146,-0.18916036643748121,0.8152841125456687,0.23457352826461653,2
-0.17769279781090114,-0.5953703724888169,0.2507046485874733,-0.02512603633266172,-0.16549572561884435,0.9392330917857571,2.2117865487261925,0.707787746467789,-0.5759779153231085,2.5353149934823853,-0.6809947816054245,2
-0.6469022737052652,0.739916454763447,-1.249092778459355,-0.17284036131014882,-0.20720896363426583,-0.007407815999970696,1.1442372588448648,0.39574637948042024,1.4225794205859765,-0.5361687224760379,-0.6809947816054245,2
-0.17769279781090114,1.6857446240671334,-0.007881114696462521,-0.39441184877637914,-0.16549572561884435,-0.48072826989283457,0.46219187919846105,-0.09383576527573818,-0.12469077495654142,-1.0890357913485538,-0.5894379506184191,1
0.5261214160306447,-1.2073768349794376,0.457573259214622,-0.24669752379889204,-0.1863523446265551,-0.48072826989283457,-0.4867408229182746,-0.29289663731942406,0.13318759096721203,1.2452918327798475,1.4248123310956704,4
0.8780285229514186,-0.7622812258953496,0.8195933278121323,-0.6529119174869814,-0.41577515371137297,-1.0487128145642712,-1.0798237617412343,-1.0299598662379639,-0.7693866897659251,-1.2118951399868905,0.8754713451736462,2
-0.060390428837310516,-0.9848290304373938,0.3024218012442606,-0.09898319882140527,-0.2489222016496873,-0.48072826989283457,-0.012274471859906742,-0.3789770144193672,-0.25362995791841814,0.9381434611840057,0.5092440212256295,3
-0.8228558271656516,0.5730056013569139,-1.300809931116142,-0.4682690112651227,-0.20720896363426583,0.18192036555717486,-0.5163949698594226,0.22896564884919815,0.5844747313337791,0.5695654152689946,-0.5894379506184191,2
0.5261214160306447,0.07227304113731528,0.19898749593068613,-0.17284036131014882,0.5019160826278968,-0.48072826989283457,-0.27916179433023863,0.15902534245548683,-0.4470387323612318,-0.5975983967952057,0.4176871902386257,2
-0.6469022737052652,0.7955534058989581,-1.4042442364297165,-0.24669752379889204,-0.41577515371137297,-0.5753923606714073,-0.6943198515063105,-0.5887979336005609,0.7134139142956558,0.3852763923114891,0.6008008522126332,3
1.4058891833325775,-0.9848290304373938,1.3367648543800044,0.048731126156081835,-0.3740619156959515,-1.0487128145642712,-0.9315530270354944,0.2720058373991698,-1.0272650556896785,-0.044731327922689794,0.5092440212256295,5
-0.11904161332410583,0.18354694340833735,0.04383603796032471,-0.6159833362426096,5.841210548601844,-0.007407815999970696,0.25461285061042516,0.05680489464925202,-1.2851434216134319,3.825338154184923,-1.0472221055534396,2
2.7548664265288747,-0.31718561681126195,1.1298962437528555,1.304302888464721,-0.061212630580290625,-0.9540487237856985,-0.012274471859906742,2.9082173860859606,-0.06022118347560449,0.13955769503481574,2.0657101480046984,3
-0.060390428837310516,0.628642552492425,-0.007881114696462521,-0.39441184877637914,0.1473535594968165,-1.0487128145642712,0.877349936374533,0.4172664737553762,-1.1562042386515552,-0.22902035088019532,-1.2303357675274487,3
-1.7026235944675845,0.2948208456793588,-0.9905070151754191,-0.4682690112651227,-0.6034847247807696,0.3712485471143204,-0.4867408229182746,-0.9976797248255002,1.2291706461431628,-0.1061610022418583,-0.22321062667040398,3
-1.057460565112834,0.2948208456793588,-1.4042442364297165,-0.24669752379889204,0.16821017850452724,-1.2380409961214167,-1.0205154678589383,-0.6049380043068525,2.0028057439144233,-0.22902035088019532,0.96702817616065,1
0.056911940136281154,-0.8735551281663717,0.8195933278121323,-0.17284036131014882,-0.5200582487499267,-0.38606417911426183,-0.8425905862120504,-0.6425981692880404,-0.8983258727278017,0.9381434611840057,0.6923576831996371,4
0.5847726005174411,-0.8735551281663717,0.8713104804689196,-0.689840498731353,-1.0414737239426948,0.46591263789289317,-0.1605452065656467,-0.7717187349380149,-0.4470387323612318,0.9381434611840057,0.3261303592516219,4
-0.17769279781090114,0.9902827348732461,-1.1456584731457808,-0.4682690112651227,-0.2906354396651088,-0.7647205422285529,-0.8425905862120504,-0.2659965194756843,0.19765718244814898,1.7981589016523634,0.05145986629060898,3
1.6404939212797598,-1.9306571997410804,1.0781790910960682,-0.7636976612200965,-0.41577515371137297,-0.8593846330071256,-0.9612071739766423,0.3258060730866492,-0.5759779153231085,-0.1061610022418583,-0.31476745765740777,3
-0.3536463512712876,0.9068273081699796,1.1298962437528555,-0.5421261737538661,0.564485939651031,0.3712485471143204,1.9152450793147124,0.05680489464925202,-0.6404475068040483,0.32384671799232057,-1.0472221055534396,2
-0.2949951667844923,0.18354694340833735,-0.4216183359507601,-0.39441184877637914,-0.1446391066111336,0.08725627477860208,1.7966284915501205,-0.2659965194756843,0.06871799948627223,-0.7204577454335427,-0.8641084435794321,2
1.1126332608985998,-1.0961029327084155,0.974744785782494,-0.4682690112651227,-0.1446391066111336,-0.9540487237856985,-1.1391320556235303,-0.22295633092565298,-1.3496130130943689,-1.0890357913485538,-0.040096964696394795,3
-0.7055534581920611,0.01663609000180425,-1.0422241678322062,-0.6159833362426096,-0.353205296688241,-0.10207190677854347,-0.6943198515063105,-0.8577991120380178,-0.12469077495654142,0.016698346396478714,0.3261303592516219,3
0.5847726005174411,-1.4299246395214813,0.7161590224985579,-0.39441184877637914,0.06392708346597353,-0.9540487237856985,-0.9315530270354944,0.702407722899065,-0.18916036643748121,0.26241704367315205,-0.6809947816054245,2
-0.5295999047316741,1.4353783439573344,-0.4216183359507601,1.9690173508634126,0.12649694048910576,0.27658445633574763,1.5000870221386406,0.2343456724179222,-0.9627954642087387,-0.8433170940718797,-0.7725516125924282,3
-1.3507164875468116,0.2948208456793588,-0.36990118329397287,-0.09898319882140527,-0.26977882065739806,-0.10207190677854347,0.07668796896353723,-1.0891401254941675,1.7449273779906698,0.07812802071564723,1.882596486030691,3
-0.6469022737052652,0.5730056013569139,-1.4042442364297165,-0.4682690112651227,0.18906679751223596,-0.19673599755711624,-0.27916179433023863,0.029904776805512304,0.39106595689096546,-0.47473904815686935,-1.3218925985144525,3
-0.3536463512712876,-1.4299246395214813,2.112522144231812,0.7134455885547731,5.632644358524737,-1.0487128145642712,-1.1094779086823823,0.2720058373991698,-0.38256914088029487,2.596744667801554,-0.4978811196314153,4
1.4058891833325775,-0.7066442747598386,0.5092904118714092,-0.4682690112651227,-0.1446391066111336,0.08725627477860208,-0.5460491168005706,0.024524753236728522,-1.2206738301324922,-0.044731327922689794,0.6923576831996371,3
0.11556312462307647,-0.20591171454023988,-0.8353555572050576,-0.17284036131014882,-0.08206924958800137,-0.6700564514499802,0.580808466963053,0.05680489464925202,-0.8983258727278017,-0.7818874197527113,-0.9556652745664358,2
-0.8815070116524475,-0.2615486656757509,-0.9905070151754191,-0.5421261737538661,-0.2906354396651088,2.264530362685776,0.49184602613960904,-0.755578664231783,-1.2206738301324922,-1.0276061170293853,-0.7725516125924282,2
-0.8228558271656516,0.18354694340833735,-1.249092778459355,-0.7636976612200965,-0.040356011572580175,1.8858739995714848,-0.04192861880105473,-0.7932388292130306,1.4225794205859765,-0.5361687224760379,0.14301669727761276,2
0.9366797074382139,-0.7066442747598386,1.3367648543800044,3.0768747881945644,0.18906679751223596,-0.9540487237856985,-0.8425905862120504,1.0252091370240013,-0.25362995791841814,0.9995731355031735,1.1501418381346575,4
-0.4122975357580834,-0.5397334213533058,0.19898749593068613,-0.3205546862876356,-0.3949185347036622,-0.29140008833568903,0.788387495551089,-0.48119746222560206,-0.3180995493993579,-0.7204577454335427,-0.4978811196314153,3
-0.6469022737052652,-1.0404659815729045,0.2507046485874733,-0.02512603633266172,0.04307046445826279,2.5485226350214942,1.9448992262558604,-0.05079557672570685,0.06871799948627223,0.8152841125456687,0.6008008522126332,2
-1.1747629340864252,0.40609474795038086,-0.8870727098618447,-0.689840498731353,-0.8329075338655875,-0.38606417911426183,-0.6350115576240145,-1.955323920062682,1.5515186035478532,-0.9047467683910483,1.5163691620826742,2
0.8193773384646224,0.01663609000180425,1.6987849229775145,-0.39441184877637914,-1.020617104934984,-1.0487128145642712,-0.8425905862120504,-0.4542973443818623,-0.06022118347560449,1.2452918327798475,1.7910396550436871,3
-0.6469022737052652,-0.4284595190822837,-0.6284869465779088,-0.39441184877637914,-0.20720896363426583,-0.5753923606714073,-0.5757032637417185,-0.32517677873188783,-0.12469077495654142,-0.9047467683910483,-0.4978811196314153,3
-0.7055534581920611,0.8790088326022246,0.4058561065578348,-0.39441184877637914,0.0013572264428413092,-0.6700564514499802,1.3221621404917527,-0.21219628378820488,-0.18916036643748121,-0.22902035088019532,-0.9556652745664358,2
-1.585321225493994,0.739916454763447,-1.4042442364297165,-0.24669752379889204,-0.019499392564869433,-1.2380409961214167,-1.0798237617412343,-1.567962223112818,2.583032067242867,-0.1675906765610268,2.157266978991704,4
1.2299356298721915,-0.5397334213533058,1.1816133964096427,-0.17284036131014882,-0.41577515371137297,-0.29140008833568903,-0.8425905862120504,-0.3735969908506432,-1.3496130130943689,1.3067215070990161,0.8754713451736462,3
-0.8815070116524475,-0.6510073236243279,0.19898749593068613,4.6278752004581785,-0.08206924958800137,0.9392330917857571,-0.07158276574220272,0.8315282885490395,0.4555355483719024,-0.1061610022418583,-0.31476745765740777,3
0.3501678625702588,-0.2615486656757509,1.3367648543800044,1.0827314009984905,0.2724932735430786,-1.2380409961214167,-1.1094779086823823,-0.4489173208131383,-0.6404475068040483,-0.41330937383770083,1.5163691620826742,4
1.6404939212797598,-1.2073768349794376,1.3367648543800044,-0.24669752379889204,-0.5826281057730589,-1.2380409961214167,-1.1094779086823823,-0.5242376507755736,-1.8653697449418758,1.061002809822342,0.4176871902386257,4
0.46747023154384937,1.2962859661185568,2.112522144231812,-0.6159833362426096,6.800615022956537,0.18192036555717486,0.49184602613960904,-0.09383576527573818,-2.639004842713136,4.132486525780766,-1.2303357675274487,3
-0.6469022737052652,0.739916454763447,0.3024218012442606,-0.02512603633266172,-0.41577515371137297,1.6965458180143393,1.6187036099032326,-1.3742813746378562,-0.25362995791841814,0.7538544382265001,2.157266978991704,3
-0.0017392443505141611,-1.4855615906569923,0.7678761751553451,-0.39441184877637914,-0.16549572561884435,-0.48072826989283457,-0.6053574106828665,0.37960630877412865,-0.6404475068040483,0.8767137868648371,-0.9556652745664358,3
-0.47094872024487877,1.1015566371442682,-1.1973756258025678,-0.7636976612200965,-0.2489222016496873,-0.7647205422285529,-0.9612071739766423,-0.8685591591755256,-0.3180995493993579,-0.7818874197527113,-0.7725516125924282,2
-1.057460565112834,0.01663609000180425,-1.0939413204889936,-0.39441184877637914,-0.5200582487499267,1.2232253641214754,-0.10123691268335071,-0.9707796069817007,0.4555355483719024,1.061002809822342,-0.13165379568339858,3
2.402959319608102,-0.5953703724888169,1.1298962437528555,1.5258743759309512,-0.31149205867281954,0.27658445633574763,-0.1308910596244987,0.5948072515241061,-1.8653697449418758,-0.2904500251993638,-0.8641084435794321,2
-0.6469022737052652,-0.8179181770308607,0.14727034327389887,-0.5421261737538661,-0.31149205867281954,1.412553545678621,0.669770907786497,0.08370501249299174,0.7134139142956558,-0.41330937383770083,-0.8641084435794321,3
3.2240759024232397,-0.20591171454023988,2.060804991575025,0.3441597761110557,0.10564032148139502,-0.9540487237856985,-0.9612071739766423,1.0252091370240013,-1.8653697449418758,1.675299553014027,1.4248123310956704,3
2.930819979989262,-1.0404659815729045,1.2850477017232171,0.4918741010885428,0.12649694048910576,0.08725627477860208,0.1656504097869812,2.5316157362736047,-1.6719609704990621,0.9381434611840057,-0.8641084435794321,3
1.9337498437137375,0.01663609000180425,2.0090878389182376,0.8242313322878883,0.6896256536972952,-0.9540487237856985,-0.9908613209177903,0.5948072515241061,-1.6719609704990621,0.508135740949826,0.96702817616065,4
-0.9988093806260386,0.9902827348732461,-1.0422241678322062,-0.689840498731353,-0.2489222016496873,-0.9540487237856985,-0.9612071739766423,-0.2659965194756843,0.8423530972575326,-0.47473904815686935,0.23457352826461653,2
0.8193773384646224,0.739916454763447,0.3541389539010478,0.048731126156081835,0.12649694048910576,-0.38606417911426183,1.2035455527271608,0.6808876286240493,-0.3180995493993579,0.016698346396478714,-0.31476745765740777,2
-0.47094872024487877,0.2948208456793588,-0.36990118329397287,-0.39441184877637914,-0.31149205867281954,1.6965458180143393,-0.10123691268335071,-0.943879489137961,-1.3496130130943689,-1.396184162944396,-1.0472221055534396,2
-0.7055534581920611,-1.2073768349794376,0.14727034327389887,-0.24669752379889204,-0.7286244388270339,1.8858739995714848,2.3600572834319324,-0.10459581241318629,-2.3811264767893827,5.913947081036651,-0.8641084435794321,2
2.28565695063451,-1.0404659815729045,1.1816133964096427,-0.09898319882140527,-0.45748839172679445,-0.5753923606714073,-0.7832822923297544,1.778412436648773,-1.2206738301324922,3.211041410993238,-1.138778936540445,3
1.6404939212797598,-1.2073768349794376,1.1298962437528555,0.12258828864482539,0.12649694048910576,-0.007407815999970696,-0.012274471859906742,1.0252091370240013,-1.2206738301324922,2.228166621886543,0.14301669727761276,4
-1.8199259634411755,-0.20591171454023988,-0.05959826735324975,-0.17284036131014882,0.04307046445826279,0.6552408194500388,0.788387495551089,-0.750198640663059,2.583032067242867,-0.22902035088019532,1.607925993069678,3
0.9366797074382139,-0.9848290304373938,0.5610075645281964,-0.7636976612200965,-0.6243413437884824,1.412553545678621,-0.012274471859906742,0.035284800374236355,-0.3180995493993579,0.9995731355031735,0.14301669727761276,4
0.9366797074382139,0.07227304113731528,-0.05959826735324975,-0.39441184877637914,0.4810594636201881,-0.8593846330071256,0.3732294383750171,0.21282557814296627,-2.3811264767893827,1.982447924609869,-0.22321062667040398,2
0.11556312462307647,0.739916454763447,-0.36990118329397287,-0.3205546862876356,0.18906679751223596,0.6552408194500388,1.9448992262558604,0.3419461437929408,-1.1562042386515552,-1.0890357913485538,-1.138778936540445,2
-0.3536463512712876,0.7955534058989581,-0.2147497253236113,-0.3205546862876356,0.0013572264428413092,0.08725627477860208,1.4407787282563447,-0.2659965194756843,0.06871799948627223,-1.0890357913485538,-0.8641084435794321,2
-1.057460565112834,2.0752032820157105,-1.4042442364297165,-0.689840498731353,-0.7494810578347446,-0.6700564514499802,-0.9018988800943464,-1.0891401254941675,1.2291706461431628,-0.1675906765610268,0.4176871902386257,3
0.6434237850042364,-0.7066442747598386,0.19898749593068613,-0.24669752379889204,0.04307046445826279,-0.29140008833568903,0.43253773225731307,-0.05079557672570685,-1.5430217875371854,-0.1675906765610268,0.05145986629060898,3
0.46747023154384937,-1.5411985417925034,0.3541389539010478,-0.39441184877637914,-0.353205296688241,2.7378508165786397,0.580808466963053,0.5356269922678428,0.8423530972575326,1.2452918327798475,-0.22321062667040398,4
-0.6469022737052652,0.5173686502214029,-1.0939413204889936,-0.02512603633266172,-0.20720896363426583,0.08725627477860208,1.0849289649625689,0.41188645018665215,1.2936402376240996,-0.7818874197527113,-0.6809947816054245,2
-0.7055534581920611,0.3504577968148698,-1.4042442364297165,-0.24669752379889204,-0.20720896363426583,0.9392330917857571,-0.10123691268335071,-0.7932388292130306,0.7134139142956558,0.13955769503481574,0.3261303592516219,3
-1.1747629340864252,0.8511903570344691,-1.3525270837729293,0.8611599135322603,0.31420651155850216,1.5072176364571936,0.19530455672812919,-0.4489173208131383,1.2936402376240996,0.016698346396478714,0.7839145141866425,3
0.760726153977827,-0.5953703724888169,0.4058561065578348,-0.3205546862876356,-0.10292586859571211,0.08725627477860208,-0.27916179433023863,-0.2552364723381765,-0.5115083238421716,0.016698346396478714,0.6008008522126332,3
0.6434237850042364,-0.7066442747598386,1.026461938439281,-0.02512603633266172,-0.019499392564869433,-0.9540487237856985,-0.8129364392709024,0.5517670629741345,-1.0272650556896785,-0.9661764427102167,0.05145986629060898,2
0.1742143091098718,0.01663609000180425,-0.26646687798039853,-0.39441184877637914,0.2516366545353702,-0.8593846330071256,-0.6053574106828665,0.003004658961772587,-0.7049170982849853,-0.5975983967952057,-0.22321062667040398,3
-0.7055534581920611,1.7413815752026445,-1.300809931116142,1.3781600509534648,0.16821017850452724,-1.0487128145642712,-1.0205154678589383,0.16440536602421088,0.6489443228147189,-0.5361687224760379,0.5092440212256295,1
-0.5295999047316741,-0.20591171454023988,-0.007881114696462521,-0.3205546862876356,-0.353205296688241,-0.19673599755711624,-0.6646657045651625,-1.5141619874253387,0.2621267739290888,-0.1675906765610268,1.4248123310956704,3
-0.4122975357580834,0.6564610280601805,-1.249092778459355,-0.4682690112651227,-0.040356011572580175,-0.19673599755711624,0.28426699755157314,0.11060513033673146,0.39106595689096546,-1.2118951399868905,-0.13165379568339858,2
1.875098659226942,0.07227304113731528,2.2676736022021733,1.3781600509534648,0.7521955107204275,-0.9540487237856985,-0.9612071739766423,0.9176086656489827,-1.9298393364228157,1.061002809822342,1.241698669121663,4
0.5847726005174411,-0.9291920793018827,0.6127247171849837,-0.7636976612200965,-0.16549572561884435,2.3591944534643488,0.22495870366927717,-0.09383576527573818,1.0357618717003492,0.4467060666306576,0.4176871902386257,3
-1.9372283324147668,-0.8179181770308607,-1.3525270837729293,-0.689840498731353,-0.8329075338655875,0.9392330917857571,0.3732294383750171,-3.1496891523248567,2.51856247576193,0.5695654152689946,3.2559489508357524,3
0.5847726005174411,-0.20591171454023988,0.457573259214622,-0.6159833362426096,-0.1446391066111336,-1.2380409961214167,-0.9908613209177903,0.1751654131617187,-0.25362995791841814,0.7538544382265001,0.4176871902386257,3
-0.060390428837310516,-1.0404659815729045,0.5092904118714092,-0.4682690112651227,-0.6451979627961909,2.5485226350214942,0.788387495551089,-1.4065615160503797,-0.5115083238421716,0.9381434611840057,1.4248123310956704,3
1.9924010282005327,-0.20591171454023988,1.1298962437528555,-0.24669752379889204,-0.10292586859571211,-1.0487128145642712,-0.9612071739766423,1.778412436648773,-0.7693866897659251,-1.396184162944396,-1.138778936540445,2
-0.060390428837310516,-0.15027476340472884,0.4058561065578348,0.27030261362231217,-0.22806558264197657,0.46591263789289317,2.3600572834319324,0.4872067801491472,-0.5115083238421716,-0.22902035088019532,-0.9556652745664358,2
0.11556312462307647,0.3226393212471143,-0.4733354886075473,-0.3205546862876356,-0.20720896363426583,-1.0487128145642712,-0.5163949698594226,0.003004658961772587,-0.7049170982849853,-1.0890357913485538,-0.5894379506184191,3
-0.6469022737052652,0.7120979791956915,-1.249092778459355,-0.5421261737538661,-0.20720896363426583,-0.8593846330071256,-1.0501696148000863,-0.4435372972443545,0.19765718244814898,-1.6419028602210697,-0.8641084435794321,2
-0.4122975357580834,-0.7622812258953496,0.19898749593068613,-0.17284036131014882,-0.12378248760342488,0.6552408194500388,0.6994250547276449,0.8100081942740238,1.3581098291050395,-0.044731327922689794,-0.6809947816054245,2
-0.4122975357580834,-1.3186507372504597,1.1298962437528555,0.12258828864482539,0.08478370247368427,0.8445690010071844,0.3732294383750171,0.21820560171169032,0.004248408005335306,-0.2904500251993638,-0.31476745765740777,3
1.2299356298721915,-1.5968354929280144,1.1298962437528555,-0.5421261737538661,-0.26977882065739806,-0.9540487237856985,-0.8129364392709024,0.5410070158366267,-0.833856281246862,2.473885319163217,0.5092440212256295,3
-0.7055534581920611,1.0181012104410017,-1.4042442364297165,-0.4682690112651227,-0.16549572561884435,-0.19673599755711624,-0.3681242351536826,0.2720058373991698,1.0357618717003492,-0.6590280711143742,-0.9556652745664358,2
-0.2949951667844923,0.07227304113731528,-0.05959826735324975,-0.39441184877637914,0.0013572264428413092,0.6552408194500388,0.017379675081241247,0.7562079585865444,0.6489443228147189,0.508135740949826,-1.138778936540445,3
-1.2334141185732204,0.23918389454384775,-0.8870727098618447,-0.3205546862876356,-0.8329075338655875,-1.143376905342844,-1.0798237617412343,-1.1913605733004022,0.8423530972575326,0.6309950895881631,0.3261303592516219,3
-0.3536463512712876,1.3797413928218234,0.7678761751553451,-0.4682690112651227,0.08478370247368427,-0.7647205422285529,1.1442372588448648,-0.4273972265381226,-0.5115083238421716,-0.41330937383770083,-0.8641084435794321,2
-0.5882510892184699,-1.1517398838439266,-0.2147497253236113,-0.17284036131014882,-0.45748839172679445,1.791209908792912,0.669770907786497,-0.43815727367563045,0.7778835057765957,-0.22902035088019532,-0.31476745765740777,2
0.3501678625702588,1.7413815752026445,0.3541389539010478,-0.8375548237088402,-0.791194295850166,-1.143376905342844,-1.1094779086823823,-0.6210780750130844,-1.2206738301324922,-1.0890357913485538,-1.2303357675274487,3
-0.8815070116524475,1.3797413928218234,-1.4042442364297165,0.3441597761110557,0.2933498925507914,-0.7647205422285529,-0.7239739984474585,-0.10459581241318629,0.9068226887384724,-0.5975983967952057,0.23457352826461653,2
1.1126332608985998,0.07227304113731528,0.5092904118714092,9.502447924715248,2.629291221414392,3.6844917243643676,1.4111245813151967,3.7636411335169675,-0.833856281246862,0.6924247639073317,-1.3218925985144525,3
-0.23634398229769646,0.9068273081699796,-0.31818403063718576,-0.3205546862876356,-0.16549572561884435,1.6018817272357666,2.7752153406080042,-0.2659965194756843,-0.38256914088029487,-0.9047467683910483,-0.4978811196314153,2
-1.7026235944675845,-0.5953703724888169,-0.007881114696462521,-0.39441184877637914,0.08478370247368427,0.6552408194500388,0.22495870366927717,-1.0676200312192115,3.034319207609434,-0.1061610022418583,1.6994828240566835,4
-0.9401581961392428,0.628642552492425,-0.2147497253236113,-0.3205546862876356,-0.16549572561884435,-0.48072826989283457,2.1228241079027486,-0.7071584521130276,0.3265963654100257,0.26241704367315205,0.4176871902386257,2
-0.7055534581920611,-2.0419311020121023,0.8713104804689196,-0.02512603633266172,-0.41577515371137297,0.08725627477860208,-0.4867408229182746,-1.8369634015502152,0.2621267739290888,-0.7204577454335427,1.7910396550436871,3
0.3501678625702588,-0.7066442747598386,0.2507046485874733,2.264446000818386,-0.019499392564869433,-0.5753923606714073,-0.012274471859906742,1.2942103154613984,0.4555355483719024,0.6924247639073317,0.05145986629060898,4
0.9953308919250092,-0.37282256794677265,0.8713104804689196,0.27030261362231217,-0.4783450107345052,-1.143376905342844,-1.1687862025646782,0.024524753236728522,0.13318759096721203,-0.22902035088019532,1.607925993069678,3
-0.8815070116524475,-0.31718561681126195,-0.9905070151754191,-0.24669752379889204,-0.49920162974221594,0.18192036555717486,-0.27916179433023863,-0.6264580985818085,-0.06022118347560449,-0.044731327922689794,-0.7725516125924282,3
-0.060390428837310516,4.467592180842683,-1.4042442364297165,-0.6159833362426096,-0.1446391066111336,-1.2380409961214167,-1.0501696148000863,-0.15839604810072544,1.4225794205859765,-1.0276061170293853,0.4176871902386257,2
-1.526670041007198,3.3548531581324625,-0.938789862518632,-0.7636976612200965,1.753313223090542,-0.8593846330071256,-0.8425905862120504,-1.4496017046003513,1.2291706461431628,-1.0890357913485538,-0.5894379506184191,1
2.1683545816609198,-1.3742876883859703,1.1298962437528555,-0.4682690112651227,-0.2906354396651088,-0.5753923606714073,-0.7832822923297544,0.4872067801491472,-2.1232481108656294,0.016698346396478714,-0.4978811196314153,4
-0.5295999047316741,-0.31718561681126195,0.974744785782494,-0.24669752379889204,0.5436293206433203,-0.8593846330071256,-0.8129364392709024,-0.1207358831194779,0.06871799948627223,-0.1675906765610268,0.05145986629060898,2
-0.6469022737052652,0.4339132235181364,-1.300809931116142,-0.4682690112651227,0.16821017850452724,-0.5753923606714073,-0.4867408229182746,-0.9115993477254972,0.9712922802194093,-0.7818874197527113,1.241698669121663,3
-0.6469022737052652,-1.0961029327084155,0.3024218012442606,-0.6159833362426096,-0.5617714867653482,-1.2380409961214167,-1.0205154678589383,-0.3735969908506432,-0.5115083238421716,2.719604016439891,-0.4063242886444115,5
-0.9988093806260386,-0.4840964702177947,-0.6284869465779088,-0.3205546862876356,-0.2489222016496873,0.560576728671466,0.1656504097869812,-0.5349976979130815,0.06871799948627223,-0.22902035088019532,-1.0472221055534396,2
-0.8815070116524475,0.684279503627936,-1.300809931116142,-0.3205546862876356,-0.20720896363426583,-0.7647205422285529,-0.9612071739766423,-0.9223593948630051,0.2621267739290888,-0.22902035088019532,-0.040096964696394795,3
1.288586814358987,-0.7622812258953496,0.974744785782494,-0.24669752379889204,-0.26977882065739806,-0.19673599755711624,-0.6053574106828665,-0.384357037988151,-1.6074913790181224,1.1224324841415105,0.8754713451736462,3
2.6962152420420797,-0.15027476340472884,1.4401991596935788,0.1964454511335686,-0.3323486776805303,-0.8593846330071256,-0.6943198515063105,1.8429727194737007,-1.4140826045753088,0.13955769503481574,0.4176871902386257,3
-0.6469022737052652,-0.20591171454023988,-0.4733354886075473,0.12258828864482539,-0.3949185347036622,-0.29140008833568903,-0.3977783820948306,0.003004658961772587,-0.12469077495654142,-1.0890357913485538,-1.138778936540445,3
1.1126332608985998,-0.7066442747598386,0.6644418698417709,-0.02512603633266172,-0.41577515371137297,2.3591944534643488,0.19530455672812919,0.4549266387366237,0.4555355483719024,1.2452918327798475,0.05145986629060898,3
0.8780285229514186,-0.4840964702177947,1.026461938439281,-0.02512603633266172,-0.5200582487499267,-0.6700564514499802,-0.5757032637417185,0.7562079585865444,-0.4470387323612318,-0.044731327922689794,0.3261303592516219,3
-0.3536463512712876,0.7677349303312025,-1.4042442364297165,-0.09898319882140527,0.04307046445826279,-0.7647205422285529,-0.8425905862120504,0.37960630877412865,-0.25362995791841814,0.4467060666306576,-1.0472221055534396,2
-0.5295999047316741,0.5730056013569139,-1.0422241678322062,-0.09898319882140527,0.04307046445826279,-0.48072826989283457,-0.3088159412713866,0.6486074872115856,0.7778835057765957,0.6309950895881631,-0.6809947816054245,3
0.11556312462307647,-1.3742876883859703,1.491916312350366,-0.5421261737538661,0.08478370247368427,1.791209908792912,1.6483577568443806,0.11060513033673146,-0.06022118347560449,0.5695654152689946,0.05145986629060898,4
1.7577962902533515,-1.0404659815729045,0.9230276331257068,-0.39441184877637914,-0.12378248760342488,-0.9540487237856985,-0.9612071739766423,1.1328096083989603,-2.3811264767893827,0.016698346396478714,-1.138778936540445,3
1.1126332608985998,-0.5953703724888169,1.5436334650071526,0.6395884260660296,-0.3740619156959515,-1.143376905342844,-1.1094779086823823,0.21820560171169032,-1.7364305619799991,-0.1675906765610268,-0.7725516125924282,2
0.23286549359666708,-0.37282256794677265,0.19898749593068613,-0.02512603633266172,0.7939087487358489,0.7499049102286115,0.49184602613960904,0.41188645018665215,-1.3496130130943689,0.508135740949826,-0.7725516125924282,2
0.23286549359666708,1.3241044416863124,-0.26646687798039853,-0.17284036131014882,-0.49920162974221594,-0.6700564514499802,-0.1605452065656467,-0.21219628378820488,-1.3496130130943689,-0.6590280711143742,-0.9556652745664358,2
2.4616105040948972,-0.37282256794677265,1.8539363809478762,-0.39441184877637914,-0.353205296688241,-0.9540487237856985,-0.9612071739766423,1.1328096083989603,-2.0587785193846893,1.3067215070990161,-0.22321062667040398,2
-0.6469022737052652,0.23918389454384775,-1.1456584731457808,-0.17284036131014882,-0.1446391066111336,-0.007407815999970696,-0.3384700882125346,-0.5672778393256049,0.4555355483719024,-0.3518796995185323,-0.13165379568339858,3
0.23286549359666708,-0.039000861133706786,-0.938789862518632,-0.02512603633266172,0.06392708346597353,0.3712485471143204,0.04703382202238924,0.4872067801491472,0.19765718244814898,1.2452918327798475,0.14301669727761276,4
1.9924010282005327,-0.4284595190822837,1.8539363809478762,-0.24669752379889204,-0.31149205867281954,-0.8593846330071256,-0.7239739984474585,1.6385318238612907,-0.6404475068040483,0.20098736935398356,0.4176871902386257,3
-1.7026235944675845,1.713563099634889,-0.9905070151754191,-0.9852691486863271,-0.874620771881009,-0.29140008833568903,1.3518162874329007,-2.3104054756001418,1.6804577865097299,1.183862158460679,2.3403806409657113,4
0.1742143091098718,-0.5953703724888169,0.6127247171849837,-0.5421261737538661,-0.41577515371137297,-0.9540487237856985,-1.0501696148000863,-0.8255189706254943,0.2621267739290888,0.20098736935398356,1.1501418381346575,5
0.1742143091098718,-0.31718561681126195,-0.007881114696462521,-0.17284036131014882,-0.6869112008116124,-0.19673599755711624,-0.5757032637417185,-0.8255189706254943,-0.833856281246862,0.8767137868648371,0.6923576831996371,2
0.6434237850042364,-1.5968354929280144,0.3024218012442606,-0.17284036131014882,-0.5617714867653482,3.400499452028649,0.758733348609941,0.6270873929365699,1.0357618717003492,1.4910105300565215,-0.22321062667040398,3
-0.5295999047316741,0.7955534058989581,-0.7836384045482704,-0.689840498731353,2.045305889198492,-1.0487128145642712,-0.7832822923297544,-0.3735969908506432,0.5200051398528422,-0.7204577454335427,-0.8641084435794321,2
1.1126332608985998,-1.3186507372504597,1.9573706862614506,-0.09898319882140527,-0.26977882065739806,-0.9540487237856985,-0.9018988800943464,-0.5618978157568212,-0.5759779153231085,-0.1675906765610268,1.241698669121663,3
-1.2334141185732204,-0.4840964702177947,0.6127247171849837,-0.02512603633266172,-0.22806558264197657,-0.9540487237856985,-0.9908613209177903,-0.6156980514443007,1.2936402376240996,0.20098736935398356,0.5092440212256295,3
1.0539820764118046,-0.5397334213533058,0.6644418698417709,0.048731126156081835,0.08478370247368427,-0.29140008833568903,0.13599626284583322,0.885328524236519,-0.5759779153231085,-0.1061610022418583,-0.4063242886444115,4
-0.11904161332410583,4.467592180842683,-1.4042442364297165,-0.5421261737538661,-0.12378248760342488,-1.2380409961214167,-1.0501696148000863,-0.15839604810072544,1.4870490120669162,-1.0890357913485538,0.4176871902386257,2
-0.8815070116524475,1.574470721796112,-1.1456584731457808,-0.39441184877637914,-0.3740619156959515,-0.9540487237856985,-0.9908613209177903,-0.5780378864631128,1.2936402376240996,0.016698346396478714,0.3261303592516219,3
0.23286549359666708,-1.0961029327084155,0.5610075645281964,0.565731263577286,-0.5200582487499267,-0.5753923606714073,-0.8425905862120504,-1.0837601019254435,-0.06022118347560449,0.4467060666306576,1.4248123310956704,4
-1.1161117495996293,0.23918389454384775,-0.6802040992346959,1.0088742385097471,-0.3740619156959515,1.03389718256433,0.758733348609941,-0.002375364607011195,0.06871799948627223,-1.0890357913485538,-1.138778936540445,2
-0.3536463512712876,1.713563099634889,-1.4042442364297165,0.048731126156081835,-0.1446391066111336,-0.9540487237856985,-0.9908613209177903,0.4334065444616678,-0.06022118347560449,-0.8433170940718797,-1.0472221055534396,2
-0.7055534581920611,-0.31718561681126195,-1.4042442364297165,-0.24669752379889204,-0.4366317727190837,-0.8593846330071256,-0.9908613209177903,-0.8201389470567703,0.5844747313337791,-0.47473904815686935,0.4176871902386257,1
-0.5882510892184699,1.1850120638475348,-0.9905070151754191,-0.6159833362426096,0.12649694048910576,-0.5753923606714073,-0.07158276574220272,-0.5027175565006177,-0.4470387323612318,-0.9661764427102167,-0.5894379506184191,2
-0.8815070116524475,-0.09463781226921782,-1.3525270837729293,-0.3205546862876356,-0.2906354396651088,-0.6700564514499802,-0.6646657045651625,-0.48119746222560206,0.13318759096721203,-0.5975983967952057,-0.8641084435794321,3
0.3501678625702588,-1.7081093951990365,1.0781790910960682,-0.5421261737538661,-0.22806558264197657,1.2232253641214754,0.3732294383750171,0.05680489464925202,0.5200051398528422,-0.7818874197527113,-0.9556652745664358,3
-1.2920653030600162,0.628642552492425,-1.300809931116142,-0.09898319882140527,-0.3949185347036622,0.9392330917857571,-0.04192861880105473,-1.6755626944877768,1.0357618717003492,-1.273324814306059,0.5092440212256295,2
-1.2920653030600162,1.0459196860087572,-0.8870727098618447,0.048731126156081835,-0.7286244388270339,-0.29140008833568903,-0.6053574106828665,-1.654042600212821,1.6804577865097299,-0.9661764427102167,1.3332555001086668,2
-0.060390428837310516,-1.2073768349794376,0.6644418698417709,-0.24669752379889204,-0.6243413437884824,-0.9540487237856985,-1.1094779086823823,-0.7179184992505354,0.004248408005335306,0.13955769503481574,0.6923576831996371,4
-0.47094872024487877,1.0181012104410017,-1.4042442364297165,-0.689840498731353,0.08478370247368427,0.560576728671466,-0.4867408229182746,-0.18529616594446516,0.4555355483719024,-0.47473904815686935,-0.4063242886444115,3
0.9366797074382139,-0.15027476340472884,-0.16303257266682422,-0.17284036131014882,0.31420651155850216,-0.9540487237856985,-0.9908613209177903,0.5948072515241061,0.19765718244814898,-0.8433170940718797,-0.4063242886444115,1
0.23286549359666708,-0.6510073236243279,0.7161590224985579,2.7075889757508476,-0.20720896363426583,0.8445690010071844,-0.1605452065656467,-0.750198640663059,-0.4470387323612318,0.6924247639073317,1.9741533170176948,4
0.5847726005174411,-0.6510073236243279,0.6127247171849837,-0.24669752379889204,-0.49920162974221594,-0.38606417911426183,-0.4867408229182746,0.9176086656489827,-0.3180995493993579,-0.044731327922689794,-0.22321062667040398,2
-1.9372283324147668,1.1850120638475348,-1.4042442364297165,-0.9852691486863271,-0.9789038669195647,-0.007407815999970696,-0.04192861880105473,-2.213565051362631,4.517119811671015,-0.41330937383770083,1.882596486030691,3
2.1683545816609198,-0.8179181770308607,1.491916312350366,-0.3205546862876356,0.10564032148139502,-0.9540487237856985,-0.6943198515063105,1.3749106689926176,-1.0917346471706155,0.32384671799232057,0.4176871902386257,3
3.34137827139683,-0.6510073236243279,1.8539363809478762,0.9350170760210035,0.02221384545055205,-0.9540487237856985,-0.012274471859906742,2.5316157362736047,-1.9298393364228157,0.9381434611840057,0.3261303592516219,3
-0.7642046426788563,2.4924804155320426,-1.1973756258025678,-0.39441184877637914,-0.019499392564869433,-0.38606417911426183,0.580808466963053,-0.5618978157568212,0.2621267739290888,-0.3518796995185323,-0.9556652745664358,1
-0.5295999047316741,0.12790999227282632,-0.4216183359507601,-0.5421261737538661,-0.12378248760342488,-0.10207190677854347,-0.3977783820948306,-0.07769569456944657,1.1647010546622258,0.13955769503481574,0.05145986629060898,2
0.9366797074382139,-0.4840964702177947,0.974744785782494,-0.24669752379889204,0.06392708346597353,-0.5753923606714073,-0.19019935350679468,-0.16915609523817354,-0.833856281246862,0.20098736935398356,1.3332555001086668,3
0.23286549359666708,0.5730056013569139,0.04383603796032471,0.12258828864482539,0.16821017850452724,0.08725627477860208,0.640116760845349,0.3473261673616649,-0.3180995493993579,-0.1675906765610268,-0.22321062667040398,3
0.1742143091098718,-1.0961029327084155,0.6644418698417709,0.048731126156081835,-0.10292586859571211,-0.007407815999970696,0.610462613904201,0.605567298661614,-0.06022118347560449,-1.0890357913485538,-0.9556652745664358,2
-0.3536463512712876,-1.4855615906569923,0.14727034327389887,-0.6159833362426096,-0.6034847247807696,0.3712485471143204,-0.27916179433023863,-0.9653995834129767,-0.12469077495654142,-1.1504654656677222,0.3261303592516219,3
0.4088190470570541,-0.2615486656757509,0.2507046485874733,0.1964454511335686,-0.08206924958800137,0.46591263789289317,2.2117865487261925,0.9176086656489827,0.06871799948627223,-0.22902035088019532,-0.9556652745664358,2
0.9366797074382139,0.07227304113731528,0.9230276331257068,-0.17284036131014882,-0.353205296688241,-0.007407815999970696,-0.21985350044794266,1.2942103154613984,0.5200051398528422,-0.22902035088019532,-0.9556652745664358,2
-0.23634398229769646,2.8541205979128645,-1.1456584731457808,-0.24669752379889204,-0.08206924958800137,-0.29140008833568903,-0.5460491168005706,-0.4273972265381226,-0.5759779153231085,-0.6590280711143742,-0.4978811196314153,3
-0.060390428837310516,-0.7622812258953496,1.1298962437528555,-0.17284036131014882,0.23078003552765947,2.927178998135785,2.5379821650788204,0.6486074872115856,0.4555355483719024,2.0438775989290376,-0.5894379506184191,2
-0.17769279781090114,-1.9306571997410804,0.5092904118714092,-1.2068406361525577,-0.8120509148578767,1.8858739995714848,1.8262826384912685,-3.56395096711852,-2.703474434194073,-1.3347544886252274,2.0657101480046984,3
2.930819979989262,-0.5397334213533058,1.5953506176639398,-0.4682690112651227,-0.3740619156959515,-0.10207190677854347,-0.21985350044794266,1.9936133793986908,-1.6074913790181224,-1.0276061170293853,-1.3218925985144525,2
-0.9988093806260386,1.7413815752026445,-1.249092778459355,-0.17284036131014882,-0.6034847247807696,1.5072176364571936,0.017379675081241247,-0.8039988763505383,1.3581098291050395,-0.5975983967952057,1.6994828240566835,4
-0.7642046426788563,-0.9291920793018827,-0.31818403063718576,-0.17284036131014882,-0.040356011572580175,0.3712485471143204,0.521500173080757,-0.5995579807380688,0.5844747313337791,-0.7204577454335427,-0.31476745765740777,3
-0.7642046426788563,-0.20591171454023988,1.1298962437528555,2.264446000818386,-0.5826281057730589,0.9392330917857571,2.1821324017850445,0.37960630877412865,0.19765718244814898,0.6309950895881631,0.05145986629060898,2
1.4058891833325775,0.7955534058989581,-0.26646687798039853,0.12258828864482539,0.3976329875893451,0.08725627477860208,-0.3977783820948306,1.9936133793986908,-0.18916036643748121,1.982447924609869,-0.4978811196314153,3
-0.5882510892184699,1.713563099634889,-1.249092778459355,-0.3205546862876356,0.08478370247368427,-0.5753923606714073,-0.8425905862120504,-0.05079557672570685,0.5200051398528422,-1.1504654656677222,-0.7725516125924282,2
2.4616105040948972,-0.8179181770308607,1.6987849229775145,0.048731126156081835,-0.1446391066111336,1.412553545678621,0.7290792016687929,1.5632114938988553,-1.3496130130943689,0.4467060666306576,0.05145986629060898,2
0.8193773384646224,-0.5953703724888169,0.974744785782494,-0.3205546862876356,-0.2906354396651088,-1.0487128145642712,-0.9315530270354944,-0.10997583598197007,-0.25362995791841814,0.508135740949826,1.6994828240566835,3
1.4645403678193738,-0.31718561681126195,0.8195933278121323,-0.3205546862876356,1.7324566040828318,1.03389718256433,0.551154320021905,0.8100081942740238,-0.8983258727278017,0.6309950895881631,0.3261303592516219,3
-1.7612747789543803,-0.31718561681126195,-0.8353555572050576,-0.24669752379889204,-0.8329075338655875,-0.007407815999970696,1.2331996996683088,-2.6224468425875105,1.4870490120669162,1.3681511814181846,2.8897216268877357,4
0.9953308919250092,-0.2615486656757509,-0.16303257266682422,0.12258828864482539,0.2933498925507914,-0.29140008833568903,-0.45708667597712654,1.778412436648773,-0.18916036643748121,-0.5975983967952057,-0.4063242886444115,3
1.875098659226942,-0.4284595190822837,1.1816133964096427,0.3441597761110557,-0.20720896363426583,0.27658445633574763,-0.012274471859906742,1.9398131437112114,-0.3180995493993579,2.7810336907590596,0.5092440212256295,3
-0.8228558271656516,-0.7066442747598386,-0.16303257266682422,-0.02512603633266172,-0.10292586859571211,1.3178894549000482,-0.07158276574220272,-0.4273972265381226,-0.3180995493993579,-0.47473904815686935,-0.4063242886444115,2
0.056911940136281154,0.684279503627936,1.6987849229775145,-0.3205546862876356,0.5019160826278968,-0.38606417911426183,1.2628538466094568,0.3258060730866492,-0.7049170982849853,-0.8433170940718797,-1.138778936540445,2
-0.11904161332410583,1.1293751127120237,-1.4042442364297165,-0.02512603633266172,-0.1446391066111336,-0.38606417911426183,-0.6943198515063105,0.6916476757615572,0.4555355483719024,-1.2118951399868905,-0.7725516125924282,1
0.8780285229514186,1.9639293797446886,-0.11131542001003698,-0.02512603633266172,0.3350631305662129,1.791209908792912,3.190373397784076,2.3164147935235673,0.6489443228147189,0.07812802071564723,0.6923576831996371,2
0.29151667808346343,-0.31718561681126195,1.1298962437528555,0.27030261362231217,-0.061212630580290625,0.08725627477860208,1.8559367854324165,0.8100081942740238,-0.12469077495654142,-0.3518796995185323,-0.5894379506184191,2
-0.8815070116524475,2.1586587087189772,0.09555319061711165,1.6735887009084383,-0.3740619156959515,-0.10207190677854347,-0.24950764738909065,-0.4973375329318339,1.4225794205859765,-0.7204577454335427,0.6008008522126332,2
-0.8815070116524475,0.18354694340833735,-1.249092778459355,-0.6159833362426096,-0.08206924958800137,0.18192036555717486,-0.3681242351536826,0.05680489464925202,0.8423530972575326,-0.1675906765610268,-0.4063242886444115,3
0.5847726005174411,-0.15027476340472884,0.457573259214622,-0.5421261737538661,-0.08206924958800137,-0.9540487237856985,-0.9018988800943464,0.18592546029922655,-0.25362995791841814,0.6924247639073317,0.3261303592516219,3
-0.4122975357580834,1.407559868389579,-1.4042442364297165,-0.6159833362426096,-0.2489222016496873,1.6018817272357666,-0.07158276574220272,-0.3090367080256559,0.004248408005335306,-0.22902035088019532,0.23457352826461653,3
-0.6469022737052652,-0.6231888480565724,0.457573259214622,-0.39441184877637914,-0.1446391066111336,-0.29140008833568903,-0.07158276574220272,0.2720058373991698,1.100231463181286,-0.1061610022418583,-1.138778936540445,2
0.3501678625702588,-0.7066442747598386,1.23333054906643,0.048731126156081835,-0.7494810578347446,-0.29140008833568903,-0.6053574106828665,-0.9115993477254972,0.06871799948627223,1.4910105300565215,2.706607964913728,4
-0.060390428837310516,-0.8179181770308607,0.2507046485874733,-0.02512603633266172,-0.16549572561884435,0.7499049102286115,0.6994250547276449,-0.24447642520066865,-0.25362995791841814,1.183862158460679,0.5092440212256295,3
-0.4122975357580834,2.353388037693265,-1.249092778459355,-0.39441184877637914,0.04307046445826279,-0.8593846330071256,-0.8129364392709024,-0.4273972265381226,-0.7049170982849853,-0.5975983967952057,-0.7725516125924282,2
-0.23634398229769646,-1.8193832974700583,0.4058561065578348,-0.6159833362426096,-0.7077678198193231,-0.8593846330071256,-0.9612071739766423,-1.1375603376129229,0.06871799948627223,0.8767137868648371,1.3332555001086668,4
-0.47094872024487877,0.8790088326022246,-1.0422241678322062,-0.02512603633266172,-0.6243413437884824,-1.0487128145642712,-1.1391320556235303,-0.20143623665069704,0.4555355483719024,-0.6590280711143742,0.4176871902386257,1
-0.9988093806260386,1.1015566371442682,-0.938789862518632,2.190588838329643,0.6061991776664503,-0.6700564514499802,-0.9018988800943464,-0.07769569456944657,0.2621267739290888,-1.0276061170293853,0.3261303592516219,3
-0.2949951667844923,-0.2615486656757509,2.112522144231812,-0.6159833362426096,6.821471641964248,-0.19673599755711624,-0.45708667597712654,-0.07231567100072252,-1.4140826045753088,2.473885319163217,-1.2303357675274487,3
-0.2949951667844923,-0.4840964702177947,0.04383603796032471,0.12258828864482539,0.2516366545353702,0.18192036555717486,1.4111245813151967,-0.05079557672570685,-0.5759779153231085,0.07812802071564723,-0.9556652745664358,2
-0.5882510892184699,-0.09463781226921782,-0.4733354886075473,-0.3205546862876356,-0.3740619156959515,-0.38606417911426183,-0.5757032637417185,0.5302469686991188,1.3581098291050395,0.4467060666306576,-0.8641084435794321,3
0.4088190470570541,0.9068273081699796,-1.4042442364297165,-0.09898319882140527,0.0013572264428413092,0.27658445633574763,-0.27916179433023863,1.240410079773919,0.2621267739290888,-0.3518796995185323,-1.0472221055534396,2
0.29151667808346343,-1.2073768349794376,0.6644418698417709,0.1964454511335686,0.4393462256047666,-0.8593846330071256,-0.9315530270354944,-0.2982766608881481,0.004248408005335306,0.8152841125456687,1.241698669121663,4
0.4088190470570541,-0.37282256794677265,0.19898749593068613,0.1964454511335686,0.10564032148139502,0.27658445633574763,1.5000870221386406,0.7831080764302841,0.06871799948627223,-0.1675906765610268,-0.8641084435794321,3
-0.0017392443505141611,-1.0961029327084155,0.7678761751553451,-0.17284036131014882,-0.3740619156959515,-0.6700564514499802,-0.8129364392709024,-1.309721091812869,0.4555355483719024,0.6924247639073317,2.0657101480046984,4
-1.2920653030600162,-1.1517398838439266,-0.11131542001003698,-0.5421261737538661,-0.040356011572580175,-1.0487128145642712,-0.45708667597712654,-1.105280196200459,0.3265963654100257,-1.3347544886252274,-0.31476745765740777,2
0.9953308919250092,-0.5953703724888169,1.1816133964096427,0.6395884260660296,0.3976329875893451,-0.8593846330071256,-0.7832822923297544,0.6486074872115856,-0.3180995493993579,1.675299553014027,1.241698669121663,3
-1.585321225493994,-1.2073768349794376,0.5092904118714092,-0.8375548237088402,-0.2906354396651088,-0.38606417911426183,1.4407787282563447,-0.6963984049755795,0.06871799948627223,-0.47473904815686935,-1.138778936540445,2
-0.0017392443505141611,0.40609474795038086,-0.11131542001003698,-0.24669752379889204,0.627055796674163,-0.6700564514499802,-0.27916179433023863,-0.28751661375064025,-1.0272650556896785,-0.7818874197527113,-0.5894379506184191,2
-1.2334141185732204,-0.4284595190822837,-0.36990118329397287,-0.689840498731353,-0.3949185347036622,-1.2380409961214167,-0.9612071739766423,-0.48119746222560206,0.6489443228147189,-0.5975983967952057,-1.138778936540445,2
-0.060390428837310516,-0.7066442747598386,0.8713104804689196,0.1964454511335686,0.02221384545055205,-0.48072826989283457,-0.1308910596244987,0.4334065444616678,1.4225794205859765,-0.2904500251993638,0.05145986629060898,3
-0.3536463512712876,0.628642552492425,-0.31818403063718576,-0.24669752379889204,-0.22806558264197657,1.5072176364571936,2.5379821650788204,-0.5887979336005609,-0.25362995791841814,-1.273324814306059,-0.4978811196314153,2
-1.1161117495996293,0.23918389454384775,-1.300809931116142,-0.5421261737538661,-0.4366317727190837,-1.143376905342844,-1.0798237617412343,0.16440536602421088,0.9712922802194093,0.13955769503481574,-0.8641084435794321,2
-1.2920653030600162,0.18354694340833735,-1.4042442364297165,-0.24669752379889204,-0.1863523446265551,-0.9540487237856985,-1.1391320556235303,-1.019199819100456,1.8093969694716066,-0.7204577454335427,0.96702817616065,3
0.5261214160306447,2.1864771842867325,-0.16303257266682422,0.048731126156081835,-0.019499392564869433,-0.38606417911426183,1.3518162874329007,1.6708119652738143,1.100231463181286,-0.7204577454335427,-0.5894379506184191,2
-0.2949951667844923,0.9624642593054906,-1.0939413204889936,-0.4682690112651227,-0.1863523446265551,0.3712485471143204,-0.3681242351536826,-0.22295633092565298,0.5844747313337791,0.20098736935398356,0.4176871902386257,2
-1.7612747789543803,-0.31718561681126195,-0.8353555572050576,-0.24669752379889204,-0.8329075338655875,-0.007407815999970696,1.2331996996683088,-2.6224468425875105,1.4870490120669162,1.3681511814181846,2.8592026832254303,4
-0.5295999047316741,-0.9848290304373938,0.3024218012442606,-0.09898319882140527,-0.41577515371137297,-0.6700564514499802,-0.6350115576240145,-1.0730000547879355,0.3265963654100257,-0.3518796995185323,1.3332555001086668,3
-0.060390428837310516,2.6315727933708204,-0.938789862518632,-0.17284036131014882,-0.4783450107345052,-0.8593846330071256,-0.3088159412713866,0.08370501249299174,0.06871799948627223,-0.6590280711143742,-1.3218925985144525,3
-0.23634398229769646,-1.2630137861149486,2.112522144231812,4.258589388014461,-0.791194295850166,2.027870135739344,6.837833471545278,-1.9015236843752026,-1.9298393364228157,-0.9047467683910483,1.6994828240566835,4
-0.3536463512712876,0.23918389454384775,-0.31818403063718576,-0.7636976612200965,-0.3949185347036622,-1.143376905342844,-1.1391320556235303,-1.1375603376129229,-0.9627954642087387,-0.7204577454335427,-0.5894379506184191,3
1.5231915523061692,-1.1517398838439266,1.2850477017232171,-0.5421261737538661,0.9190484627821134,0.08725627477860208,-0.10123691268335071,0.3473261673616649,-0.18916036643748121,0.6924247639073317,0.96702817616065,3
-0.11904161332410583,0.01663609000180425,-0.26646687798039853,-0.24669752379889204,-0.20720896363426583,1.6018817272357666,1.2331996996683088,0.04604484751174419,-0.3180995493993579,-1.2118951399868905,-0.7725516125924282,3
-0.8815070116524475,0.8511903570344691,-0.938789862518632,1.0088742385097471,-0.41577515371137297,-0.10207190677854347,-0.5460491168005706,-0.7824787820755227,0.6489443228147189,-0.8433170940718797,0.6008008522126332,1
-0.0017392443505141611,0.5451871257891584,-0.36990118329397287,-0.7636976612200965,-0.16549572561884435,1.03389718256433,2.1228241079027486,0.2720058373991698,-0.9627954642087387,2.842463365078228,-1.2303357675274487,1
-0.5295999047316741,0.739916454763447,-1.4042442364297165,-0.5421261737538661,-0.26977882065739806,-0.29140008833568903,-0.21985350044794266,0.5948072515241061,1.2936402376240996,-0.5975983967952057,-0.9556652745664358,2
-1.1161117495996293,-0.8179181770308607,-0.6802040992346959,-0.24669752379889204,-1.0414737239426948,-0.10207190677854347,-0.6646657045651625,-0.8362790177630022,0.8423530972575326,-0.044731327922689794,0.6008008522126332,3
-1.643972409980789,-0.20591171454023988,-1.249092778459355,-0.5421261737538661,-0.9163340098964304,1.1285612733429027,1.1738914057860128,-3.1712092465998722,1.2291706461431628,0.9995731355031735,3.2559489508357524,5
-0.0017392443505141611,0.684279503627936,-0.8870727098618447,0.27030261362231217,0.02221384545055205,0.08725627477860208,-0.21985350044794266,0.7185477936052969,-0.12469077495654142,-0.6590280711143742,-0.8641084435794321,2
-0.8228558271656516,0.7955534058989581,-1.0939413204889936,-0.3205546862876356,-0.16549572561884435,-0.7647205422285529,-0.42743252903597856,0.9445087834927224,2.3896232928000534,0.32384671799232057,-0.7725516125924282,2
-0.2949951667844923,-0.5397334213533058,2.215956449545386,-0.4682690112651227,7.843445973342072,0.560576728671466,0.580808466963053,0.37960630877412865,-1.1562042386515552,3.825338154184923,-0.9556652745664358,2
1.6404939212797598,-0.4284595190822837,2.3711079075157477,0.4918741010885428,-0.45748839172679445,-0.9540487237856985,-0.7536281453886065,1.0252091370240013,-0.8983258727278017,0.016698346396478714,0.6923576831996371,3
-0.9401581961392428,1.2406490149830458,-1.3525270837729293,-0.09898319882140527,-0.20720896363426583,0.08725627477860208,-0.45708667597712654,-0.6425981692880404,1.5515186035478532,-0.2904500251993638,2.157266978991704,3
-0.7055534581920611,0.9068273081699796,-1.1973756258025678,-0.3205546862876356,-0.41577515371137297,0.27658445633574763,-0.6053574106828665,0.22896564884919815,0.8423530972575326,0.07812802071564723,-0.5894379506184191,2
-0.8228558271656516,-0.15027476340472884,-1.1973756258025678,-0.7636976612200965,-0.061212630580290625,0.27658445633574763,0.04703382202238924,-0.48119746222560206,0.2621267739290888,0.7538544382265001,-0.8641084435794321,2
-0.5295999047316741,-0.7622812258953496,1.0781790910960682,-0.39441184877637914,-0.12378248760342488,-0.19673599755711624,0.580808466963053,0.2720058373991698,0.19765718244814898,-0.6590280711143742,-1.138778936540445,2
-1.2334141185732204,-0.37282256794677265,-0.5250526412643344,-0.689840498731353,-0.31149205867281954,-0.8593846330071256,-1.0798237617412343,-1.3151011153816528,1.9383361524334832,-0.7204577454335427,0.8754713451736462,2
0.8780285229514186,-0.8735551281663717,0.6127247171849837,-0.02512603633266172,-0.1863523446265551,1.1285612733429027,0.521500173080757,0.32042604951792514,-0.9627954642087387,-0.41330937383770083,-0.5894379506184191,2
-0.4122975357580834,-0.15027476340472884,0.09555319061711165,-0.17284036131014882,-0.040356011572580175,-1.0487128145642712,-0.9908613209177903,-0.9008393005879894,0.06871799948627223,-0.22902035088019532,0.96702817616065,3
-0.23634398229769646,0.23918389454384775,0.19898749593068613,-0.39441184877637914,-0.1863523446265551,-0.5753923606714073,0.9366582302568289,0.04066482394302014,-0.12469077495654142,0.20098736935398356,-0.8641084435794321,3
2.5202616885816926,-0.6510073236243279,1.3884820070367916,0.1964454511335686,0.31420651155850216,0.27658445633574763,-0.19019935350679468,1.4502309989551128,-0.6404475068040483,0.6309950895881631,0.7839145141866425,3
0.3501678625702588,-1.3186507372504597,0.4058561065578348,-0.4682690112651227,-0.4366317727190837,0.8445690010071844,0.28426699755157314,0.16440536602421088,-0.833856281246862,4.316775548738271,-0.13165379568339858,3
2.28565695063451,-0.2615486656757509,1.3884820070367916,0.048731126156081835,-0.061212630580290625,0.27658445633574763,0.49184602613960904,1.778412436648773,-1.3496130130943689,-0.2904500251993638,0.05145986629060898,3
-0.17769279781090114,-0.8179181770308607,0.8713104804689196,-0.4682690112651227,0.20992341651994872,-0.9540487237856985,-0.9612071739766423,-0.5887979336005609,-0.06022118347560449,-0.1061610022418583,0.8754713451736462,3
-0.9401581961392428,-2.0419311020121023,1.9056535336046634,-0.3205546862876356,-0.6034847247807696,0.7499049102286115,0.13599626284583322,-0.943879489137961,0.19765718244814898,0.32384671799232057,0.6923576831996371,3
-1.3507164875468116,0.628642552492425,-1.1456584731457808,-0.4682690112651227,-0.45748839172679445,-0.6700564514499802,-0.9018988800943464,-0.9331194420005129,1.3581098291050395,0.7538544382265001,0.14301669727761276,2
-0.17769279781090114,-0.039000861133706786,-0.11131542001003698,-0.39441184877637914,-0.20720896363426583,0.27658445633574763,0.3435752914338691,-0.3090367080256559,-0.06022118347560449,-1.0890357913485538,-0.22321062667040398,2
1.1126332608985998,-1.5968354929280144,1.1298962437528555,-0.09898319882140527,-0.26977882065739806,-0.5753923606714073,-0.5757032637417185,0.5948072515241061,-1.0917346471706155,-0.2904500251993638,-0.040096964696394795,2
-0.47094872024487877,-0.039000861133706786,0.6644418698417709,-0.24669752379889204,-0.5826281057730589,-0.38606417911426183,-0.8129364392709024,-1.0514799605129797,-0.3180995493993579,-0.1061610022418583,1.241698669121663,3
-0.8815070116524475,1.3519229172540679,-1.4042442364297165,-0.5421261737538661,-0.45748839172679445,1.6965458180143393,0.13599626284583322,0.4872067801491472,2.0028057439144233,0.13955769503481574,-0.4978811196314153,2
0.23286549359666708,0.9068273081699796,0.19898749593068613,0.3441597761110557,-0.040356011572580175,0.6552408194500388,0.9959665241391249,1.886012908023732,1.100231463181286,0.508135740949826,1.0585850071476537,3
0.23286549359666708,0.9068273081699796,-1.4042442364297165,0.4918741010885428,-0.08206924958800137,-0.29140008833568903,-0.42743252903597856,1.3480105511488778,0.3265963654100257,-1.273324814306059,-0.9556652745664358,2
-0.47094872024487877,1.2684674905508013,-1.4042442364297165,-0.4682690112651227,-0.08206924958800137,-0.9540487237856985,-1.0501696148000863,0.01376470609928042,0.19765718244814898,-1.0276061170293853,-0.6809947816054245,1
0.5261214160306447,-0.039000861133706786,3.7674710292490023,0.6395884260660296,10.888512348467838,1.5072176364571936,0.640116760845349,1.5632114938988553,-3.6705183064081472,8.248274705165052,-0.9556652745664358,1
-0.0017392443505141611,1.7692000507704,-1.3525270837729293,-0.24669752379889204,-0.3740619156959515,-1.0487128145642712,-0.9908613209177903,0.003004658961772587,0.06871799948627223,-0.47473904815686935,0.5092440212256295,1
0.6434237850042364,-0.15027476340472884,0.3541389539010478,0.7873027510435167,-0.12378248760342488,-1.0487128145642712,-0.9908613209177903,1.0790093727114807,-0.12469077495654142,-0.8433170940718797,0.23457352826461653,3
-0.7055534581920611,0.40609474795038086,-1.3525270837729293,-0.17284036131014882,-0.1863523446265551,0.7499049102286115,-0.3088159412713866,-0.8362790177630022,0.5844747313337791,-0.2904500251993638,0.4176871902386257,3
0.056911940136281154,-0.8735551281663717,1.3367648543800044,-0.5421261737538661,6.779758403948827,-0.6700564514499802,-0.6350115576240145,0.6486074872115856,-1.6074913790181224,2.473885319163217,-1.2303357675274487,3
-0.17769279781090114,1.0459196860087572,-0.26646687798039853,-0.17284036131014882,-0.26977882065739806,-0.29140008833568903,0.9959665241391249,0.09984508319922362,-0.4470387323612318,-0.7204577454335427,-0.8641084435794321,3
0.6434237850042364,0.4895501746536474,0.04383603796032471,0.4918741010885428,-0.019499392564869433,0.18192036555717486,0.7290792016687929,1.8322126723362526,0.004248408005335306,-0.7818874197527113,-0.6809947816054245,2
0.1742143091098718,-0.8179181770308607,0.457573259214622,0.3441597761110557,-0.1446391066111336,1.3178894549000482,2.1228241079027486,0.16440536602421088,-0.7049170982849853,-0.5975983967952057,-0.9556652745664358,2
1.288586814358987,-1.4855615906569923,1.026461938439281,-0.4682690112651227,-0.20720896363426583,-0.9540487237856985,-0.6943198515063105,0.4872067801491472,-0.833856281246862,2.35102597052488,0.4176871902386257,4
-0.6469022737052652,0.2948208456793588,-1.249092778459355,-0.17284036131014882,-0.22806558264197657,-0.8593846330071256,-0.5757032637417185,-0.5457577450505893,0.2621267739290888,-0.8433170940718797,-0.4063242886444115,2
0.1742143091098718,-0.8735551281663717,1.9573706862614506,2.8553033007283344,-0.16549572561884435,-1.2380409961214167,-1.1687862025646782,0.7938681235677919,-0.25362995791841814,-0.47473904815686935,0.5092440212256295,2
1.1712844453853963,-0.4840964702177947,1.1816133964096427,1.452017213442208,0.3976329875893451,-1.0487128145642712,-1.0205154678589383,0.702407722899065,-0.18916036643748121,1.061002809822342,0.96702817616065,2
-1.7612747789543803,0.23918389454384775,-1.3525270837729293,-0.6159833362426096,-0.7077678198193231,-1.0487128145642712,-0.6053574106828665,-1.7724031187252878,1.6804577865097299,1.1224324841415105,1.882596486030691,4
1.4645403678193738,-0.15027476340472884,0.974744785782494,-0.02512603633266172,-0.31149205867281954,-1.0487128145642712,-0.6053574106828665,1.8322126723362526,-1.6719609704990621,-0.1061610022418583,-0.8641084435794321,2
-0.17769279781090114,0.3504577968148698,-0.5767697939211216,-0.5421261737538661,-0.4783450107345052,-1.2380409961214167,-0.9315530270354944,-0.2659965194756843,0.7134139142956558,1.6138698786948587,0.05145986629060898,4
-1.3507164875468116,-0.15027476340472884,-1.4042442364297165,-0.8375548237088402,-0.6451979627961909,-0.10207190677854347,-0.6350115576240145,-1.1913605733004022,0.3265963654100257,-1.273324814306059,-0.8641084435794321,2
0.4088190470570541,-0.7066442747598386,0.8195933278121323,-0.09898319882140527,-0.41577515371137297,1.2232253641214754,-0.04192861880105473,-1.288200997537913,-0.7049170982849853,-0.3518796995185323,1.607925993069678,3
-1.057460565112834,-0.039000861133706786,-0.8353555572050576,-0.5421261737538661,-0.31149205867281954,-0.29140008833568903,-0.27916179433023863,-0.6425981692880404,0.19765718244814898,-0.8433170940718797,-1.0472221055534396,2
-0.7055534581920611,-0.5397334213533058,-0.5250526412643344,-0.5421261737538661,-0.12378248760342488,1.03389718256433,0.10634211590468522,-0.1906761895131892,1.1647010546622258,-0.1061610022418583,-0.040096964696394795,2
0.11556312462307647,-1.0404659815729045,0.6644418698417709,1.599731538419695,-0.6869112008116124,-1.2380409961214167,-1.1391320556235303,0.36884626163668055,0.4555355483719024,0.016698346396478714,1.0585850071476537,4
-0.47094872024487877,0.3504577968148698,-0.26646687798039853,-0.5421261737538661,-0.12378248760342488,2.5485226350214942,0.3732294383750171,-0.9169793712942214,-1.3496130130943689,-1.4576138372635645,-1.138778936540445,2
-0.5882510892184699,0.12790999227282632,-1.3525270837729293,-0.5421261737538661,0.10564032148139502,-0.6700564514499802,-0.9612071739766423,-0.8362790177630022,0.2621267739290888,-0.47473904815686935,0.5092440212256295,4
-0.17769279781090114,-1.2630137861149486,1.8539363809478762,-0.689840498731353,-0.1446391066111336,-0.007407815999970696,-0.5460491168005706,-0.43815727367563045,-0.06022118347560449,0.7538544382265001,0.3261303592516219,3
0.3501678625702588,0.5173686502214029,-0.4216183359507601,1.0088742385097471,1.711599985075121,3.3058353612500766,2.98279436919604,1.0252091370240013,-0.8983258727278017,1.675299553014027,-1.138778936540445,2
-0.3536463512712876,2.1586587087189772,-0.7836384045482704,-0.24669752379889204,1.148471271866931,-0.8593846330071256,-0.7239739984474585,-0.15839604810072544,0.2621267739290888,-0.044731327922689794,-0.22321062667040398,4
-0.47094872024487877,1.3519229172540679,-0.36990118329397287,4.110875063036974,0.20992341651994872,1.3178894549000482,1.3221621404917527,1.1973698912239474,-0.7049170982849853,-0.47473904815686935,-1.138778936540445,2
0.056911940136281154,0.7955534058989581,-0.4216183359507601,-0.24669752379889204,0.10564032148139502,-0.48072826989283457,0.818041642492237,0.3580862144991727,-0.7049170982849853,-0.41330937383770083,-1.138778936540445,1
1.9337498437137375,-0.6510073236243279,1.5953506176639398,0.1964454511335686,0.16821017850452724,0.8445690010071844,1.5890494629620846,1.9075330022987476,-1.1562042386515552,-0.7818874197527113,-0.4063242886444115,2
1.5231915523061692,-1.7637463463345475,1.1298962437528555,0.1964454511335686,0.0013572264428413092,-0.48072826989283457,-0.45708667597712654,0.2720058373991698,-0.5759779153231085,0.13955769503481574,1.1501418381346575,3
-0.7642046426788563,-0.15027476340472884,-0.6802040992346959,-0.5421261737538661,-0.20720896363426583,-0.5753923606714073,-0.7239739984474585,-0.17991614237568138,1.4225794205859765,-0.2904500251993638,-0.040096964696394795,2
-0.9401581961392428,0.18354694340833735,-0.938789862518632,0.27030261362231217,-0.1863523446265551,-0.8593846330071256,-0.7536281453886065,-0.002375364607011195,0.9712922802194093,-0.2904500251993638,-0.22321062667040398,2
-0.6469022737052652,0.5173686502214029,-1.3525270837729293,-0.17284036131014882,-0.4783450107345052,-0.7647205422285529,-0.04192861880105473,-1.8154433072752594,0.06871799948627223,-0.9047467683910483,1.241698669121663,3
-0.9988093806260386,0.18354694340833735,-0.6802040992346959,-0.09898319882140527,-0.49920162974221594,-0.29140008833568903,-0.5460491168005706,-1.4657417753065831,0.7134139142956558,-0.22902035088019532,1.1501418381346575,4
-0.7642046426788563,0.3504577968148698,-1.4042442364297165,-0.6159833362426096,-0.7494810578347446,-1.2380409961214167,-1.1687862025646782,-0.3735969908506432,0.6489443228147189,-1.1504654656677222,-0.13165379568339858,2
1.4058891833325775,-0.37282256794677265,0.6127247171849837,-0.39441184877637914,-0.5617714867653482,-0.8593846330071256,-0.9612071739766423,0.7562079585865444,-0.833856281246862,-0.22902035088019532,-0.8641084435794321,2
-0.7642046426788563,-0.5397334213533058,-1.300809931116142,-0.4682690112651227,-0.16549572561884435,-0.10207190677854347,-0.5757032637417185,-0.9546395362754688,0.2621267739290888,0.9381434611840057,0.14301669727761276,3
-0.3536463512712876,0.9902827348732461,-0.8870727098618447,0.048731126156081835,-0.08206924958800137,-0.6700564514499802,-0.6350115576240145,0.4872067801491472,0.5200051398528422,-1.0276061170293853,-0.6809947816054245,2
0.23286549359666708,1.6301076729316224,-1.300809931116142,-0.9852691486863271,-0.3740619156959515,1.8858739995714848,0.017379675081241247,-0.8039988763505383,-0.7049170982849853,-0.47473904815686935,-0.5894379506184191,2
-0.23634398229769646,-1.2630137861149486,2.112522144231812,4.258589388014461,-0.791194295850166,2.027870135739344,7.164029087897906,-1.9015236843752026,-1.9298393364228157,-0.9047467683910483,1.6994828240566835,4
0.1742143091098718,-1.7081093951990365,0.457573259214622,-0.4682690112651227,-0.49920162974221594,3.495163542807222,0.877349936374533,-0.3520768965756275,1.0357618717003492,1.3067215070990161,0.5092440212256295,4
-0.7642046426788563,0.8790088326022246,-1.4042442364297165,-0.4682690112651227,0.23078003552765947,-0.6700564514499802,-0.7536281453886065,-0.3413168494381794,0.19765718244814898,-0.3518796995185323,-0.6809947816054245,2
-0.47094872024487877,-0.15027476340472884,0.457573259214622,2.6337318132621035,-0.353205296688241,0.08725627477860208,1.6187036099032326,0.5948072515241061,0.2621267739290888,0.8767137868648371,0.05145986629060898,2
-1.4680188565204026,0.4617316990858919,-0.8353555572050576,-0.5421261737538661,-0.45748839172679445,0.18192036555717486,-0.5757032637417185,-1.0030597483942243,1.5515186035478532,0.016698346396478714,0.4176871902386257,3
-0.060390428837310516,1.1293751127120237,-0.31818403063718576,-0.6159833362426096,-0.2906354396651088,-1.0487128145642712,-1.0205154678589383,0.05680489464925202,-0.7049170982849853,-0.8433170940718797,-0.8641084435794321,2
0.6434237850042364,-1.0404659815729045,0.5092904118714092,-0.24669752379889204,-0.26977882065739806,-1.0487128145642712,-1.0205154678589383,0.702407722899065,-0.5759779153231085,-0.22902035088019532,-1.138778936540445,2
1.9337498437137375,-0.5953703724888169,1.3367648543800044,0.565731263577286,0.35591974957392364,1.6018817272357666,1.5000870221386406,2.3164147935235673,-0.7049170982849853,1.7981589016523634,-1.138778936540445,2
0.29151667808346343,0.628642552492425,-0.5250526412643344,0.27030261362231217,-0.08206924958800137,0.8445690010071844,2.4490197242553764,0.799248147136516,-0.5115083238421716,-0.7204577454335427,-0.7725516125924282,2
0.6434237850042364,0.8790088326022246,-0.05959826735324975,-0.09898319882140527,-0.12378248760342488,0.6552408194500388,2.8345236344903,0.5948072515241061,-0.18916036643748121,-0.6590280711143742,-0.9556652745664358,2
1.7577962902533515,0.5173686502214029,2.060804991575025,1.9690173508634126,-0.040356011572580175,-0.9540487237856985,-0.8425905862120504,1.1328096083989603,-0.5759779153231085,0.20098736935398356,2.706607964913728,5
0.9953308919250092,-0.5397334213533058,0.3024218012442606,0.12258828864482539,0.1473535594968165,1.1285612733429027,1.2331996996683088,0.9176086656489827,-0.5759779153231085,0.13955769503481574,-0.4063242886444115,2
-0.4122975357580834,0.5173686502214029,0.2507046485874733,-0.24669752379889204,-0.12378248760342488,-0.8593846330071256,0.19530455672812919,-0.05079557672570685,0.3265963654100257,-0.8433170940718797,-0.9556652745664358,2
0.46747023154384937,1.4353783439573344,-1.4042442364297165,0.048731126156081835,0.10564032148139502,-0.48072826989283457,-0.5757032637417185,1.4556110225238368,0.3265963654100257,1.2452918327798475,-0.9556652745664358,3
0.760726153977827,1.9639293797446886,0.04383603796032471,-0.09898319882140527,-0.040356011572580175,1.3178894549000482,2.953140222254892,0.6486074872115856,-0.4470387323612318,-0.7818874197527113,-0.9556652745664358,2
-0.7055534581920611,0.3504577968148698,-1.3525270837729293,-0.02512603633266172,-0.22806558264197657,0.3712485471143204,1.1145831119037168,0.41188645018665215,1.5515186035478532,-0.41330937383770083,-0.5894379506184191,2
0.7020749694910317,1.8526554774736665,-0.05959826735324975,-0.4682690112651227,-0.1863523446265551,-0.29140008833568903,-0.5757032637417185,0.22896564884919815,-0.38256914088029487,-0.22902035088019532,-0.4063242886444115,2
-0.17769279781090114,3.6330379138100177,-0.31818403063718576,-0.4682690112651227,-0.10292586859571211,-0.19673599755711624,-0.19019935350679468,-0.7394385935255511,0.19765718244814898,-1.1504654656677222,0.05145986629060898,2
-0.4122975357580834,-0.2615486656757509,0.19898749593068613,0.1964454511335686,-0.3740619156959515,-1.143376905342844,-0.9612071739766423,0.12674520104296333,-0.5759779153231085,-0.6590280711143742,-0.13165379568339858,3
0.46747023154384937,1.4910152950928455,-1.4042442364297165,0.048731126156081835,0.16821017850452724,-0.48072826989283457,-0.6350115576240145,1.4556110225238368,0.2621267739290888,1.061002809822342,-0.9556652745664358,3
0.4088190470570541,0.5173686502214029,-1.1973756258025678,-0.4682690112651227,1.211041128890063,1.03389718256433,1.2628538466094568,0.9176086656489827,-0.9627954642087387,0.26241704367315205,-0.9556652745664358,2
-0.060390428837310516,-0.4840964702177947,-0.16303257266682422,-0.17284036131014882,-0.5200582487499267,-0.5753923606714073,-0.5757032637417185,-0.3036566844569319,-0.38256914088029487,-0.7818874197527113,-0.22321062667040398,3
-0.8815070116524475,0.7955534058989581,-1.4042442364297165,-0.4682690112651227,-0.16549572561884435,0.560576728671466,-0.24950764738909065,0.16978538959293493,0.5844747313337791,0.508135740949826,-0.6809947816054245,2
-0.7642046426788563,0.2948208456793588,0.04383603796032471,1.6735887009084383,-0.061212630580290625,-0.38606417911426183,0.640116760845349,-0.19605621308191326,0.06871799948627223,0.26241704367315205,0.5092440212256295,3
-0.2949951667844923,-0.7622812258953496,0.7678761751553451,-0.39441184877637914,-0.040356011572580175,-0.6700564514499802,-0.7832822923297544,-0.7717187349380149,0.5200051398528422,0.016698346396478714,1.0585850071476537,3
-0.23634398229769646,0.684279503627936,-1.3525270837729293,-0.02512603633266172,-0.20720896363426583,0.08725627477860208,-0.27916179433023863,-0.21219628378820488,0.19765718244814898,0.508135740949826,1.1501418381346575,4
0.29151667808346343,-1.4299246395214813,0.974744785782494,-0.3205546862876356,0.1473535594968165,0.3712485471143204,-0.5460491168005706,-0.9761596305504845,-0.3180995493993579,-0.5975983967952057,0.7839145141866425,3
0.9366797074382139,0.5730056013569139,-0.16303257266682422,-0.09898319882140527,-0.22806558264197657,-0.9540487237856985,-0.42743252903597856,0.37960630877412865,-1.4140826045753088,-0.5361687224760379,-0.9556652745664358,2
-0.7642046426788563,1.5466522462283565,-1.4042442364297165,-0.02512603633266172,-0.41577515371137297,-0.8593846330071256,-0.8129364392709024,0.11060513033673146,1.100231463181286,-0.5975983967952057,-0.7725516125924282,2
0.5847726005174411,-0.5397334213533058,0.8713104804689196,-0.4682690112651227,-0.061212630580290625,-0.6700564514499802,-0.7536281453886065,0.20744555457418248,-0.18916036643748121,-0.6590280711143742,-0.8641084435794321,2
-1.1161117495996293,1.9917478553124441,-1.4042442364297165,-0.17284036131014882,1.628173509044278,-0.9540487237856985,-1.0501696148000863,-0.6372181457193163,1.6159881950287929,-0.9047467683910483,0.3261303592516219,2
1.0539820764118046,-0.8735551281663717,0.3541389539010478,-0.09898319882140527,-0.061212630580290625,-1.0487128145642712,-0.9018988800943464,0.0729449653554839,-0.8983258727278017,-0.044731327922689794,0.14301669727761276,4
0.760726153977827,1.3519229172540679,-0.7836384045482704,0.27030261362231217,-0.12378248760342488,1.3178894549000482,0.788387495551089,1.052109254867741,-0.06022118347560449,-0.1061610022418583,-0.040096964696394795,3
-0.11904161332410583,-1.0961029327084155,0.8713104804689196,-0.7636976612200965,-0.9580472479118518,-0.9540487237856985,-1.0501696148000863,-0.6856383578380717,0.2621267739290888,-0.2904500251993638,0.23457352826461653,2
-0.7055534581920611,0.9068273081699796,-0.9905070151754191,-0.3205546862876356,-0.5200582487499267,2.4538585442429217,0.13599626284583322,-0.3305568023006716,0.7134139142956558,-0.3518796995185323,-0.22321062667040398,3
2.1097033971741244,-0.5397334213533058,2.0090878389182376,0.41801693859979927,0.4393462256047666,-0.5753923606714073,-0.7239739984474585,1.778412436648773,-1.0272650556896785,1.183862158460679,-0.040096964696394795,4
0.1742143091098718,1.6857446240671334,-1.4042442364297165,0.1964454511335686,0.1473535594968165,0.08725627477860208,-0.1308910596244987,0.8207682414115317,0.13318759096721203,-0.3518796995185323,-0.040096964696394795,3
0.23286549359666708,0.8233718814667136,-0.8870727098618447,-0.689840498731353,0.04307046445826279,-1.143376905342844,-1.0798237617412343,0.40650642661786834,0.004248408005335306,-0.044731327922689794,-0.8183300280859294,2
0.056911940136281154,1.2128305394152903,-0.8353555572050576,-0.4682690112651227,0.04307046445826279,-0.007407815999970696,0.46219187919846105,-0.10459581241318629,-0.7693866897659251,0.9995731355031735,-0.7725516125924282,2
0.3501678625702588,0.21136541897609226,0.3541389539010478,0.3441597761110557,0.10564032148139502,-0.007407815999970696,1.9152450793147124,1.6708119652738143,0.4555355483719024,-0.2904500251993638,-0.8641084435794321,2
-0.11904161332410583,-0.8179181770308607,1.0781790910960682,-0.5421261737538661,1.4404639379748814,-1.0487128145642712,-0.9018988800943464,0.4872067801491472,-0.06022118347560449,2.4124556448440484,-0.9556652745664358,2
-0.7642046426788563,-0.8179181770308607,1.1298962437528555,-0.02512603633266172,0.18906679751223596,1.6018817272357666,1.1145831119037168,-0.2659965194756843,0.5200051398528422,0.6924247639073317,0.8754713451736462,3
-0.7642046426788563,0.23918389454384775,-1.4042442364297165,-0.39441184877637914,2.128732365229335,-0.38606417911426183,-0.07158276574220272,0.035284800374236355,0.004248408005335306,-0.3518796995185323,-0.9556652745664358,3
0.1742143091098718,1.1015566371442682,-0.16303257266682422,3.003017625705821,0.6061991776664503,1.412553545678621,2.5676363120199683,2.5316157362736047,0.06871799948627223,2.5353149934823853,-1.0472221055534396,2
4.455750776645945,-0.9291920793018827,1.9573706862614506,3.667732088104513,0.16821017850452724,0.560576728671466,0.6994250547276449,0.4872067801491472,-2.1232481108656294,1.1224324841415105,4.07996042971879,2
0.9366797074382139,-1.4299246395214813,1.1298962437528555,1.8213030258859255,-0.12378248760342488,-0.6700564514499802,-0.9018988800943464,-0.9976797248255002,-0.7693866897659251,-0.8433170940718797,1.882596486030691,4
-0.0017392443505141611,1.0459196860087572,-0.6284869465779088,-0.5421261737538661,0.02221384545055205,-0.5753923606714073,0.13599626284583322,0.05680489464925202,-0.5115083238421716,0.6924247639073317,-0.8641084435794321,2
1.288586814358987,0.3504577968148698,1.1298962437528555,-0.3205546862876356,-0.3740619156959515,-0.19673599755711624,-0.012274471859906742,1.2942103154613984,-0.06022118347560449,-0.5975983967952057,-0.7725516125924282,1
0.3501678625702588,-1.5968354929280144,0.6127247171849837,-0.689840498731353,-0.2906354396651088,-1.2380409961214167,-1.1094779086823823,0.15364531888670305,-1.2206738301324922,-0.41330937383770083,-0.8641084435794321,3
1.2299356298721915,0.12790999227282632,-0.2147497253236113,0.12258828864482539,0.06392708346597353,0.18192036555717486,0.017379675081241247,1.4556110225238368,-0.5759779153231085,-0.1061610022418583,-0.13165379568339858,3
0.5847726005174411,-0.2615486656757509,0.09555319061711165,-0.3205546862876356,0.8147653677435597,-0.9540487237856985,-0.9315530270354944,0.05680489464925202,-0.5759779153231085,0.3852763923114891,0.6923576831996371,2
0.8193773384646224,-1.2908322616827042,0.6644418698417709,-0.7636976612200965,-0.31149205867281954,-0.19673599755711624,-0.7832822923297544,-0.6103180278755765,-1.0917346471706155,-0.9047467683910483,0.4176871902386257,3
-0.5295999047316741,0.12790999227282632,-0.26646687798039853,-0.24669752379889204,0.3767763685816344,-0.38606417911426183,0.7290792016687929,-0.4273972265381226,-1.6719609704990621,-0.1675906765610268,-1.138778936540445,2
-0.17769279781090114,1.0181012104410017,-1.4042442364297165,0.048731126156081835,-0.16549572561884435,-0.48072826989283457,-0.3977783820948306,0.4872067801491472,0.8423530972575326,-0.7818874197527113,-0.8641084435794321,2
-0.5295999047316741,2.4368434643965315,-1.4042442364297165,-0.24669752379889204,0.0013572264428413092,-0.007407815999970696,-0.45708667597712654,0.46568668587413153,1.7449273779906698,0.07812802071564723,-0.22321062667040398,2
-0.17769279781090114,0.40609474795038086,-0.9905070151754191,0.048731126156081835,-0.6660545818039039,-1.2380409961214167,-1.1984403495058262,-2.0629243914377007,-0.5759779153231085,-1.7647622088594066,2.3403806409657113,2
2.1097033971741244,0.9346457837377351,1.3367648543800044,0.6395884260660296,0.8356219867512704,-0.8593846330071256,-0.7832822923297544,1.3480105511488778,-0.8983258727278017,1.1224324841415105,1.607925993069678,4
-0.7642046426788563,-0.7066442747598386,0.2507046485874733,0.7873027510435167,-0.5617714867653482,-0.6700564514499802,-0.5460491168005706,-1.3635213275003484,-0.18916036643748121,-1.0276061170293853,0.7839145141866425,4
-0.3536463512712876,0.18354694340833735,-0.36990118329397287,-0.39441184877637914,-0.26977882065739806,-0.6700564514499802,-0.24950764738909065,1.0790093727114807,1.100231463181286,-0.22902035088019532,-1.0472221055534396,2
-0.0017392443505141611,0.7120979791956915,-0.7836384045482704,-0.17284036131014882,-0.10292586859571211,-0.10207190677854347,1.9448992262558604,-0.05079557672570685,-0.8983258727278017,0.016698346396478714,-0.5894379506184191,2
-0.17769279781090114,0.7955534058989581,0.14727034327389887,-0.39441184877637914,-0.5826281057730589,2.0752021811286303,0.43253773225731307,-0.48119746222560206,-0.3180995493993579,-0.5975983967952057,-0.22321062667040398,3
1.0539820764118046,-0.4284595190822837,-0.2147497253236113,-0.4682690112651227,-0.12378248760342488,-0.5753923606714073,-0.8722447331531984,0.5625271101115826,-0.5759779153231085,-0.044731327922689794,-1.0472221055534396,3
-0.8815070116524475,-0.20591171454023988,-0.26646687798039853,-0.17284036131014882,-0.353205296688241,-0.29140008833568903,-0.6943198515063105,-1.2451608089878816,0.6489443228147189,1.061002809822342,0.7839145141866425,3
0.8780285229514186,-0.4284595190822837,0.5610075645281964,-0.02512603633266172,-0.1446391066111336,1.6965458180143393,0.551154320021905,0.3042859788116933,-1.0272650556896785,-0.47473904815686935,-0.5894379506184191,2
1.2299356298721915,-0.4840964702177947,2.3711079075157477,2.966089044461449,-0.2906354396651088,2.0752021811286303,0.847695789433385,1.240410079773919,-0.8983258727278017,1.183862158460679,1.4248123310956704,4
-0.9988093806260386,1.518833770660601,-1.249092778459355,3.8893035755707426,-0.1863523446265551,-0.9540487237856985,-1.0501696148000863,-0.21219628378820488,1.3581098291050395,-0.9661764427102167,1.607925993069678,2
-0.6469022737052652,-0.8735551281663717,0.2507046485874733,-0.39441184877637914,-0.5409148677576374,-0.10207190677854347,-0.5757032637417185,-1.0730000547879355,-0.5115083238421716,0.4467060666306576,0.7839145141866425,4
-1.1161117495996293,1.46319681952509,-1.1973756258025678,-0.24669752379889204,-0.5617714867653482,-0.48072826989283457,-0.9018988800943464,-0.43815727367563045,1.4225794205859765,-0.044731327922689794,-0.040096964696394795,3
-0.3536463512712876,2.4090249888287762,-0.36990118329397287,-0.39441184877637914,-0.8537641528732982,-0.10207190677854347,0.3732294383750171,-0.6425981692880404,0.3265963654100257,-1.3347544886252274,0.4176871902386257,2
-0.3536463512712876,2.2699326109899993,0.8195933278121323,-0.24669752379889204,0.5436293206433203,0.560576728671466,1.9745533731970084,0.16440536602421088,-0.38256914088029487,0.4467060666306576,-1.138778936540445,2
-0.9988093806260386,0.2948208456793588,-1.4042442364297165,-0.24669752379889204,0.2516366545353702,3.2111712704715036,0.46219187919846105,-0.6748783107005638,1.8093969694716066,0.13955769503481574,0.8754713451736462,3
-0.4122975357580834,1.1571935882797793,-1.300809931116142,-0.02512603633266172,-0.353205296688241,-0.5753923606714073,-0.9908613209177903,-0.7071584521130276,1.2936402376240996,0.32384671799232057,1.1501418381346575,4
-0.7055534581920611,0.3504577968148698,-1.4042442364297165,-0.3205546862876356,0.06392708346597353,-0.6700564514499802,-0.9908613209177903,-0.9761596305504845,0.7134139142956558,-0.6590280711143742,0.96702817616065,4
0.760726153977827,-0.6510073236243279,0.5092904118714092,-0.17284036131014882,0.06392708346597353,-0.5753923606714073,-0.7239739984474585,0.6270873929365699,-0.4470387323612318,-0.5975983967952057,0.05145986629060898,2
0.11556312462307647,-0.4840964702177947,1.1816133964096427,-0.4682690112651227,5.862067167609554,-0.10207190677854347,-0.27916179433023863,-0.1906761895131892,-1.9298393364228157,2.719604016439891,-0.9556652745664358,2
0.056911940136281154,-1.2073768349794376,0.09555319061711165,0.41801693859979927,2.212158841260176,-0.19673599755711624,-0.6350115576240145,-0.7179184992505354,-0.5759779153231085,0.7538544382265001,1.4248123310956704,3
-0.11904161332410583,1.6301076729316224,-1.4042442364297165,1.1565885634872337,0.1473535594968165,-1.0487128145642712,-0.9908613209177903,0.9929289956114778,0.3265963654100257,-0.7818874197527113,-0.7725516125924282,2
1.288586814358987,-0.5953703724888169,2.0090878389182376,0.3072311948666841,0.5853425586587395,-0.38606417911426183,-0.5460491168005706,0.16440536602421088,-0.4470387323612318,0.5695654152689946,1.1501418381346575,4
-0.060390428837310516,-1.1517398838439266,0.7678761751553451,-0.17284036131014882,0.20992341651994872,-1.2380409961214167,-1.1391320556235303,-0.8793192063130335,-0.25362995791841814,-0.6590280711143742,1.6994828240566835,3
-0.17769279781090114,-0.8179181770308607,-1.0939413204889936,-0.5421261737538661,-0.20720896363426583,-0.38606417911426183,0.04703382202238924,-0.2390964016319446,0.39106595689096546,-0.8433170940718797,-0.4978811196314153,3
-0.8228558271656516,-0.4840964702177947,-1.4042442364297165,-0.8375548237088402,-0.3740619156959515,1.5072176364571936,-0.27916179433023863,-1.2451608089878816,0.06871799948627223,-0.47473904815686935,0.8754713451736462,3
-0.23634398229769646,0.739916454763447,-1.4042442364297165,-0.8375548237088402,0.16821017850452724,-0.9540487237856985,-1.0205154678589383,-0.5403777214818652,0.7778835057765957,-0.47473904815686935,-0.8641084435794321,2
0.9953308919250092,1.1293751127120237,0.8195933278121323,-0.17284036131014882,-0.6034847247807696,-0.10207190677854347,-0.4867408229182746,-0.05079557672570685,-1.0272650556896785,-0.5361687224760379,0.5092440212256295,2
-1.1161117495996293,1.880473953041422,-1.249092778459355,0.4918741010885428,-0.353205296688241,1.03389718256433,0.3139211444927211,-0.9115993477254972,1.9383361524334832,-1.0276061170293853,2.0657101480046984,3
-0.11904161332410583,0.1000915167050708,-0.4733354886075473,-0.4682690112651227,-0.16549572561884435,-0.29140008833568903,-0.3681242351536826,0.2720058373991698,-0.06022118347560449,-0.41330937383770083,-1.3218925985144525,3
-0.2949951667844923,0.18354694340833735,-0.4216183359507601,-0.3205546862876356,-0.1446391066111336,-0.10207190677854347,1.7076660507266765,-0.2659965194756843,0.13318759096721203,-0.7204577454335427,-0.8641084435794321,2
0.1742143091098718,-0.20591171454023988,1.23333054906643,-0.39441184877637914,6.967467975018223,-0.007407815999970696,0.43253773225731307,0.6486074872115856,-1.8009001534609388,3.1496117366740695,-1.3218925985144525,2
1.2299356298721915,-1.4855615906569923,1.0781790910960682,-0.4682690112651227,-0.45748839172679445,-0.9540487237856985,-1.1094779086823823,0.29352593167418545,0.13318759096721203,1.3067215070990161,0.4176871902386257,3
-0.9988093806260386,1.6022891973638669,-1.300809931116142,0.12258828864482539,-0.3323486776805303,0.08725627477860208,-0.3977783820948306,-0.6425981692880404,1.7449273779906698,1.429580855737353,1.6994828240566835,4
-0.4122975357580834,-0.6510073236243279,1.1298962437528555,-0.39441184877637914,0.0013572264428413092,-0.007407815999970696,-0.1308910596244987,0.702407722899065,1.100231463181286,-0.1061610022418583,-1.2303357675274487,2
-0.6469022737052652,-0.039000861133706786,-1.0422241678322062,-0.8375548237088402,-0.2906354396651088,-1.0487128145642712,-0.8129364392709024,0.3258060730866492,0.06871799948627223,0.9381434611840057,-0.7725516125924282,3
0.9366797074382139,1.1850120638475348,0.04383603796032471,0.048731126156081835,-0.20720896363426583,0.46591263789289317,0.877349936374533,0.702407722899065,-0.18916036643748121,-0.9047467683910483,-0.5894379506184191,2
1.5231915523061692,0.01663609000180425,1.1298962437528555,1.5258743759309512,0.627055796674163,-0.5753923606714073,-0.9018988800943464,1.886012908023732,-1.5430217875371854,-0.5975983967952057,1.1501418381346575,3
-0.2949951667844923,0.12790999227282632,0.4058561065578348,-0.24669752379889204,-0.2906354396651088,0.46591263789289317,0.551154320021905,0.37960630877412865,-0.38256914088029487,-0.5975983967952057,-1.138778936540445,2
0.23286549359666708,1.7413815752026445,-1.4042442364297165,-0.8375548237088402,-0.4783450107345052,0.7499049102286115,-0.42743252903597856,-0.6963984049755795,-0.25362995791841814,-0.6590280711143742,-0.6809947816054245,2
-0.5295999047316741,-0.8735551281663717,0.8195933278121323,0.048731126156081835,-0.12378248760342488,0.18192036555717486,1.0256206710802729,0.20744555457418248,0.13318759096721203,0.13955769503481574,-0.6809947816054245,3
0.29151667808346343,0.3504577968148698,-0.4733354886075473,0.27030261362231217,0.02221384545055205,-0.38606417911426183,0.788387495551089,0.36884626163668055,-1.0917346471706155,-0.7204577454335427,-0.9556652745664358,2
-0.9988093806260386,1.1015566371442682,-0.36990118329397287,3.8893035755707426,-0.31149205867281954,1.2232253641214754,0.9366582302568289,0.5410070158366267,-0.12469077495654142,-0.7204577454335427,-1.138778936540445,2
-0.5295999047316741,-1.3186507372504597,0.5610075645281964,-0.6159833362426096,-0.5409148677576374,-0.6700564514499802,-0.5163949698594226,0.05680489464925202,0.6489443228147189,-0.7818874197527113,-0.8641084435794321,3
2.344308135121307,-0.7622812258953496,1.8539363809478762,-0.17284036131014882,0.06392708346597353,-0.9540487237856985,-0.8722447331531984,1.9936133793986908,-0.9627954642087387,-1.0276061170293853,-0.8641084435794321,2
-0.47094872024487877,-0.20591171454023988,-0.4216183359507601,-0.4682690112651227,-0.2489222016496873,-0.5753923606714073,-0.10123691268335071,-0.5349976979130815,0.5200051398528422,-0.7204577454335427,-0.6809947816054245,2
0.46747023154384937,-1.7081093951990365,-0.16303257266682422,-0.3205546862876356,-0.20720896363426583,-1.4273691776785624,-0.5757032637417185,1.240410079773919,0.6489443228147189,1.3067215070990161,-0.13165379568339858,3
-1.585321225493994,0.07227304113731528,-1.1973756258025678,-0.6159833362426096,-0.8120509148578767,-1.0487128145642712,-1.0205154678589383,-1.3420012332253926,2.6475016587238067,-0.47473904815686935,0.8754713451736462,2
1.9337498437137375,-0.4840964702177947,1.9056535336046634,-0.3205546862876356,-0.6034847247807696,-1.0487128145642712,-0.9612071739766423,0.702407722899065,-0.6404475068040483,0.07812802071564723,-0.22321062667040398,3
-0.3536463512712876,1.0459196860087572,-1.3525270837729293,-0.3205546862876356,-0.49920162974221594,1.412553545678621,-0.1308910596244987,-1.6056223880940657,0.6489443228147189,-0.5361687224760379,1.241698669121663,3
-0.060390428837310516,0.23918389454384775,-0.05959826735324975,-0.24669752379889204,-0.5826281057730589,1.1285612733429027,0.521500173080757,-0.4273972265381226,-0.06022118347560449,-1.396184162944396,-0.31476745765740777,2
-0.3536463512712876,0.40609474795038086,-1.4042442364297165,0.048731126156081835,-0.6869112008116124,-0.8593846330071256,-1.0205154678589383,-0.1637760716694495,0.4555355483719024,-0.5975983967952057,0.3261303592516219,2
1.2299356298721915,0.628642552492425,-0.16303257266682422,0.1964454511335686,0.35591974957392364,1.2232253641214754,0.1656504097869812,1.6708119652738143,-0.4470387323612318,0.07812802071564723,-0.4978811196314153,2
-1.2334141185732204,0.628642552492425,-0.938789862518632,-0.02512603633266172,-0.1446391066111336,-0.10207190677854347,-0.6350115576240145,-0.7071584521130276,1.6804577865097299,-0.1675906765610268,1.4248123310956704,2
0.5261214160306447,0.7955534058989581,-0.8870727098618447,0.3441597761110557,0.06392708346597353,-0.38606417911426183,0.017379675081241247,1.1758497969489319,0.004248408005335306,-0.7204577454335427,-0.8641084435794321,3
-1.2334141185732204,0.18354694340833735,-0.938789862518632,-0.6159833362426096,-0.7286244388270339,0.7499049102286115,-0.45708667597712654,-1.4388416574628435,1.4870490120669162,-0.3518796995185323,0.7839145141866425,2
-0.5295999047316741,0.628642552492425,-0.5250526412643344,2.1167316758409,1.6698867470596994,3.400499452028649,1.5000870221386406,0.3580862144991727,-0.18916036643748121,-0.9661764427102167,-0.8641084435794321,2
0.1742143091098718,-1.179558359411682,0.6644418698417709,-0.24669752379889204,-0.1863523446265551,-1.2380409961214167,-1.2280944964469742,-0.84703906490051,-0.25362995791841814,0.07812802071564723,1.3332555001086668,3
-0.6469022737052652,-0.7622812258953496,0.8713104804689196,0.048731126156081835,-0.45748839172679445,0.560576728671466,0.017379675081241247,-0.943879489137961,-0.06022118347560449,1.1224324841415105,0.96702817616065,3
1.7577962902533515,-0.8735551281663717,1.1816133964096427,-0.5421261737538661,0.04307046445826279,0.3712485471143204,-0.012274471859906742,0.3473261673616649,-1.0272650556896785,-0.5361687224760379,0.05145986629060898,2
0.3501678625702588,-1.2073768349794376,1.5436334650071526,-0.39441184877637914,0.4810594636201881,0.9392330917857571,1.1145831119037168,0.21820560171169032,-0.3180995493993579,-0.7818874197527113,-0.6809947816054245,2
-0.6469022737052652,-0.6510073236243279,0.14727034327389887,-0.3205546862876356,-0.10292586859571211,1.791209908792912,0.7290792016687929,0.16440536602421088,0.8423530972575326,-0.8433170940718797,-0.9556652745664358,2
-0.5295999047316741,-0.6510073236243279,-0.16303257266682422,-0.5421261737538661,-0.45748839172679445,0.18192036555717486,-0.012274471859906742,-0.5887979336005609,0.39106595689096546,-0.22902035088019532,-0.040096964696394795,2
-0.17769279781090114,-0.4284595190822837,-0.2147497253236113,-0.24669752379889204,0.12649694048910576,-0.007407815999970696,-0.5460491168005706,-0.2659965194756843,-0.6404475068040483,-1.0276061170293853,-0.22321062667040398,3
1.875098659226942,0.3504577968148698,1.647067770320727,0.048731126156081835,-0.019499392564869433,-0.29140008833568903,0.04703382202238924,1.1328096083989603,-0.833856281246862,-0.044731327922689794,0.5092440212256295,3
-0.7642046426788563,-0.9291920793018827,-0.31818403063718576,-0.09898319882140527,-0.040356011572580175,0.7499049102286115,0.640116760845349,-0.6103180278755765,0.5844747313337791,-0.7818874197527113,-0.31476745765740777,3
0.9953308919250092,0.9068273081699796,-0.8353555572050576,-0.8375548237088402,-0.08206924958800137,-0.7647205422285529,-0.6943198515063105,-0.4919575093631099,-2.7679440256750127,-1.1504654656677222,-0.6809947816054245,2
-0.4122975357580834,-1.2630137861149486,0.7678761751553451,-0.39441184877637914,-0.7494810578347446,-0.9540487237856985,-0.6943198515063105,-0.21219628378820488,0.8423530972575326,0.9995731355031735,1.3332555001086668,3
-0.7642046426788563,-0.5953703724888169,-0.4216183359507601,-0.17284036131014882,-0.353205296688241,0.18192036555717486,-0.3384700882125346,-1.0407199133754719,0.5200051398528422,-0.5975983967952057,0.4176871902386257,2
-0.23634398229769646,-0.09463781226921782,-0.11131542001003698,0.27030261362231217,-0.22806558264197657,0.46591263789289317,-0.07158276574220272,0.37960630877412865,1.1647010546622258,1.8595885759715318,1.5163691620826742,3
-1.1747629340864252,-0.09463781226921782,-0.7319212518914832,-0.17284036131014882,-0.2489222016496873,1.2232253641214754,-0.21985350044794266,-0.5134776036381256,0.7134139142956558,0.5695654152689946,0.5092440212256295,3
-1.1747629340864252,-1.2630137861149486,1.0781790910960682,-0.5421261737538661,-0.3949185347036622,0.18192036555717486,0.4028835853161651,-0.4273972265381226,0.8423530972575326,0.7538544382265001,-0.13165379568339858,3
-0.23634398229769646,0.01663609000180425,-0.16303257266682422,-0.39441184877637914,-0.3323486776805303,-0.10207190677854347,1.7076660507266765,-0.3735969908506432,-0.25362995791841814,-0.7204577454335427,-0.9556652745664358,3
1.1712844453853963,-1.4299246395214813,-0.16303257266682422,-0.3205546862876356,-0.3323486776805303,-0.10207190677854347,-0.42743252903597856,-0.5887979336005609,-0.5759779153231085,0.016698346396478714,2.157266978991704,3
0.8193773384646224,-1.2073768349794376,1.026461938439281,-0.689840498731353,-0.5409148677576374,-0.29140008833568903,-0.42743252903597856,0.8638084299615033,-0.25362995791841814,0.016698346396478714,-0.4063242886444115,3
2.1097033971741244,0.23918389454384775,1.1816133964096427,0.048731126156081835,-0.12378248760342488,-0.9540487237856985,-0.45708667597712654,2.1012138507736497,-1.2206738301324922,0.7538544382265001,0.23457352826461653,3
1.1126332608985998,0.7955534058989581,0.6127247171849837,-0.4682690112651227,-0.7077678198193231,-0.9540487237856985,-0.9018988800943464,0.4872067801491472,-0.8983258727278017,-1.1504654656677222,-0.4063242886444115,2
-0.5882510892184699,1.1571935882797793,-1.4042442364297165,-0.24669752379889204,-0.16549572561884435,0.18192036555717486,-0.5757032637417185,0.5141068979928869,0.6489443228147189,-0.3518796995185323,-0.9556652745664358,2
0.46747023154384937,-1.7637463463345475,0.5092904118714092,-0.689840498731353,-0.4366317727190837,-0.9540487237856985,-1.1094779086823823,-0.6318381221505922,-0.5115083238421716,-0.47473904815686935,0.6008008522126332,4
-1.9372283324147668,-0.5953703724888169,-0.16303257266682422,-0.39441184877637914,-0.5826281057730589,0.27658445633574763,0.07668796896353723,-2.6870071254124976,2.6475016587238067,0.508135740949826,3.2559489508357524,5
-0.060390428837310516,-1.5968354929280144,0.3541389539010478,1.8951601883746687,-0.5409148677576374,-0.7647205422285529,-0.7536281453886065,0.37960630877412865,-0.5759779153231085,1.736729227333195,0.4176871902386257,3
1.875098659226942,-0.9848290304373938,1.1298962437528555,0.565731263577286,-0.3740619156959515,-0.5753923606714073,-0.3088159412713866,1.9398131437112114,0.06871799948627223,1.55244020437569,0.5092440212256295,3
-0.8228558271656516,0.2948208456793588,-0.36990118329397287,-0.5790547549982379,-0.6243413437884824,-0.7647205422285529,-0.7536281453886065,-1.8692435429627388,0.4555355483719024,-1.0276061170293853,1.1501418381346575,2
-1.057460565112834,-0.37282256794677265,-0.6802040992346959,-0.09898319882140527,0.5436293206433203,-0.6700564514499802,-0.3088159412713866,0.33656612022415705,2.2606841098381767,-0.044731327922689794,-0.5894379506184191,2
3.517331824857217,-1.2073768349794376,2.422825060172535,-0.5421261737538661,-0.26977882065739806,-0.9540487237856985,-0.9612071739766423,2.2088143221486085,-2.8968832086368894,0.8152841125456687,-1.871233584436477,3
-0.7055534581920611,0.18354694340833735,-0.6802040992346959,-0.689840498731353,-0.20720896363426583,-0.8593846330071256,-0.8722447331531984,-0.4166371794006148,-0.25362995791841814,-0.22902035088019532,-1.0472221055534396,2
0.4088190470570541,1.6301076729316224,-0.6802040992346959,0.048731126156081835,0.02221384545055205,-0.6700564514499802,-0.7239739984474585,0.9176086656489827,0.5200051398528422,-0.1675906765610268,-0.5894379506184191,2
-0.7055534581920611,0.8511903570344691,-1.4042442364297165,-0.24669752379889204,-0.31149205867281954,-0.38606417911426183,-0.7536281453886065,0.11060513033673146,1.100231463181286,-0.9661764427102167,-1.0472221055534396,2
-0.7055534581920611,-1.7081093951990365,1.1298962437528555,-0.5421261737538661,-1.020617104934984,-0.7647205422285529,-0.8722447331531984,-1.750883024450272,0.5200051398528422,-0.5975983967952057,1.7910396550436871,3
0.9366797074382139,-1.1517398838439266,1.491916312350366,-0.39441184877637914,-0.31149205867281954,-1.2380409961214167,-1.1687862025646782,-0.7286785463880433,-1.0272650556896785,0.4467060666306576,0.8754713451736462,3
-1.1161117495996293,0.628642552492425,-0.31818403063718576,-0.5421261737538661,-0.1446391066111336,-0.19673599755711624,-0.4867408229182746,0.1052251067680074,1.8093969694716066,0.016698346396478714,-0.5894379506184191,2
-0.060390428837310516,1.9917478553124441,-0.36990118329397287,-0.8375548237088402,-0.040356011572580175,-0.8593846330071256,-0.4867408229182746,-1.126800290475415,-1.2851434216134319,-1.2118951399868905,-0.4063242886444115,2
-1.1747629340864252,1.2962859661185568,-1.4042442364297165,0.27030261362231217,-0.3323486776805303,0.9392330917857571,0.13599626284583322,-1.562582199544094,1.2936402376240996,-0.3518796995185323,0.96702817616065,3
0.7020749694910317,1.407559868389579,-0.26646687798039853,-0.4682690112651227,-0.22806558264197657,-0.9540487237856985,-0.45708667597712654,1.1328096083989603,-0.3180995493993579,-0.5975983967952057,0.14301669727761276,3
-0.47094872024487877,-1.4299246395214813,0.3541389539010478,-0.17284036131014882,-0.791194295850166,-1.143376905342844,-1.1687862025646782,-0.8577991120380178,0.5844747313337791,-0.1061610022418583,0.5092440212256295,4
-0.23634398229769646,-0.5397334213533058,-0.31818403063718576,-0.689840498731353,0.3767763685816344,-0.5753923606714073,-0.3088159412713866,-0.05079557672570685,-0.8983258727278017,1.55244020437569,-0.8641084435794321,2
0.5261214160306447,-0.37282256794677265,-0.2147497253236113,0.048731126156081835,0.06392708346597353,0.18192036555717486,0.877349936374533,1.3587705982863858,-1.0272650556896785,-0.9047467683910483,-0.9556652745664358,2
-0.17769279781090114,1.574470721796112,-0.11131542001003698,0.6395884260660296,-0.2489222016496873,1.6965458180143393,1.1145831119037168,-0.007755388175735246,-0.7693866897659251,-1.4576138372635645,-1.138778936540445,2
0.8780285229514186,-0.15027476340472884,0.3541389539010478,-0.17284036131014882,0.12649694048910576,-0.5753923606714073,-0.07158276574220272,1.0467292312989573,-0.4470387323612318,-0.3518796995185323,-0.6809947816054245,4
-0.6469022737052652,0.684279503627936,-1.300809931116142,-0.17284036131014882,0.12649694048910576,-1.0487128145642712,-0.4867408229182746,1.4018107868363574,2.3251537013191137,0.8767137868648371,-0.6809947816054245,2
0.11556312462307647,-0.7066442747598386,0.6644418698417709,2.7814461382395907,-0.791194295850166,-1.2380409961214167,-1.1094779086823823,-0.5565177921880972,-0.18916036643748121,-0.5975983967952057,1.4248123310956704,1
0.4088190470570541,-0.31718561681126195,0.19898749593068613,0.12258828864482539,-0.08206924958800137,0.7499049102286115,2.3007489895496365,0.9176086656489827,0.004248408005335306,-0.2904500251993638,-0.9556652745664358,2
-0.7642046426788563,-0.5953703724888169,0.4058561065578348,-0.689840498731353,0.0013572264428413092,-0.007407815999970696,-0.24950764738909065,-0.31979675516316375,0.19765718244814898,-0.6590280711143742,-1.138778936540445,2
-0.17769279781090114,-0.5397334213533058,0.457573259214622,-0.17284036131014882,-0.26977882065739806,-0.5753923606714073,0.017379675081241247,0.4872067801491472,0.19765718244814898,-1.2118951399868905,-0.9556652745664358,2
1.2299356298721915,-1.3742876883859703,1.3884820070367916,0.12258828864482539,0.35591974957392364,-1.0487128145642712,-0.8425905862120504,1.1328096083989603,-0.38256914088029487,-0.1675906765610268,-0.8641084435794321,2
-1.057460565112834,1.9917478553124441,-1.4042442364297165,-0.17284036131014882,1.628173509044278,-0.9540487237856985,-1.0501696148000863,-0.6372181457193163,1.6159881950287929,-0.9047467683910483,0.3261303592516219,2
-0.23634398229769646,-0.20591171454023988,0.2507046485874733,-0.4682690112651227,-0.12378248760342488,0.08725627477860208,2.864177781431448,0.05680489464925202,-0.7049170982849853,-0.6590280711143742,-0.8641084435794321,2
-0.7642046426788563,-0.09463781226921782,-0.938789862518632,-0.3205546862876356,-0.5409148677576374,-1.143376905342844,-1.1391320556235303,-0.4596773679506461,0.2621267739290888,-0.7204577454335427,0.05145986629060898,2
0.7020749694910317,-0.8735551281663717,1.2850477017232171,-0.39441184877637914,-0.12378248760342488,-0.9540487237856985,-0.6350115576240145,0.702407722899065,-0.833856281246862,-0.9047467683910483,-0.8641084435794321,2
-0.7642046426788563,0.18354694340833735,-0.7319212518914832,-0.689840498731353,-0.22806558264197657,0.8445690010071844,-0.1605452065656467,-0.21757630735692893,0.19765718244814898,-0.41330937383770083,-1.138778936540445,2
1.9337498437137375,-0.28936714124350643,0.6644418698417709,-0.8375548237088402,0.06392708346597353,-0.9540487237856985,-0.5757032637417185,0.18592546029922655,-1.5430217875371854,-0.044731327922689794,-0.3758053449821078,3
-0.5882510892184699,1.1293751127120237,-0.16303257266682422,-0.4682690112651227,0.41848960659705586,0.18192036555717486,1.6187036099032326,0.003004658961772587,-0.3180995493993579,-0.41330937383770083,-1.0472221055534396,2
-0.8815070116524475,0.40609474795038086,-0.4733354886075473,-0.4682690112651227,-0.1863523446265551,0.18192036555717486,1.1442372588448648,0.05680489464925202,1.8093969694716066,-0.5361687224760379,-1.0472221055534396,3
0.29151667808346343,0.4617316990858919,0.14727034327389887,0.1964454511335686,0.0013572264428413092,0.08725627477860208,-0.04192861880105473,0.4872067801491472,-0.3180995493993579,-0.9047467683910483,-1.0472221055534396,1
2.989471164476057,-1.4299246395214813,1.802219228291089,0.048731126156081835,-0.12378248760342488,-0.9540487237856985,-0.7832822923297544,1.886012908023732,-0.9627954642087387,0.07812802071564723,-0.6809947816054245,3
-0.2949951667844923,0.01663609000180425,-1.1973756258025678,-0.6159833362426096,-0.2489222016496873,0.08725627477860208,-0.4867408229182746,-0.15839604810072544,0.13318759096721203,-0.5975983967952057,-0.4063242886444115,3
-1.1161117495996293,0.9068273081699796,-1.4042442364297165,-0.6529119174869814,-0.6869112008116124,-0.8593846330071256,-1.0501696148000863,-2.730047313962529,1.0357618717003492,-0.7818874197527113,2.248823809978708,3
0.1742143091098718,0.6008240769246694,2.112522144231812,-0.5421261737538661,6.571192213871718,0.27658445633574763,0.25461285061042516,-0.20143623665069704,-1.8653697449418758,3.026752388035732,-1.0472221055534396,2
-0.060390428837310516,0.40609474795038086,-0.5250526412643344,-0.17284036131014882,-0.3323486776805303,-0.48072826989283457,0.758733348609941,-0.21219628378820488,-0.7049170982849853,-1.273324814306059,-1.0472221055534396,2
1.9337498437137375,-1.6524724440635254,1.5436334650071526,-0.5421261737538661,-0.2906354396651088,-1.2380409961214167,-1.1687862025646782,0.7562079585865444,-1.0917346471706155,0.26241704367315205,-0.4978811196314153,3
-1.4093676720336068,-0.7344627503275941,-0.7319212518914832,-0.09898319882140527,-0.6660545818039039,-0.19673599755711624,-0.5757032637417185,-1.654042600212821,2.0028057439144233,0.07812802071564723,1.7910396550436871,3
-0.17769279781090114,-1.0961029327084155,1.3367648543800044,-0.02512603633266172,0.06392708346597353,0.18192036555717486,0.9663123771979769,0.4872067801491472,0.39106595689096546,0.8767137868648371,-0.7725516125924282,3
-0.3536463512712876,-0.7622812258953496,-0.7836384045482704,-0.6159833362426096,0.18906679751223596,0.27658445633574763,-0.6053574106828665,-0.39511708512565885,-0.9627954642087387,-1.0276061170293853,-0.9556652745664358,2
0.46747023154384937,-1.2630137861149486,0.7161590224985579,-0.39441184877637914,-0.41577515371137297,-0.5753923606714073,-0.6943198515063105,-0.7878588056443065,-0.25362995791841814,1.183862158460679,1.1501418381346575,4
1.288586814358987,-0.5397334213533058,0.4058561065578348,0.565731263577286,0.08478370247368427,0.7499049102286115,0.669770907786497,0.6916476757615572,-0.6404475068040483,0.20098736935398356,0.05145986629060898,3
0.5261214160306447,0.3504577968148698,-0.16303257266682422,0.565731263577286,0.2724932735430786,0.3712485471143204,-0.012274471859906742,1.1328096083989603,-0.3180995493993579,0.07812802071564723,-0.7725516125924282,2
-0.2949951667844923,-0.5397334213533058,0.2507046485874733,0.1964454511335686,-0.16549572561884435,1.2232253641214754,0.3139211444927211,0.37960630877412865,0.004248408005335306,-0.1061610022418583,-0.13165379568339858,2
-0.7055534581920611,0.7955534058989581,-1.4042442364297165,-0.17284036131014882,-0.10292586859571211,0.18192036555717486,-0.6053574106828665,0.5302469686991188,0.8423530972575326,-0.7204577454335427,-0.9556652745664358,2
-0.5295999047316741,-0.9291920793018827,0.3541389539010478,-0.5421261737538661,-0.26977882065739806,0.18192036555717486,-0.27916179433023863,-1.8262033544127672,0.4555355483719024,1.3681511814181846,2.8897216268877357,4
-0.4122975357580834,-0.20591171454023988,0.3024218012442606,-0.4682690112651227,-0.2906354396651088,1.03389718256433,1.1145831119037168,0.19668550743667465,0.6489443228147189,-0.47473904815686935,-1.3218925985144525,2
-0.7642046426788563,0.8790088326022246,-1.4042442364297165,-0.4682690112651227,-0.4366317727190837,2.264530362685776,0.46219187919846105,0.6486074872115856,1.8738665609525464,0.9381434611840057,-0.4978811196314153,2
-1.2920653030600162,-0.7066442747598386,-0.5767697939211216,-0.5421261737538661,-0.3949185347036622,-0.48072826989283457,-0.6646657045651625,-0.6425981692880404,0.7134139142956558,0.508135740949826,-0.31476745765740777,4
1.5231915523061692,-0.7622812258953496,1.026461938439281,-0.5421261737538661,0.627055796674163,-0.9540487237856985,-0.9908613209177903,0.8100081942740238,-0.06022118347560449,0.5695654152689946,-0.5894379506184191,3
-0.23634398229769646,1.3241044416863124,-1.4042442364297165,-0.39441184877637914,-0.08206924958800137,-0.6700564514499802,-0.7536281453886065,-0.2713765430444084,0.13318759096721203,0.13955769503481574,0.4176871902386257,3
0.9366797074382139,-0.9848290304373938,0.7161590224985579,-0.17284036131014882,-0.10292586859571211,-0.48072826989283457,0.4028835853161651,0.8100081942740238,-0.6404475068040483,-0.9661764427102167,-0.8641084435794321,2
1.5818427367929644,-1.2630137861149486,1.5953506176639398,-0.3205546862876356,-0.7077678198193231,-0.8593846330071256,-0.8425905862120504,0.702407722899065,0.004248408005335306,1.3681511814181846,0.05145986629060898,4
-1.1161117495996293,-0.7066442747598386,-0.2147497253236113,-0.689840498731353,-0.45748839172679445,-1.0487128145642712,-1.0501696148000863,-0.48119746222560206,0.19765718244814898,-0.5975983967952057,-1.138778936540445,2
-0.47094872024487877,0.9902827348732461,-0.16303257266682422,-0.5421261737538661,5.674357596540158,-0.10207190677854347,0.46219187919846105,-0.15839604810072544,-1.9943089279037525,5.729658058079146,-0.8641084435794321,2
-0.7642046426788563,0.9068273081699796,-1.0422241678322062,-0.02512603633266172,0.06392708346597353,-0.10207190677854347,-0.7832822923297544,-0.5242376507755736,0.4555355483719024,-0.3518796995185323,0.7839145141866425,3
-0.7642046426788563,0.12790999227282632,-0.7319212518914832,-0.24669752379889204,-0.26977882065739806,-0.10207190677854347,-0.3681242351536826,-0.4273972265381226,0.3265963654100257,-0.41330937383770083,-0.6809947816054245,3
-0.47094872024487877,0.40609474795038086,-1.249092778459355,-0.5421261737538661,0.1473535594968165,0.8445690010071844,1.5297411690797886,-0.9115993477254972,0.2621267739290888,-0.7204577454335427,-0.31476745765740777,2
-1.2334141185732204,0.2948208456793588,-1.4042442364297165,-0.689840498731353,-0.4783450107345052,-0.7647205422285529,-0.8722447331531984,-0.05079557672570685,1.6159881950287929,1.1224324841415105,-0.9556652745664358,2
-0.7055534581920611,1.2684674905508013,-0.6284869465779088,-0.5421261737538661,0.3976329875893451,0.3712485471143204,1.0849289649625689,-0.4112571558318907,-0.7693866897659251,-0.9661764427102167,-0.8641084435794321,2
1.4645403678193738,-0.4284595190822837,0.3024218012442606,-0.02512603633266172,0.23078003552765947,0.3712485471143204,-0.27916179433023863,0.799248147136516,-0.4470387323612318,0.32384671799232057,0.3261303592516219,2
